date,ticker,sector,close,volume,daily_return,cumulative_return,rolling_volatility_21d,rolling_peak,drawdown
2022-01-03,AURORA,Consumer,183.22,1073110,,0.0,,183.22,0.0
2022-01-04,AURORA,Consumer,182.54,702232,-0.0037113852199541775,-0.0037113852199541775,,183.22,-0.0037113852199541775
2022-01-05,AURORA,Consumer,185.32,1006080,0.015229538731236891,0.011461630826328895,,185.32,0.0
2022-01-06,AURORA,Consumer,188.84,518902,0.018994172242607466,0.03067350725903273,,188.84,0.0
2022-01-07,AURORA,Consumer,187.35,882666,-0.007890277483584063,0.022541207291780108,,188.84,-0.007890277483584063
2022-01-10,AURORA,Consumer,183.71,933066,-0.01942887643448088,0.0026743805261431053,,188.84,-0.02716585469180255
2022-01-11,AURORA,Consumer,186.59,743965,0.015676882042349405,0.01839318851653715,,188.84,-0.011914848549036239
2022-01-12,AURORA,Consumer,185.79,1020517,-0.004287475213033964,0.014026852963649805,,188.84,-0.016151239144249208
2022-01-13,AURORA,Consumer,186.35,999995,0.0030141557672640484,0.017083287850670814,,188.84,-0.013185765727600107
2022-01-14,AURORA,Consumer,188.5,1087027,0.011537429568017288,0.028817814649055418,,188.84,-0.0018004660029654618
2022-01-17,AURORA,Consumer,191.87,1146964,0.017877984084880616,0.04721100316559279,,191.87,0.0
2022-01-18,AURORA,Consumer,191.16,1004748,-0.0037004221608381016,0.04333588036240532,,191.87,-0.0037004221608381016
2022-01-19,AURORA,Consumer,190.68,1089822,-0.0025109855618329346,0.04071607903067309,,191.87,-0.006202116016052472
2022-01-20,AURORA,Consumer,192.25,1684342,0.008233689951751666,0.04928501255321427,,192.25,0.0
2022-01-21,AURORA,Consumer,187.88,1045109,-0.022730819245773803,0.025433904595567602,,192.25,-0.022730819245773803
2022-01-24,AURORA,Consumer,186.52,898143,-0.007238662976367771,0.01801113415565947,,192.25,-0.029804941482444725
2022-01-25,AURORA,Consumer,187.5,881449,0.005254128243620038,0.023359895207946346,,192.25,-0.024707412223667125
2022-01-26,AURORA,Consumer,191.42,942928,0.02090666666666663,0.04475493941709385,,192.25,-0.0043172951885566135
2022-01-27,AURORA,Consumer,191.2,1135816,-0.0011493051927697895,0.04355419714004993,,192.25,-0.005461638491547571
2022-01-28,AURORA,Consumer,191.02,707446,-0.000941422594142094,0.0425717716406504,,192.25,-0.0063979193758126884
2022-01-31,AURORA,Consumer,190.48,2439129,-0.002826929117370036,0.039624495142451366,,192.25,-0.009206762028608595
2022-02-01,AURORA,Consumer,189.22,1245345,-0.006614867702645855,0.032747516646653985,0.19094557227384726,192.25,-0.015760728218465525
2022-02-02,AURORA,Consumer,192.55,1690109,0.017598562519818284,0.05092238838554719,0.19762318604661366,192.55,0.0
2022-02-03,AURORA,Consumer,193.84,986538,0.006699558556219065,0.057963104464577864,0.19291808724350612,193.84,0.0
2022-02-04,AURORA,Consumer,194.47,918579,0.0032501031778786604,0.061401593712476554,0.18312280379919008,194.47,0.0
2022-02-07,AURORA,Consumer,196.16,924120,0.008690286419499094,0.07062547756795068,0.1814517535297274,196.16,0.0
2022-02-08,AURORA,Consumer,194.51,1006371,-0.008411500815660666,0.06161991049012072,0.16840921480917817,196.16,-0.008411500815660666
2022-02-09,AURORA,Consumer,193.16,1268025,-0.006940517197059237,0.054251719244623464,0.1647668068487333,196.16,-0.015293637846655828
2022-02-10,AURORA,Consumer,190.65,911745,-0.012994408780285682,0.0405523414474398,0.17138165035622,196.16,-0.028089314845024416
2022-02-11,AURORA,Consumer,190.65,766891,0.0,0.0405523414474398,0.17131670903647056,196.16,-0.028089314845024416
2022-02-14,AURORA,Consumer,194.1,825914,0.01809598741148699,0.05938216351926595,0.17771789649522238,196.16,-0.010501631321370275
2022-02-15,AURORA,Consumer,197.99,1160579,0.020041215868109363,0.08061347014518039,0.1803748857500551,197.99,0.0
2022-02-16,AURORA,Consumer,199.55,1271551,0.007879185817465606,0.08912782447331069,0.18058187529179817,199.55,0.0
2022-02-17,AURORA,Consumer,201.42,1151880,0.009371084941117491,0.09933413382818457,0.18144048406646185,201.42,0.0
2022-02-18,AURORA,Consumer,204.67,740267,0.01613543838744902,0.11707237201178877,0.18648538231844974,204.67,0.0
2022-02-21,AURORA,Consumer,204.13,1798797,-0.0026383935115062984,0.11412509551358996,0.1629942068818447,204.67,-0.0026383935115062984
2022-02-22,AURORA,Consumer,202.17,535321,-0.009601724391319344,0.1034275734090162,0.16523874941056058,204.67,-0.012214784775492205
2022-02-23,AURORA,Consumer,200.13,914648,-0.010090517880991245,0.09229341774915367,0.17205794870644003,204.67,-0.022182049152293937
2022-02-24,AURORA,Consumer,197.42,902845,-0.013541198221156292,0.07750245606374806,0.16864826698698435,204.67,-0.03542287584892756
2022-02-25,AURORA,Consumer,196.54,1211347,-0.004457501772869965,0.07269948695557216,0.16969519299275107,204.67,-0.03972248008990076
2022-02-28,AURORA,Consumer,197.77,1035478,0.006258268037040882,0.07941272786813647,0.17029298944861196,204.67,-0.03371280598035853
2022-03-01,AURORA,Consumer,198.91,1185222,0.005764271628659445,0.08563475603100068,0.1700095611474432,204.67,-0.028142864122734146
2022-03-02,AURORA,Consumer,195.44,902440,-0.017445075662359866,0.06669577557035233,0.1808158070720189,204.67,-0.045096985391117395
2022-03-03,AURORA,Consumer,193.06,1277741,-0.012177650429799458,0.05370592730051271,0.17700676675513494,204.67,-0.056725460497385916
2022-03-04,AURORA,Consumer,191.15,903975,-0.009893297420491054,0.043281301167994446,0.1786373719291187,204.67,-0.06605755606586206
2022-03-07,AURORA,Consumer,189.82,443224,-0.006957886476589126,0.03602226831131938,0.1793600953672126,204.67,-0.07255582156642393
2022-03-08,AURORA,Consumer,190.05,680357,0.001211674217679981,0.03727758978277462,0.1760618694545356,204.67,-0.07143206136707858
2022-03-09,AURORA,Consumer,187.93,873112,-0.011154959221257532,0.025706800567623533,0.1776782885055524,204.67,-0.08179019885669603
2022-03-10,AURORA,Consumer,188.06,1390574,0.0006917469270473209,0.0264163300949678,0.17674044268198774,204.67,-0.08115503004837044
2022-03-11,AURORA,Consumer,189.15,882937,0.005796022545995871,0.032365462285776525,0.17290494955366104,204.67,-0.07582938388625582
2022-03-14,AURORA,Consumer,193.03,1040686,0.02051282051282044,0.05354218971727964,0.18737844575351537,204.67,-0.056872037914691864
2022-03-15,AURORA,Consumer,193.92,1055364,0.004610682277366163,0.05839973801986664,0.17710640403854527,204.67,-0.05252357453461676
2022-03-16,AURORA,Consumer,194.78,741730,0.004434818481848346,0.06309354873922057,0.16252213592719436,204.67,-0.048321688571847266
2022-03-17,AURORA,Consumer,192.68,1320834,-0.01078139439367487,0.05163191791289168,0.16292469981501476,204.67,-0.058582107783260784
2022-03-18,AURORA,Consumer,188.99,704055,-0.019150923811500964,0.03149219517519919,0.16854947497862582,204.67,-0.07661113011188736
2022-03-21,AURORA,Consumer,190.0,477676,0.005344198105719844,0.03700469381071936,0.15687402711814616,204.67,-0.07167635706258846
2022-03-22,AURORA,Consumer,188.66,1421941,-0.007052631578947421,0.029691081759633198,0.1573171373222993,204.67,-0.07822348170225235
2022-03-23,AURORA,Consumer,188.18,372513,-0.0025442595144704594,0.027071280427900968,0.15587365933280264,204.67,-0.08056872037914686
2022-03-24,AURORA,Consumer,187.82,1520876,-0.001913061961951401,0.025106429429101684,0.15398926181230346,204.67,-0.0823276493868178
2022-03-25,AURORA,Consumer,185.79,842145,-0.010808220636779886,0.01402685296365025,0.15190299688550632,204.67,-0.09224605462451752
2022-03-28,AURORA,Consumer,186.55,670357,0.004090639969858589,0.018174871738893206,0.15363489270382327,204.67,-0.08853276005276778
2022-03-29,AURORA,Consumer,187.84,1143650,0.006915036183328782,0.02521558781792388,0.15411929745234648,204.67,-0.08222993110861376
2022-03-30,AURORA,Consumer,190.74,946356,0.015438671209540011,0.04104355419714012,0.1639132114567024,204.67,-0.06806078076904276
2022-03-31,AURORA,Consumer,192.94,860184,0.011534025374855705,0.05305097696757999,0.1600790204774839,204.67,-0.0573117701666096
2022-04-01,AURORA,Consumer,190.77,1268601,-0.011247019798901192,0.04120729178037341,0.15925870373195786,204.67,-0.06791420335173681
2022-04-04,AURORA,Consumer,189.1,887067,-0.008753996959689814,0.03209256631372126,0.15846073477775785,204.67,-0.0760736795817657
2022-04-05,AURORA,Consumer,193.77,636514,0.024695928080380902,0.057581050103700626,0.17875926284604343,204.67,-0.05325646162114617
2022-04-06,AURORA,Consumer,194.94,717733,0.006038086391082054,0.06396681584979813,0.17959708381525566,204.67,-0.047539942346215835
2022-04-07,AURORA,Consumer,195.12,744610,0.0009233610341643494,0.06494924134919766,0.1738491646602491,204.67,-0.046660477842380366
2022-04-08,AURORA,Consumer,194.92,2922414,-0.0010250102501025982,0.06385765746097571,0.17409437758201482,204.67,-0.047637660624419764
2022-04-11,AURORA,Consumer,194.17,568827,-0.003847732403037152,0.059764217880143855,0.17448542370591205,204.67,-0.05130209605706748
2022-04-12,AURORA,Consumer,196.89,907768,0.014008343204408469,0.07460975875996034,0.16674688596462206,204.67,-0.03801241022133195
2022-04-13,AURORA,Consumer,196.43,750109,-0.0023363299304178797,0.07209911581705031,0.16658570936502712,204.67,-0.04025993062002242
2022-04-14,AURORA,Consumer,195.43,1417250,-0.005090872066384922,0.06664119637594124,0.1671367719176112,204.67,-0.0451458445302193
2022-04-15,AURORA,Consumer,196.59,955221,0.005935629125518149,0.07297238292762787,0.16327074153107157,204.67,-0.03947818439439088
2022-04-18,AURORA,Consumer,198.48,760938,0.009613917289790885,0.08328785067132394,0.14823675819330548,204.67,-0.03024380710411878
2022-04-19,AURORA,Consumer,198.54,912185,0.0003022974607014284,0.08361532583779052,0.14799390494568798,204.67,-0.029950652269506994
2022-04-20,AURORA,Consumer,201.61,1475892,0.015462879016822972,0.10037113852199542,0.15090217651948673,204.67,-0.014950896565202432
2022-04-21,AURORA,Consumer,201.24,565879,-0.0018352264272605279,0.09835170832878504,0.15058120620522258,204.67,-0.01675868471197528
2022-04-22,AURORA,Consumer,198.96,977366,-0.011329755515802065,0.08590765200305639,0.15799464343845976,204.67,-0.02789856842722427
2022-04-25,AURORA,Consumer,201.02,1112065,0.010353839967832679,0.0971509660517409,0.15192822306357204,204.67,-0.017833585772218608
2022-04-26,AURORA,Consumer,194.98,917805,-0.030046761516267173,0.06418513262744208,0.19188126006108647,204.67,-0.04734450578980798
2022-04-27,AURORA,Consumer,194.98,630436,0.0,0.06418513262744208,0.1912237480592145,204.67,-0.04734450578980798
2022-04-28,AURORA,Consumer,197.18,840035,0.011283208534208722,0.07619255539788217,0.18801724531108407,204.67,-0.036595495187374705
2022-04-29,AURORA,Consumer,200.26,940222,0.015620245460999937,0.09300294727649794,0.1912294197353306,204.67,-0.021546880343968344
2022-05-02,AURORA,Consumer,198.32,1051639,-0.009687406371716722,0.08241458356074638,0.18995623477377965,204.67,-0.03102555332975032
2022-05-03,AURORA,Consumer,199.0,1882678,0.0034288019362647137,0.08612596878070056,0.18597835434760573,204.67,-0.02770313187081641
2022-05-04,AURORA,Consumer,200.95,1406908,0.009798994974874242,0.09676891169086299,0.17005286834220965,204.67,-0.018175599745932525
2022-05-05,AURORA,Consumer,201.54,778032,0.00293605374471273,0.09998908416111751,0.1694145762676632,204.67,-0.015292910538916238
2022-05-06,AURORA,Consumer,202.32,653691,0.003870199464126145,0.10424626132518244,0.16956469675694072,204.67,-0.011481897688962683
2022-05-09,AURORA,Consumer,200.81,1129150,-0.007463424278370878,0.09600480296910785,0.17235139900284993,204.67,-0.018859627693360026
2022-05-10,AURORA,Consumer,199.5,661225,-0.006523579503012855,0.08885492850125498,0.17363712665266676,204.67,-0.02526017491571797
2022-05-11,AURORA,Consumer,198.51,931332,-0.004962406015037613,0.08345158825455701,0.16857023881250133,204.67,-0.030097229686812943
2022-05-12,AURORA,Consumer,202.11,1159074,0.018135106543751167,0.10310009824254984,0.17891453237612004,204.67,-0.01250793961010399
2022-05-13,AURORA,Consumer,202.51,878482,0.001979120281034863,0.1052832660189933,0.1773425514190351,204.67,-0.010553574046025305
2022-05-16,AURORA,Consumer,197.69,886365,-0.023801293763270892,0.07897609431284769,0.19730573414989427,204.67,-0.034103679093174355
2022-05-17,AURORA,Consumer,196.21,780374,-0.007486468713642558,0.07089837354000639,0.19606661628796107,204.67,-0.04133483168026575
2022-05-18,AURORA,Consumer,196.82,1087830,0.0031089139187603365,0.07422770439908266,0.19644741571591995,204.67,-0.038354424195045644
2022-05-19,AURORA,Consumer,199.16,1338779,0.011889035667107084,0.08699923589127789,0.19318787062718287,204.67,-0.02692138564518487
2022-05-20,AURORA,Consumer,201.56,1034479,0.012050612572805708,0.10009824254993949,0.19791918603646724,204.67,-0.015195192260712309
2022-05-23,AURORA,Consumer,205.7,504438,0.02053978964080172,0.12269402903613091,0.20528119094462238,205.7,0.0
2022-05-24,AURORA,Consumer,208.9,805285,0.015556635877491676,0.14015937124768008,0.2088157911868944,208.9,0.0
2022-05-25,AURORA,Consumer,215.01,644163,0.02924844423168982,0.17350725903285635,0.1950277846865311,215.01,0.0
2022-05-26,AURORA,Consumer,215.55,589579,0.002511511092507357,0.17645453553105517,0.19445203160151675,215.55,0.0
2022-05-27,AURORA,Consumer,212.97,630677,-0.01196938065414066,0.16237310337299382,0.20133363314352948,215.55,-0.01196938065414066
2022-05-30,AURORA,Consumer,215.42,827406,0.01150396769498041,0.1757450060037109,0.19876468388709936,215.55,-0.0006031083275342963
2022-05-31,AURORA,Consumer,218.28,1881583,0.013276390307306762,0.19135465560528298,0.1953765260693965,218.28,0.0
2022-06-01,AURORA,Consumer,217.17,897245,-0.005085211654755395,0.18529636502565183,0.19825141921086292,218.28,-0.005085211654755395
2022-06-02,AURORA,Consumer,217.74,598942,0.002624671916010568,0.18840737910708416,0.19727361119389997,218.28,-0.002473886750962051
2022-06-03,AURORA,Consumer,217.46,1405388,-0.0012859373564801935,0.18687916166357366,0.19807456792186182,218.28,-0.003756642844053526
2022-06-06,AURORA,Consumer,217.93,1319606,0.002161317023820386,0.1894443838008948,0.1981446002446441,218.28,-0.0016034451163642327
2022-06-07,AURORA,Consumer,220.91,882060,0.013674115541687737,0.2057089837353998,0.1967723950258474,220.91,0.0
2022-06-08,AURORA,Consumer,217.76,737041,-0.014259200579421538,0.18851653749590613,0.2039875493607164,220.91,-0.014259200579421538
2022-06-09,AURORA,Consumer,216.88,703367,-0.004041146216017588,0.18371356838773023,0.20348723659125298,220.91,-0.018242723280974205
2022-06-10,AURORA,Consumer,214.45,1204977,-0.011204352637403159,0.17045082414583534,0.20373695425513752,220.91,-0.029242678013670753
2022-06-13,AURORA,Consumer,212.85,1064809,-0.007460946607600771,0.16171815304006087,0.20687732978018267,220.91,-0.0364854465619483
2022-06-14,AURORA,Consumer,213.77,748458,0.0043222926943857765,0.16673943892588117,0.18352484643819972,220.91,-0.03232085464668866
2022-06-15,AURORA,Consumer,214.29,1077949,0.002432520933713711,0.1695775570352578,0.1790037527673671,220.91,-0.02996695486849854
2022-06-16,AURORA,Consumer,211.63,1166775,-0.012413085071631857,0.15505949132190766,0.18811241861934982,220.91,-0.042008057580009917
2022-06-17,AURORA,Consumer,209.23,1308840,-0.011340547181401539,0.14196048466324585,0.1922674453941851,220.91,-0.0528722104024264
2022-06-20,AURORA,Consumer,210.47,1321494,0.005926492376810311,0.14872830477022125,0.18955400886186663,220.91,-0.047259064777511184
2022-06-21,AURORA,Consumer,210.18,1602951,-0.0013778685798451207,0.14714550813229965,0.17755797282963875,220.91,-0.04857181657688647
2022-06-22,AURORA,Consumer,208.9,816053,-0.0060900180797411885,0.14015937124768008,0.17104373061157496,220.91,-0.05436603141550855
2022-06-23,AURORA,Consumer,212.17,1072860,0.015653422690282248,0.15800676782010648,0.146534373413655,220.91,-0.03956362319496631
2022-06-24,AURORA,Consumer,213.86,963324,0.007965310835650774,0.16723065167558082,0.14918392007157574,220.91,-0.03191344891584802
2022-06-27,AURORA,Consumer,214.41,1654410,0.0025717759281771446,0.1702325073681905,0.1432797312051481,220.91,-0.029423747227377617
2022-06-28,AURORA,Consumer,214.52,820894,0.0005130357725853241,0.17083287850671258,0.13744834485584825,220.91,-0.028925806889683492
2022-06-29,AURORA,Consumer,216.92,1020131,0.01118776804027588,0.18393188516537418,0.13504444232379464,220.91,-0.01806165406726723
2022-06-30,AURORA,Consumer,219.3,1010325,0.010971786833855912,0.1969217334352138,0.13921111858240404,220.91,-0.007288035851704233
2022-07-01,AURORA,Consumer,218.78,568626,-0.0023711810305517833,0.19408361532583696,0.13932673745300997,220.91,-0.00964193562989446
2022-07-04,AURORA,Consumer,221.41,812903,0.012021208519974458,0.2084379434559538,0.14497337715630268,221.41,0.0
2022-07-05,AURORA,Consumer,221.35,597864,-0.0002709904701684307,0.2081104682894872,0.144951008708824,221.41,-0.0002709904701684307
2022-07-06,AURORA,Consumer,222.84,1029142,0.006731420826745049,0.21624276825673983,0.139045167425915,222.84,0.0
2022-07-07,AURORA,Consumer,225.9,648295,0.013731825525040486,0.23294400174653362,0.13549704439201016,225.9,0.0
2022-07-08,AURORA,Consumer,219.59,928099,-0.02793271359008409,0.19850453007313562,0.16945829255050213,225.9,-0.02793271359008409
2022-07-11,AURORA,Consumer,220.51,627278,0.004189626121408052,0.2035258159589559,0.16420322706028714,225.9,-0.02386011509517494
2022-07-12,AURORA,Consumer,224.89,1241874,0.01986304475987488,0.22743150311101368,0.17272799897620653,225.9,-0.004471004869411321
2022-07-13,AURORA,Consumer,231.99,984098,0.03157099026190591,0.26618273114288793,0.1996807468887243,231.99,0.0
2022-07-14,AURORA,Consumer,231.89,729147,-0.0004310530626321363,0.26563693919877696,0.20020567415975715,231.99,-0.0004310530626321363
2022-07-15,AURORA,Consumer,229.95,626940,-0.00836603562033722,0.2550485754830254,0.196522586434093,231.99,-0.008793482477693071
2022-07-18,AURORA,Consumer,232.86,1128171,0.01265492498369225,0.27093112105665296,0.1903513915556285,232.86,0.0
2022-07-19,AURORA,Consumer,231.91,737151,-0.004079704543502594,0.2657460975875994,0.19299248719176806,232.86,-0.004079704543502594
2022-07-20,AURORA,Consumer,232.8,1060404,0.0038376956577983456,0.2706036458901866,0.19176458621311204,232.86,-0.0002576655501159708
2022-07-21,AURORA,Consumer,228.97,370588,-0.016451890034364314,0.24969981443073896,0.20234745165291615,232.86,-0.016705316499184164
2022-07-22,AURORA,Consumer,228.39,989970,-0.0025330829366293495,0.24653422115489554,0.19945264486318573,232.86,-0.019196083483638327
2022-07-25,AURORA,Consumer,224.64,591855,-0.01641928280572702,0.2260670232507367,0.2103035683173781,232.86,-0.035300180365885225
2022-07-26,AURORA,Consumer,222.6,914708,-0.009081196581196549,0.21493286759087438,0.21404412607808554,232.86,-0.044060809069827456
2022-07-27,AURORA,Consumer,218.49,1525969,-0.018463611859838247,0.19250081868791624,0.2253589783595239,232.86,-0.06171089925276996
2022-07-28,AURORA,Consumer,217.82,1764527,-0.0030665018994004978,0.18884401266237316,0.22260817806009994,232.86,-0.06458816456239813
2022-07-29,AURORA,Consumer,210.61,1023284,-0.03310072536957109,0.14949241349197706,0.24698251119277065,232.86,-0.09555097483466457
2022-08-01,AURORA,Consumer,211.01,779202,0.001899245050092535,0.1516755812684205,0.24730262593358987,232.86,-0.09383320450055832
2022-08-02,AURORA,Consumer,208.84,1379191,-0.010283872802236749,0.13983189608121394,0.24386446841096934,232.86,-0.1031521085630851
2022-08-03,AURORA,Consumer,207.14,683615,-0.0081402030262403,0.1305534330313285,0.24441334384408814,232.86,-0.11045263248303716
2022-08-04,AURORA,Consumer,207.61,891638,0.0022689968137492578,0.13311865516864985,0.24264758071148665,232.86,-0.10843425234046211
2022-08-05,AURORA,Consumer,206.94,793804,-0.003227204855257515,0.12946184914310677,0.23466992079482854,232.86,-0.11131151765009029
2022-08-08,AURORA,Consumer,206.31,1071073,-0.0030443606842562865,0.12602335989520808,0.21801711361349949,232.86,-0.1140170059263077
2022-08-09,AURORA,Consumer,204.94,1051122,-0.006640492462798742,0.11854601026088862,0.21681907046668858,232.86,-0.11990036932062187
2022-08-10,AURORA,Consumer,204.53,843575,-0.0020005855372303705,0.11630826329003385,0.19983490163304063,232.86,-0.12166108391308084
2022-08-11,AURORA,Consumer,199.62,647258,-0.024006258250623413,0.08950987883418837,0.16301642838167496,232.86,-0.14274671476423606
2022-08-12,AURORA,Consumer,201.74,755672,0.010620178338843766,0.10108066804933946,0.17289164508602675,232.86,-0.13364253199347254
2022-08-15,AURORA,Consumer,202.96,749564,0.006047387726777043,0.10773932976749245,0.1781183434240944,232.86,-0.12840333247444813
2022-08-16,AURORA,Consumer,201.36,1184444,-0.00788332676389436,0.09900665866171798,0.16492911739565455,232.86,-0.13527441381087346
2022-08-17,AURORA,Consumer,203.52,698220,0.010727056019070202,0.11079576465451346,0.17568260822828013,232.86,-0.1259984540066993
2022-08-18,AURORA,Consumer,203.77,2667007,0.001228380503144555,0.11216024451479067,0.17404020788943242,232.86,-0.1249248475478828
2022-08-19,AURORA,Consumer,206.16,1024556,0.011728910045639696,0.1252046719790414,0.1805135440811455,232.86,-0.11466116980159757
2022-08-22,AURORA,Consumer,205.37,909433,-0.003831975164920398,0.12089291562056537,0.18035292480553924,232.86,-0.11805376621145758
2022-08-23,AURORA,Consumer,208.08,918426,0.01319569557384237,0.13568387730597098,0.18578969781792476,232.86,-0.10641587219788717
2022-08-24,AURORA,Consumer,204.76,911573,-0.015955401768550703,0.11756358476148887,0.18983907881135506,232.86,-0.12067336597096978
2022-08-25,AURORA,Consumer,201.27,591348,-0.017044344598554306,0.09851544591201833,0.18852644678741212,232.86,-0.13566091213604736
2022-08-26,AURORA,Consumer,203.88,1499713,0.01296765538828426,0.11276061565331275,0.1973255658990146,232.86,-0.12445246070600369
2022-08-29,AURORA,Consumer,201.52,1489464,-0.011575436531292893,0.09987992577229532,0.16795173778825787,232.86,-0.13458730567723098
2022-08-30,AURORA,Consumer,202.18,684577,0.0032751091703056012,0.1034821526034273,0.1684258424808491,232.86,-0.13175298462595553
2022-08-31,AURORA,Consumer,199.51,741123,-0.013206054011277168,0.08890950769566608,0.1705322358280124,232.86,-0.1432191016061154
2022-09-01,AURORA,Consumer,201.8,1249552,0.011478121397423768,0.10140814321580582,0.1752796339524325,232.86,-0.13338486644335656
2022-09-02,AURORA,Consumer,201.36,1575315,-0.002180376610505408,0.09900665866171798,0.1748521493816698,232.86,-0.13527441381087346
2022-09-05,AURORA,Consumer,206.4,1319174,0.02502979737783062,0.1265145726449075,0.19710707326012017,232.86,-0.1136305076011338
2022-09-06,AURORA,Consumer,205.86,1265803,-0.0026162790697673577,0.1235672961467087,0.19703072267876443,232.86,-0.11594949755217732
2022-09-07,AURORA,Consumer,202.36,1283633,-0.01700184591469933,0.10446457810282705,0.20453675757146692,232.86,-0.13097998797560761
2022-09-08,AURORA,Consumer,199.73,630585,-0.01299663965210529,0.09011024997271022,0.20903447498061078,232.86,-0.14227432792235684
2022-09-09,AURORA,Consumer,201.61,468028,0.009412707154658806,0.1003711385219952,0.19432582053151057,232.86,-0.13420080735205697
2022-09-12,AURORA,Consumer,198.75,560531,-0.014185804275581582,0.08476148892042334,0.1970981961784909,232.86,-0.14648286524091736
2022-09-13,AURORA,Consumer,199.29,1290858,0.0027169811320755244,0.08770876541862238,0.19600960191227376,232.86,-0.14416387528987384
2022-09-14,AURORA,Consumer,199.23,785486,-0.0003010687942195389,0.0873812902521558,0.19430765638531092,232.86,-0.14442154083998981
2022-09-15,AURORA,Consumer,196.46,721615,-0.013903528585052394,0.07226285340028382,0.19521084632247426,232.86,-0.15631710040367608
2022-09-16,AURORA,Consumer,197.87,776225,0.0071770334928229484,0.07995851981224766,0.19737549043323094,232.86,-0.15026195997595126
2022-09-19,AURORA,Consumer,201.89,1398657,0.02031636933340053,0.10189935596550592,0.2065595571345177,232.86,-0.13299836811818266
2022-09-20,AURORA,Consumer,203.85,1043124,0.009708256971618257,0.11259687807007968,0.20945602177873607,232.86,-0.12458129348106162
2022-09-21,AURORA,Consumer,205.25,1521718,0.006867794947265082,0.1202379652876322,0.20543832844692894,232.86,-0.11856909731168952
2022-09-22,AURORA,Consumer,208.32,834843,0.014957369062119419,0.1369937779718371,0.20417782763692066,232.86,-0.1053852099974234
2022-09-23,AURORA,Consumer,208.92,966924,0.002880184331797153,0.1402685296365025,0.19350117748940188,232.86,-0.10280855449626392
2022-09-26,AURORA,Consumer,211.84,924879,0.013976641776756837,0.15620565440454115,0.19426178425753787,232.86,-0.09026883105728767
2022-09-27,AURORA,Consumer,211.42,740965,-0.001982628398791597,0.15391332823927528,0.18864035233908982,232.86,-0.09207248990809935
2022-09-28,AURORA,Consumer,213.05,658898,0.007709772017784555,0.16280973692828304,0.18953674480760171,232.86,-0.08507257579661598
2022-09-29,AURORA,Consumer,213.45,715705,0.0018774935461158826,0.1649929047047265,0.18072029244613227,232.86,-0.08335480546250973
2022-09-30,AURORA,Consumer,218.39,805872,0.023143593347388247,0.19195502674380527,0.1915776056116488,232.86,-0.062140341836296575
2022-10-03,AURORA,Consumer,217.92,624848,-0.00215211319199593,0.18938980460648414,0.19156644219436916,232.86,-0.06415872197887151
2022-10-04,AURORA,Consumer,218.84,1422146,0.004221732745961937,0.19441109049230465,0.175448312032956,232.86,-0.06020785021042696
2022-10-05,AURORA,Consumer,218.86,1099584,9.139097057220269e-05,0.19452024888112684,0.1746344285973469,232.86,-0.060121961693721526
2022-10-06,AURORA,Consumer,220.43,609923,0.007173535593530067,0.20308918240366802,0.15918097708205042,232.86,-0.053379713132354234
2022-10-07,AURORA,Consumer,223.35,861621,0.013246835730163609,0.21902630717170624,0.14925624383945285,232.86,-0.0408399896933781
2022-10-10,AURORA,Consumer,224.9,827243,0.00693978061338707,0.22748608230542522,0.14865873677707409,232.86,-0.03418362964871602
2022-10-11,AURORA,Consumer,226.07,1320266,0.005202312138728349,0.23387184805152295,0.13080103500497722,232.86,-0.029159151421455087
2022-10-12,AURORA,Consumer,221.34,857773,-0.020922723050382563,0.20805588909507722,0.16087392130395806,232.86,-0.0494717856222624
2022-10-13,AURORA,Consumer,222.75,1050044,0.006370290051504357,0.21575155550704084,0.15972935027498977,232.86,-0.043416645194537584
2022-10-14,AURORA,Consumer,223.67,673153,0.004130190796857391,0.22077284139286113,0.14371637273073146,232.86,-0.03946577342609303
2022-10-17,AURORA,Consumer,227.22,346117,0.015871596548486577,0.24014845540879826,0.1475396995910638,232.86,-0.02422056171089937
2022-10-18,AURORA,Consumer,228.66,1341296,0.0063374702931080495,0.2480078594039954,0.1389182342518592,232.86,-0.018036588508116513
2022-10-19,AURORA,Consumer,225.64,603597,-0.013207382139420965,0.23152494269184598,0.1531297274087743,232.86,-0.031005754530619378
2022-10-20,AURORA,Consumer,229.03,2086389,0.015023931926963385,0.25002728959720577,0.15701295313688776,232.86,-0.016447650949068193
2022-10-21,AURORA,Consumer,228.93,964617,-0.0004366240230537777,0.2494814976530948,0.15408702274601874,232.86,-0.0168770935325947
2022-10-24,AURORA,Consumer,224.58,1071544,-0.019001441488664672,0.22573954808427033,0.1743783388676559,232.86,-0.035557845916001085
2022-10-25,AURORA,Consumer,226.64,679169,0.009172677887612224,0.2369828621329546,0.17151412767393248,232.86,-0.02671132869535353
2022-10-26,AURORA,Consumer,225.14,1242065,-0.006618425697140884,0.2287959829712909,0.1740384541661721,232.86,-0.033152967448252246
2022-10-27,AURORA,Consumer,222.2,852762,-0.013058541352047648,0.21274969981443026,0.18174047444484742,232.86,-0.04577857940393382
2022-10-28,AURORA,Consumer,217.18,1124412,-0.022592259225922562,0.18535094422006293,0.20082739065527963,232.86,-0.06733659709696815
2022-10-31,AURORA,Consumer,213.8,1047515,-0.015563127359793705,0.16690317650911446,0.191351034865328,232.86,-0.08185175642016662
2022-11-01,AURORA,Consumer,217.21,1311404,0.01594948550046782,0.18551468180329644,0.1999874650662981,232.86,-0.06720776432191022
2022-11-02,AURORA,Consumer,217.44,601143,0.0010588831085125427,0.18677000327475168,0.19942970124816906,232.86,-0.06622004637979906
2022-11-03,AURORA,Consumer,219.89,673950,0.011267476085356831,0.20014190590546876,0.2033755361990751,232.86,-0.05569870308339786
2022-11-04,AURORA,Consumer,223.61,872425,0.01691754968393311,0.22044536622639477,0.21020997955316337,232.86,-0.03972343897620889
2022-11-07,AURORA,Consumer,223.88,1008402,0.001207459415947243,0.22191900447549395,0.20528281345501134,232.86,-0.03856394400068719
2022-11-08,AURORA,Consumer,225.31,1407908,0.006387350366267697,0.22972382927628,0.20506284195993846,232.86,-0.03242291505625705
2022-11-09,AURORA,Consumer,230.51,772956,0.023079312946606922,0.25810501037004707,0.21944124054611244,232.86,-0.010091900712874802
2022-11-10,AURORA,Consumer,226.81,1536023,-0.0160513643659711,0.2379107084379437,0.21388277982718357,232.86,-0.025981276303358336
2022-11-11,AURORA,Consumer,224.11,1020875,-0.011904237026586051,0.22317432594694941,0.2177044717378403,232.86,-0.03757622605857591
2022-11-14,AURORA,Consumer,224.59,1206538,0.0021418053634374434,0.22579412727868164,0.21738156602297512,232.86,-0.03551490165764837
2022-11-15,AURORA,Consumer,223.57,419045,-0.004541609154459336,0.22022704944875038,0.21032618705103437,232.86,-0.03989521600961965
2022-11-16,AURORA,Consumer,227.3,986088,0.016683812676119514,0.24058508896408726,0.21760790122915186,232.86,-0.023877007644077963
2022-11-17,AURORA,Consumer,225.03,1514262,-0.009986801583809934,0.2281956118327697,0.215456630493611,232.86,-0.03362535429013147
2022-11-18,AURORA,Consumer,221.47,969407,-0.015820112873839,0.20876541862242148,0.21477468614736991,232.86,-0.04891351026367785
2022-11-21,AURORA,Consumer,219.53,889883,-0.008759651420056858,0.19817705490666992,0.21618122424099606,232.86,-0.05724469638409346
2022-11-22,AURORA,Consumer,220.9,639592,0.0062406049287113685,0.20565440454098938,0.20858097721344782,232.86,-0.051361332989779296
2022-11-23,AURORA,Consumer,227.27,731001,0.02883657763693992,0.2404213513808542,0.23030496993938104,232.86,-0.024005840419136004
2022-11-24,AURORA,Consumer,225.87,1006997,-0.0061600739208870214,0.23278026416330144,0.23013859609182158,232.86,-0.0300180365885081
2022-11-25,AURORA,Consumer,227.0,796715,0.005002877761544289,0.23894771313175478,0.22543116464552068,232.86,-0.025165335394657817
2022-11-28,AURORA,Consumer,226.51,856023,-0.0021585903083700675,0.23627333260561123,0.20886024379309756,232.86,-0.02726960405393808
2022-11-29,AURORA,Consumer,227.71,1212158,0.005297779347490206,0.24282283593494203,0.1989123772825505,232.86,-0.022116293051618996
2022-11-30,AURORA,Consumer,226.22,801716,-0.006543410478239919,0.2346905359676894,0.19581326373307698,232.86,-0.028514987546165105
2022-12-01,AURORA,Consumer,220.99,2037381,-0.023119087613827194,0.20614561729068903,0.21432874261196735,232.86,-0.050974834664605395
2022-12-02,AURORA,Consumer,221.18,720049,0.0008597674102901465,0.20718262198449988,0.2109656676620348,232.86,-0.050158893755904876
2022-12-05,AURORA,Consumer,221.3,522204,0.0005425445338638202,0.20783757231743305,0.2022194578191713,232.86,-0.049643562655672935
2022-12-06,AURORA,Consumer,220.29,615138,-0.00456394035246277,0.20232507368191288,0.20262305362236782,232.86,-0.0539809327492915
2022-12-07,AURORA,Consumer,220.39,871194,0.000453947069771532,0.20287086562602363,0.2010472992865946,232.86,-0.05355149016576499
2022-12-08,AURORA,Consumer,217.43,489595,-0.013430736421797596,0.18671542408034103,0.18516154569902885,232.86,-0.06626299063815166
2022-12-09,AURORA,Consumer,215.43,851166,-0.00919836269144092,0.1757995851981229,0.18040216440479132,232.86,-0.07485184230868336
2022-12-12,AURORA,Consumer,214.56,1166790,-0.004038434758390164,0.17105119528435808,0.1772029919019808,232.86,-0.07858799278536466
2022-12-13,AURORA,Consumer,215.08,1218766,0.0024235645041015275,0.17388931339373492,0.1772888870259784,232.86,-0.07635489135102635
2022-12-14,AURORA,Consumer,220.01,1714175,0.022921703552166495,0.20079685623840238,0.19678029782686893,232.86,-0.05518337198316592
2022-12-15,AURORA,Consumer,222.26,677914,0.010226807872369514,0.21307717498089773,0.1907762892824175,232.86,-0.045520913853817846
2022-12-16,AURORA,Consumer,220.68,1164723,-0.007108791505443968,0.20445366226394546,0.18932279114158132,232.86,-0.052306106673537744
2022-12-19,AURORA,Consumer,219.13,1361728,-0.007023744788834607,0.19599388713022625,0.18290931239385377,232.86,-0.058962466718199824
2022-12-20,AURORA,Consumer,219.79,1127630,0.0030119107379180665,0.19959611396135823,0.1806972931208269,232.86,-0.05612814566692437
2022-12-21,AURORA,Consumer,220.54,1687151,0.003412348150507283,0.2036895535421901,0.17975291980814967,232.86,-0.05290732629047501
2022-12-22,AURORA,Consumer,223.35,1678026,0.012741452797678354,0.21902630717170646,0.15400276602008708,232.86,-0.0408399896933781
2022-12-23,AURORA,Consumer,226.13,660820,0.0124468323259459,0.23419932321798975,0.15921791461630178,232.86,-0.028901485871339117
2022-12-26,AURORA,Consumer,228.33,1413228,0.009728916994649062,0.24620674598842962,0.16187020628485296,232.86,-0.019453749033754186
2022-12-27,AURORA,Consumer,228.22,835290,-0.0004817588577935572,0.24560637484990755,0.16164975169320023,232.86,-0.01992613587563352
2022-12-28,AURORA,Consumer,228.94,472913,0.003154850582770985,0.24953607684750612,0.16100207664664154,232.86,-0.016834149274242094
2022-12-29,AURORA,Consumer,229.13,1283312,0.0008299117672752043,0.25057308154131674,0.15906436129238585,232.86,-0.016018208365541575
2022-12-30,AURORA,Consumer,232.05,962504,0.012743857198969977,0.2665102063093552,0.13873732667017993,232.86,-0.0034784849265653284
2023-01-02,AURORA,Consumer,232.05,618167,0.0,0.2665102063093552,0.13888670218547006,232.86,-0.0034784849265653284
2023-01-03,AURORA,Consumer,227.7,612795,-0.018745959922430555,0.2427682567405307,0.15690674967327684,232.86,-0.022159237309971713
2023-01-04,AURORA,Consumer,230.6,665241,0.01273605621431706,0.25859622311974695,0.16002812546039566,232.86,-0.009705402387700901
2023-01-05,AURORA,Consumer,230.08,1162130,-0.002254986990459562,0.25575810501037033,0.16068049044273938,232.86,-0.011938503822038982
2023-01-06,AURORA,Consumer,228.57,1671466,-0.006562934631432649,0.2475166466542955,0.1539362697496372,232.86,-0.018423086833290525
2023-01-09,AURORA,Consumer,230.67,1141832,0.00918755742223376,0.2589782774806244,0.14955480431393273,232.86,-0.009404792579232213
2023-01-10,AURORA,Consumer,226.41,1121735,-0.018467941214722283,0.2357275406614998,0.16593506671614358,232.86,-0.027699046637464697
2023-01-11,AURORA,Consumer,225.48,782591,-0.004107592420829476,0.23065167558126842,0.16756450219922275,232.86,-0.031692862664261856
2023-01-12,AURORA,Consumer,229.79,2345623,0.019114777363846036,0.2541753083724485,0.16209208886358678,232.86,-0.01318388731426623
2023-01-13,AURORA,Consumer,231.23,600792,0.0062665912354757936,0.2620347123676454,0.160166472227988,232.86,-0.006999914111483374
2023-01-16,AURORA,Consumer,233.1,1359190,0.008087185918782103,0.2722410217225193,0.15799159253196218,233.1,0.0
2023-01-17,AURORA,Consumer,234.46,968281,0.005834405834405976,0.27966379216242787,0.15429908267260214,234.46,0.0
2023-01-18,AURORA,Consumer,231.82,1284576,-0.011259916403650982,0.26525488483789994,0.16231248623500244,234.46,-0.011259916403650982
2023-01-19,AURORA,Consumer,234.96,1042475,0.013544991803985829,0.2823927518829823,0.16669494087830478,234.96,0.0
2023-01-20,AURORA,Consumer,232.34,809781,-0.011150834184542102,0.26809300294727656,0.16975322635111392,234.96,-0.011150834184542102
2023-01-23,AURORA,Consumer,233.74,698975,0.006025652061633746,0.2757340901648291,0.1661627124948792,234.96,-0.005192373169901288
2023-01-24,AURORA,Consumer,239.36,1185617,0.024043809360828394,0.30640759742386203,0.18163350204711515,239.36,0.0
2023-01-25,AURORA,Consumer,240.74,1018172,0.005765374331550888,0.3139395262525926,0.1817122477681144,240.74,0.0
2023-01-26,AURORA,Consumer,237.45,1213932,-0.013666195895987499,0.29598297129134354,0.1902189469458212,240.74,-0.013666195895987499
2023-01-27,AURORA,Consumer,235.99,1069835,-0.006148662876394928,0.28801440890732444,0.19219684025448125,240.74,-0.01973082994101516
2023-01-30,AURORA,Consumer,239.27,786816,0.013898894020933028,0.30591638467416193,0.19308967438375396,240.74,-0.006106172634377294
2023-01-31,AURORA,Consumer,236.6,824149,-0.01115894178125132,0.2913437397664007,0.1980107770542512,240.74,-0.017196975990695362
2023-02-01,AURORA,Consumer,235.11,593517,-0.006297548605240788,0.2832114397991483,0.18674526801658273,240.74,-0.0233862258037717
2023-02-02,AURORA,Consumer,235.78,789896,0.002849729913657395,0.2868682458246914,0.1824013775656049,240.74,-0.020603140317354884
2023-02-03,AURORA,Consumer,234.96,1230724,-0.0034778183051997758,0.28239275188298185,0.18273544290963298,240.74,-0.024009304644014295
2023-02-06,AURORA,Consumer,229.56,810463,-0.02298263534218592,0.25291998690099304,0.19945652545825676,240.74,-0.04644014289274734
2023-02-07,AURORA,Consumer,226.36,927509,-0.013939710751001866,0.2354546446894441,0.20251060036209886,240.74,-0.059732491484589145
2023-02-08,AURORA,Consumer,221.63,1009332,-0.020895918006715086,0.20963868573299815,0.20533157345984643,240.74,-0.07938024424690537
2023-02-09,AURORA,Consumer,221.6,711681,-0.00013536073636244428,0.20947494814976486,0.20501930053588047,240.74,-0.07950486001495394
2023-02-10,AURORA,Consumer,220.21,1289605,-0.006272563176895285,0.20188844012662321,0.19251097749916982,240.74,-0.08527872393453517
2023-02-13,AURORA,Consumer,214.63,1038951,-0.025339448708051493,0.17143324964523465,0.20615275843018546,240.74,-0.10845725679155938
2023-02-14,AURORA,Consumer,216.48,640586,0.008619484694590618,0.18153040061128634,0.2065363477796016,240.74,-0.10077261776190083
2023-02-15,AURORA,Consumer,217.97,1656031,0.006882852919438243,0.18966270057853873,0.20716025177833425,240.74,-0.09458336794882449
2023-02-16,AURORA,Consumer,222.56,880053,0.021057943753727493,0.2147145508132291,0.22143998373986043,240.74,-0.07551715543740134
2023-02-17,AURORA,Consumer,220.9,1362809,-0.007458662832494634,0.20565440454098805,0.2149020784095356,240.74,-0.08241256126941932
2023-02-20,AURORA,Consumer,222.33,1062417,0.006473517428700726,0.21345922934177386,0.2149934140164306,240.74,-0.07647254299244
2023-02-21,AURORA,Consumer,222.75,541518,0.0018890837943597028,0.21575155550703973,0.21351843213526048,240.74,-0.07472792223976077
2023-02-22,AURORA,Consumer,221.06,749566,-0.00758698092031429,0.20652767165156538,0.19150417443291062,240.74,-0.0817479438398272
2023-02-23,AURORA,Consumer,222.3,1031689,0.005609336831629452,0.21329549175854057,0.19140762762099361,240.74,-0.07659715876048845
2023-02-24,AURORA,Consumer,223.46,801912,0.005218173639226276,0.21962667831022697,0.1902160375914561,240.74,-0.07177868239594587
2023-02-27,AURORA,Consumer,223.31,477997,-0.0006712610758077275,0.21880799039406074,0.18995405828795917,240.74,-0.07240176123618847
2023-02-28,AURORA,Consumer,224.27,1163541,0.0042989566074067564,0.22404759305752542,0.18222849918472347,240.74,-0.06841405665863587
2023-03-01,AURORA,Consumer,228.61,652223,0.01935167432113083,0.2477349634319388,0.19523444196258136,240.74,-0.050386308880950414
2023-03-02,AURORA,Consumer,224.37,268673,-0.018546870215651157,0.2245933850016364,0.20341766151909568,240.74,-0.06799867076514088
2023-03-03,AURORA,Consumer,225.69,1182197,0.00588313945714658,0.23179783866390014,0.20462407585779074,240.74,-0.06251557697100607
2023-03-06,AURORA,Consumer,226.8,1649581,0.004918250697860005,0.23785612924353128,0.2059235157415344,240.74,-0.057904793553210876
2023-03-07,AURORA,Consumer,228.31,859835,0.006657848324514992,0.24609758759960587,0.19229301650172625,240.74,-0.05163246656143561
2023-03-08,AURORA,Consumer,228.97,629975,0.002890806359773901,0.24969981443073763,0.18586037222491253,240.74,-0.048890919664368204
2023-03-09,AURORA,Consumer,227.32,569992,-0.007206184216272948,0.24069424735290768,0.1713863639160229,240.74,-0.05574478690703666
2023-03-10,AURORA,Consumer,226.35,982598,-0.004267112440612397,0.2354000654950319,0.17240589594542902,240.74,-0.05977403007393878
2023-03-13,AURORA,Consumer,228.19,757860,0.008129003755246389,0.2454426372666727,0.17189843129503368,240.74,-0.05213092963362964
2023-03-14,AURORA,Consumer,231.78,1198231,0.015732503615408122,0.265036568060254,0.1474834144859355,240.74,-0.03721857605715717
2023-03-15,AURORA,Consumer,233.73,1083538,0.008413150401242575,0.27567951097041665,0.14739854957902987,240.74,-0.029118551134003523
2023-03-16,AURORA,Consumer,233.34,545417,-0.00166859196508784,0.2735509223883843,0.14804610493034862,240.74,-0.030738556118634186
2023-03-17,AURORA,Consumer,234.14,1021096,0.003428473472186333,0.2779172579412712,0.133244814520775,240.74,-0.027415468970673817
2023-03-20,AURORA,Consumer,238.44,882511,0.018365080720936344,0.3013863115380402,0.1389504910097661,240.74,-0.009553875550386337
2023-03-21,AURORA,Consumer,237.51,621568,-0.003900352289884279,0.2963104464578088,0.14095658126697946,240.74,-0.013416964359890371
2023-03-22,AURORA,Consumer,245.72,894566,0.03456696560144845,0.3411199650693142,0.17780224260127023,245.72,0.0
2023-03-23,AURORA,Consumer,247.14,669232,0.0057789353735959725,0.34887021067568913,0.17205872193584498,247.14,0.0
2023-03-24,AURORA,Consumer,248.29,924822,0.004653232985352362,0.35514681803296444,0.17207454785704204,248.29,0.0
2023-03-27,AURORA,Consumer,248.1,1009197,-0.0007652342019413005,0.3541098133391536,0.17336900951498688,248.29,-0.0007652342019413005
2023-03-28,AURORA,Consumer,246.36,1181258,-0.007013301088270807,0.344613033511624,0.1773521411072707,248.29,-0.007773168472350767
2023-03-29,AURORA,Consumer,249.24,1246482,0.011690209449585875,0.3603318415020178,0.1789574764457543,249.24,0.0
2023-03-30,AURORA,Consumer,251.21,410756,0.007904028245867334,0.37108394280100243,0.17171754092947167,251.21,0.0
2023-03-31,AURORA,Consumer,246.56,597777,-0.01851040961745154,0.3457046173998455,0.1716557722176615,251.21,-0.01851040961745154
2023-04-03,AURORA,Consumer,243.06,989202,-0.01419532770927967,0.32660189935596384,0.1833904216876802,251.21,-0.032442975996178514
2023-04-04,AURORA,Consumer,244.21,1921688,0.004731342055459553,0.33287850671323915,0.1833746365729339,251.21,-0.027865132757453948
2023-04-05,AURORA,Consumer,243.57,984193,-0.002620695303222731,0.32938543827092914,0.1842343908040703,251.21,-0.030412802038135456
2023-04-06,AURORA,Consumer,242.72,1374047,-0.003489756538161526,0.32474620674598653,0.18566750484561972,251.21,-0.03379642530154059
2023-04-07,AURORA,Consumer,245.98,1045704,0.013431114040870051,0.34253902412400183,0.1853529332341458,251.21,-0.02081923490306925
2023-04-10,AURORA,Consumer,242.02,871759,-0.016098869826815077,0.32092566313721016,0.19608495953507876,251.21,-0.036582938577285895
2023-04-11,AURORA,Consumer,245.92,618690,0.016114370713164128,0.34221154895753525,0.20048273604302935,251.21,-0.02105807889813316
2023-04-12,AURORA,Consumer,246.08,1394215,0.0006506180871830303,0.34308481606811303,0.1957776836080277,251.21,-0.020421161577962588
2023-04-13,AURORA,Consumer,250.13,726046,0.016458062418725605,0.3651893898046046,0.2005437240075842,251.21,-0.004299191911150135
2023-04-14,AURORA,Consumer,253.15,888458,0.012073721664734416,0.381672306516754,0.20189077097143412,253.15,0.0
2023-04-17,AURORA,Consumer,255.28,601045,0.008413983804068659,0.3932976749263162,0.2024618908716559,255.28,0.0
2023-04-18,AURORA,Consumer,257.32,804882,0.007991225321215989,0.4044318305861787,0.19641699909181012,257.32,0.0
2023-04-19,AURORA,Consumer,259.04,1041019,0.006684284159801157,0.41381945202488635,0.1946656287552248,259.04,0.0
2023-04-20,AURORA,Consumer,257.86,1324326,-0.00455528103767755,0.40737910708437775,0.1622799208420524,259.04,-0.00455528103767755
2023-04-21,AURORA,Consumer,258.48,886013,0.002404405491351902,0.41076301713786534,0.1618015316324658,259.04,-0.0021618282890673024
2023-04-24,AURORA,Consumer,259.48,1478334,0.0038687712782419226,0.4162209365789742,0.161673714336443,259.48,0.0
2023-04-25,AURORA,Consumer,255.65,980315,-0.014760289810390015,0.39531710511952656,0.17180555918398646,259.48,-0.014760289810390015
2023-04-26,AURORA,Consumer,254.81,842240,-0.0032857422256992175,0.39073245278899504,0.16995781892812986,259.48,-0.017997533528595677
2023-04-27,AURORA,Consumer,258.74,547170,0.015423256544091712,0.41218207619255365,0.17319434033773878,259.48,-0.002851857561276483
2023-04-28,AURORA,Consumer,265.54,414555,0.026281208935611033,0.4492959283920952,0.19198273048366088,265.54,0.0
2023-05-01,AURORA,Consumer,262.97,1113729,-0.009678391202831982,0.43526907542844495,0.1818499480636433,265.54,-0.009678391202831982
2023-05-02,AURORA,Consumer,261.08,1160211,-0.007187131611971154,0.42495360768474866,0.17492304924907193,265.54,-0.016795962943436105
2023-05-03,AURORA,Consumer,261.3,1395846,0.000842653592768583,0.4261543499617928,0.1750880876034048,265.54,-0.015967462529185794
2023-05-04,AURORA,Consumer,252.43,527713,-0.033945656333716046,0.37774260451915564,0.21700664729569868,265.54,-0.04937109286736463
2023-05-05,AURORA,Consumer,250.45,1035139,-0.007843758665768807,0.3669359240257597,0.21885820896794383,265.54,-0.05682759659561665
2023-05-08,AURORA,Consumer,250.58,540321,0.0005190656817728456,0.36764545355310396,0.21458098288131053,265.54,-0.05633802816901412
2023-05-09,AURORA,Consumer,253.7,884872,0.012451113416872772,0.3846741622093641,0.2086763941746188,265.54,-0.044588385930556695
2023-05-10,AURORA,Consumer,255.04,1449158,0.005281828931809285,0.3919877742604503,0.2029556186919562,265.54,-0.03954206522557813
2023-05-11,AURORA,Consumer,254.1,683759,-0.003685696361355073,0.3868573299858078,0.20382277558638262,265.54,-0.04308202154101082
2023-05-12,AURORA,Consumer,254.93,1242290,0.003266430539157872,0.39138740312192843,0.19671070474807992,265.54,-0.03995631543270317
2023-05-15,AURORA,Consumer,255.71,1157444,0.003059663437021909,0.39564458028599336,0.19274319126733813,265.54,-0.0370189048730889
2023-05-16,AURORA,Consumer,252.09,953972,-0.014156661843494622,0.37588691190917856,0.19695217091074352,265.54,-0.050651502598478615
2023-05-17,AURORA,Consumer,253.56,621613,0.0058312507437818795,0.38391005348760876,0.19591476350903547,265.54,-0.04511561346689774
2023-05-18,AURORA,Consumer,251.68,922052,-0.007414418678024948,0.3736491649383238,0.1953713645146081,265.54,-0.05219552609776312
2023-05-19,AURORA,Consumer,255.29,939627,0.014343610934519857,0.3933522541207273,0.20225052828064208,265.54,-0.038600587482112036
2023-05-22,AURORA,Consumer,259.05,922010,0.014728348153080884,0.41387403121929744,0.2088026511000365,265.54,-0.024440762220381163
2023-05-23,AURORA,Consumer,261.2,1052949,0.008299556070256564,0.4256085580176816,0.2103453212217242,265.54,-0.01634405362657243
2023-05-24,AURORA,Consumer,261.58,977157,0.0014548238897396093,0.42768256740530286,0.2029928112944701,265.54,-0.014913007456503813
2023-05-25,AURORA,Consumer,264.39,637079,0.01074241149935018,0.44301932103481945,0.20491985029634854,265.54,-0.004330797619944371
2023-05-26,AURORA,Consumer,262.78,1115403,-0.006089489012443772,0.4342320707346339,0.20045265929859135,265.54,-0.010393914287866401
2023-05-29,AURORA,Consumer,263.31,766834,0.002016896263033807,0.4371247680384218,0.1779728942012752,265.54,-0.008397981471718108
2023-05-30,AURORA,Consumer,263.15,1099370,-0.000607648779005876,0.43625150092784426,0.17472078603718766,265.54,-0.009000527227536526
2023-05-31,AURORA,Consumer,264.43,525140,0.004864145924377894,0.44323763781246406,0.1733778990273466,265.54,-0.004180161180989739
2023-06-01,AURORA,Consumer,263.55,1015307,-0.0033279128691903193,0.43843466870428816,0.17392502866706083,265.54,-0.007494162837990537
2023-06-02,AURORA,Consumer,268.93,755562,0.020413583760197307,0.46779827529745477,0.13627182303891922,268.93,0.0
2023-06-05,AURORA,Consumer,267.63,1584521,-0.004833971665489156,0.460702980024013,0.13361178766458562,268.93,-0.004833971665489156
2023-06-06,AURORA,Consumer,264.21,661330,-0.012778836453312459,0.4420368955354199,0.14447087299644967,268.93,-0.017551035585468444
2023-06-07,AURORA,Consumer,262.79,1345169,-0.005374512698232303,0.4342866499290454,0.14228085424117234,268.93,-0.022831220020079535
2023-06-08,AURORA,Consumer,260.27,713984,-0.009589405989573585,0.42053269293745044,0.1468377540176554,268.93,-0.03220168817164326
2023-06-09,AURORA,Consumer,255.46,640475,-0.018480808391285852,0.39428010042571615,0.16105262917019553,268.93,-0.05008738333395302
2023-06-12,AURORA,Consumer,253.75,529707,-0.006693807249667283,0.3849470581814196,0.16243355180905591,268.93,-0.05644591529394272
2023-06-13,AURORA,Consumer,252.17,765127,-0.006226600985221764,0.3763235454644671,0.1632894083465915,268.93,-0.06232105008738342
2023-06-14,AURORA,Consumer,257.98,849036,0.02304001268985223,0.4080340574173109,0.17484734611525787,268.93,-0.0407169151823894
2023-06-15,AURORA,Consumer,254.93,600714,-0.011822621908675113,0.3913874031219282,0.17953401954613843,268.93,-0.052058156397575606
2023-06-16,AURORA,Consumer,254.91,397986,-7.845290864161303e-05,0.391278244733106,0.1773384501626584,268.93,-0.05213252519242928
2023-06-19,AURORA,Consumer,250.09,666300,-0.018908634419991355,0.3649710730269604,0.18236434726370251,268.93,-0.07005540475216598
2023-06-20,AURORA,Consumer,246.61,1449975,-0.013914990603382749,0.34597751337190097,0.1783512918323399,268.93,-0.08299557505670618
2023-06-21,AURORA,Consumer,241.53,1324235,-0.020599326872389634,0.31825128261106705,0.18473165195006924,268.93,-0.10188524894954076
2023-06-22,AURORA,Consumer,235.04,697585,-0.02687036807021903,0.2828293854382693,0.2002619552392616,268.93,-0.12601792287955982
2023-06-23,AURORA,Consumer,237.42,1060323,0.010125936010891845,0.2958192337081089,0.19966161615317612,268.93,-0.11716803629197192
2023-06-26,AURORA,Consumer,236.71,1411325,-0.0029904810041275764,0.29194411090492167,0.1997439951486914,268.93,-0.11980812850927747
2023-06-27,AURORA,Consumer,240.17,1237737,0.014617041950065301,0.3108285121711587,0.20975018839970988,268.93,-0.10694232699959105
2023-06-28,AURORA,Consumer,238.12,545526,-0.008535620602073468,0.2996397773168853,0.20979560095963368,268.93,-0.1145651284720931
2023-06-29,AURORA,Consumer,243.38,544367,0.02208970267092214,0.32834843357711874,0.22740117629733747,268.93,-0.09500613542557546
2023-06-30,AURORA,Consumer,236.25,894093,-0.02929575149971242,0.2894334679620112,0.2438544970750612,268.93,-0.1215186107909122
2023-07-03,AURORA,Consumer,235.28,886664,-0.004105820105820057,0.2841392861041354,0.22566879271619794,268.93,-0.12512549734131562
2023-07-04,AURORA,Consumer,236.11,716251,0.0035277116626997174,0.28866935924025583,0.22817442227692095,268.93,-0.12203919235488792
2023-07-05,AURORA,Consumer,237.05,789341,0.003981195205624566,0.2937998035148983,0.22914679116576175,268.93,-0.1185438589967649
2023-07-06,AURORA,Consumer,233.08,661416,-0.016747521619911443,0.2721318633336953,0.23270720297726513,268.93,-0.13330606477522033
2023-07-07,AURORA,Consumer,228.81,1444668,-0.018319890166466513,0.24882654732015963,0.23652964366375046,268.93,-0.1491838024764809
2023-07-10,AURORA,Consumer,230.7,660870,0.008260128490887642,0.2591420150638557,0.23690388783768587,268.93,-0.14215595136280823
2023-07-11,AURORA,Consumer,232.88,1042421,0.009449501517121872,0.2710402794454736,0.241773667646742,268.93,-0.1340497527237572
2023-07-12,AURORA,Consumer,232.98,1395761,0.00042940570250760146,0.27158607138958435,0.24208938861152546,268.93,-0.13367790874948882
2023-07-13,AURORA,Consumer,229.49,957268,-0.014979826594557433,0.2525379325401138,0.22445670111737767,268.93,-0.14665526345145574
2023-07-14,AURORA,Consumer,229.22,734848,-0.0011765218528040355,0.2510642942910144,0.2236834265464934,268.93,-0.14765924218198045
2023-07-17,AURORA,Consumer,229.18,824292,-0.00017450484250935983,0.25084597751337,0.2236572908036855,268.93,-0.1478079797716878
2023-07-18,AURORA,Consumer,230.21,1162207,0.004494283968932811,0.2564676345377124,0.21992745672486502,268.93,-0.14397798683672325
2023-07-19,AURORA,Consumer,225.4,1766643,-0.02089396637852392,0.23021504202597787,0.22521911188400298,268.93,-0.16186368199903323
2023-07-20,AURORA,Consumer,229.15,1103412,0.016637089618456002,0.2506822399301367,0.22793011429849508,268.93,-0.14791953296396831
2023-07-21,AURORA,Consumer,229.77,883065,0.0027056513200960364,0.2540661499836243,0.2102704376730697,268.93,-0.1456141003235042
2023-07-24,AURORA,Consumer,229.37,552287,-0.0017408713060886871,0.25188298220718064,0.20634379780822973,268.93,-0.1471014762205779
2023-07-25,AURORA,Consumer,231.05,983384,0.00732441034136988,0.2610522868682439,0.20852531364906046,268.93,-0.1408544974528687
2023-07-26,AURORA,Consumer,232.85,1198999,0.007790521532135886,0.2708765418622401,0.20333110257389658,268.93,-0.1341613059160377
2023-07-27,AURORA,Consumer,226.99,546193,-0.025166416147734516,0.23889313393734124,0.2183012345313343,268.93,-0.15595136280816568
2023-07-28,AURORA,Consumer,225.9,1039035,-0.004801973655227165,0.2329440017465323,0.1997054771754568,268.93,-0.16000446212769126
2023-07-31,AURORA,Consumer,228.01,797782,0.009340416113324368,0.24446021176727228,0.18068607327732733,268.93,-0.15215855427062808
2023-08-01,AURORA,Consumer,229.05,834107,0.00456120345598876,0.25013644798602575,0.18167957510753688,268.93,-0.14829137693823669
2023-08-02,AURORA,Consumer,228.49,753279,-0.0024448810303426827,0.24708001309900474,0.1808917236527422,268.93,-0.15037370319413967
2023-08-03,AURORA,Consumer,222.28,1498620,-0.027178432316512846,0.21318633336971748,0.20017480285168407,268.93,-0.17346521399620718
2023-08-04,AURORA,Consumer,222.71,805255,0.0019344970307719755,0.21553323872939445,0.19436503605278133,268.93,-0.17186628490685307
2023-08-07,AURORA,Consumer,217.75,424322,-0.022271114902788436,0.18846195830149348,0.19894937099663426,268.93,-0.1903097460305656
2023-08-08,AURORA,Consumer,216.99,1215559,-0.003490241102181324,0.18431393952625075,0.19523415296518953,268.93,-0.19313576023500534
2023-08-09,AURORA,Consumer,213.4,626954,-0.016544541223097897,0.16472000873266923,0.19538181593179357,268.93,-0.20648495891124086
2023-08-10,AURORA,Consumer,218.31,1304013,0.023008434864104865,0.1915183931885145,0.2164640664231913,268.93,-0.18822741977466262
2023-08-11,AURORA,Consumer,220.07,882198,0.008061930282625474,0.2011243314048663,0.21511275133409422,268.93,-0.18168296582753884
2023-08-14,AURORA,Consumer,218.18,897378,-0.008588176489298771,0.19080886366117022,0.21632486821979732,268.93,-0.1887108169412115
2023-08-15,AURORA,Consumer,216.51,661663,-0.007654230451920485,0.18169413819451807,0.2169675560601849,268.93,-0.19492061131149374
2023-08-16,AURORA,Consumer,218.68,734741,0.010022631749111,0.19353782338172487,0.22007295753571265,268.93,-0.18685159706986942
2023-08-17,AURORA,Consumer,223.27,450593,0.020989573806475148,0.21858967361641524,0.22341056224325204,268.93,-0.16978395865095008
2023-08-18,AURORA,Consumer,226.26,493149,0.01339185739239479,0.23490885274533113,0.22056485280653101,268.93,-0.158665823820325
2023-08-21,AURORA,Consumer,221.31,938884,-0.02187748607796336,0.20789215151184148,0.2321800363357289,268.93,-0.1770721005466106
2023-08-22,AURORA,Consumer,222.34,935881,0.004654105101441486,0.21351380853618385,0.23321430958599595,268.93,-0.17324210761164616
2023-08-23,AURORA,Consumer,220.31,994696,-0.009130161014662241,0.2024342320707324,0.232442361191143,268.93,-0.18079054028929464
2023-08-24,AURORA,Consumer,221.44,819900,0.005129136217148611,0.20860168103918575,0.23118605595109282,268.93,-0.17658870338006172
2023-08-25,AURORA,Consumer,219.71,749316,-0.0078125,0.199159480406067,0.21692361935299068,268.93,-0.18302160413490498
2023-08-28,AURORA,Consumer,219.43,737665,-0.001274407173091796,0.1976312629625565,0.2165831636914258,268.93,-0.18406276726285653
2023-08-29,AURORA,Consumer,222.06,1132320,0.011985599052089402,0.21198559109267312,0.2184058171864861,268.93,-0.1742832707395977
2023-08-30,AURORA,Consumer,225.11,1072111,0.013735026569395625,0.2286322453880556,0.22368611889953482,268.93,-0.1629420295244115
2023-08-31,AURORA,Consumer,225.32,773401,0.0009328772600061264,0.22977840847068842,0.22366608087780376,268.93,-0.16216115717844792
2023-09-01,AURORA,Consumer,223.33,818956,-0.008831883543404806,0.2189171487828816,0.20436201360903106,268.93,-0.16956085226638895
2023-09-04,AURORA,Consumer,224.81,1376377,0.006626964581560868,0.2269948695557229,0.2054773559534359,268.93,-0.16405756144721673
2023-09-05,AURORA,Consumer,223.2,1121620,-0.007161603131533356,0.21820761925553733,0.19047302699477364,268.93,-0.17004424943293805
2023-09-06,AURORA,Consumer,223.27,1977757,0.00031362007168467265,0.21858967361641501,0.18973553044278557,268.93,-0.16978395865095008
2023-09-07,AURORA,Consumer,221.25,489554,-0.00904734178349087,0.20756467634537468,0.1824243039248516,268.93,-0.17729520693117173
2023-09-08,AURORA,Consumer,219.32,836672,-0.008723163841807935,0.19703089182403422,0.1684930567601463,268.93,-0.18447179563455174
2023-09-11,AURORA,Consumer,220.94,752215,0.007386467262447516,0.20587272131863088,0.1681154727782039,268.93,-0.1784479232514038
2023-09-12,AURORA,Consumer,219.99,937552,-0.00429980990314105,0.2006876978495773,0.16591962411917563,268.93,-0.18198044100695343
2023-09-13,AURORA,Consumer,220.17,925429,0.0008182190099548237,0.2016701233489766,0.1632831098092157,268.93,-0.18131112185327047
2023-09-14,AURORA,Consumer,219.59,713840,-0.002634328019257781,0.1985045300731334,0.1601803946871559,268.93,-0.18346781690402703
2023-09-15,AURORA,Consumer,221.11,1041081,0.0069219909831959026,0.2068005676236191,0.1438017416869221,268.93,-0.17781578849514745
2023-09-18,AURORA,Consumer,222.49,761250,0.006241237393152632,0.21433249645234942,0.137124111177771,268.93,-0.1726843416502436
2023-09-19,AURORA,Consumer,230.0,902531,0.03375432603712514,0.2553214714550782,0.1623039748374837,268.93,-0.14475885918268694
2023-09-20,AURORA,Consumer,229.64,1372505,-0.001565217391304441,0.25335662045627894,0.1623968653924879,268.93,-0.1460974974900533
2023-09-21,AURORA,Consumer,230.83,721992,0.005182024037624133,0.25985154459119864,0.15800261111687927,268.93,-0.14167255419625924
2023-09-22,AURORA,Consumer,232.09,911644,0.0054585625785208425,0.2667285230869958,0.15808181352358858,268.93,-0.13698732012047743
2023-09-25,AURORA,Consumer,226.86,1520438,-0.022534361670041747,0.23818360440999564,0.17702294118494802,268.93,-0.15643475997471457
2023-09-26,AURORA,Consumer,226.62,1258140,-0.0010579211848718018,0.2368737037441293,0.17698046448220497,268.93,-0.15732718551295877
2023-09-27,AURORA,Consumer,229.62,1337321,0.013238019592269001,0.2532474620674565,0.17795739861528814,268.93,-0.14617186628490686
2023-09-28,AURORA,Consumer,227.49,788618,-0.009276195453357672,0.24162209365789433,0.17611926770599204,268.93,-0.15409214293682372
2023-09-29,AURORA,Consumer,226.86,1549110,-0.002769352499010891,0.23818360440999564,0.17648685126385072,268.93,-0.15643475997471457
2023-10-02,AURORA,Consumer,222.7,543113,-0.018337300537776713,0.21547865953498202,0.18557778366940475,268.93,-0.17190346930428002
2023-10-03,AURORA,Consumer,221.15,2576139,-0.00696003592276595,0.20701888440126304,0.18536850264656152,268.93,-0.1776670509054401
2023-10-04,AURORA,Consumer,223.34,1352909,0.009902780917929066,0.2189717279772918,0.18730824055610276,268.93,-0.16952366786896222
2023-10-05,AURORA,Consumer,222.18,576475,-0.005193874809707122,0.2126405414256054,0.18819707423458024,268.93,-0.17383705797047555
2023-10-06,AURORA,Consumer,222.47,1023925,0.0013052479971193964,0.214223338063527,0.18543828131489382,268.93,-0.17275871044509727
2023-10-09,AURORA,Consumer,224.19,1046180,0.007731379511844327,0.22361095950223464,0.18407574606352084,268.93,-0.16636299408768085
2023-10-10,AURORA,Consumer,221.25,865983,-0.013113876622507736,0.207564676345374,0.18890372629590654,268.93,-0.17729520693117173
2023-10-11,AURORA,Consumer,219.86,508237,-0.006282485875706123,0.19997816832223259,0.18961358683578675,268.93,-0.1824638381735023
2023-10-12,AURORA,Consumer,221.45,945852,0.0072318748294368795,0.20865626023359596,0.19124015519425555,268.93,-0.176551518982635
2023-10-13,AURORA,Consumer,220.18,1317682,-0.0057349288778504315,0.2017247025433877,0.19214823069487771,268.93,-0.18127393745584353
2023-10-16,AURORA,Consumer,223.18,809574,0.013625215732582463,0.21809846086671492,0.19645889096675562,268.93,-0.17011861822779162
2023-10-17,AURORA,Consumer,228.88,925344,0.02553992293216223,0.2492086016810362,0.21412494637993065,268.93,-0.14892351169449303
2023-10-18,AURORA,Consumer,226.67,1378742,-0.009655714785040237,0.23714659971618524,0.1819559088282755,268.93,-0.15714126352582458
2023-10-19,AURORA,Consumer,226.43,738432,-0.001058807958706387,0.23583669905031912,0.18193162834319213,268.93,-0.15803368906406867
2023-10-20,AURORA,Consumer,226.1,1064884,-0.0014574040542331135,0.23403558563475313,0.18071916574826224,268.93,-0.15926077417915452
2023-10-23,AURORA,Consumer,224.62,614377,-0.006545776205218901,0.22595786486191183,0.18016090093063986,268.93,-0.16476406499832674
2023-10-24,AURORA,Consumer,226.29,1093494,0.007434778737423153,0.23507259032856376,0.16536824341103398,268.93,-0.1585542706280445
2023-10-25,AURORA,Consumer,227.73,1127855,0.006363515842503054,0.2429319943237609,0.16680081196099866,268.93,-0.15319971739857963
2023-10-26,AURORA,Consumer,225.92,599566,-0.007948008606683321,0.2330531601353536,0.16215200953456826,268.93,-0.1599300933328376
2023-10-27,AURORA,Consumer,225.69,1075249,-0.0010180594900849327,0.23179783866389858,0.15915976864699014,268.93,-0.16078533447365484
2023-10-30,AURORA,Consumer,222.68,1431928,-0.013336878018520903,0.2153695011461605,0.16529176729285172,268.93,-0.17197783809913358
2023-10-31,AURORA,Consumer,220.86,948708,-0.00817316328363571,0.2054360877633421,0.1551701865014059,268.93,-0.17874539843081838
2023-11-01,AURORA,Consumer,218.95,939092,-0.008648012315494058,0.19501146163082383,0.15618309970043642,268.93,-0.18584761833934482
2023-11-02,AURORA,Consumer,217.84,1365119,-0.005069650605160958,0.18895317105119291,0.1522648728276884,268.93,-0.18997508645372407
2023-11-03,AURORA,Consumer,220.48,1121983,0.012118986412045452,0.20336207837572062,0.15815851738340594,268.93,-0.1801584055330384
2023-11-06,AURORA,Consumer,217.67,971230,-0.012744920174165508,0.18802532474620426,0.16373159694776585,268.93,-0.1906072212099803
2023-11-07,AURORA,Consumer,216.98,849407,-0.0031699361418661143,0.18425936033183898,0.16074467364471048,268.93,-0.1931729446324323
2023-11-08,AURORA,Consumer,215.13,819773,-0.008526131440685703,0.1741622093657873,0.15731978285286263,268.93,-0.2000520581563976
2023-11-09,AURORA,Consumer,216.96,408062,0.00850648445126212,0.184150201943017,0.1597274463913015,268.93,-0.19324731342728585
2023-11-10,AURORA,Consumer,217.55,612747,0.0027193952802360144,0.1873703744132713,0.1576972240186608,268.93,-0.19105343397910235
2023-11-13,AURORA,Consumer,215.13,1406877,-0.011123879567915496,0.1741622093657873,0.16089502841240036,268.93,-0.2000520581563976
2023-11-14,AURORA,Consumer,217.96,783204,0.013154836610421716,0.18960812138412608,0.1603616074862817,268.93,-0.18952887368460192
2023-11-15,AURORA,Consumer,215.5,1085584,-0.011286474582492212,0.1761816395589979,0.13148355570828238,268.93,-0.1986762354516045
2023-11-16,AURORA,Consumer,215.63,1037887,0.0006032482598608002,0.17689116908634217,0.12956344434094216,268.93,-0.19819283828505563
2023-11-17,AURORA,Consumer,218.33,398415,0.012521448777999433,0.19162755157733669,0.1394248633280895,268.93,-0.18815305097980883
2023-11-20,AURORA,Consumer,215.11,1064547,-0.01474831676819488,0.17405305097696555,0.146557178436793,268.93,-0.20012642695125127
2023-11-21,AURORA,Consumer,215.32,1282757,0.0009762447120076345,0.17519921405959815,0.14614627344975334,268.93,-0.1993455546052877
2023-11-22,AURORA,Consumer,215.36,825356,0.00018577001671937765,0.17541753083724254,0.14237654153770452,268.93,-0.19919681701558023
2023-11-23,AURORA,Consumer,217.48,1275733,0.009843982169390753,0.18698832005239363,0.14552572100978395,268.93,-0.19131372476109032
2023-11-24,AURORA,Consumer,215.38,590439,-0.009656060327386418,0.17552668922606474,0.14650010638839858,268.93,-0.19912244822072667
2023-11-27,AURORA,Consumer,215.29,724213,-0.00041786609713068135,0.17503547647636486,0.1465775016689048,268.93,-0.1994571077975682
2023-11-28,AURORA,Consumer,215.53,984043,0.0011147754192020187,0.17634537714223097,0.1411968486247852,268.93,-0.198564682259324
2023-11-29,AURORA,Consumer,212.27,840890,-0.0151255045701294,0.15855255976421567,0.1472516174412509,268.93,-0.21068679582047367
2023-11-30,AURORA,Consumer,213.23,1819105,0.004522542045507949,0.16379216242768013,0.14665304287361652,268.93,-0.2071170936674972
2023-12-01,AURORA,Consumer,210.81,570558,-0.011349247291656872,0.15058399738019634,0.15029853344876612,268.93,-0.21611571784479233
2023-12-04,AURORA,Consumer,211.17,901433,0.0017076988757649403,0.15254884837899563,0.14252191025492694,268.93,-0.2147770795374262
2023-12-05,AURORA,Consumer,209.9,864419,-0.006014111853009374,0.14561729068878715,0.1379709522656257,268.93,-0.21949949801063473
2023-12-06,AURORA,Consumer,207.37,1337238,-0.012053358742258213,0.1318087545027813,0.14252547110238287,268.93,-0.22890715055962518
2023-12-07,AURORA,Consumer,202.85,1565122,-0.0217967883493273,0.10713895862896838,0.1567494111179496,268.93,-0.24571449819655677
2023-12-08,AURORA,Consumer,200.41,590366,-0.012028592556075912,0.0938216351926624,0.15429341725150528,268.93,-0.2547874911687057
2023-12-11,AURORA,Consumer,202.91,1152816,0.012474427423781353,0.10746643379543519,0.1628891870084173,268.93,-0.24549139181199575
2023-12-12,AURORA,Consumer,204.05,967623,0.005618254398501943,0.11368846195829962,0.1630318950503077,268.93,-0.241252370505336
2023-12-13,AURORA,Consumer,203.84,1281244,-0.0010291595197255976,0.11254229887566658,0.15300564546241935,268.93,-0.24203324285129957
2023-12-14,AURORA,Consumer,199.23,936821,-0.022615777080062904,0.0873812902521538,0.16515692510967017,268.93,-0.2591752500650728
2023-12-15,AURORA,Consumer,200.12,722555,0.004467198715053078,0.09223883855474102,0.166952013154617,268.93,-0.25586583869408397
2023-12-18,AURORA,Consumer,199.58,858176,-0.002698380971417058,0.0892915620565422,0.1565554639719537,268.93,-0.2578737961551333
2023-12-19,AURORA,Consumer,196.23,770384,-0.016785249022948312,0.0710075319288268,0.15842923549672486,268.93,-0.2703305692931247
2023-12-20,AURORA,Consumer,195.52,1167988,-0.003618203128981201,0.06713240912563956,0.1572903862355019,268.93,-0.27297066151043026
2023-12-21,AURORA,Consumer,195.62,455705,0.0005114566284778466,0.06767820106975031,0.15741756744560723,268.93,-0.2725988175361618
2023-12-22,AURORA,Consumer,195.28,1048127,-0.001738063592679695,0.06582250845977322,0.14898833824788563,268.93,-0.27386308704867435
2023-12-25,AURORA,Consumer,188.47,970483,-0.03487300286767714,0.028654077065820793,0.18094566671019713,268.93,-0.2991856616963522
2023-12-26,AURORA,Consumer,187.54,556077,-0.0049344723298138105,0.023578211985589403,0.17977692131829087,268.93,-0.3026438106570484
2023-12-27,AURORA,Consumer,186.53,1014648,-0.005385517756211988,0.018065713350069235,0.17771165138570472,268.93,-0.30639943479715914
2023-12-28,AURORA,Consumer,188.69,882727,0.011579906717418043,0.029854819342864714,0.1858357118096219,268.93,-0.2983676049529618
2023-12-29,AURORA,Consumer,186.42,859122,-0.012030314272086562,0.017465342211547163,0.18338881738505683,268.93,-0.30680846316885446
2024-01-01,AURORA,Consumer,184.14,918579,-0.01223044737689094,0.005021285885818516,0.18371878859908553,268.93,-0.3152865057821739
2024-01-02,AURORA,Consumer,183.62,856383,-0.0028239383078091373,0.0021831677764418966,0.18187410169955373,268.93,-0.3172200944483695
2024-01-03,AURORA,Consumer,181.2,611532,-0.01317939222306952,-0.011024997271042114,0.18328561402508048,268.93,-0.32621871862566476
2024-01-04,AURORA,Consumer,176.21,984203,-0.0275386313465783,-0.03826001528217615,0.19615586489789807,268.93,-0.3447737329416577
2024-01-05,AURORA,Consumer,172.93,545568,-0.018614153566766878,-0.05616199104901376,0.19355641264185539,268.93,-0.35697021529766104
2024-01-08,AURORA,Consumer,172.64,1187722,-0.0016769791245013765,-0.05774478768693547,0.1938253772818471,268.93,-0.35804856282303954
2024-01-09,AURORA,Consumer,174.83,1042844,0.012685356811863002,-0.04579194411090648,0.19409367849078987,268.93,-0.34990517978656155
2024-01-10,AURORA,Consumer,179.26,1058100,0.025338900646342033,-0.02161336098679356,0.22047184073003448,268.93,-0.3334324917264716
2024-01-11,AURORA,Consumer,176.3,1222559,-0.016512328461452563,-0.037768802532476276,0.22253760135122636,268.93,-0.34443907336481605
2024-01-12,AURORA,Consumer,178.61,827147,0.013102665910380118,-0.025161008623514336,0.2249251626207766,268.93,-0.3358494775592161
2024-01-15,AURORA,Consumer,180.66,1319231,0.011477520855495138,-0.013972273769240928,0.22993471892012346,268.93,-0.3282266760867141
2024-01-16,AURORA,Consumer,183.08,1095807,0.01339532824089451,-0.0007641087217570286,0.23835657064182905,268.93,-0.31922805190941883
2024-01-17,AURORA,Consumer,183.06,1048502,-0.0001092418614814239,-0.0008732671105793344,0.23404081016749928,268.93,-0.3193024207042725
2024-01-18,AURORA,Consumer,185.34,875697,0.012454932808915187,0.011570789215149313,0.24021937639620874,268.93,-0.3108243780909531
2024-01-19,AURORA,Consumer,184.74,1750057,-0.0032372936225315563,0.008296037550483915,0.23999123851487017,268.93,-0.31305544193656343
2024-01-22,AURORA,Consumer,186.04,1049036,0.007036916747861666,0.015391332823925463,0.24230769940916144,268.93,-0.30822147027107427
2024-01-23,AURORA,Consumer,184.18,680862,-0.009997849924747282,0.0052396026634626836,0.21366643771568242,268.93,-0.3151377681924664
2024-01-24,AURORA,Consumer,183.98,531866,-0.0010858942339017075,0.004148018775240736,0.21319104790437396,268.93,-0.31588145614100327
2024-01-25,AURORA,Consumer,183.76,1209785,-0.0011957821502337485,0.002947276498196816,0.21255515032081868,268.93,-0.3166995128843938
2024-01-26,AURORA,Consumer,187.15,1120673,0.01844797562037459,0.021449623403556606,0.21876562591707135,268.93,-0.304094002156695
2024-01-29,AURORA,Consumer,182.62,992173,-0.024205183008282116,-0.003274751664667286,0.2307296568431803,268.93,-0.32093853419105345
2024-01-30,AURORA,Consumer,181.01,998701,-0.008816120906801062,-0.012062001964852853,0.22890917578209144,268.93,-0.32692522217677467
2024-01-31,AURORA,Consumer,180.44,659755,-0.0031489972929672483,-0.01517301604628496,0.2289496432835251,268.93,-0.3290447328301045
2024-02-01,AURORA,Consumer,184.09,1237475,0.02022833074706276,0.004748389913763029,0.23522745925163538,268.93,-0.31547242776930795
2024-02-02,AURORA,Consumer,183.02,727461,-0.0058123743820956975,-0.0010915838882236129,0.21318728416524335,268.93,-0.31945115829397985
2024-02-05,AURORA,Consumer,185.65,849494,0.014370014206097625,0.01326274424189311,0.20361386701285938,268.93,-0.30967166177072103
2024-02-06,AURORA,Consumer,186.41,828401,0.004093724750875216,0.017410763017135844,0.20275758286506157,268.93,-0.3068456475662812
2024-02-07,AURORA,Consumer,183.6,761573,-0.015074298589131452,0.00207400938761948,0.20999803605398928,268.93,-0.3172944632432232
2024-02-08,AURORA,Consumer,181.05,839118,-0.01388888888888884,-0.011843685187208464,0.1997636137404801,268.93,-0.3267764845870672
2024-02-09,AURORA,Consumer,181.48,1108835,0.0023750345208504164,-0.00949677982753172,0.18991020849134543,268.93,-0.3251775554977132
2024-02-12,AURORA,Consumer,180.02,714895,-0.008044963632356072,-0.017465342211550827,0.18767421349815883,268.93,-0.33060647752203176
2024-02-13,AURORA,Consumer,179.7,992631,-0.0017775802688591025,-0.019211876432705832,0.18342164513652112,268.93,-0.33179637823969066
2024-02-14,AURORA,Consumer,181.44,1151995,0.00968280467445748,-0.00971509660517611,0.180382650432939,268.93,-0.32532629308742056
2024-02-15,AURORA,Consumer,180.51,1273968,-0.0051256613756613945,-0.0147909616854075,0.18112786536628556,268.93,-0.32878444204811663
2024-02-16,AURORA,Consumer,178.59,971405,-0.01063652983214225,-0.025270167012336864,0.1777802165376018,268.93,-0.3359238463540698
2024-02-19,AURORA,Consumer,177.29,394563,-0.00727924295873239,-0.032365462285778746,0.1787677032395126,268.93,-0.34075781801955907
2024-02-20,AURORA,Consumer,179.25,1306117,0.011055333070111084,-0.021667940181205103,0.18181428278784992,268.93,-0.33346967612389844
2024-02-21,AURORA,Consumer,176.54,958806,-0.015118549511854984,-0.036458901866610605,0.18558292931790588,268.93,-0.34354664782657207
2024-02-22,AURORA,Consumer,176.17,871556,-0.0020958423020278616,-0.038478332059820985,0.1855566307228163,268.93,-0.34492247053136516
2024-02-23,AURORA,Consumer,174.06,644603,-0.011977067605154046,-0.04999454208056098,0.18870089957643452,268.93,-0.3527683783884282
2024-02-26,AURORA,Consumer,173.44,1584518,-0.0035619901183500113,-0.05337845213404857,0.17261495230157836,268.93,-0.35507381102889235
2024-02-27,AURORA,Consumer,170.85,981513,-0.014933118081180807,-0.06751446348652101,0.16125657405388874,268.93,-0.3647045699624438
2024-02-28,AURORA,Consumer,174.1,1080090,0.019022534386889056,-0.0497762253029167,0.17693618038449455,268.93,-0.3526196407987209
2024-02-29,AURORA,Consumer,175.21,1119703,0.0063756461803561315,-0.04371793472328567,0.1790796059250142,268.93,-0.34849217268434163
2024-03-01,AURORA,Consumer,173.85,731200,-0.007762114034587153,-0.05114070516319402,0.162043963565219,268.93,-0.3535492507343919
2024-03-04,AURORA,Consumer,171.17,747226,-0.015415588150704651,-0.06576792926536623,0.167704702929043,268.93,-0.3635146692447849
2024-03-05,AURORA,Consumer,171.27,728433,0.0005842145235732676,-0.06522213732125515,0.15596836211832274,268.93,-0.36314282527051645
2024-03-06,AURORA,Consumer,175.12,873206,0.02247912652536921,-0.04420914747298543,0.17897791173678146,268.93,-0.34882683226118316
2024-03-07,AURORA,Consumer,177.17,959179,0.011706258565554961,-0.033020412618712025,0.18008433512419308,268.93,-0.3412040307886811
2024-03-08,AURORA,Consumer,178.4,894685,0.006942484619292255,-0.026307171706147825,0.17664955236976904,268.93,-0.3366303499051798
2024-03-11,AURORA,Consumer,177.68,1427662,-0.004035874439461851,-0.03023687370374628,0.1766654159234443,268.93,-0.3393076265199122
2024-03-12,AURORA,Consumer,173.26,739552,-0.024876181900045147,-0.05436087763344832,0.1939591345396429,268.93,-0.3557431301825754
2024-03-13,AURORA,Consumer,172.82,664603,-0.0025395359575204335,-0.056762362187536275,0.1939784657256627,268.93,-0.35737924366935636
2024-03-14,AURORA,Consumer,171.27,1409770,-0.008968869343825903,-0.06522213732125526,0.19081825669146385,268.93,-0.36314282527051645
2024-03-15,AURORA,Consumer,167.51,791238,-0.021953640450750433,-0.08574391441982543,0.2021121198175013,268.93,-0.3771241587030083
2024-03-18,AURORA,Consumer,169.95,909733,0.014566294549579029,-0.07242659098351945,0.2095794344352241,268.93,-0.3680511657308594
2024-03-19,AURORA,Consumer,168.91,1063876,-0.006119446896145853,-0.0781028272022728,0.2092688162909686,268.93,-0.37191834306325067
2024-03-20,AURORA,Consumer,167.37,698542,-0.009117281392457488,-0.08650802314158068,0.20476325957089758,268.93,-0.377644740266984
2024-03-21,AURORA,Consumer,165.02,801596,-0.01404074804325739,-0.0993341338281869,0.20400416218796355,268.93,-0.3863830736622913
2024-03-22,AURORA,Consumer,164.24,856662,-0.00472669979396434,-0.10359131099225194,0.20403975636460345,268.93,-0.3892834566615848
2024-03-25,AURORA,Consumer,165.81,544488,0.009559181685338425,-0.09502237746971087,0.20606860738342023,268.93,-0.38344550626557095
2024-03-26,AURORA,Consumer,165.89,1086709,0.00048247994692718343,-0.0945857439144222,0.20621526471092994,268.93,-0.38314803108615636
2024-03-27,AURORA,Consumer,165.03,1038604,-0.005184158177105269,-0.09927955463377591,0.20123849583225376,268.93,-0.38634588926486446
2024-03-28,AURORA,Consumer,166.31,1177772,0.007756165545658389,-0.09229341774915634,0.1901918118317817,268.93,-0.381586286394229
2024-03-29,AURORA,Consumer,164.58,710917,-0.010402260838193622,-0.10173561838227485,0.18964066437080207,268.93,-0.38801918714907224
2024-04-01,AURORA,Consumer,165.78,1852802,0.007291286912139983,-0.09518611505294405,0.1919411894439411,268.93,-0.38355705945785146
2024-04-02,AURORA,Consumer,167.29,752905,0.009108456991193004,-0.08694465669686957,0.1894353304930259,268.93,-0.3779422154463987
2024-04-03,AURORA,Consumer,166.23,839994,-0.006336302229661084,-0.09273005130444512,0.1902107407796857,268.93,-0.3818837615736438
2024-04-04,AURORA,Consumer,167.9,995389,0.010046321361968369,-0.08361532583779296,0.17483796125424814,268.93,-0.37567396720336144
2024-04-05,AURORA,Consumer,166.78,952848,-0.006670637284097669,-0.0897281956118351,0.1682231656581117,268.93,-0.3798386197151675
2024-04-08,AURORA,Consumer,167.87,822468,0.006535555822041017,-0.08377906342102626,0.1679312675816989,268.93,-0.37578552039564195
2024-04-09,AURORA,Consumer,165.9,1111465,-0.011735271340918563,-0.094531164720011,0.17071742387479594,268.93,-0.3831108466887294
2024-04-10,AURORA,Consumer,167.04,1598584,0.006871609403254819,-0.08830913655714678,0.15460392114868582,268.93,-0.37887182538206976
2024-04-11,AURORA,Consumer,167.86,572034,0.00490900383141768,-0.08383364261543735,0.1562352804165992,268.93,-0.3758227047930688
2024-04-12,AURORA,Consumer,166.87,762321,-0.005897771952817932,-0.08923698286213544,0.15470032647547668,268.93,-0.379503960138326
2024-04-15,AURORA,Consumer,171.47,489939,0.0275663690297836,-0.06413055343303398,0.16568634463470888,268.93,-0.3623991373219797
2024-04-16,AURORA,Consumer,170.05,1056663,-0.008281332011430553,-0.0718807990394088,0.16124553689105298,268.93,-0.3676793217565909
2024-04-17,AURORA,Consumer,172.06,957759,0.011820052925610058,-0.060910380962779676,0.16450174226405076,268.93,-0.3602052578737962
2024-04-18,AURORA,Consumer,167.83,2172472,-0.024584447285830424,-0.08399738019867076,0.18397886423586504,268.93,-0.3759342579853493
2024-04-19,AURORA,Consumer,167.74,691482,-0.0005362569266519346,-0.08448859294837052,0.1766131286712944,268.93,-0.37626891756219094
2024-04-22,AURORA,Consumer,165.71,775827,-0.012102062716108253,-0.09556816941382185,0.18132606104223753,268.93,-0.3838173502398393
2024-04-23,AURORA,Consumer,162.36,1486517,-0.020216040070001773,-0.11385219954153702,0.19159940487194108,268.93,-0.39627412337783063
2024-04-24,AURORA,Consumer,161.06,562485,-0.008006898250800809,-0.1209474948149789,0.19306137226485323,268.93,-0.4011080950433198
2024-04-25,AURORA,Consumer,161.61,944398,0.003414876443561532,-0.11794563912236877,0.1931995310877136,268.93,-0.39906295318484364
2024-04-26,AURORA,Consumer,159.22,922298,-0.014788688818761275,-0.13099006658661938,0.1961953256622813,268.93,-0.40795002416985837
2024-04-29,AURORA,Consumer,160.22,1334519,0.006280618012812544,-0.1255321471455103,0.19570368809451658,268.93,-0.40423158442717433
2024-04-30,AURORA,Consumer,161.91,851099,0.010547996504805868,-0.11630826329003607,0.19779917976798145,268.93,-0.3979474212620385
2024-05-01,AURORA,Consumer,163.36,725214,0.008955592613180352,-0.10839428010042784,0.1977009428637514,268.93,-0.3925556836351467
2024-05-02,AURORA,Consumer,166.19,1103190,0.017323702252693307,-0.0929483680820894,0.20653287194286446,268.93,-0.38203249916335114
2024-05-03,AURORA,Consumer,163.98,896713,-0.013298032372585644,-0.10501037004694036,0.20814896063002838,268.93,-0.3902502509946827
2024-05-06,AURORA,Consumer,162.84,1181502,-0.0069520673252835286,-0.11123239820980457,0.2082471016646003,268.93,-0.39448927230134234
2024-05-07,AURORA,Consumer,164.38,1002863,0.009457135838860209,-0.10282720227049669,0.20982896232284537,268.93,-0.3887628750976091
2024-05-08,AURORA,Consumer,163.55,786755,-0.005049276067648045,-0.1073572754066171,0.2067410071665943,268.93,-0.3918491800840367
2024-05-09,AURORA,Consumer,162.66,947061,-0.0054417609293795355,-0.11221482370920433,0.2055318935022757,268.93,-0.3951585914550255
2024-05-10,AURORA,Consumer,162.07,1151981,-0.0036271978359768697,-0.11543499617945863,0.20446741442262809,268.93,-0.397352470903209
2024-05-13,AURORA,Consumer,159.44,851146,-0.01622755599432346,-0.12978932430957546,0.21025798293191245,268.93,-0.40713196742646784
2024-05-14,AURORA,Consumer,162.59,801015,0.0197566482689413,-0.11259687807008201,0.19775023632170188,268.93,-0.3954188822370134
2024-05-15,AURORA,Consumer,164.43,1031106,0.01131680915185429,-0.10255430629844142,0.20208100474015944,268.93,-0.3885769531104748
2024-05-16,AURORA,Consumer,165.96,697887,0.009304871373836843,-0.09420368955354463,0.20016744990151772,268.93,-0.3828877403041684
2024-05-17,AURORA,Consumer,165.52,1400521,-0.0026512412629549065,-0.09660517410763259,0.18209573349739025,268.93,-0.38452385379094933
2024-05-20,AURORA,Consumer,164.93,1112940,-0.0035645239246012705,-0.09982534657788689,0.18238491955619252,268.93,-0.38671773323913283
2024-05-21,AURORA,Consumer,159.35,656388,-0.033832535014854836,-0.13028053705927534,0.21249016159717982,268.93,-0.4074666270033095
2024-05-22,AURORA,Consumer,157.95,1497398,-0.00878569187323508,-0.13792162427682808,0.20349046024022346,268.93,-0.412672442643067
2024-05-23,AURORA,Consumer,160.37,752258,0.015321304210193176,-0.12471345922934418,0.2096566949706847,268.93,-0.40367381846577177
2024-05-24,AURORA,Consumer,160.57,822905,0.0012471160441478446,-0.12362187534112246,0.20933028643032578,268.93,-0.40293013051723503
2024-05-27,AURORA,Consumer,164.74,1143658,0.025969981939341302,-0.10086235127169763,0.2208956182778499,268.93,-0.38742423679024285
2024-05-28,AURORA,Consumer,165.34,644914,0.0036421027072963685,-0.09758759960703223,0.22039728112669194,268.93,-0.3851931729446324
2024-05-29,AURORA,Consumer,164.71,1041700,-0.0038103302286197627,-0.10102608885493092,0.21865048024091108,268.93,-0.38753578998252336
2024-05-30,AURORA,Consumer,165.73,710416,0.006192702325299004,-0.09545901102499976,0.21757591783673974,268.93,-0.38374298144498575
2024-05-31,AURORA,Consumer,164.65,702954,-0.006516623423640788,-0.1013535640213975,0.21028085492637566,268.93,-0.3877588963670844
2024-06-03,AURORA,Consumer,166.09,1059313,0.008745824476161568,-0.09349416002620048,0.20703081944008417,268.93,-0.3824043431376195
2024-06-04,AURORA,Consumer,167.05,917253,0.005779998795833574,-0.0882545573627358,0.20580329636581207,268.93,-0.3788346409846428
2024-06-05,AURORA,Consumer,170.56,794230,0.021011673151750898,-0.06909726012444317,0.21525156234317017,268.93,-0.3657829174878221
2024-06-06,AURORA,Consumer,169.94,1065094,-0.0036350844277673877,-0.07248117017793076,0.21473582700588725,268.93,-0.3680883501282862
2024-06-07,AURORA,Consumer,167.0,1109977,-0.017300223608332388,-0.0885274533347914,0.22360039011108135,268.93,-0.3790205629717771
2024-06-10,AURORA,Consumer,169.19,827186,0.013113772455089823,-0.07657460975876262,0.22640837752205972,268.93,-0.37087717993529923
2024-06-11,AURORA,Consumer,168.16,740313,-0.006087830250014803,-0.08219626678310499,0.2186310424381808,268.93,-0.37470717287026367
2024-06-12,AURORA,Consumer,167.96,1157721,-0.0011893434823976312,-0.08328785067132671,0.20981885353652796,268.93,-0.3754508608188004
2024-06-13,AURORA,Consumer,169.96,1266406,0.011907597046916019,-0.07237201178910857,0.21017213226409184,268.93,-0.36801398133343244
2024-06-14,AURORA,Consumer,173.14,1267116,0.01871028477288772,-0.055015827966381825,0.21690040831323654,268.93,-0.3561893429516976
2024-06-17,AURORA,Consumer,171.86,890750,-0.007392861268337603,-0.06200196485100129,0.21882473371657157,268.93,-0.36094894582233294
2024-06-18,AURORA,Consumer,171.16,861982,-0.004073082741766654,-0.06582250845977766,0.2189912597147237,268.93,-0.36355185364221176
2024-06-19,AURORA,Consumer,169.33,1090470,-0.010691750408973966,-0.07581050103700715,0.18322184893842366,268.93,-0.3703565983713234
2024-06-20,AURORA,Consumer,168.92,563658,-0.002421307506053405,-0.07804824800786203,0.1793669726229524,268.93,-0.37188115866582383
2024-06-21,AURORA,Consumer,169.62,765520,0.004143973478569762,-0.07422770439908566,0.17399789825320022,268.93,-0.369278250845945
2024-06-24,AURORA,Consumer,170.33,1383780,0.004185827143025733,-0.07035258159589808,0.17397996041581196,268.93,-0.36663815862863935
2024-06-25,AURORA,Consumer,172.16,1052076,0.010743850173193126,-0.06036458901866859,0.15552459086657466,268.93,-0.35983341389952783
2024-06-26,AURORA,Consumer,172.57,918968,0.0023815055762081982,-0.05812684204781382,0.15543304193951843,268.93,-0.3583088536050274
2024-06-27,AURORA,Consumer,170.16,908327,-0.013965347395259897,-0.07128042790088662,0.1640296964805438,268.93,-0.3672702933848957
2024-06-28,AURORA,Consumer,173.25,507073,0.01815937940761647,-0.05441545682785964,0.1732296415808718,268.93,-0.35578031458000225
2024-07-01,AURORA,Consumer,174.62,744584,0.007907647907647863,-0.0469381071935403,0.17130969794598508,268.93,-0.35068605213252524
2024-07-02,AURORA,Consumer,175.99,1319871,0.007845607605085458,-0.03946075755922085,0.17094790752217182,268.93,-0.3455917896850481
2024-07-03,AURORA,Consumer,176.01,805102,0.00011364282061476771,-0.039351599170398655,0.1708368540255639,268.93,-0.34551742089019455
2024-07-04,AURORA,Consumer,178.02,568063,0.011419805692858498,-0.028381181093769414,0.1607042895392896,268.93,-0.3380433570073996
2024-07-05,AURORA,Consumer,179.91,1078922,0.01061678463094018,-0.018065713350073453,0.16188683954959052,268.93,-0.33101550589372697
2024-07-08,AURORA,Consumer,181.6,1190560,0.009393585681729766,-0.008841829494599218,0.1458029205380232,268.93,-0.32473134272859117
2024-07-09,AURORA,Consumer,180.05,462007,-0.008535242290748757,-0.01730160462831809,0.1480943344083136,268.93,-0.33049492432975125
2024-07-10,AURORA,Consumer,180.97,1211917,0.0051096917522910346,-0.012280318742497798,0.14446398590883042,268.93,-0.327073959766482
2024-07-11,AURORA,Consumer,181.37,576300,0.0022103111012874432,-0.010097150966054236,0.14353829682474972,268.93,-0.3255865838694084
2024-07-12,AURORA,Consumer,182.92,1201031,0.008546066052820045,-0.0016373758323353638,0.14157631513077654,268.93,-0.31982300226824834
2024-07-15,AURORA,Consumer,180.7,711042,-0.012136453094248822,-0.013753956991597427,0.14025763087144816,268.93,-0.3280779384970067
2024-07-16,AURORA,Consumer,180.61,598328,-0.0004980630879910519,-0.014245169741297192,0.1363735380886229,268.93,-0.32841259807384815
2024-07-17,AURORA,Consumer,183.36,713277,0.015226177952494258,0.0007641087217524767,0.1411305941277571,268.93,-0.3181868887814673
2024-07-18,AURORA,Consumer,177.19,665070,-0.0336496509598605,-0.032911254229890385,0.1853374103778107,268.93,-0.34112966199382744
2024-07-19,AURORA,Consumer,177.6,616999,0.00231390033297596,-0.030673507259035615,0.18456483234753968,268.93,-0.339605101699327
2024-07-22,AURORA,Consumer,181.77,1592979,0.02347972972972978,-0.007913983189610896,0.19842912193836895,268.93,-0.3240992079723348
2024-07-23,AURORA,Consumer,179.74,1589897,-0.011167959509269965,-0.01899355965506222,0.20466837823929585,268.93,-0.3316476406499832
2024-07-24,AURORA,Consumer,177.97,474089,-0.009847557583175792,-0.028654077065825345,0.2068186509956923,268.93,-0.3382292789945339
2024-07-25,AURORA,Consumer,180.87,972604,0.01629488115974609,-0.012826110686609105,0.21295269326481808,268.93,-0.3274458037407504
2024-07-26,AURORA,Consumer,178.42,741444,-0.013545640515287283,-0.026198013317326296,0.2125527245096273,268.93,-0.33655598111032614
2024-07-29,AURORA,Consumer,180.5,832289,0.011657885887232489,-0.014845540879819374,0.20759333807804625,268.93,-0.32882162644554347
2024-07-30,AURORA,Consumer,180.21,781899,-0.0016066481994458925,-0.016428337517740865,0.20681745199357476,268.93,-0.32989997397092174
2024-07-31,AURORA,Consumer,180.34,718998,0.0007213806115087262,-0.01571880799039671,0.20556791149010603,268.93,-0.32941657680437286
2024-08-01,AURORA,Consumer,179.38,875712,-0.0053232782521903665,-0.020958410653861392,0.20680355453689953,268.93,-0.33298627895734956
2024-08-02,AURORA,Consumer,176.52,590176,-0.015943806444419617,-0.03656806025543313,0.21108597161349812,268.93,-0.34362101662142563
2024-08-05,AURORA,Consumer,174.12,723971,-0.01359619306594162,-0.04966706691409495,0.21194407317962222,268.93,-0.3525452720038672
2024-08-06,AURORA,Consumer,175.75,660771,0.009361359981621797,-0.0407706582250873,0.21192328657948867,268.93,-0.3464842152232923
2024-08-07,AURORA,Consumer,178.14,973743,0.01359886201991456,-0.0277262307608368,0.21645143899982225,268.93,-0.3375971442382777
2024-08-08,AURORA,Consumer,178.53,755616,0.0021892893230044397,-0.025597642178804225,0.2157468542787356,268.93,-0.33614695273863093
2024-08-09,AURORA,Consumer,178.65,695926,0.0006721559401781096,-0.024942691845871168,0.2155639048057461,268.93,-0.3357007399695088
2024-08-12,AURORA,Consumer,181.27,1228149,0.014665547159250059,-0.01064294291016532,0.21984630151416484,268.93,-0.3259584278436768
2024-08-13,AURORA,Consumer,182.46,681388,0.006564792850443979,-0.004148018775245732,0.21672510631976385,268.93,-0.32153348454988284
2024-08-14,AURORA,Consumer,184.34,993084,0.01030362819248043,0.006112869774039131,0.21928151337323884,268.93,-0.314542817833637
2024-08-15,AURORA,Consumer,185.36,851166,0.005533253770207303,0.011679947603970398,0.21389910487289585,268.93,-0.3107500092960993
2024-08-16,AURORA,Consumer,187.18,554879,0.00981873111782483,0.021613360986788788,0.17580014484494494,268.93,-0.3039824489644145
2024-08-19,AURORA,Consumer,186.55,1567197,-0.0033657442034404905,0.018174871738890097,0.17704311695265607,268.93,-0.30632506600230536
2024-08-20,AURORA,Consumer,188.07,514562,0.008147949611364114,0.026470909289375788,0.16131284623641934,268.93,-0.3006730375934259
2024-08-21,AURORA,Consumer,188.12,1406036,0.00026585845695747956,0.026743805261431275,0.1545662580073258,268.93,-0.3004871156062916
2024-08-22,AURORA,Consumer,187.84,490022,-0.0014884116521369783,0.02521558781792077,0.1489554623657655,268.93,-0.30152827873424315
2024-08-23,AURORA,Consumer,187.91,969221,0.00037265758091997725,0.025597642178798452,0.14050347898790727,268.93,-0.3012679879522553
2024-08-26,AURORA,Consumer,188.8,832181,0.0047363099356074745,0.030455190481385452,0.12905720774240506,268.93,-0.29795857658126645
2024-08-27,AURORA,Consumer,186.56,808190,-0.011864406779661052,0.018229450933301194,0.13417145223868993,268.93,-0.30628788160487863
2024-08-28,AURORA,Consumer,189.45,1432918,0.015490994854202356,0.03400283811810634,0.14186247841361518,268.93,-0.29554159074852193
2024-08-29,AURORA,Consumer,188.74,930994,-0.003747690683557514,0.03012771531491909,0.14337417130653882,268.93,-0.2981816829658275
2024-08-30,AURORA,Consumer,189.6,1095718,0.0045565327964394164,0.0348215260342728,0.14089757430629768,268.93,-0.2949838247871194
2024-09-02,AURORA,Consumer,183.59,697034,-0.03169831223628683,0.0020194301932074943,0.17385144763959268,268.93,-0.31733164764065
2024-09-03,AURORA,Consumer,183.61,1330882,0.00010893839533743233,0.002128588582029689,0.16467007573876583,268.93,-0.31725727884579624
2024-09-04,AURORA,Consumer,183.92,897282,0.001688361200370192,0.0038205436087732636,0.16282469521144194,268.93,-0.3161045625255643
2024-09-05,AURORA,Consumer,186.14,639034,0.012070465419747656,0.015937124768035327,0.16155964848253085,268.93,-0.3078496262968059
2024-09-06,AURORA,Consumer,188.4,751214,0.012141398947029147,0.02827202270494178,0.16523150157062724,268.93,-0.29944595247834005
2024-09-09,AURORA,Consumer,189.62,763722,0.006475583864118839,0.03493068442309477,0.16559308110117923,268.93,-0.2949094559922657
2024-09-10,AURORA,Consumer,187.89,848573,-0.009123510178251304,0.025488483789976035,0.16478868908651673,268.93,-0.30134235674710896
2024-09-11,AURORA,Consumer,191.09,1416676,0.017031241683964193,0.0429538260015252,0.17244365036274986,268.93,-0.2894433495705202
2024-09-12,AURORA,Consumer,188.84,1228354,-0.011774556491705446,0.030673507259029842,0.1763824495026185,268.93,-0.2978098389915591
2024-09-13,AURORA,Consumer,188.84,989653,0.0,0.030673507259029842,0.1757131677226618,268.93,-0.2978098389915591
2024-09-16,AURORA,Consumer,188.69,1424419,-0.0007943232366024455,0.02985481934286338,0.17278152945133035,268.93,-0.2983676049529618
2024-09-17,AURORA,Consumer,190.37,1384341,0.008903492500927479,0.03902412400392663,0.17459480465435245,268.93,-0.2921206261852527
2024-09-18,AURORA,Consumer,190.9,798128,0.0027840521090507497,0.04191682130771435,0.17281672901809395,268.93,-0.2901498531216301
2024-09-19,AURORA,Consumer,191.13,1095589,0.00120481927710836,0.043172142779169365,0.17281294076457182,268.93,-0.28929461198081285
2024-09-20,AURORA,Consumer,189.62,749085,-0.007900381938994339,0.03493068442309477,0.17529844166390288,268.93,-0.2949094559922657
2024-09-23,AURORA,Consumer,189.68,1327231,0.00031642231832096357,0.035258159589561355,0.17529909574467561,268.93,-0.29468634960770457
2024-09-24,AURORA,Consumer,188.3,671412,-0.007275411218894967,0.027726230760830806,0.1765796097905034,268.93,-0.2998177964526084
2024-09-25,AURORA,Consumer,191.51,666833,0.017047265002655188,0.04524615216679062,0.18059807793870297,268.93,-0.28788160487859304
2024-09-26,AURORA,Consumer,190.89,2029733,-0.00323742885489009,0.04186224211330303,0.1735851338441815,268.93,-0.29018703751905706
2024-09-27,AURORA,Consumer,195.07,988079,0.021897427838021954,0.06467634537713884,0.18796752186621615,268.93,-0.27464395939463804
2024-09-30,AURORA,Consumer,193.22,1111189,-0.009483775055108445,0.05457919441108716,0.1914814220221645,268.93,-0.28152307291860335
2024-10-01,AURORA,Consumer,192.85,794968,-0.0019149156402028522,0.05255976421787678,0.15096488250439813,268.93,-0.28289889562339643
2024-10-02,AURORA,Consumer,191.74,970352,-0.005755768732175204,0.04650147363824586,0.15342776137460132,268.93,-0.28702636373777557
2024-10-03,AURORA,Consumer,194.13,982969,0.0124647960780222,0.05954590110249636,0.1575413504422896,268.93,-0.27813929275276095
2024-10-04,AURORA,Consumer,196.43,1007277,0.011847730901972886,0.0720991158170472,0.15737484876361324,268.93,-0.26958688134458786
2024-10-07,AURORA,Consumer,193.21,694272,-0.01639260805375964,0.054524615216676064,0.16638813307309255,268.93,-0.2815602573160302
2024-10-08,AURORA,Consumer,196.02,1143306,0.014543760674913253,0.06986136884619243,0.1718369369570426,268.93,-0.2711114416390882
2024-10-09,AURORA,Consumer,197.13,421221,0.005662687480869177,0.07591965942582335,0.16775522172479215,268.93,-0.26698397352470904
2024-10-10,AURORA,Consumer,197.37,746433,0.001217470704611312,0.07722956009168969,0.15902456027799894,268.93,-0.26609154798646484
2024-10-11,AURORA,Consumer,196.94,563477,-0.002178649237472796,0.07488265473201272,0.15219181854320504,268.93,-0.26769047707581906
2024-10-14,AURORA,Consumer,199.76,680263,0.01431908195389453,0.09027398755594018,0.15774873360938027,268.93,-0.2572044770014502
2024-10-15,AURORA,Consumer,197.77,951011,-0.009961954345214186,0.07941272786813336,0.1634222014613535,268.93,-0.26460417208939124
2024-10-16,AURORA,Consumer,194.41,871672,-0.016989432168680874,0.06107411854600686,0.17446313712914963,268.93,-0.2770981296248095
2024-10-17,AURORA,Consumer,192.43,1070185,-0.010184661282855778,0.05026743805261091,0.17858191113401245,268.93,-0.2844606403153237
2024-10-18,AURORA,Consumer,194.99,689197,0.0133035389492282,0.06423971182184984,0.18406829492645066,268.93,-0.27494143457405273
2024-10-21,AURORA,Consumer,191.91,686863,-0.015795681829837482,0.04742931994323407,0.1907964115947238,268.93,-0.28639422898151934
2024-10-22,AURORA,Consumer,194.11,940576,0.011463706945964436,0.05943674271367416,0.19443092616019525,268.93,-0.2782136615476146
2024-10-23,AURORA,Consumer,196.36,1083737,0.011591365720467817,0.07171706145616952,0.19508696310242918,268.93,-0.2698471721265756
2024-10-24,AURORA,Consumer,196.32,979948,-0.00020370747606446304,0.07149874467852513,0.18740055111312512,268.93,-0.26999590971628307
2024-10-25,AURORA,Consumer,194.37,932689,-0.009932762836185716,0.060855801768362694,0.1908238165577615,268.93,-0.27724686721451675
2024-10-28,AURORA,Consumer,194.47,598016,0.0005144826876575248,0.06140159371247367,0.17493391080124368,268.93,-0.2768750232402484
2024-10-29,AURORA,Consumer,194.58,436606,0.0005656399444644578,0.06200196485099574,0.1715649589299449,268.93,-0.27646599486855317
2024-10-30,AURORA,Consumer,194.84,719427,0.0013362113269606013,0.06342102390568405,0.17138424064072627,268.93,-0.2754992005354553
2024-10-31,AURORA,Consumer,195.56,1287940,0.0036953397659618137,0.06735072590328262,0.17012909479857566,268.93,-0.2728219239207229
2024-11-01,AURORA,Consumer,193.96,938176,-0.008181632235630953,0.058618054797508146,0.167604816851301,268.93,-0.2787714275090172
2024-11-04,AURORA,Consumer,192.75,841021,-0.006238399670035144,0.05201397227376603,0.16316259734133473,268.93,-0.2832707395976648
2024-11-05,AURORA,Consumer,193.34,942222,0.0030609597924773357,0.05523414474402033,0.15343985405615418,268.93,-0.2810768601494813
2024-11-06,AURORA,Consumer,193.43,954906,0.0004655011896141925,0.05572535749372021,0.14418596009952905,268.93,-0.28074220057263977
2024-11-07,AURORA,Consumer,196.58,960064,0.016284960967791973,0.07291780373321366,0.15433192159260603,268.93,-0.2690291153831852
2024-11-08,AURORA,Consumer,194.57,850310,-0.010224844846881798,0.06194738565658442,0.1581550656817655,268.93,-0.27650317926598
2024-11-11,AURORA,Consumer,195.32,571340,0.0038546538520840556,0.06604082523741606,0.15879174879211905,268.93,-0.2737143494589671
2024-11-12,AURORA,Consumer,194.24,1905919,-0.005529387671513342,0.06014627224101843,0.1503574340858217,268.93,-0.27773026438106574
2024-11-13,AURORA,Consumer,192.73,1202268,-0.0077738879736409805,0.05190481388494361,0.1489519607988645,268.93,-0.2833451083925186
2024-11-14,AURORA,Consumer,192.26,519624,-0.002438644736159401,0.04933959174762226,0.1375965179364946,268.93,-0.28509277507158004
2024-11-15,AURORA,Consumer,188.09,1068767,-0.021689378965983552,0.02658006767819754,0.15274391317541886,268.93,-0.3005986687985721
2024-11-18,AURORA,Consumer,186.78,952161,-0.006964750917114126,0.01943019321034467,0.14468396410785253,268.93,-0.3054698248614881
2024-11-19,AURORA,Consumer,185.55,689935,-0.006585287504015325,0.012716952297780582,0.1369341869106153,268.93,-0.3100435057449894
2024-11-20,AURORA,Consumer,185.04,749167,-0.0027485852869847394,0.009933413382814837,0.1284815473655816,268.93,-0.3119399100137583
2024-11-21,AURORA,Consumer,185.88,990949,0.004539559014267169,0.014518065713346351,0.12101846608479741,268.93,-0.3088164206299038
2024-11-22,AURORA,Consumer,186.66,1056344,0.004196255648805769,0.018775242877411502,0.12305015263263674,268.93,-0.30591603763061026
2024-11-25,AURORA,Consumer,188.5,993174,0.00985749491053256,0.028817814649052087,0.12676790664638604,268.93,-0.2990741085040717
2024-11-26,AURORA,Consumer,191.29,1141191,0.014801061007957417,0.044045409889746034,0.13863254998840013,268.93,-0.28869966162198346
2024-11-27,AURORA,Consumer,190.22,605046,-0.005593601338282128,0.0382054360877595,0.13953586418882327,268.93,-0.29267839214665525
2024-11-28,AURORA,Consumer,193.39,938648,0.016664914309746592,0.05550704071607515,0.15234318964331567,268.93,-0.2808909381623471
2024-11-29,AURORA,Consumer,191.98,1143971,-0.007290966440870794,0.04781137430411131,0.1534517496931365,268.93,-0.2861339381995315
2024-12-02,AURORA,Consumer,191.53,1145070,-0.0023439941660589048,0.04535531055561237,0.15124687384946708,268.93,-0.28780723608373926
2024-12-03,AURORA,Consumer,194.05,722764,0.013157207748133448,0.059109267547207134,0.1568852556012484,268.93,-0.27843676793217564
2024-12-04,AURORA,Consumer,196.36,703046,0.011904148415356808,0.07171706145616885,0.1617152871920319,268.93,-0.2698471721265756
2024-12-05,AURORA,Consumer,194.35,849186,-0.0102363006722348,0.06074664337953961,0.16617183433123725,268.93,-0.27732123600937053
2024-12-06,AURORA,Consumer,199.05,979524,0.024183174684847097,0.08639886475275227,0.1776163850779415,268.93,-0.25984456921875576
2024-12-09,AURORA,Consumer,200.15,740194,0.005526249686008455,0.09240257613797209,0.17380028466211525,268.93,-0.25575428550180346
2024-12-10,AURORA,Consumer,202.92,708675,0.013839620284786358,0.10752101298984407,0.17893993086769355,268.93,-0.24545420741456891
2024-12-11,AURORA,Consumer,205.97,331460,0.015030553912872113,0.12416766728522655,0.18235481156851968,268.93,-0.2341129661993827
2024-12-12,AURORA,Consumer,209.27,1208417,0.016021750740399243,0.14217880144088646,0.18349978968811181,268.93,-0.22184211504852558
2024-12-13,AURORA,Consumer,211.46,1108557,0.010464949586658445,0.15413164501691523,0.1832462082690599,268.93,-0.2136987320120477
2024-12-16,AURORA,Consumer,209.28,903457,-0.010309278350515538,0.14223338063529756,0.16610897804197736,268.93,-0.22180493065109885
2024-12-17,AURORA,Consumer,210.12,854746,0.004013761467889898,0.14681803296582907,0.16027273129206918,268.93,-0.21868144126724431
2024-12-18,AURORA,Consumer,212.01,1383382,0.008994860079954314,0.15713350070952514,0.1542340710435606,268.93,-0.21165359015357166
2024-12-19,AURORA,Consumer,213.55,370931,0.0072638083109288765,0.16553869664883325,0.15059729788574303,268.93,-0.2059271929498382
2024-12-20,AURORA,Consumer,212.64,960151,-0.004261297120112473,0.16057198995742383,0.1553391163529429,268.93,-0.2093109731156807
2024-12-23,AURORA,Consumer,210.26,889301,-0.011192626034612463,0.14758214168758443,0.16689540522525154,268.93,-0.2181608597032686
2024-12-24,AURORA,Consumer,211.08,1183280,0.0038999334157709953,0.15205763562929397,0.16631748789810283,268.93,-0.21511173911426762
2024-12-25,AURORA,Consumer,217.8,762802,0.03183627060830019,0.18873485427354675,0.18750035002629098,268.93,-0.1901238240434313
2024-12-26,AURORA,Consumer,215.6,429518,-0.010101010101010166,0.17672743150310688,0.19169560634259428,268.93,-0.19830439147733614
2024-12-27,AURORA,Consumer,214.58,999826,-0.00473098330241184,0.1711603536731756,0.1910960726119326,268.93,-0.20209720001487375
2024-12-30,AURORA,Consumer,217.14,592097,0.01193028241215388,0.18513262744241454,0.18703553986034824,268.93,-0.1925779942736029
2024-12-31,AURORA,Consumer,219.08,976758,0.008934328083264331,0.1957209911581661,0.18480322038171962,268.93,-0.18536422117279583
2022-01-03,NOVA,Technology,326.81,1942852,,0.0,,326.81,0.0
2022-01-04,NOVA,Technology,325.36,1264048,-0.00443682873841067,-0.00443682873841067,,326.81,-0.00443682873841067
2022-01-05,NOVA,Technology,329.09,1018789,0.011464224243914245,0.006976530705914641,,329.09,0.0
2022-01-06,NOVA,Technology,340.56,3283592,0.0348536874411256,0.042073375967687676,,340.56,0.0
2022-01-07,NOVA,Technology,352.02,1154000,0.03365045806906264,0.07713962241057493,,352.02,0.0
2022-01-10,NOVA,Technology,348.65,881168,-0.009573319697744442,0.06682782044613078,,352.02,-0.009573319697744442
2022-01-11,NOVA,Technology,349.41,1349001,0.0021798365122616126,0.06915333068143581,,352.02,-0.007414351457303403
2022-01-12,NOVA,Technology,348.01,583063,-0.0040067542428666725,0.06486949603745296,,352.02,-0.011391398216010429
2022-01-13,NOVA,Technology,347.79,1150483,-0.0006321657423636884,0.0641963220219699,,352.02,-0.012016362706664285
2022-01-14,NOVA,Technology,351.36,829418,0.010264814974553671,0.07512010036412597,,352.02,-0.0018748934719616805
2022-01-17,NOVA,Technology,354.92,977442,0.010132058287795953,0.08601327988739627,,354.92,0.0
2022-01-18,NOVA,Technology,355.99,1495236,0.0030147638904540752,0.08928735350815442,,355.99,0.0
2022-01-19,NOVA,Technology,367.47,847010,0.03224809685665342,0.12441479758881302,,367.47,0.0
2022-01-20,NOVA,Technology,365.7,1298405,-0.004816719732223196,0.11899880664606322,,367.47,-0.004816719732223196
2022-01-21,NOVA,Technology,355.94,1863479,-0.026688542521192238,0.08913435941372638,,367.47,-0.03137671102402928
2022-01-24,NOVA,Technology,361.62,887805,0.015957745687475544,0.1065144885407423,,367.47,-0.01591966691158464
2022-01-25,NOVA,Technology,367.66,1235548,0.016702616005751958,0.12499617514763939,,367.66,0.0
2022-01-26,NOVA,Technology,362.54,1229102,-0.013925909807974812,0.10932957987821679,,367.66,-0.013925909807974812
2022-01-27,NOVA,Technology,358.64,1739347,-0.010757433662492488,0.09739604051283623,,367.66,-0.024533536419518165
2022-01-28,NOVA,Technology,366.4,1293828,0.02163729645326784,0.12114072396805486,,367.66,-0.003427079366806418
2022-01-31,NOVA,Technology,369.0,1624451,0.007096069868995691,0.12909641687830864,,369.0,0.0
2022-02-01,NOVA,Technology,362.1,1463514,-0.0186991869918699,0.1079832318472509,0.26994671625631633,369.0,-0.0186991869918699
2022-02-02,NOVA,Technology,374.07,1784724,0.03305716652858326,0.14461001805330342,0.28424380217561174,374.07,0.0
2022-02-03,NOVA,Technology,373.36,2215762,-0.001898040473708118,0.14243750191242643,0.2852583283540121,374.07,-0.001898040473708118
2022-02-04,NOVA,Technology,377.28,565370,0.010499250053567444,0.1544322389155779,0.2662564669997411,377.28,0.0
2022-02-07,NOVA,Technology,379.17,1767090,0.005009541984732913,0.16021541568495468,0.2450975856515796,379.17,0.0
2022-02-08,NOVA,Technology,371.62,1004799,-0.019911912862304537,0.13711330742633332,0.25456324441078093,379.17,-0.019911912862304537
2022-02-09,NOVA,Technology,370.52,836675,-0.0029600129164200073,0.13374743734891825,0.2554350204866445,379.17,-0.0228129862594616
2022-02-10,NOVA,Technology,368.35,1103275,-0.005856633919896215,0.12710749365074525,0.25614649073295837,379.17,-0.028536012870216454
2022-02-11,NOVA,Technology,358.93,1535874,-0.025573503461381875,0.09828340626051846,0.2743231631077763,379.17,-0.05337975050768784
2022-02-14,NOVA,Technology,368.03,1854843,0.025353132922854016,0.12612833144640634,0.28506631561440315,379.17,-0.02937996149484412
2022-02-15,NOVA,Technology,370.14,1313669,0.005733228269434676,0.13258468223126618,0.2839608775375667,379.17,-0.02381517525120669
2022-02-16,NOVA,Technology,370.03,1069440,-0.0002971848489761175,0.13224809522352454,0.2840660417914962,379.17,-0.024105282590922372
2022-02-17,NOVA,Technology,370.45,1371137,0.0011350431046130982,0.1335332456167193,0.26189768530788143,379.17,-0.02299760002109874
2022-02-18,NOVA,Technology,382.35,1564987,0.03212309353489018,0.1699458400905729,0.2828473584638297,382.35,0.0
2022-02-21,NOVA,Technology,381.22,571836,-0.0029554073492873423,0.16648817355650114,0.2635156798511013,382.35,-0.0029554073492873423
2022-02-22,NOVA,Technology,376.06,1463433,-0.013535491317349657,0.15069918301153606,0.265608506027821,382.35,-0.016450895776121355
2022-02-23,NOVA,Technology,376.64,721972,0.0015423070786575455,0.1524739145069003,0.2601700830760651,382.35,-0.014933961030469511
2022-02-24,NOVA,Technology,368.45,839006,-0.02174490229396775,0.1274134818396011,0.26724082243924746,382.35,-0.03635412580096775
2022-02-25,NOVA,Technology,359.81,1494966,-0.023449586103948983,0.10097610232245047,0.2776342093879554,382.35,-0.05895122270171316
2022-02-28,NOVA,Technology,366.16,2012617,0.017648203218365355,0.1204063523148009,0.2740926743114605,382.35,-0.04234340264155878
2022-03-01,NOVA,Technology,366.24,1275620,0.00021848372296262575,0.12065114286588563,0.27291694563402397,382.35,-0.04213417026284816
2022-03-02,NOVA,Technology,352.03,1529494,-0.038799694189602496,0.07717022122946071,0.29781492059476933,382.35,-0.07929907153131954
2022-03-03,NOVA,Technology,352.94,1485238,0.0025850069596342617,0.07995471374804963,0.2712009811087636,382.35,-0.07691905322348636
2022-03-04,NOVA,Technology,346.36,1148053,-0.01864339547798488,0.0598206909213308,0.27678130007811147,382.35,-0.09412841637243363
2022-03-07,NOVA,Technology,342.44,1043132,-0.011317704122878025,0.04782595391817912,0.27324976417995417,382.35,-0.10438080292925334
2022-03-08,NOVA,Technology,346.1,2498953,0.010688003737881147,0.05902512163030549,0.2764194146816385,382.35,-0.0948084216032431
2022-03-09,NOVA,Technology,343.13,1641068,-0.008581334874313895,0.04993727242128476,0.271034284581399,382.35,-0.10257617366287441
2022-03-10,NOVA,Technology,348.26,2506276,0.014950601812724118,0.06563446650959315,0.27860601753713743,382.35,-0.08915914737805686
2022-03-11,NOVA,Technology,346.58,1006688,-0.004823982082352241,0.06049386493681386,0.27848615692706563,382.35,-0.09355302733097959
2022-03-14,NOVA,Technology,349.76,1485426,0.009175370765768465,0.07022428934243186,0.26843667995710374,382.35,-0.08523604027723297
2022-03-15,NOVA,Technology,346.3,1243672,-0.009892497712717274,0.05963709800801742,0.25194104369095505,382.35,-0.09428534065646665
2022-03-16,NOVA,Technology,354.06,1030661,0.02240831648859376,0.08338178146323605,0.2653028274362414,382.35,-0.07398979992153787
2022-03-17,NOVA,Technology,341.21,1676868,-0.036293283624244554,0.04406229919525151,0.2905310786203311,382.35,-0.10759775075192901
2022-03-18,NOVA,Technology,333.85,1203587,-0.02157029395386989,0.021541568495456742,0.2963645460466709,382.35,-0.12684712959330458
2022-03-21,NOVA,Technology,334.32,970317,0.0014078178822822807,0.022979712983079326,0.2656939749840177,382.35,-0.1256178893683798
2022-03-22,NOVA,Technology,333.56,1022898,-0.002273271117492204,0.02065420274777452,0.2658106231506613,382.35,-0.1276055969661306
2022-03-23,NOVA,Technology,325.82,895611,-0.02320422112963183,-0.0030292830696728723,0.2712254244298038,382.35,-0.14784882960638168
2022-03-24,NOVA,Technology,330.04,2298950,0.01295193665213934,0.009883418500046703,0.2783617118750441,382.35,-0.1368118216293972
2022-03-25,NOVA,Technology,330.93,1604162,0.0026966428311718804,0.012606713380864276,0.2739184178443398,382.35,-0.13448411141624173
2022-03-28,NOVA,Technology,325.85,2008760,-0.015350678391200523,-0.0029374866130159605,0.2684109206063248,382.35,-0.14777036746436512
2022-03-29,NOVA,Technology,327.23,1938168,0.004235077489642469,0.0012851503931956554,0.25824904513745883,382.35,-0.14416110893160716
2022-03-30,NOVA,Technology,328.16,1104779,0.002842037710478973,0.004130840549555703,0.25910255662062903,382.35,-0.14172878252909638
2022-03-31,NOVA,Technology,341.35,1077675,0.040193807898585954,0.04449068265965028,0.27368311863529454,382.35,-0.10723159408918526
2022-04-01,NOVA,Technology,333.61,1705676,-0.02267467408817936,0.02080719684220278,0.28296721977311307,382.35,-0.12747482672943644
2022-04-04,NOVA,Technology,332.0,1946476,-0.004825994424627611,0.015880787001622654,0.27703778466544027,382.35,-0.1316856283509874
2022-04-05,NOVA,Technology,340.24,1644387,0.02481927710843368,0.04109421376334965,0.28951068152784926,382.35,-0.110134693343795
2022-04-06,NOVA,Technology,337.35,1814495,-0.008494004232306618,0.032251155105413876,0.28808599718351063,382.35,-0.11769321302471558
2022-04-07,NOVA,Technology,338.6,1213629,0.003705350526159723,0.036076007466112614,0.2871879928363887,382.35,-0.1144239571073623
2022-04-08,NOVA,Technology,346.47,1372708,0.023242764323685883,0.06015727792907288,0.2941527656883983,382.35,-0.09384072185170655
2022-04-11,NOVA,Technology,339.23,1271854,-0.02089647011285256,0.038003733055904876,0.30256623924071746,382.35,-0.1127762521250163
2022-04-12,NOVA,Technology,329.22,1250046,-0.029508003419508877,0.0073743153514282955,0.3158048272366632,382.35,-0.1389564535111808
2022-04-13,NOVA,Technology,324.84,1935759,-0.013304173501002547,-0.0060279673204607365,0.31700415128657033,382.35,-0.15041192624558664
2022-04-14,NOVA,Technology,322.6,1900312,-0.006895702499691958,-0.012882102750832902,0.303549948600445,382.35,-0.1562704328494835
2022-04-15,NOVA,Technology,328.15,1797114,0.017203967761934225,0.00410024173067014,0.288589749939269,382.35,-0.14175493657643534
2022-04-18,NOVA,Technology,323.88,2174800,-0.013012341916806336,-0.008965453933477252,0.28262635875309017,382.35,-0.15292271479011388
2022-04-19,NOVA,Technology,326.52,1322955,0.008151167098925383,-0.0008873657476813346,0.28439794294422716,382.35,-0.1460180462926639
2022-04-20,NOVA,Technology,325.89,1497309,-0.0019294377067254898,-0.0028150913374735964,0.284380603472101,382.35,-0.14766575127500992
2022-04-21,NOVA,Technology,314.08,1915396,-0.03623922182331463,-0.03895229644135667,0.30036603064336165,382.35,-0.17855368118216308
2022-04-22,NOVA,Technology,314.5,1568906,0.001337238920020356,-0.037667146048161904,0.29595013361994627,382.35,-0.17745521119393226
2022-04-25,NOVA,Technology,314.07,1378084,-0.001367249602543752,-0.038982895260242345,0.2954496525472336,382.35,-0.17857983522950183
2022-04-26,NOVA,Technology,299.19,1629197,-0.047377973063329804,-0.08451393776200178,0.33183513057910324,382.35,-0.21749705766967442
2022-04-27,NOVA,Technology,298.19,917412,-0.003342357699120946,-0.08757381965056088,0.33054532474655524,382.35,-0.22011246240355697
2022-04-28,NOVA,Technology,294.98,2010286,-0.010764948522753892,-0.09739604051283557,0.3302491745697977,382.35,-0.22850791159932005
2022-04-29,NOVA,Technology,297.85,803779,0.009729473184622695,-0.08861417949267092,0.292603013526747,382.35,-0.22100170001307706
2022-05-02,NOVA,Technology,296.6,1062828,-0.004196743327178121,-0.09243903185336977,0.2865172630510245,382.35,-0.22427095593043023
2022-05-03,NOVA,Technology,302.36,1130639,0.019420094403236554,-0.07481411217526945,0.2991885427778013,382.35,-0.20920622466326666
2022-05-04,NOVA,Technology,306.68,1957628,0.014287604180447167,-0.061595422416694134,0.2883121818625748,382.35,-0.19790767621289396
2022-05-05,NOVA,Technology,307.24,1516487,0.0018260075648885987,-0.059881888559100926,0.28885025200843145,382.35,-0.1964430495619197
2022-05-06,NOVA,Technology,312.61,1634813,0.01747819294362718,-0.04345032281753847,0.2974611320130157,382.35,-0.1823983261409703
2022-05-09,NOVA,Technology,311.55,2136646,-0.0033908064361345414,-0.04669379761941117,0.2810008939545425,382.35,-0.18517065515888587
2022-05-10,NOVA,Technology,320.59,2152755,0.029016209276199634,-0.01903246534683689,0.29787576117197473,382.35,-0.16152739636458757
2022-05-11,NOVA,Technology,322.29,1434972,0.0053027231042765965,-0.013830666136286363,0.2821258623228479,382.35,-0.15708120831698702
2022-05-12,NOVA,Technology,330.5,1145697,0.025473952030779623,0.011290964168783724,0.29236919848137105,382.35,-0.13560873545181118
2022-05-13,NOVA,Technology,329.09,2027772,-0.004266263237518997,0.006976530705915307,0.29161695277814437,382.35,-0.1392964561265857
2022-05-16,NOVA,Technology,318.68,1042500,-0.03163268406818798,-0.024876839753984914,0.306358945732095,382.35,-0.1665228194063032
2022-05-17,NOVA,Technology,327.93,1787955,0.029025982176478005,0.00342706771518686,0.3202559322488612,382.35,-0.14233032561788939
2022-05-18,NOVA,Technology,340.7,1159359,0.03894123745921374,0.04250175943208645,0.3459098390964943,382.35,-0.10893160716620909
2022-05-19,NOVA,Technology,348.37,2579320,0.02251247431758152,0.06597105351733479,0.3524852592801026,382.35,-0.08887145285732967
2022-05-20,NOVA,Technology,359.73,1410398,0.03260900766426511,0.1007313117713664,0.3351461125044804,382.35,-0.05916045508042367
2022-05-23,NOVA,Technology,365.4,1723235,0.015761821366024442,0.11808084207949654,0.3359639017905425,382.35,-0.04433111023930969
2022-05-24,NOVA,Technology,374.84,1520468,0.0258347016967706,0.14696612710749446,0.34022464036452005,382.35,-0.019641689551458175
2022-05-25,NOVA,Technology,394.85,1348266,0.05338277665137148,0.20819436369756228,0.3086238511133084,394.85,0.0
2022-05-26,NOVA,Technology,392.37,1553346,-0.006280866151703202,0.2006058566139357,0.31080178524390534,394.85,-0.006280866151703202
2022-05-27,NOVA,Technology,391.15,1052265,-0.0031093100899661774,0.19687280070989344,0.30438679646691574,394.85,-0.009370647081170191
2022-05-30,NOVA,Technology,395.16,1905383,0.01025182155183435,0.2091429270830154,0.304306285254874,395.16,0.0
2022-05-31,NOVA,Technology,393.69,1090235,-0.0037200121469784797,0.2046449007068334,0.303956780283948,395.16,-0.0037200121469784797
2022-06-01,NOVA,Technology,396.99,1081559,0.0083822296730931,0.2147425109390786,0.3037667553706732,396.99,0.0
2022-06-02,NOVA,Technology,401.19,1578077,0.010579611577117731,0.2275940148710267,0.30387459743284195,401.19,0.0
2022-06-03,NOVA,Technology,391.94,1794082,-0.023056407188613903,0.19929010740185493,0.32681052135260374,401.19,-0.023056407188613903
2022-06-06,NOVA,Technology,387.8,1663263,-0.010562841251211874,0.1866221963832202,0.3350700376354369,401.19,-0.03337570727086914
2022-06-07,NOVA,Technology,385.73,1417587,-0.005337802991232543,0.18028824087390283,0.33615511312716795,401.19,-0.038535357311996754
2022-06-08,NOVA,Technology,375.94,1019147,-0.02538044746325152,0.15033199718490908,0.3507640712679167,401.19,-0.0629377601635136
2022-06-09,NOVA,Technology,386.87,1596303,0.029073788370484577,0.18377650622685993,0.3581818584198057,401.19,-0.03569381091253521
2022-06-10,NOVA,Technology,381.24,2153026,-0.014552692118799615,0.16654937119427227,0.3617708974318735,401.19,-0.04972706199057797
2022-06-13,NOVA,Technology,386.58,1239526,0.014006924771797324,0.18288914047917793,0.36009058247836523,401.19,-0.036416660435205306
2022-06-14,NOVA,Technology,380.95,1216444,-0.014563609084794815,0.16566200544659027,0.3407929939267024,401.19,-0.05044991151324807
2022-06-15,NOVA,Technology,371.6,2148827,-0.02454390339939616,0.13705210978856286,0.3510099421353117,401.19,-0.073755577157955
2022-06-16,NOVA,Technology,361.84,1754981,-0.026264800861141135,0.1071876625562258,0.34703313111230577,401.19,-0.0980832024726439
2022-06-17,NOVA,Technology,367.34,1061487,0.015200088436878145,0.12401701294330092,0.34277658569180275,401.19,-0.08437398738752222
2022-06-20,NOVA,Technology,361.45,1027162,-0.016034191756955418,0.10599430861968773,0.3305842683720375,401.19,-0.09905531045140714
2022-06-21,NOVA,Technology,362.72,1052988,0.0035136256743673044,0.10988035861815804,0.3261203519836438,401.19,-0.09588972805902429
2022-06-22,NOVA,Technology,355.97,1060108,-0.01860939567710629,0.08922615587038418,0.317731818774821,401.19,-0.11271467384531009
2022-06-23,NOVA,Technology,368.79,907867,0.036014270865522446,0.12845384168171203,0.283224217566222,401.19,-0.08075973977417183
2022-06-24,NOVA,Technology,371.72,1003655,0.007944900892106643,0.13741929561519028,0.28548609304478634,401.19,-0.07345646701064323
2022-06-27,NOVA,Technology,354.89,1288089,-0.04527601420423988,0.08592148343074046,0.32182878305797746,401.19,-0.11540666517111597
2022-06-28,NOVA,Technology,364.37,719507,0.02671250246555279,0.11492916373428086,0.33602602353639,401.19,-0.09177696353348785
2022-06-29,NOVA,Technology,366.09,2271924,0.004720476438784704,0.1201921605826024,0.33727098630697366,401.19,-0.08748971808868622
2022-06-30,NOVA,Technology,376.4,799002,0.028162473708650992,0.151739542853647,0.35247681709530565,401.19,-0.06179117126548528
2022-07-01,NOVA,Technology,367.72,4059375,-0.023060573857598188,0.1251797680609541,0.3562348430253901,401.19,-0.08342680525436819
2022-07-04,NOVA,Technology,369.14,1116119,0.003861633851843793,0.12952480034270808,0.3501479320299798,401.19,-0.07988733517784596
2022-07-05,NOVA,Technology,366.39,1178703,-0.007449748063065531,0.12111012514917041,0.3494232234639639,401.19,-0.0867419427204068
2022-07-06,NOVA,Technology,363.24,1373144,-0.008597396217145614,0.11147149720020932,0.3499424012406294,401.19,-0.09459358408734009
2022-07-07,NOVA,Technology,364.46,985719,0.003358660940425029,0.11520455310425137,0.34042729607911537,401.19,-0.09155263092300414
2022-07-08,NOVA,Technology,354.06,1559107,-0.028535367392855115,0.08338178146323671,0.33419267965176236,401.19,-0.1174755103566888
2022-07-11,NOVA,Technology,349.68,2049414,-0.012370784612777519,0.0699794987913478,0.33340909590183987,401.19,-0.12839303073356756
2022-07-12,NOVA,Technology,362.16,992660,0.03568977350720659,0.10816682476056538,0.35578859411051866,401.19,-0.09728557541314586
2022-07-13,NOVA,Technology,372.21,1940590,0.027750165672630667,0.13891863774058422,0.36823195082185944,401.19,-0.07223510057578708
2022-07-14,NOVA,Technology,368.38,1199016,-0.010289890115794842,0.12719929010740283,0.3598908067744652,401.19,-0.0817816994441537
2022-07-15,NOVA,Technology,359.33,1020835,-0.024567023182583192,0.09950735901594299,0.358384599399179,401.19,-0.10433958972058133
2022-07-18,NOVA,Technology,359.99,1575842,0.001836751732390951,0.10152688106239216,0.3541664693238077,401.19,-0.10269448391036662
2022-07-19,NOVA,Technology,356.91,1127902,-0.008555793216478147,0.09210244484563024,0.3510269264464241,401.19,-0.11037164435803481
2022-07-20,NOVA,Technology,362.67,1644673,0.01613852231655044,0.10972736452373066,0.3554824502608111,401.19,-0.09601435728707097
2022-07-21,NOVA,Technology,366.12,1817333,0.009512780213417171,0.12028395703925954,0.3500076400216836,401.19,-0.08741494055185817
2022-07-22,NOVA,Technology,374.87,857873,0.02389926799956288,0.1470579235641516,0.3372703647374162,401.19,-0.06560482564370995
2022-07-25,NOVA,Technology,372.76,1457953,-0.00562861792087932,0.14060157277929175,0.3370234324384999,401.19,-0.07086417906727482
2022-07-26,NOVA,Technology,364.65,1442960,-0.02175662624745145,0.1157859306630773,0.3052569312027746,401.19,-0.09107903985642718
2022-07-27,NOVA,Technology,349.81,1177284,-0.04069655834361707,0.07037728343686034,0.32376964495436916,401.19,-0.1280689947406466
2022-07-28,NOVA,Technology,351.18,1307429,0.003916411766387462,0.07456932162418628,0.32357935617292544,401.19,-0.12465415389217072
2022-07-29,NOVA,Technology,340.05,1849257,-0.03169314881257479,0.040512836204523506,0.32020575725061945,401.19,-0.15239662005533539
2022-08-01,NOVA,Technology,332.41,1627460,-0.022467284222908335,0.01713533857593208,0.31978180471280343,401.19,-0.17143996610084988
2022-08-02,NOVA,Technology,330.53,1792299,-0.005655666195361286,0.011382760625440858,0.3183040071041046,401.19,-0.17612602507540076
2022-08-03,NOVA,Technology,317.79,1492769,-0.0385441563549449,-0.02760013463480193,0.3388156091523511,401.19,-0.2078815523816645
2022-08-04,NOVA,Technology,319.58,906822,0.005632650492463531,-0.022122946054281223,0.3413015331481958,401.19,-0.20341982601759767
2022-08-05,NOVA,Technology,312.23,1114812,-0.022998936103635903,-0.04461307793519054,0.34453062131703976,401.19,-0.22174032254044218
2022-08-08,NOVA,Technology,310.11,1369095,-0.006789866444608106,-0.05110002753893583,0.3356141456049361,401.19,-0.22702460180961637
2022-08-09,NOVA,Technology,305.44,1551381,-0.015059172551675215,-0.06538967595850687,0.33637762030449325,401.19,-0.23866497170916523
2022-08-10,NOVA,Technology,310.61,1542780,0.016926401257202794,-0.049570086594656226,0.31235363401733346,401.19,-0.2257783095291508
2022-08-11,NOVA,Technology,298.91,1117383,-0.03766781494478599,-0.08537070469079766,0.3024369166015606,401.19,-0.2549415488920461
2022-08-12,NOVA,Technology,300.95,1033683,0.006824796761566887,-0.0791285456381372,0.30814053730418894,401.19,-0.24985667638774645
2022-08-15,NOVA,Technology,289.5,935606,-0.03804618707426477,-0.11416419326213889,0.31981684520715126,401.19,-0.27839676961040905
2022-08-16,NOVA,Technology,290.17,1780676,0.002314335060449091,-0.11211407239680427,0.3200445404652217,401.19,-0.276726737954585
2022-08-17,NOVA,Technology,301.66,1499387,0.03959747734086916,-0.0769560294972601,0.3633574731220937,401.19,-0.24808694134948517
2022-08-18,NOVA,Technology,306.14,757197,0.014851156931644738,-0.06324775863651544,0.3623180158879138,401.19,-0.23692016251651338
2022-08-19,NOVA,Technology,311.22,1800245,0.016593715293656608,-0.04770355864263509,0.3673731080359919,401.19,-0.22425783294698265
2022-08-22,NOVA,Technology,310.76,1367250,-0.0014780541096331978,-0.049111104311372444,0.350204289896167,401.19,-0.22540442184501108
2022-08-23,NOVA,Technology,324.04,1344839,0.0427339425923543,-0.008475872831307463,0.3929411215300474,401.19,-0.19230289887584429
2022-08-24,NOVA,Technology,312.88,2362784,-0.034440192568818695,-0.04262415470762715,0.4015667342103616,401.19,-0.2201201425758369
2022-08-25,NOVA,Technology,324.93,1165505,0.03851316798772686,-0.005752577950490001,0.4113437163391578,401.19,-0.19008449861661558
2022-08-26,NOVA,Technology,331.97,1288488,0.021666205028775476,0.015788990544966186,0.41971637412012547,401.19,-0.1725367033076597
2022-08-29,NOVA,Technology,327.44,1150584,-0.013645811368497296,0.001927725589793372,0.4083157080776911,401.19,-0.18382811136867816
2022-08-30,NOVA,Technology,338.79,1696824,0.03466283899340339,0.036657385024939204,0.4191384491464554,401.19,-0.1555372766021087
2022-08-31,NOVA,Technology,344.51,1165013,0.016883615218867165,0.05415990942749738,0.42173206096403065,401.19,-0.1412796929135821
2022-09-01,NOVA,Technology,350.72,1602803,0.018025601579054307,0.07316177595544948,0.3975150950862581,401.19,-0.12580074279019904
2022-09-02,NOVA,Technology,357.3,715024,0.018761405109489093,0.09329579878216854,0.4003677769399674,401.19,-0.10939953637927158
2022-09-05,NOVA,Technology,368.03,2292907,0.03003078645396018,0.12612833144640767,0.3946923000193123,401.19,-0.08265410404047968
2022-09-06,NOVA,Technology,370.82,893070,0.0075809037306742155,0.1346654019154876,0.3909577950830121,401.19,-0.07569979311548147
2022-09-07,NOVA,Technology,369.67,851825,-0.003101235100587796,0.1311465377436447,0.3838779541707308,401.19,-0.07856626536055233
2022-09-08,NOVA,Technology,361.7,1132992,-0.02155976952417027,0.10675927909182858,0.3972979423772627,401.19,-0.0984321643111743
2022-09-09,NOVA,Technology,361.3,1314826,-0.0011058888581696458,0.10553532633640517,0.3635943734176081,401.19,-0.09942919813554674
2022-09-12,NOVA,Technology,355.63,686139,-0.015693329642956,0.08818579602827503,0.3737646789126749,401.19,-0.11356215259602687
2022-09-13,NOVA,Technology,346.9,2095831,-0.024547985265585104,0.06147302714115388,0.35516234819687265,401.19,-0.13532241581295645
2022-09-14,NOVA,Technology,345.88,1425616,-0.0029403286249639615,0.05835194761482354,0.3568502033750962,401.19,-0.13786485206510635
2022-09-15,NOVA,Technology,341.53,1291705,-0.012576616167456978,0.04504146139959131,0.3454011647818894,401.19,-0.14870759490515717
2022-09-16,NOVA,Technology,340.74,1111553,-0.00231312037009912,0.04262415470762981,0.345072511058323,401.19,-0.15067673670829285
2022-09-19,NOVA,Technology,341.83,2238488,0.0031989199976520943,0.045959425966159095,0.3426776280677481,401.19,-0.14795981953687787
2022-09-20,NOVA,Technology,341.92,1342834,0.00026328876927128597,0.04623481533612939,0.3423351188681336,401.19,-0.14773548692639393
2022-09-21,NOVA,Technology,333.01,1944896,-0.026058727187646347,0.018971267709067652,0.32891921146399083,401.19,-0.16994441536429128
2022-09-22,NOVA,Technology,349.73,1248731,0.050208702441368214,0.07013249288577605,0.34277782456406747,401.19,-0.128268401505521
2022-09-23,NOVA,Technology,364.07,701823,0.04100305950304506,0.11401119916771352,0.3458904494241793,401.19,-0.09252473890176727
2022-09-26,NOVA,Technology,368.56,1704674,0.01233279314417568,0.12775006884734408,0.3419350040264506,401.19,-0.08133303422318605
2022-09-27,NOVA,Technology,372.38,1903365,0.010364662470154107,0.1394388176616399,0.3353037958977435,401.19,-0.07181136120042875
2022-09-28,NOVA,Technology,364.74,2652829,-0.020516676513239074,0.11606132003304848,0.33106028690528566,401.19,-0.09085470724594324
2022-09-29,NOVA,Technology,368.35,647451,0.009897461205242042,0.1271074936507468,0.328435880452377,401.19,-0.08185647698098153
2022-09-30,NOVA,Technology,374.77,2076231,0.01742907560743845,0.14675193537529618,0.32810735197413865,401.19,-0.06585408409980309
2022-10-03,NOVA,Technology,374.65,1660763,-0.000320196387117444,0.14638474954866898,0.3234502911879037,401.19,-0.06615319424711485
2022-10-04,NOVA,Technology,366.86,942261,-0.020792739890564405,0.12254826963679366,0.31670169035219753,401.19,-0.08557042797676906
2022-10-05,NOVA,Technology,368.24,1593759,0.0037616529466282245,0.1267709066430054,0.31583037133261627,401.19,-0.08213066128268398
2022-10-06,NOVA,Technology,360.79,1402619,-0.02023137084510096,0.10397478657324011,0.3233354538808653,401.19,-0.10070041626162163
2022-10-07,NOVA,Technology,378.91,1841989,0.05022312148341146,0.15941984639393114,0.3593311817824903,401.19,-0.055534784017547745
2022-10-10,NOVA,Technology,382.07,1983373,0.008339711277084216,0.1690890731617778,0.3596409134949557,401.19,-0.04765821680500515
2022-10-11,NOVA,Technology,381.31,1306152,-0.001989164289266321,0.16676356292647299,0.35379650004535046,401.19,-0.049552581071312884
2022-10-12,NOVA,Technology,379.58,1171596,-0.00453699089979287,0.16146996725926566,0.3402993062548202,401.19,-0.053864752361723944
2022-10-13,NOVA,Technology,383.95,2817445,0.01151272459033681,0.17484165111226901,0.3399943198831809,401.19,-0.04297215783045438
2022-10-14,NOVA,Technology,387.83,2786772,0.010105482484698447,0.18671399283987822,0.33407927830271666,401.19,-0.03330092973404131
2022-10-17,NOVA,Technology,382.68,1202103,-0.01327901400097975,0.17095560111379893,0.3397449387194756,401.19,-0.04613774022283701
2022-10-18,NOVA,Technology,386.82,1109614,0.010818438381937856,0.18362351213243366,0.3400469889981105,401.19,-0.035818440140581775
2022-10-19,NOVA,Technology,388.25,1550267,0.003696809885735064,0.1879991432330732,0.3395093668036445,401.19,-0.03225404421845013
2022-10-20,NOVA,Technology,377.02,1693085,-0.028924661944623398,0.15363666962455436,0.3430758396788068,401.19,-0.060245768837707825
2022-10-21,NOVA,Technology,379.28,1301262,0.005994376956129699,0.1605520026926981,0.30342570799349344,401.19,-0.05461252773000336
2022-10-24,NOVA,Technology,374.52,1881497,-0.01255009491668424,0.14598696490315666,0.2767714874553189,401.19,-0.06647723024003593
2022-10-25,NOVA,Technology,378.25,1782750,0.009959414717505055,0.1574003243474822,0.2757202977299396,401.19,-0.05717988982776245
2022-10-26,NOVA,Technology,364.78,832088,-0.03561136814276278,0.11618371530859095,0.30162334405299057,401.19,-0.0907550038635061
2022-10-27,NOVA,Technology,372.44,918972,0.020998958276221336,0.13962241057495373,0.3017323480945732,401.19,-0.07166180612677286
2022-10-28,NOVA,Technology,370.16,911488,-0.006121791429491874,0.13264587986903909,0.30099393078032693,401.19,-0.07734489892569596
2022-10-31,NOVA,Technology,369.71,1252450,-0.0012156905122110429,0.1312689330191874,0.2945668652366743,401.19,-0.07846656197811519
2022-11-01,NOVA,Technology,372.03,1693029,0.006275188661383213,0.13836785900064452,0.2954976131634116,401.19,-0.07268376579675473
2022-11-02,NOVA,Technology,370.7,824115,-0.0035749805123241885,0.13429821608886106,0.2862310999924261,401.19,-0.07599890326279324
2022-11-03,NOVA,Technology,375.94,1249281,0.014135419476665856,0.15033199718491086,0.2898845607578015,401.19,-0.0629377601635136
2022-11-04,NOVA,Technology,374.51,903386,-0.003803798478480669,0.14595636608427132,0.28004029097813515,401.19,-0.06650215608564525
2022-11-07,NOVA,Technology,381.41,4586007,0.01842407412352154,0.16706955111532928,0.22771633259281457,401.19,-0.049303322615219636
2022-11-08,NOVA,Technology,373.36,1369290,-0.02110589654177919,0.14243750191242843,0.23743777429427781,401.19,-0.06936862833071611
2022-11-09,NOVA,Technology,378.65,1419994,0.014168630812084748,0.15862427710290605,0.24311067918532758,401.19,-0.056182856003390014
2022-11-10,NOVA,Technology,372.25,1433862,-0.016902152383467484,0.1390410330161278,0.24956468722275427,401.19,-0.07213539719334983
2022-11-11,NOVA,Technology,371.19,1562807,-0.0028475486903962732,0.1357975582142552,0.24555647447867665,401.19,-0.07477753682793686
2022-11-14,NOVA,Technology,368.75,1233587,-0.0065734529486246585,0.1283314464061711,0.24240695543402352,401.19,-0.08085944315660909
2022-11-15,NOVA,Technology,356.07,1792748,-0.034386440677966146,0.08953214405924159,0.2644878767840797,401.19,-0.11246541538921706
2022-11-16,NOVA,Technology,365.96,1408450,0.027775437413991577,0.11979437593709119,0.2818407928954297,401.19,-0.0878137540816073
2022-11-17,NOVA,Technology,376.08,1764039,0.027653295442124914,0.1507603806493094,0.3000888236810981,401.19,-0.06258879832498321
2022-11-18,NOVA,Technology,376.11,835330,7.977026164662782e-05,0.15085217710596632,0.2828244596030849,401.19,-0.06251402078815516
2022-11-21,NOVA,Technology,378.44,1490570,0.006194996144744946,0.157981701906309,0.2828785559609802,401.19,-0.05670629876118549
2022-11-22,NOVA,Technology,385.91,2120987,0.01973892823168799,0.18083901961384563,0.28684801753218775,401.19,-0.038086692091029106
2022-11-23,NOVA,Technology,390.79,1284555,0.012645435464227361,0.19577124323001405,0.28798486781929705,401.19,-0.025922879433684765
2022-11-24,NOVA,Technology,383.53,1526770,-0.0185777527572355,0.1735565007190747,0.2653227597104416,401.19,-0.04401904334604556
2022-11-25,NOVA,Technology,378.63,1234860,-0.012776054024456918,0.15856307946513515,0.26145676528848827,401.19,-0.05623270769460853
2022-11-28,NOVA,Technology,368.33,1217272,-0.027203338351424855,0.12704629601297635,0.2782641060251302,401.19,-0.08190632867220027
2022-11-29,NOVA,Technology,366.65,1392551,-0.004561127250020336,0.12190569444019705,0.27867575046223325,401.19,-0.08609387073456476
2022-11-30,NOVA,Technology,353.27,1185160,-0.03649256784399291,0.08096447477127611,0.30426651118151565,401.19,-0.11944465215982458
2022-12-01,NOVA,Technology,334.92,1575224,-0.05194327285079392,0.024815642116216674,0.3496056401911629,401.19,-0.16518357885291257
2022-12-02,NOVA,Technology,323.92,2649849,-0.03284366415860507,-0.008843058657933556,0.35572719237353484,401.19,-0.19260200902315605
2022-12-05,NOVA,Technology,322.93,667490,-0.0030563102000493725,-0.011872341727607094,0.3558166101432313,401.19,-0.195069667738478
2022-12-06,NOVA,Technology,318.32,2617378,-0.014275539590623443,-0.025978397233864636,0.3444699050977375,401.19,-0.20656048256437098
2022-12-07,NOVA,Technology,326.47,1363983,0.025603166624780238,-0.0010403598421078186,0.3603086894898088,401.19,-0.18624591839278137
2022-12-08,NOVA,Technology,320.77,1163897,-0.017459490918001808,-0.018481686606894865,0.3544764135633139,401.19,-0.20045365039008955
2022-12-09,NOVA,Technology,324.31,835025,0.011035944757926242,-0.007649704721395589,0.3584567759649584,401.19,-0.19162990104439293
2022-12-12,NOVA,Technology,319.45,880577,-0.014985661866732447,-0.02252073069979288,0.3594491220870755,401.19,-0.20374386201051875
2022-12-13,NOVA,Technology,321.35,1287589,0.00594772264830179,-0.01670695511153053,0.36218872011801795,401.19,-0.19900795134474936
2022-12-14,NOVA,Technology,321.61,1405314,0.0008090866656293993,-0.01591138582050511,0.3480190756304965,401.19,-0.1983598793589072
2022-12-15,NOVA,Technology,322.93,3208675,0.004104349989117129,-0.011872341727607205,0.3294331786411601,401.19,-0.195069667738478
2022-12-16,NOVA,Technology,318.34,1032974,-0.01421360666398297,-0.02591719959609362,0.30714450526769477,401.19,-0.20651063087315247
2022-12-19,NOVA,Technology,313.79,1295733,-0.014292894389646094,-0.03983966218903734,0.3065774641651393,401.19,-0.21785189062538945
2022-12-20,NOVA,Technology,311.33,2365468,-0.007839637974441649,-0.047366971634892896,0.3019737472497091,401.19,-0.2239836486452803
2022-12-21,NOVA,Technology,307.03,1020576,-0.01381171104615686,-0.06052446375569709,0.2834288860908805,401.19,-0.23470176225728467
2022-12-22,NOVA,Technology,316.13,849189,0.02963879751164389,-0.0326795385698091,0.3062418039039027,401.19,-0.21201924275281037
2022-12-23,NOVA,Technology,322.53,2080712,0.020244835985195886,-0.013096294483030846,0.32147745344515577,401.19,-0.19606670156285055
2022-12-26,NOVA,Technology,324.44,1799006,0.005921929742969789,-0.007251920075882823,0.3245011971331919,401.19,-0.19130586505147185
2022-12-27,NOVA,Technology,325.12,1661263,0.002095919122179879,-0.005171200391662523,0.3174577229391125,401.19,-0.18961090755003862
2022-12-28,NOVA,Technology,323.22,2202217,-0.0058439960629920185,-0.01098497597992476,0.31742920454476353,401.19,-0.1943468182158079
2022-12-29,NOVA,Technology,323.25,1695207,9.281603861133192e-05,-0.01089317952326807,0.2975228121936192,401.19,-0.19427204067898007
2022-12-30,NOVA,Technology,325.3,1332047,0.00634184068058774,-0.00462042165172194,0.24278024449750038,401.19,-0.18916224232907097
2023-01-02,NOVA,Technology,314.11,1034300,-0.03439901629265296,-0.03886049998469843,0.24537437854297092,401.19,-0.21705426356589141
2023-01-03,NOVA,Technology,313.56,2095231,-0.0017509789564166267,-0.04054343502340607,0.24530163264098703,401.19,-0.21842518507440367
2023-01-04,NOVA,Technology,315.47,1343491,0.006091338180890471,-0.03469906061625816,0.2418357362643518,401.19,-0.21366434856302496
2023-01-05,NOVA,Technology,307.5,1520127,-0.02526389197071044,-0.05908631926807428,0.23729202521701415,401.19,-0.23353024751364693
2023-01-06,NOVA,Technology,309.95,1454200,0.007967479674796607,-0.05158960864110462,0.23373939870040933,401.19,-0.2274234153393654
2023-01-09,NOVA,Technology,301.38,1688355,-0.027649620906597838,-0.07781279642605621,0.24564954832419497,401.19,-0.24878486502654606
2023-01-10,NOVA,Technology,302.79,1137809,0.004678478996615665,-0.07349836296318779,0.2433689518058994,401.19,-0.24527032079563293
2023-01-11,NOVA,Technology,299.64,1190239,-0.010403249777073298,-0.0831369909121491,0.242863596905406,401.19,-0.25312196216256644
2023-01-12,NOVA,Technology,309.52,1371640,0.03297290081431048,-0.052905357853185175,0.2732347147102262,401.19,-0.22849522670056588
2023-01-13,NOVA,Technology,321.59,925216,0.038995864564487004,-0.01597258345827668,0.3071706262502559,401.19,-0.19840973105012594
2023-01-16,NOVA,Technology,327.76,1312512,0.019185919960197806,0.0029068877941329507,0.3095061958231508,401.19,-0.18303048430918023
2023-01-17,NOVA,Technology,323.92,2268317,-0.011715889675372182,-0.008843058657934,0.30796691777008406,401.19,-0.19260200902315605
2023-01-18,NOVA,Technology,318.81,746781,-0.015775500123487274,-0.024479055108471037,0.31225903102275293,401.19,-0.20533911612951472
2023-01-19,NOVA,Technology,330.1,1511453,0.03541294187760746,0.010067011413361415,0.3283571901182267,401.19,-0.17719783643660103
2023-01-20,NOVA,Technology,335.38,856393,0.01599515298394416,0.026223187784953472,0.31799349291496753,401.19,-0.16403698995488425
2023-01-23,NOVA,Technology,336.21,1133974,0.0024748046991471817,0.028762889752457443,0.3117547010039183,401.19,-0.16196814476931132
2023-01-24,NOVA,Technology,341.67,2163986,0.016239850093691555,0.045469844863990305,0.3153503526135022,401.19,-0.14835863306662678
2023-01-25,NOVA,Technology,332.22,1123713,-0.027658266748617044,0.016553961017106822,0.3323978987842417,401.19,-0.17191355716742684
2023-01-26,NOVA,Technology,318.71,1470481,-0.04066582385166473,-0.024785043297326892,0.36228886982889824,401.19,-0.20558837458560786
2023-01-27,NOVA,Technology,322.05,1097336,0.010479746477989549,-0.014565037789539326,0.36425578263421404,401.19,-0.1972631421520975
2023-01-30,NOVA,Technology,329.67,1883460,0.023660922217046965,0.008751262201281085,0.3728501337968437,401.19,-0.17826964779780152
2023-01-31,NOVA,Technology,318.03,806541,-0.03530803530803539,-0.02686576298154697,0.37394613676997634,401.19,-0.20728333208704108
2023-02-01,NOVA,Technology,322.4,802696,0.01374084205892534,-0.013494079128543612,0.37642813814919013,401.19,-0.19639073755577163
2023-02-02,NOVA,Technology,320.11,1004067,-0.007102977667493682,-0.020501208653343816,0.37721557086700835,401.19,-0.20209875620030404
2023-02-03,NOVA,Technology,310.01,3712345,-0.03155165411889671,-0.05140601572779091,0.38330406090913904,401.19,-0.2272738602657095
2023-02-06,NOVA,Technology,304.86,3023356,-0.016612367342988876,-0.06716440745387031,0.3868449911415712,401.19,-0.24011067075450532
2023-02-07,NOVA,Technology,295.23,1329873,-0.03158827002558551,-0.09663107004069449,0.39055013656487064,401.19,-0.26411426007627303
2023-02-08,NOVA,Technology,289.89,1699866,-0.018087592724316703,-0.11297083932560015,0.39454723702544764,401.19,-0.2774246616316459
2023-02-09,NOVA,Technology,292.88,1595201,0.010314257132015614,-0.1038217924788084,0.39536608815323016,401.19,-0.26997183379446144
2023-02-10,NOVA,Technology,289.94,2929679,-0.010038240917782049,-0.11281784523117222,0.3767210115904327,401.19,-0.27730003240359924
2023-02-13,NOVA,Technology,290.04,1629765,0.0003448989446093176,-0.11251185704231625,0.34510698044550914,401.19,-0.2770507739475061
2023-02-14,NOVA,Technology,299.16,1462464,0.03144393876706664,-0.08460573421865714,0.35815332587244825,401.19,-0.2543184027518133
2023-02-15,NOVA,Technology,296.19,754401,-0.00992779783393516,-0.09369358342767786,0.35772724291354185,401.19,-0.26172137889777913
2023-02-16,NOVA,Technology,304.07,2767373,0.02660454438029647,-0.06958171414583203,0.3700760344775418,401.19,-0.242079812557641
2023-02-17,NOVA,Technology,309.25,1125081,0.017035551024435103,-0.05373152596309594,0.35169086514144826,401.19,-0.22916822453201724
2023-02-20,NOVA,Technology,303.11,1222483,-0.019854486661277204,-0.07251920075884877,0.3493831283266689,401.19,-0.244472693736135
2023-02-21,NOVA,Technology,297.19,1401278,-0.019530863382930308,-0.09063370153911865,0.3520946497407751,401.19,-0.25922879433684787
2023-02-22,NOVA,Technology,290.07,1349069,-0.023957737474343044,-0.11242006058565956,0.34815973889052537,401.19,-0.27697599641067827
2023-02-23,NOVA,Technology,293.56,1508458,0.012031578584479563,-0.10174107279458833,0.34639977035987557,401.19,-0.2682768762930282
2023-02-24,NOVA,Technology,287.76,1427040,-0.019757460144433914,-0.11948838774823123,0.3267830850892845,401.19,-0.2827338667464294
2023-02-27,NOVA,Technology,291.91,1860801,0.01442174033917154,-0.10678987791071093,0.32935796931919653,401.19,-0.27238964081856465
2023-02-28,NOVA,Technology,296.08,1209356,0.014285224898084925,-0.0940301704354195,0.32075970471047793,401.19,-0.2619955631994816
2023-03-01,NOVA,Technology,301.94,1107082,0.019791948122129144,-0.07609926256846311,0.31162416633422746,401.19,-0.2473890176724245
2023-03-02,NOVA,Technology,304.43,2318741,0.008246671524143823,-0.06848015666595098,0.3086307811283542,401.19,-0.2411824821157057
2023-03-03,NOVA,Technology,305.22,1614518,0.002595013632033627,-0.06606284997398926,0.30865541190431034,401.19,-0.23921334031257002
2023-03-06,NOVA,Technology,302.73,1483776,-0.008158049931197175,-0.07368195587650139,0.2906274520846944,401.19,-0.24541987586928882
2023-03-07,NOVA,Technology,309.74,1971155,0.023155947544016175,-0.052232183837702006,0.29625609828959715,401.19,-0.22794685809716086
2023-03-08,NOVA,Technology,309.25,2813250,-0.0015819719764964546,-0.05373152596309605,0.2720091350272752,401.19,-0.22916822453201724
2023-03-09,NOVA,Technology,306.21,1419966,-0.009830234438156893,-0.06303356690431583,0.26562029895375666,401.19,-0.23674568159724818
2023-03-10,NOVA,Technology,311.36,1865474,0.01681852323568811,-0.047275175178236206,0.2688913333960034,401.19,-0.22390887110845237
2023-03-13,NOVA,Technology,322.01,1394674,0.03420477903391572,-0.01468743306508169,0.28494697827760807,401.19,-0.19736284553453476
2023-03-14,NOVA,Technology,327.7,1494008,0.01767025868761829,0.002723294880819571,0.2875657777430107,401.19,-0.1831800393828361
2023-03-15,NOVA,Technology,332.78,1781469,0.015501983521513552,0.01826749487469992,0.27480255872924886,401.19,-0.1705177098133055
2023-03-16,NOVA,Technology,332.47,1549991,-0.000931546366969016,0.01731893148924679,0.27028129795416483,401.19,-0.171290411027194
2023-03-17,NOVA,Technology,326.97,924730,-0.016542845971065034,0.0004895811021716767,0.2694697418964946,401.19,-0.1849996261123158
2023-03-20,NOVA,Technology,329.23,987303,0.006911949108480808,0.007404914170315191,0.26536079677695834,401.19,-0.17936638500461122
2023-03-21,NOVA,Technology,324.71,1095987,-0.013729004039729209,-0.006425751965972171,0.2594618216563315,401.19,-0.19063286722002049
2023-03-22,NOVA,Technology,328.77,1151558,0.012503464629977534,0.005997368501577727,0.24721494773703354,401.19,-0.18051297390263965
2023-03-23,NOVA,Technology,331.7,1957669,0.008912005353286512,0.014962822435055978,0.2239359480995287,401.19,-0.17320970113911116
2023-03-24,NOVA,Technology,341.11,882953,0.02836900813988552,0.04375631100639721,0.2358542457354407,401.19,-0.14975448042074824
2023-03-27,NOVA,Technology,337.05,1513498,-0.011902318900061548,0.0313331905388472,0.22586682762754565,401.19,-0.15987437373812907
2023-03-28,NOVA,Technology,327.04,970136,-0.029698857736240925,0.0007037728343706195,0.2585528493631953,401.19,-0.1848251451930506
2023-03-29,NOVA,Technology,328.1,1013635,0.003241193737768988,0.003947247636243212,0.25667622117692496,401.19,-0.18218300555846356
2023-03-30,NOVA,Technology,326.21,2594452,-0.005760438890582309,-0.0018359291331336847,0.25339641574091076,401.19,-0.18689399037862364
2023-03-31,NOVA,Technology,318.05,851861,-0.02501456117225087,-0.026804565343775844,0.27159922354855837,401.19,-0.20723348039582234
2023-04-03,NOVA,Technology,330.87,945717,0.04030812765288472,0.012423120467551785,0.3019680697373278,401.19,-0.1752785463246841
2023-04-04,NOVA,Technology,328.01,1454900,-0.008643878260343962,0.0036718582662726984,0.3022195523142721,401.19,-0.18240733816894739
2023-04-05,NOVA,Technology,326.06,1126515,-0.005944940703027313,-0.0022949114164175777,0.29571910381231176,401.19,-0.18726787806276324
2023-04-06,NOVA,Technology,326.61,1933641,0.0016868061093051612,-0.000611976377709933,0.29535148933370264,401.19,-0.1858969565542511
2023-04-07,NOVA,Technology,336.78,1708531,0.031138054560484907,0.030507022428936104,0.3071918129373577,401.19,-0.16054737156958054
2023-04-10,NOVA,Technology,323.63,1385544,-0.03904626165449243,-0.009730424405616,0.33879728185363633,401.19,-0.19332485854582615
2023-04-11,NOVA,Technology,324.21,1037290,0.0017921700707597132,-0.007955692910251777,0.31801523658973535,401.19,-0.19187915950048606
2023-04-12,NOVA,Technology,316.78,2049320,-0.022917244995527608,-0.03069061534224593,0.32148967581277216,401.19,-0.2103990627882052
2023-04-13,NOVA,Technology,322.74,2703620,0.018814319085801,-0.012453719286433573,0.3238820044177027,401.19,-0.19554325880505496
2023-04-14,NOVA,Technology,330.77,972597,0.024880708929788664,0.012117132278696152,0.33631579037896847,401.19,-0.17552780478077723
2023-04-17,NOVA,Technology,335.4,1397451,0.013997641865949095,0.02628438542272482,0.3340550942852641,401.19,-0.16398713826366562
2023-04-18,NOVA,Technology,333.27,1559239,-0.006350626118067915,0.019766837000094073,0.33446867584775514,401.19,-0.16929634337844912
2023-04-19,NOVA,Technology,335.76,1419406,0.007471419569718307,0.02738594290260621,0.3309151685456149,401.19,-0.16308980782173033
2023-04-20,NOVA,Technology,339.48,1616330,0.011079342387419588,0.03876870352804618,0.3303711893752007,401.19,-0.15381739325506616
2023-04-21,NOVA,Technology,338.38,1885327,-0.00324024979380233,0.03540283345063111,0.32972571455117294,401.19,-0.15655923627209056
2023-04-24,NOVA,Technology,336.38,2002020,-0.005910514805839595,0.029283069673512907,0.31513742981241855,401.19,-0.16154440539395298
2023-04-25,NOVA,Technology,323.38,1614395,-0.0386467685355848,-0.010495394877755526,0.3399924945418979,401.19,-0.193948004686059
2023-04-26,NOVA,Technology,324.41,2643641,0.0031851073041004874,-0.007343716532539624,0.32467089083138806,401.19,-0.1913806425882998
2023-04-27,NOVA,Technology,323.79,1393087,-0.0019111618014241438,-0.009240843303446322,0.3244763797372667,401.19,-0.19292604501607713
2023-04-28,NOVA,Technology,328.97,1303509,0.01599802341023504,0.00660934487928988,0.32869958308426356,401.19,-0.18001445699045338
2023-05-01,NOVA,Technology,332.69,1136387,0.011308022008085672,0.017992105504729627,0.3168977005726945,401.19,-0.1707420424237892
2023-05-02,NOVA,Technology,324.41,1394537,-0.024888033905437368,-0.007343716532539624,0.2984023398673018,401.19,-0.1913806425882998
2023-05-03,NOVA,Technology,335.67,1376881,0.03470916432908977,0.027110553532635917,0.32092750759282584,401.19,-0.16331414043221415
2023-05-04,NOVA,Technology,326.37,1784564,-0.027705782464920947,-0.0013463480309637843,0.3356297454318875,401.19,-0.18649517684887462
2023-05-05,NOVA,Technology,331.01,1023077,0.014216992983423715,0.012851503931950559,0.3390901957683609,401.19,-0.1749295844861537
2023-05-08,NOVA,Technology,331.5,1551661,0.0014803178151718832,0.014350846057344713,0.32078813546007096,401.19,-0.17370821805129744
2023-05-09,NOVA,Technology,340.18,1646743,0.026184012066365003,0.04091062085003783,0.3011562184154815,401.19,-0.1520725840624143
2023-05-10,NOVA,Technology,344.0,1417821,0.011229349168087488,0.05259936966433365,0.30262782898070834,401.19,-0.142550911039657
2023-05-11,NOVA,Technology,337.75,1410062,-0.018168604651162767,0.03347510786083929,0.2979142202622376,401.19,-0.15812956454547722
2023-05-12,NOVA,Technology,339.67,906761,0.00568467801628425,0.03935008108687277,0.2926835539943159,401.19,-0.1533438021884892
2023-05-15,NOVA,Technology,327.84,1248445,-0.03482792121765255,0.003151678345218345,0.30809169294386735,401.19,-0.18283107754430572
2023-05-16,NOVA,Technology,323.27,2204174,-0.013939726695949228,-0.010831981885496722,0.3070189609404204,401.19,-0.19422218898776145
2023-05-17,NOVA,Technology,328.42,1036327,0.015930955547994063,0.0049264098405827905,0.31230740947585145,401.19,-0.18138537849896552
2023-05-18,NOVA,Technology,329.47,1194853,0.003197125631812847,0.00813928582356982,0.3112799274394394,401.19,-0.1787681647099877
2023-05-19,NOVA,Technology,336.75,1185845,0.022096093726287513,0.03041522597228008,0.3187887431339991,401.19,-0.16062214910640848
2023-05-22,NOVA,Technology,332.73,1611871,-0.01193763919821822,0.018114500780272547,0.32125104199472704,401.19,-0.17064233904135195
2023-05-23,NOVA,Technology,344.46,937657,0.035253809395004776,0.05400691533307067,0.34355957546871985,401.19,-0.14140432214162868
2023-05-24,NOVA,Technology,348.53,2095865,0.011815595424722769,0.06646063461950624,0.3126062943728712,401.19,-0.13125950297863864
2023-05-25,NOVA,Technology,352.53,1223562,0.01147677387886259,0.07870016217374265,0.31373250711239004,401.19,-0.12128916473491369
2023-05-26,NOVA,Technology,341.28,1167143,-0.03191217768700538,0.04427649092745267,0.337361948931427,401.19,-0.14933074104539001
2023-05-29,NOVA,Technology,338.74,1337872,-0.007442569151429823,0.03650439093051272,0.3355078731967192,401.19,-0.15566190583015527
2023-05-30,NOVA,Technology,340.12,2027118,0.004073921001358061,0.04072702793672445,0.33380405367872296,401.19,-0.1522221391360702
2023-05-31,NOVA,Technology,346.99,1817186,0.020198753381159618,0.0617484165111255,0.3257396517562531,401.19,-0.13509808320247263
2023-06-01,NOVA,Technology,345.44,1347837,-0.004466987521254295,0.05700559958385876,0.3059803284885353,401.19,-0.13896158927191604
2023-06-02,NOVA,Technology,344.5,1191772,-0.002721167207040298,0.054129310608613146,0.28757315874245315,401.19,-0.14130461875919142
2023-06-05,NOVA,Technology,345.71,686422,0.003512336719883935,0.05783176769376963,0.28456260019566226,401.19,-0.13828859144046468
2023-06-06,NOVA,Technology,342.77,1747072,-0.008504237655838742,0.04883571494140582,0.2869833496479498,401.19,-0.14561679004960248
2023-06-07,NOVA,Technology,350.09,1625157,0.02135542783790889,0.07123405036565855,0.2822516343213411,401.19,-0.12737107106358592
2023-06-08,NOVA,Technology,350.96,1320748,0.002485075266360104,0.073896147608705,0.2800782969600709,401.19,-0.12520252249557573
2023-06-09,NOVA,Technology,359.39,1216319,0.02401983131980856,0.09969095192925836,0.28162709241183687,401.19,-0.10419003464692544
2023-06-12,NOVA,Technology,365.08,1163030,0.015832382648376386,0.11710167987515963,0.28496924425415454,401.19,-0.09000722849522669
2023-06-13,NOVA,Technology,366.54,1475713,0.003999123479785371,0.12156910743245608,0.2484015514187164,401.19,-0.0863680550362671
2023-06-14,NOVA,Technology,380.65,1304802,0.038495116494789094,0.16474404088002514,0.2628374452471525,401.19,-0.05119768688152748
2023-06-15,NOVA,Technology,380.54,1026709,-0.0002889793773807048,0.16440745387228373,0.2626302677217991,401.19,-0.05147187118322982
2023-06-16,NOVA,Technology,384.24,1546105,0.009723025174751543,0.17572901685995235,0.26235969540212684,401.19,-0.042249308307784283
2023-06-19,NOVA,Technology,376.49,1971109,-0.02016968561315846,0.15201493222361928,0.2733147629125241,401.19,-0.061566838655001344
2023-06-20,NOVA,Technology,364.46,1960668,-0.0319530399213791,0.11520455310425315,0.29713098963255796,401.19,-0.09155263092300414
2023-06-21,NOVA,Technology,366.72,1263040,0.00620095483729366,0.12211988617239689,0.27551704527347626,401.19,-0.08591938981529945
2023-06-22,NOVA,Technology,362.45,873764,-0.011643760907504519,0.10905419050824938,0.27817082981119035,401.19,-0.09656272589047588
2023-06-23,NOVA,Technology,364.24,1564384,0.004938612222375571,0.11453137908877031,0.2762837154237548,401.19,-0.09210099952640893
2023-06-26,NOVA,Technology,364.15,1137303,-0.00024708983088084224,0.1142559897187998,0.2480774680092332,401.19,-0.09232533213689276
2023-06-27,NOVA,Technology,365.15,1040530,0.0027461211039407907,0.11731587160735901,0.24505754655901582,401.19,-0.0898327475759616
2023-06-28,NOVA,Technology,360.65,1221818,-0.012323702587977547,0.10354640310884311,0.2512429615318464,401.19,-0.10104937810015213
2023-06-29,NOVA,Technology,369.95,1443642,0.025786773880493552,0.13200330467244292,0.2567718506968502,401.19,-0.07786834168349166
2023-06-30,NOVA,Technology,366.97,1505074,-0.008055142586835928,0.12288485664453686,0.2584138484493947,401.19,-0.08529624367506661
2023-07-03,NOVA,Technology,377.47,2056691,0.028612693135678713,0.1550136164744076,0.2720934933449455,401.19,-0.059124105785288705
2023-07-04,NOVA,Technology,374.64,1178636,-0.007497284552414829,0.1463541507297852,0.2752520998214643,401.19,-0.06617812009272417
2023-07-05,NOVA,Technology,367.02,1510832,-0.020339525944907177,0.12303785073896467,0.2848983310432936,401.19,-0.08517161444702015
2023-07-06,NOVA,Technology,363.19,1317999,-0.010435398615879166,0.11131850310578328,0.28092862510932787,401.19,-0.09471821331538677
2023-07-07,NOVA,Technology,365.64,742030,0.006745780445496896,0.11881521373275317,0.28142783475850464,401.19,-0.08861138114110523
2023-07-10,NOVA,Technology,366.77,656993,0.003090471502023906,0.12227288026682492,0.26999685996444034,401.19,-0.085794760587253
2023-07-11,NOVA,Technology,365.24,1098350,-0.0041715516536248165,0.11759126097732953,0.26509702146072245,401.19,-0.08960841496547767
2023-07-12,NOVA,Technology,365.86,862106,0.0016975139634212155,0.119488387748236,0.26479600404703535,401.19,-0.08806301253770032
2023-07-13,NOVA,Technology,369.89,1089246,0.011015142404198208,0.1318197117591291,0.22924025222030978,401.19,-0.07801789675714754
2023-07-14,NOVA,Technology,366.94,1608921,-0.007975344021195485,0.12279306018787972,0.23037138633421408,401.19,-0.08537102121189466
2023-07-17,NOVA,Technology,367.38,1452823,0.001199106120891802,0.12413940821884584,0.2269448190325459,401.19,-0.08427428400508485
2023-07-18,NOVA,Technology,383.96,943760,0.04513038271000047,0.1748722499311559,0.269879215408025,401.19,-0.04294723198484518
2023-07-19,NOVA,Technology,379.53,833246,-0.011537660172934672,0.16131697316483917,0.24666919897809647,401.19,-0.05398938158977051
2023-07-20,NOVA,Technology,380.99,1808654,0.0038468632255685975,0.16578440072213563,0.24630393458315264,401.19,-0.050350208130810814
2023-07-21,NOVA,Technology,383.38,576938,0.006273130528360316,0.1730975184357919,0.24163617016284636,401.19,-0.044392931030185157
2023-07-24,NOVA,Technology,402.5,2135762,0.04987218947258598,0.23160246014504215,0.291640435454835,402.5,0.0
2023-07-25,NOVA,Technology,405.28,1263880,0.006906832298136489,0.2401089317952363,0.2910941355841312,405.28,0.0
2023-07-26,NOVA,Technology,416.33,2122512,0.027265100671141074,0.27392062666381456,0.3006541879166214,416.33,0.0
2023-07-27,NOVA,Technology,409.69,1400423,-0.015948886700453913,0.2536030109237821,0.3037502497103012,416.33,-0.015948886700453913
2023-07-28,NOVA,Technology,398.54,1064021,-0.02721569967536419,0.21948532786634822,0.3160625440731013,416.33,-0.042730526265222224
2023-07-31,NOVA,Technology,391.3,1263205,-0.018166307020625272,0.19733178299318022,0.3226872077974932,416.33,-0.06012057742656063
2023-08-01,NOVA,Technology,399.56,1324667,0.021109123434704724,0.22260640739267834,0.31624026415211093,416.33,-0.040280546681718765
2023-08-02,NOVA,Technology,398.96,1152489,-0.0015016518169987947,0.22077047825954277,0.3144337927607407,416.33,-0.04172171114260326
2023-08-03,NOVA,Technology,395.7,1238363,-0.008171245237617808,0.21079526330284004,0.30566682668151907,416.33,-0.0495520380467418
2023-08-04,NOVA,Technology,400.15,1499161,0.01124589335355064,0.22441173770692813,0.3021844869354541,416.33,-0.03886340162851587
2023-08-07,NOVA,Technology,389.16,1112552,-0.027464700737223402,0.19078363575166368,0.32199154465562,416.33,-0.06526073067038152
2023-08-08,NOVA,Technology,387.89,1332796,-0.003263439202384699,0.1868975857531936,0.3227618493129905,416.33,-0.06831119544592035
2023-08-09,NOVA,Technology,382.01,1535194,-0.01515893681198277,0.16890548024846597,0.327981572292857,416.33,-0.08243460716258733
2023-08-10,NOVA,Technology,386.33,1078973,0.011308604486793605,0.1821241700070415,0.3294306876320312,416.33,-0.07205822304421972
2023-08-11,NOVA,Technology,392.49,1642090,0.015944917557528582,0.2009730424405658,0.33141660549147806,416.33,-0.05726226791247324
2023-08-14,NOVA,Technology,395.53,1933983,0.007745420265484304,0.21027508338178524,0.3293045317530692,416.33,-0.049960367977325726
2023-08-15,NOVA,Technology,393.11,1335147,-0.006118372816221185,0.20287016921147227,0.3309989145481587,416.33,-0.055773064636226
2023-08-16,NOVA,Technology,392.16,1691800,-0.0024166263895601947,0.1999632814173411,0.29449655949829034,416.33,-0.05805490836595961
2023-08-17,NOVA,Technology,395.2,1174211,0.007751937984496138,0.20926532235856077,0.29157585255316615,416.33,-0.0507530084308121
2023-08-18,NOVA,Technology,391.03,1708735,-0.010551619433198378,0.19650561488326934,0.2947304154950565,416.33,-0.06076910143395864
2023-08-21,NOVA,Technology,390.74,513561,-0.0007416310768993961,0.19561824913558734,0.29427105154554145,416.33,-0.0614656642567194
2023-08-22,NOVA,Technology,388.46,2534536,-0.005835082151814608,0.18864171842967248,0.23520797504212806,416.33,-0.06694208920808009
2023-08-23,NOVA,Technology,399.06,1436243,0.02728723678113587,0.2210764664483993,0.2542994276517088,416.33,-0.041481517065789064
2023-08-24,NOVA,Technology,395.86,1287652,-0.008018844284067517,0.21128484440501016,0.2341340293840472,416.33,-0.049167727523839244
2023-08-25,NOVA,Technology,384.3,2504748,-0.02920224321729903,0.17591260977326684,0.24796570104701982,416.33,-0.07693416280354515
2023-08-28,NOVA,Technology,386.66,910743,0.006141035649232407,0.18313393103026643,0.23328280815430938,416.33,-0.07126558259073323
2023-08-29,NOVA,Technology,378.53,1079792,-0.0210262245900793,0.15825709127628063,0.23607606102689738,416.33,-0.09079336103571689
2023-08-30,NOVA,Technology,389.64,1171496,0.029350381739888576,0.1922523790581725,0.2474607233138622,416.33,-0.06410779910167419
2023-08-31,NOVA,Technology,384.31,1598501,-0.013679293707011597,0.1759432085921524,0.25128772795236004,416.33,-0.07691014339586377
2023-09-01,NOVA,Technology,388.57,2187333,0.011084801332257754,0.18897830543741412,0.2538420088866888,416.33,-0.06667787572358463
2023-09-04,NOVA,Technology,397.02,1166524,0.02174640347942458,0.2148343073957386,0.2625480585224661,416.33,-0.04638147623279609
2023-09-05,NOVA,Technology,403.36,1384708,0.01596896881769183,0.23423395856920348,0.24854587547819354,416.33,-0.031153171762784315
2023-09-06,NOVA,Technology,403.36,1233544,0.0,0.23423395856920348,0.24796051291506513,416.33,-0.031153171762784315
2023-09-07,NOVA,Technology,400.91,1618917,-0.0060739785799285295,0.22673724794223382,0.24197322173748856,416.33,-0.037037926644728825
2023-09-08,NOVA,Technology,399.63,2512399,-0.0031927365244071026,0.22282059912487795,0.2404654378598384,416.33,-0.04011241082794892
2023-09-11,NOVA,Technology,403.69,1115586,0.010159397442634388,0.23524371959242796,0.23696345488428436,416.33,-0.030360531309297834
2023-09-12,NOVA,Technology,416.75,2125262,0.03235155688771085,0.27520577705701,0.2594666672728904,416.75,0.0
2023-09-13,NOVA,Technology,424.17,1445520,0.01780443911217766,0.2979101006701188,0.26253303580943005,424.17,0.0
2023-09-14,NOVA,Technology,417.98,966339,-0.01459320555437682,0.2789694317799378,0.26943897047706566,424.17,-0.01459320555437682
2023-09-15,NOVA,Technology,413.34,1761386,-0.01110100961768512,0.2647715798170234,0.2732935401073327,424.17,-0.02553221585684995
2023-09-18,NOVA,Technology,414.65,1936905,0.0031693037209077346,0.2687800250910357,0.2692801460180585,424.17,-0.02244383148266038
2023-09-19,NOVA,Technology,433.92,952861,0.04647292897624511,0.32774394908356985,0.3080420688629757,433.92,0.0
2023-09-20,NOVA,Technology,419.55,880692,-0.03311670353982299,0.2837734463449755,0.3337593454400384,433.92,-0.03311670353982299
2023-09-21,NOVA,Technology,428.28,2167821,0.02080800858062193,0.3104862152320964,0.32875160613104787,433.92,-0.012997787610619538
2023-09-22,NOVA,Technology,430.38,1244091,0.004903334267301718,0.31691196719807047,0.3260465389833368,433.92,-0.008158185840708043
2023-09-25,NOVA,Technology,424.93,1659768,-0.012663227845160052,0.3002356109054234,0.3093085559905497,433.92,-0.020718104719763986
2023-09-26,NOVA,Technology,428.5,1526071,0.008401383757324687,0.31115938924757947,0.3095147894855394,433.92,-0.012490781710914445
2023-09-27,NOVA,Technology,437.6,2564952,0.021236872812135488,0.33900431443346757,0.2990396794282456,437.6,0.0
2023-09-28,NOVA,Technology,446.72,773156,0.020840950639853695,0.3669104372571266,0.2924409309277392,446.72,0.0
2023-09-29,NOVA,Technology,454.21,915185,0.016766654727793595,0.3898289526024341,0.2846325311970287,454.21,0.0
2023-10-02,NOVA,Technology,464.77,1331439,0.023249157878514337,0.4221413053456182,0.28929836315301916,464.77,0.0
2023-10-03,NOVA,Technology,462.64,991607,-0.004582911977967563,0.41562375692298725,0.28873849626630743,464.77,-0.004582911977967563
2023-10-04,NOVA,Technology,470.32,1440478,0.016600380425384698,0.43912364982712115,0.2889809361049827,470.32,0.0
2023-10-05,NOVA,Technology,461.79,2201826,-0.018136587855077324,0.41302285731771193,0.30146929112770954,470.32,-0.018136587855077324
2023-10-06,NOVA,Technology,457.62,2290810,-0.009030078607159098,0.4002631498424205,0.30320822050622315,470.32,-0.027002891648239435
2023-10-09,NOVA,Technology,465.95,1282113,0.018202875748437597,0.425751965974118,0.303655017060814,470.32,-0.009291546181323329
2023-10-10,NOVA,Technology,456.64,2040476,-0.01998068462281366,0.39726446559163264,0.3179565682340641,470.32,-0.029086579350229624
2023-10-11,NOVA,Technology,459.45,3329820,0.0061536440084093424,0.4058627336984839,0.3032915908467209,470.32,-0.023111923796564016
2023-10-12,NOVA,Technology,464.88,1758975,0.011818478615736261,0.42247789235335986,0.30076311118882904,470.32,-0.01156659295798601
2023-10-13,NOVA,Technology,462.27,861749,-0.00561435209086214,0.4144916006242205,0.2951200000244344,470.32,-0.0171160061234904
2023-10-16,NOVA,Technology,469.38,2789824,0.015380621714582432,0.43624736085187577,0.29117941516938534,470.32,-0.0019986392243578344
2023-10-17,NOVA,Technology,468.26,1821941,-0.0023861263794793253,0.43282029313668957,0.29254850353241585,470.32,-0.004379996598060876
2023-10-18,NOVA,Technology,463.98,1190746,-0.009140221244607671,0.4197239986536565,0.256773406323268,470.32,-0.013480183704711601
2023-10-19,NOVA,Technology,465.07,1022659,0.0023492391913444433,0.423059269912186,0.22014072534940135,470.32,-0.01116261268923291
2023-10-20,NOVA,Technology,458.78,973921,-0.013524845722149403,0.4038126128331492,0.22121774033218494,470.32,-0.02453648579690426
2023-10-23,NOVA,Technology,460.94,1257782,0.0047081389772876125,0.41042195771243684,0.22120176528546595,470.32,-0.019943868004762666
2023-10-24,NOVA,Technology,464.71,1616757,0.008178938690502013,0.4219577124323046,0.2138339905133584,470.32,-0.011928048987923101
2023-10-25,NOVA,Technology,451.07,1338046,-0.029351638656366363,0.38022092347235836,0.24285898323276542,470.32,-0.04092957986052048
2023-10-26,NOVA,Technology,442.84,2305041,-0.018245505132241102,0.35503809552951693,0.24311129170919196,470.32,-0.05842830413335609
2023-10-27,NOVA,Technology,448.55,1486537,0.012894047511516682,0.37251002111318954,0.23626942306266413,470.32,-0.04628763395135227
2023-10-30,NOVA,Technology,447.41,2154632,-0.0025415226842046,0.3690217557602322,0.22865915050657046,470.32,-0.04871151556387132
2023-10-31,NOVA,Technology,461.46,1355032,0.03140296372454787,0.4120130962944877,0.2408052172114163,470.32,-0.0188382377955435
2023-11-01,NOVA,Technology,460.04,648389,-0.0030771897889306787,0.4076680640127339,0.24051864509096102,470.32,-0.021857458751488257
2023-11-02,NOVA,Technology,476.29,1176023,0.035323015389966184,0.4573911447018195,0.26450505266902286,476.29,0.0
2023-11-03,NOVA,Technology,491.02,3536844,0.030926536353901968,0.5024632049202951,0.2748082924807142,491.02,0.0
2023-11-06,NOVA,Technology,486.95,974805,-0.008288868070546962,0.4900094856338595,0.27440881909423365,491.02,-0.008288868070546962
2023-11-07,NOVA,Technology,483.22,1052480,-0.007659924016839459,0.4785961261895342,0.2710836460023053,491.02,-0.015885299987780432
2023-11-08,NOVA,Technology,471.31,1223952,-0.024647158644095946,0.442152932896795,0.2762562142015374,491.02,-0.04014093112296846
2023-11-09,NOVA,Technology,466.95,759181,-0.009250811567757977,0.42881184786267723,0.2782389907471467,491.02,-0.049020406500753566
2023-11-10,NOVA,Technology,469.88,2327819,0.006274761751793534,0.4377773017961555,0.27615711766753315,491.02,-0.0430532361207282
2023-11-13,NOVA,Technology,458.38,1525995,-0.024474333872478105,0.40258866007772576,0.288980568601469,491.02,-0.06647387071809696
2023-11-14,NOVA,Technology,466.61,1417610,0.017954535538199812,0.4277714880205674,0.2908656105356184,491.02,-0.04971284265406695
2023-11-15,NOVA,Technology,466.09,1591991,-0.0011144210368402296,0.42618034943851657,0.2907742648897194,491.02,-0.0507718626532524
2023-11-16,NOVA,Technology,473.0,1359797,0.014825462893432562,0.4473241332884599,0.2931882137433451,491.02,-0.03669911612561605
2023-11-17,NOVA,Technology,480.82,1815399,0.01653276955602534,0.4712524096569921,0.2980392139919391,491.02,-0.0207730845994053
2023-11-20,NOVA,Technology,470.4,3122677,-0.02167131150950463,0.4393684403782061,0.3045660315243651,491.02,-0.04199421612154297
2023-11-21,NOVA,Technology,471.16,1286804,0.0016156462585035225,0.44169395061351113,0.30432683155930546,491.02,-0.040446417661194944
2023-11-22,NOVA,Technology,488.37,877824,0.036526869853128474,0.49435451791561347,0.32745961810942836,491.02,-0.005396928842002269
2023-11-23,NOVA,Technology,491.81,1350907,0.007043839711694089,0.504880511612257,0.30634723822387233,491.81,0.0
2023-11-24,NOVA,Technology,485.49,1021469,-0.012850491043289058,0.4855420580765635,0.301881475171118,491.81,-0.012850491043289058
2023-11-27,NOVA,Technology,481.68,2182188,-0.007847741457084556,0.4738839080811532,0.30321370336303854,491.81,-0.020597385169069393
2023-11-28,NOVA,Technology,481.03,1571145,-0.0013494436140176758,0.4718949848535896,0.3029388772068966,491.81,-0.021919033773205143
2023-11-29,NOVA,Technology,474.79,1092098,-0.01297216389830147,0.4528013218689808,0.29041814913557756,491.81,-0.034606860372908166
2023-11-30,NOVA,Technology,474.96,2935534,0.0003580530339728494,0.45332150179003583,0.2899771645466581,491.81,-0.03426119843028819
2023-12-01,NOVA,Technology,481.59,1109683,0.013959070237493654,0.4736085187111827,0.26730261951685413,491.81,-0.02078038266810356
2023-12-04,NOVA,Technology,484.26,2455920,0.005544135052638177,0.48177840335363564,0.2445879078062814,491.81,-0.015351456863422874
2023-12-05,NOVA,Technology,489.07,1085231,0.009932680791310489,0.4964964352376051,0.24546426878681787,491.81,-0.0055712571928183685
2023-12-06,NOVA,Technology,489.78,816457,0.0014517349254707934,0.4986689513784821,0.2437551330184024,491.81,-0.004127610255993175
2023-12-07,NOVA,Technology,488.82,1434143,-0.001960063702070247,0.49573146476546537,0.22598802819264702,491.81,-0.0060795835790243835
2023-12-08,NOVA,Technology,508.9,1256574,0.04107851560901765,0.5571738930877324,0.25962922512144987,508.9,0.0
2023-12-11,NOVA,Technology,511.61,2065196,0.0053252112399293505,0.5654661730057278,0.259555885852691,511.61,0.0
2023-12-12,NOVA,Technology,523.78,610667,0.023787650749594436,0.6027049355894922,0.24589222052879056,523.78,0.0
2023-12-13,NOVA,Technology,512.55,1024706,-0.02144029936232772,0.5683424619809734,0.26019100125974154,523.78,-0.02144029936232772
2023-12-14,NOVA,Technology,501.65,1931130,-0.021266217929957976,0.5349897493956792,0.274733821241937,523.78,-0.04225056321356291
2023-12-15,NOVA,Technology,496.08,1573257,-0.011103358915578565,0.517946207276405,0.2761220532868149,523.78,-0.052884798961395973
2023-12-18,NOVA,Technology,500.79,954676,0.009494436381228821,0.5323582509715183,0.27264200971617863,523.78,-0.04389247393944018
2023-12-19,NOVA,Technology,494.09,909157,-0.013378861398989694,0.5118570423181721,0.26494483970538524,523.78,-0.056684104013135284
2023-12-20,NOVA,Technology,482.46,1134219,-0.023538221781456814,0.4762706159542296,0.2798791155245586,523.78,-0.07888808278284776
2023-12-21,NOVA,Technology,480.42,1649116,-0.004228329809725095,0.47002845690156914,0.24911921870238418,523.78,-0.08278284776051004
2023-12-22,NOVA,Technology,461.76,667375,-0.038841014112651506,0.4129310608610559,0.2800214049057203,523.78,-0.11840849211501014
2023-12-25,NOVA,Technology,440.31,1352280,-0.04645270270270263,0.347296594351463,0.31690641652020524,523.78,-0.15936080033601885
2023-12-26,NOVA,Technology,424.74,1159606,-0.035361449887579166,0.2996542333465977,0.3344691862897004,523.78,-0.18908702126847143
2023-12-27,NOVA,Technology,435.45,1089221,0.025215425907614053,0.3324255683730657,0.3511275323959071,523.78,-0.168639505135744
2023-12-28,NOVA,Technology,437.88,1077955,0.005580434033758186,0.33986108136226445,0.3513654191891436,523.78,-0.16400015273588142
2023-12-29,NOVA,Technology,428.61,2077647,-0.021170183611948445,0.31149597625532155,0.3561820684301918,523.78,-0.18169842300202366
2024-01-01,NOVA,Technology,423.26,2045740,-0.01248220993443927,0.2951256081515303,0.3505204708678621,523.78,-0.19191263507579515
2024-01-02,NOVA,Technology,424.9,996326,0.0038746869536454565,0.30014381444876714,0.34988107162261073,523.78,-0.18878154950551762
2024-01-03,NOVA,Technology,421.62,1784947,-0.007719463403153659,0.2901074018542933,0.3450789962194971,523.78,-0.19504372064607278
2024-01-04,NOVA,Technology,418.56,1175570,-0.007257720222000885,0.28074416327530227,0.34376619780307516,523.78,-0.20088586811256626
2024-01-05,NOVA,Technology,410.08,1677595,-0.020259938837920544,0.25479636486032087,0.3460682808820234,523.78,-0.21707587154912367
2024-01-08,NOVA,Technology,411.88,1481694,0.004389387436597669,0.26030415225972714,0.3007418420323277,523.78,-0.2136393142158921
2024-01-09,NOVA,Technology,421.54,947991,0.02345343303874925,0.28986261130320834,0.31831019299758745,523.78,-0.1951964565275497
2024-01-10,NOVA,Technology,422.2,1526272,0.0015656877164680338,0.29188213334965707,0.29815126335044373,523.78,-0.19393638550536485
2024-01-11,NOVA,Technology,419.72,1894340,-0.005873993368071928,0.2842936262660305,0.2955190417303403,523.78,-0.1986711978311504
2024-01-12,NOVA,Technology,430.81,1809222,0.0264223768226437,0.318227716410151,0.31661481181035117,523.78,-0.17749818626140745
2024-01-15,NOVA,Technology,425.25,1181200,-0.012905921403867149,0.3012147731097623,0.31696824839777804,523.78,-0.18811333002405584
2024-01-16,NOVA,Technology,434.04,877926,0.02067019400352743,0.32811113491019706,0.3265671980343947,523.78,-0.17133147504677526
2024-01-17,NOVA,Technology,436.68,1813633,0.006082388719933718,0.3361892230959933,0.3284196418859907,523.78,-0.1662911909580358
2024-01-18,NOVA,Technology,439.2,1553699,0.00577081615828523,0.34390012545516235,0.32397879209398833,523.78,-0.16148001069151163
2024-01-19,NOVA,Technology,440.5,1251463,0.0029599271402549476,0.34787797191028913,0.3249440481743673,523.78,-0.1589980526175111
2024-01-22,NOVA,Technology,452.72,1065955,0.02774120317820672,0.38526972858848163,0.31653677836623983,523.78,-0.135667646721906
2024-01-23,NOVA,Technology,443.06,2070137,-0.021337692171761846,0.35571126954500043,0.28078419749379185,523.78,-0.15411050441024854
2024-01-24,NOVA,Technology,451.99,1057086,0.020155283708752858,0.3830360148098335,0.2563790803700014,523.78,-0.1370613616403833
2024-01-25,NOVA,Technology,442.77,1571777,-0.02039868138675638,0.35482390379731843,0.2554691567486004,523.78,-0.15466417198060256
2024-01-26,NOVA,Technology,443.09,1485863,0.0007227228583688294,0.35580306600165734,0.2549054820972657,523.78,-0.1540532284546947
2024-01-29,NOVA,Technology,430.92,1295658,-0.02746620325441773,0.3185643034178931,0.2625264761126933,523.78,-0.1772881744243766
2024-01-30,NOVA,Technology,428.15,1707672,-0.006428107305300412,0.3100884305865841,0.25960885350812857,523.78,-0.18257665432051629
2024-01-31,NOVA,Technology,440.68,1186847,0.029265444353614445,0.34842875065022993,0.2778143250299725,523.78,-0.15865439688418792
2024-02-01,NOVA,Technology,445.51,1042707,0.01096033402922747,0.3632079801719703,0.2772141021546016,523.78,-0.14943296804001682
2024-02-02,NOVA,Technology,444.46,1925346,-0.0023568494534353945,0.3599951041889833,0.27549424587798127,523.78,-0.15143762648440184
2024-02-05,NOVA,Technology,445.31,1174174,0.001912433064842789,0.3625960037942586,0.2622910508550012,523.78,-0.14981480774370914
2024-02-06,NOVA,Technology,459.24,2220084,0.03128157912465479,0.4052201585018871,0.2787412232597935,523.78,-0.1232196723815342
2024-02-07,NOVA,Technology,450.78,1113664,-0.01842174026652743,0.3793335577246768,0.28218360118907376,523.78,-0.13937149184772235
2024-02-08,NOVA,Technology,445.73,2435840,-0.011202804028572544,0.3638811541874536,0.2866316226883245,523.78,-0.14901294436595514
2024-02-09,NOVA,Technology,449.29,1383472,0.00798689789783058,0.3747743337107241,0.28540172954810933,523.78,-0.14221619764023052
2024-02-12,NOVA,Technology,458.67,1319048,0.020877384317478764,0.40347602582540865,0.2803679663997344,523.78,-0.12430791553705745
2024-02-13,NOVA,Technology,446.66,1220877,-0.026184402729631295,0.36672684434381364,0.2934111886296198,523.78,-0.14723738974378542
2024-02-14,NOVA,Technology,453.93,1346025,0.01627636233376606,0.38897218567363834,0.29036250309090417,523.78,-0.13335751651456718
2024-02-15,NOVA,Technology,446.61,893423,-0.016125834379750126,0.3665738502493856,0.2968320707907341,523.78,-0.1473328496697086
2024-02-16,NOVA,Technology,444.1,968407,-0.005620115984863783,0.3588935467091021,0.29726256230489784,523.78,-0.1521249379510481
2024-02-19,NOVA,Technology,443.31,2335940,-0.0017788786309390625,0.3564762400171404,0.2972609049805737,523.78,-0.15363320478063303
2024-02-20,NOVA,Technology,442.53,2168958,-0.0017594911010354597,0.35408953214406425,0.28023781805667264,523.78,-0.1551223796250334
2024-02-21,NOVA,Technology,436.93,1816341,-0.012654509298804517,0.3369541935681333,0.2738131545126675,523.78,-0.16581389132842028
2024-02-22,NOVA,Technology,432.66,1070217,-0.00977273247430932,0.323888497903986,0.264815899784427,523.78,-0.1739661690022528
2024-02-23,NOVA,Technology,427.65,1567344,-0.011579531271668442,0.3085584896423046,0.25876638573949623,523.78,-0.1835312535797472
2024-02-26,NOVA,Technology,422.77,1085176,-0.011411200748275396,0.2936262660261362,0.26084268000669025,523.78,-0.1928481423498415
2024-02-27,NOVA,Technology,422.96,2121499,0.00044941694065325777,0.2942076435849623,0.2440271431518163,523.78,-0.19248539463133374
2024-02-28,NOVA,Technology,427.79,1375299,0.01141951957631937,0.3089868731067029,0.24663616999850627,523.78,-0.18326396578716242
2024-02-29,NOVA,Technology,435.11,1291788,0.01711119942027639,0.33138520853095565,0.231648991967637,523.78,-0.16928863263202099
2024-03-01,NOVA,Technology,423.38,1510711,-0.026958700098825616,0.2954927939781573,0.24486778120151065,523.78,-0.19168353125357973
2024-03-04,NOVA,Technology,413.6,1367896,-0.023099815768340415,0.26556714910804935,0.25524090118181714,523.78,-0.21035549276413756
2024-03-05,NOVA,Technology,417.9,1856677,0.010396518375241692,0.2787246412288533,0.25908614067138724,523.78,-0.2021459391347512
2024-03-06,NOVA,Technology,426.67,1089432,0.020985881789902017,0.30555980539151695,0.2439892942258109,523.78,-0.1854022681278399
2024-03-07,NOVA,Technology,414.31,1237911,-0.028968523683408742,0.26773966524892634,0.2546807285170022,523.78,-0.20899996181602953
2024-03-08,NOVA,Technology,415.67,828759,0.0032825661943955975,0.27190110461736694,0.25438052226480157,523.78,-0.20640345183092135
2024-03-11,NOVA,Technology,417.46,1215125,0.00430630067120541,0.27737829319788765,0.2526553644439286,523.78,-0.20298598648287447
2024-03-12,NOVA,Technology,408.55,1304116,-0.021343362238298247,0.2501147455708259,0.24377358397527402,523.78,-0.21999694528237035
2024-03-13,NOVA,Technology,409.6,2980412,0.002570064863541832,0.25332762155381294,0.23296773032476695,523.78,-0.21799228683798533
2024-03-14,NOVA,Technology,413.8,1666352,0.01025390625,0.2661791254857613,0.22722226215489028,523.78,-0.20997365306044513
2024-03-15,NOVA,Technology,413.3,721192,-0.0012083131947800974,0.2646491845414818,0.22328168741087756,523.78,-0.21092825231967616
2024-03-18,NOVA,Technology,407.52,1069173,-0.013984998790225078,0.24696306722561,0.2261026489917215,523.78,-0.22196341975638623
2024-03-19,NOVA,Technology,410.86,1019872,0.008195916764821343,0.25718307273339747,0.22993830073847882,523.78,-0.2155866967047233
2024-03-20,NOVA,Technology,408.12,804709,-0.006668938324490115,0.24879899635874536,0.2300954841128053,523.78,-0.22081790064530904
2024-03-21,NOVA,Technology,401.47,2625303,-0.016294227188081933,0.22845078179982736,0.23220667632645645,523.78,-0.23351407079308095
2024-03-22,NOVA,Technology,404.23,966585,0.006874735347597527,0.23689605581225037,0.23407320181120306,523.78,-0.22824468288212596
2024-03-25,NOVA,Technology,397.22,1878509,-0.017341612448358634,0.215446283773451,0.23752051737461571,523.78,-0.24162816449654423
2024-03-26,NOVA,Technology,400.17,1430032,0.007426614974069823,0.22447293534470036,0.23847871191669096,523.78,-0.2359960288670815
2024-03-27,NOVA,Technology,389.47,1071699,-0.02673863607966609,0.19173219913711792,0.25242521900288073,523.78,-0.25642445301462435
2024-03-28,NOVA,Technology,384.49,1259008,-0.012786607440881226,0.17649398733209343,0.2479241336457074,523.78,-0.2659322616365649
2024-03-29,NOVA,Technology,367.44,1447062,-0.04434445629275141,0.12432300113216055,0.2694795007880712,523.78,-0.2984840963763412
2024-04-01,NOVA,Technology,366.25,1735960,-0.003238623993032874,0.12068174168477519,0.2607023468642042,523.78,-0.3007560426133109
2024-04-02,NOVA,Technology,372.17,965452,0.016163822525597338,0.1387962424650453,0.2651168460211747,523.78,-0.28945358738401616
2024-04-03,NOVA,Technology,375.93,1126577,0.010102909960501893,0.15030139836602752,0.26490555476513644,523.78,-0.28227500095459923
2024-04-04,NOVA,Technology,384.86,1736797,0.023754422365866112,0.1776261436308606,0.26846310179471,523.78,-0.265225858184734
2024-04-05,NOVA,Technology,384.95,1222020,0.00023385127059194488,0.1779015330008309,0.2539521216519579,523.78,-0.2650540303180725
2024-04-08,NOVA,Technology,393.51,1173642,0.02223665411092357,0.20409412196689702,0.2682921072337499,523.78,-0.2487112910000382
2024-04-09,NOVA,Technology,389.79,1289751,-0.009453381108485148,0.19271136134145705,0.2681484857039372,523.78,-0.2558135094887165
2024-04-10,NOVA,Technology,384.58,1231126,-0.013366171528258919,0.17676937670206394,0.2626871802332939,523.78,-0.26576043376990344
2024-04-11,NOVA,Technology,387.67,1211713,0.008034739196006058,0.18622441173771165,0.2647539116441069,523.78,-0.2598610103478559
2024-04-12,NOVA,Technology,385.46,913489,-0.005700724843294647,0.17946207276399595,0.2608221136454894,523.78,-0.2640803390736569
2024-04-15,NOVA,Technology,380.04,1077597,-0.014061121776578478,0.16287751292800579,0.2633467192842629,523.78,-0.2744281950437206
2024-04-16,NOVA,Technology,378.95,1599784,-0.0028681191453532318,0.15954224166947628,0.26076167970264663,523.78,-0.27650922142884415
2024-04-17,NOVA,Technology,390.8,1202239,0.03127061617627658,0.19580184204890183,0.28475524864116925,523.78,-0.25388521898507
2024-04-18,NOVA,Technology,384.05,1730836,-0.01727226202661203,0.17514763930112798,0.28917409091763924,523.78,-0.2667723089846882
2024-04-19,NOVA,Technology,377.5,805344,-0.01705507095430281,0.15510541293106583,0.2896353528866604,523.78,-0.27927755928061393
2024-04-22,NOVA,Technology,372.4,797861,-0.013509933774834448,0.13950001529941436,0.2896923059343284,523.78,-0.2890144717247699
2024-04-23,NOVA,Technology,369.28,1299239,-0.008378088077336199,0.12995318380710996,0.2860299575439416,523.78,-0.29497117110237125
2024-04-24,NOVA,Technology,366.23,1004246,-0.008259315424609892,0.12062054404700495,0.28376212777445137,523.78,-0.30079422658368005
2024-04-25,NOVA,Technology,366.25,1468494,5.4610490675122136e-05,0.12068174168477608,0.2717026131845701,523.78,-0.3007560426133109
2024-04-26,NOVA,Technology,370.27,1363544,0.010976109215016905,0.1329824668767836,0.27314451167994247,523.78,-0.2930810645690939
2024-04-29,NOVA,Technology,359.84,1183886,-0.02816863369973266,0.10106789877911204,0.24565181053480953,523.78,-0.3129940051166521
2024-04-30,NOVA,Technology,349.09,1140066,-0.029874388617163183,0.06817416847710156,0.2654068202192841,523.78,-0.33351788919011804
2024-05-01,NOVA,Technology,347.23,1887458,-0.005328138875361543,0.062482788164381686,0.2570314870586592,523.78,-0.33706899843445715
2024-05-02,NOVA,Technology,359.88,1780199,0.036431183941479706,0.10119029405465452,0.28842932118423914,523.78,-0.3129176371759135
2024-05-03,NOVA,Technology,348.3,2956425,-0.03217739246415463,0.06575686178514006,0.2907668979708577,523.78,-0.33502615601970287
2024-05-06,NOVA,Technology,357.23,1997299,0.025638817111685253,0.09308160704997293,0.30882659342333674,523.78,-0.3179770132498376
2024-05-07,NOVA,Technology,356.38,1521669,-0.0023794194216611997,0.0904807074446976,0.294548902453222,523.78,-0.3195998319905303
2024-05-08,NOVA,Technology,344.99,954055,-0.03196026713059086,0.0556286527340093,0.30922750438127145,523.78,-0.34134560311581197
2024-05-09,NOVA,Technology,343.1,1206217,-0.005478419664338041,0.049845475964632735,0.30794138667470317,523.78,-0.344953988315705
2024-05-10,NOVA,Technology,339.77,621214,-0.00970562518216278,0.03965606927573062,0.3044165560147331,523.78,-0.35131161938218336
2024-05-13,NOVA,Technology,338.19,1826761,-0.004650204550136761,0.03482145589180741,0.3044550567791673,523.78,-0.35432815304135323
2024-05-14,NOVA,Technology,344.31,1105183,0.018096336378958577,0.05354793304978922,0.3140044098528302,523.78,-0.34264385810836606
2024-05-15,NOVA,Technology,344.43,993597,0.0003485231332229777,0.053915118876416424,0.3144130831754364,523.78,-0.34241475428615065
2024-05-16,NOVA,Technology,340.41,2181830,-0.011671457190140178,0.04161439368440889,0.287116263627537,523.78,-0.35008973233036766
2024-05-17,NOVA,Technology,336.54,998159,-0.011368643694368519,0.02977265077568525,0.28501922188901546,523.78,-0.35747833059681533
2024-05-20,NOVA,Technology,329.39,1573641,-0.021245617162893082,0.007894495272487534,0.2874055558852808,523.78,-0.3711291000038184
2024-05-21,NOVA,Technology,323.9,1795634,-0.016667172652478857,-0.008904256295702018,0.2886070630803264,523.78,-0.38161059987017454
2024-05-22,NOVA,Technology,316.96,486950,-0.021426366162395794,-0.03013983660230224,0.29319984348691985,523.78,-0.3948604375883005
2024-05-23,NOVA,Technology,316.23,1516690,-0.0023031297324582756,-0.032373550380950356,0.29362530537299153,523.78,-0.39625415250677753
2024-05-24,NOVA,Technology,310.53,1802596,-0.01802485532681919,-0.0498148771457374,0.2949812885238596,523.78,-0.4071365840620108
2024-05-27,NOVA,Technology,325.1,1979533,0.04691978230766769,-0.005232398029430874,0.3455444325476982,523.78,-0.37931956164802005
2024-05-28,NOVA,Technology,323.12,1982337,-0.006090433712703791,-0.01129096416877795,0.33599065012008067,523.78,-0.3830997747145748
2024-05-29,NOVA,Technology,320.7,1616890,-0.007489477593463745,-0.018695878339091032,0.32375165630166414,523.78,-0.3877200351292527
2024-05-30,NOVA,Technology,316.34,1454596,-0.013595260367945117,-0.03203696337320883,0.32549404959088557,523.78,-0.3960441406697468
2024-05-31,NOVA,Technology,313.67,1285045,-0.008440285768476774,-0.040206848015661545,0.2900540350006205,523.78,-0.4011417007140402
2024-06-03,NOVA,Technology,319.7,1671762,0.01922402524946598,-0.021755760227650134,0.2870570635557688,523.78,-0.38962923364771473
2024-06-04,NOVA,Technology,325.35,809400,0.017672818267125523,-0.004467427557291015,0.27790285854636265,523.78,-0.37884226201840465
2024-06-05,NOVA,Technology,338.78,751859,0.04127862302136154,0.03662678620605786,0.3197059380515501,523.78,-0.35320172591546073
2024-06-06,NOVA,Technology,337.17,1060559,-0.004752346655646611,0.031700376365477734,0.3011687781080189,523.78,-0.3562755355301843
2024-06-07,NOVA,Technology,332.8,2686360,-0.012960820950855712,0.018328692512474376,0.30369976444592356,523.78,-0.3646187330558631
2024-06-10,NOVA,Technology,338.06,1113501,0.015805288461538503,0.034423671246295307,0.3076129609514622,523.78,-0.3545763488487532
2024-06-11,NOVA,Technology,344.47,1700053,0.01896113116014919,0.05403751415195934,0.3139852925713816,523.78,-0.34233838634541214
2024-06-12,NOVA,Technology,356.44,756916,0.03474903474903468,0.09066430035801187,0.3302477308569647,523.78,-0.3194852800794227
2024-06-13,NOVA,Technology,349.68,1389539,-0.018965323757154096,0.06997949879135223,0.3380419239614082,523.78,-0.33239146206422543
2024-06-14,NOVA,Technology,359.31,1282223,0.027539464653397294,0.09944616137817652,0.34679513545070195,523.78,-0.31400588033143684
2024-06-17,NOVA,Technology,349.21,936928,-0.02810943196682536,0.06854135430372943,0.36001058295275623,523.78,-0.3332887853679025
2024-06-18,NOVA,Technology,352.28,1051812,0.008791271727613736,0.07793519170160579,0.35047971365402797,523.78,-0.32742754591622436
2024-06-19,NOVA,Technology,346.78,1661710,-0.015612580901555595,0.06110584131453067,0.3497358567010044,523.78,-0.3379281377677651
2024-06-20,NOVA,Technology,358.67,831566,0.03428686775477252,0.0974878369694987,0.35297134779898076,523.78,-0.3152277673832524
2024-06-21,NOVA,Technology,359.86,1458704,0.00331781303147749,0.10112909641688406,0.3518129293224882,523.78,-0.31295582114628273
2024-06-24,NOVA,Technology,357.54,1379524,-0.006446951592285921,0.09403017043542694,0.34387959396983925,523.78,-0.31738516170911446
2024-06-25,NOVA,Technology,358.08,2417580,0.0015103205235775796,0.09568250665524869,0.31187578553548445,523.78,-0.31635419450914504
2024-06-26,NOVA,Technology,365.71,983785,0.0213080875781948,0.11902940546495477,0.31426037517532485,523.78,-0.30178700981328044
2024-06-27,NOVA,Technology,350.99,1902908,-0.040250471685215006,0.07398794406536457,0.3505096956748541,523.78,-0.3298904120050402
2024-06-28,NOVA,Technology,359.66,1103323,0.024701558448958716,0.10051712003917213,0.35065103575488843,523.78,-0.31333766084997505
2024-07-01,NOVA,Technology,357.92,1767807,-0.004837902463437738,0.09519292555307923,0.3489528566296609,523.78,-0.31665966627209896
2024-07-02,NOVA,Technology,359.94,939866,0.005643719266875236,0.10137388696796856,0.3458877096632744,523.78,-0.3128030852648058
2024-07-03,NOVA,Technology,356.16,1535996,-0.010501750291715184,0.08980753342921521,0.34755743395915134,523.78,-0.3200198556645919
2024-07-04,NOVA,Technology,358.98,1628832,0.007917789757412308,0.09843640035495183,0.32135686850116313,523.78,-0.31463591584252926
2024-07-05,NOVA,Technology,348.54,1472558,-0.029082400133712216,0.06649123343839469,0.33926438648078505,523.78,-0.33456794837527204
2024-07-08,NOVA,Technology,358.36,1705081,0.02817467148677344,0.09653927358404535,0.3465636030197641,523.78,-0.3158196189239757
2024-07-09,NOVA,Technology,364.82,686162,0.018026565464895672,0.1163061105841372,0.34762040852144627,523.78,-0.30348619649471154
2024-07-10,NOVA,Technology,357.28,2085341,-0.020667726550079535,0.09323460114440141,0.3529979121865924,523.78,-0.31788155332391466
2024-07-11,NOVA,Technology,359.58,550267,0.006437527989252123,0.1002723294880874,0.3329324070440854,523.78,-0.3134903967314522
2024-07-12,NOVA,Technology,364.18,1309181,0.012792702597475003,0.1143477861754596,0.32751570253673723,523.78,-0.3047080835465271
2024-07-15,NOVA,Technology,360.62,856692,-0.009775385798231673,0.10345460665218909,0.3163720717886829,523.78,-0.3115048302722516
2024-07-16,NOVA,Technology,358.6,1384273,-0.005601464145083446,0.09727364523729976,0.3000349485594393,523.78,-0.31536141127954476
2024-07-17,NOVA,Technology,364.1,1103697,0.015337423312883347,0.11410299562437487,0.30290052801416817,523.78,-0.304860819428004
2024-07-18,NOVA,Technology,362.45,801132,-0.0045317220543807935,0.10905419050825227,0.2972790284970789,523.78,-0.30801099698346635
2024-07-19,NOVA,Technology,375.27,1507652,0.03537039591667823,0.14828187631958034,0.29876915970471374,523.78,-0.2835350719767842
2024-07-22,NOVA,Technology,379.73,1181957,0.011884776294401433,0.161928949542554,0.3005958715715515,523.78,-0.2750200465844438
2024-07-23,NOVA,Technology,374.73,1857521,-0.013167250414768406,0.14662954009975837,0.30406348192735655,523.78,-0.2845660391767535
2024-07-24,NOVA,Technology,380.54,1286642,0.01550449657086439,0.16440745387228684,0.30738580849364266,523.78,-0.2734735957844896
2024-07-25,NOVA,Technology,383.26,1452060,0.007147737425763356,0.1727303326091676,0.3006455679766916,523.78,-0.2682805758142731
2024-07-26,NOVA,Technology,370.63,1423403,-0.03295413035537231,0.1340840243566659,0.2884154447244639,523.78,-0.29239375310244753
2024-07-29,NOVA,Technology,382.16,1775138,0.031109192456088453,0.16936446253175275,0.2953306569685169,523.78,-0.2703806941845812
2024-07-30,NOVA,Technology,381.4,1566149,-0.0019886958342056893,0.16703895229644772,0.2945346416838258,523.78,-0.27183168505861244
2024-07-31,NOVA,Technology,386.53,1133144,0.013450445726271631,0.1827361463847561,0.29658709308429454,523.78,-0.26203749665890264
2024-08-01,NOVA,Technology,379.0,878251,-0.019481023465190206,0.1596952357639061,0.30350390396662763,523.78,-0.2764137615029211
2024-08-02,NOVA,Technology,374.8,1396571,-0.011081794195250683,0.14684373183195776,0.30685184030784274,523.78,-0.28443239528046116
2024-08-05,NOVA,Technology,377.18,1817967,0.00635005336179284,0.15412625072672825,0.2850642418848314,523.78,-0.2798885028065218
2024-08-06,NOVA,Technology,379.18,1765820,0.005302508086324931,0.16024601450384668,0.27121917648540145,523.78,-0.2760701057695979
2024-08-07,NOVA,Technology,385.23,1422189,0.01595548288411841,0.17875829992962933,0.2698486096739985,523.78,-0.26451945473290306
2024-08-08,NOVA,Technology,384.16,1659165,-0.002777561456791977,0.17548422630887117,0.2571170090056337,523.78,-0.26656229714765733
2024-08-09,NOVA,Technology,374.21,2266867,-0.02590066638900468,0.14503840151770775,0.2762854013568519,523.78,-0.2855588224063538
2024-08-12,NOVA,Technology,367.47,998702,-0.01801127709040362,0.12441479758881946,0.2817396839357536,523.78,-0.2984268204207873
2024-08-13,NOVA,Technology,367.19,1785706,-0.000761966963289562,0.1235580306600228,0.27928562958162484,523.78,-0.2989613960059566
2024-08-14,NOVA,Technology,364.38,1521513,-0.0076527138538631245,0.11495976255317175,0.2799867414071673,523.78,-0.3043262438428348
2024-08-15,NOVA,Technology,364.37,2320395,-2.7443877270938444e-05,0.11492916373428619,0.27502579505978453,523.78,-0.30434533582801937
2024-08-16,NOVA,Technology,380.85,1124147,0.045228750994867895,0.1653560172577404,0.3153515058276922,523.78,-0.27288174424376643
2024-08-19,NOVA,Technology,371.28,1651486,-0.025128003150846956,0.1360729475842295,0.30549454431404655,523.78,-0.2911527740654474
2024-08-20,NOVA,Technology,381.61,947850,0.027822667528550005,0.16768152749304543,0.31824882456185233,523.78,-0.2714307533697353
2024-08-21,NOVA,Technology,381.35,1542866,-0.0006813238646785624,0.16688595820202012,0.3144457813579958,523.78,-0.2719271449845354
2024-08-22,NOVA,Technology,370.61,1399110,-0.02816310475940742,0.1340228267188952,0.3252992917187821,523.78,-0.2924319370728168
2024-08-23,NOVA,Technology,375.44,2090899,0.01303256792855012,0.14880205624063558,0.3277991332810849,523.78,-0.2832105082286456
2024-08-26,NOVA,Technology,383.81,764731,0.022293841892179866,0.17441326764787535,0.31509439739952677,523.78,-0.267230516629119
2024-08-27,NOVA,Technology,380.02,1212679,-0.009874677574841728,0.1628163152902362,0.2987036492451251,523.78,-0.2744663790140899
2024-08-28,NOVA,Technology,393.71,1215825,0.03602441976738069,0.2047060983446105,0.3236577165676678,523.78,-0.24832945129634576
2024-08-29,NOVA,Technology,378.94,1793508,-0.03751492215082164,0.15951164285059227,0.3476290107023202,523.78,-0.2765283134140287
2024-08-30,NOVA,Technology,382.02,994301,0.008127935820974264,0.16893607906735442,0.3419614545273814,523.78,-0.270647981977166
2024-09-02,NOVA,Technology,380.91,3075551,-0.002905607036280733,0.165539610171054,0.3396075472821994,523.78,-0.27276719233265867
2024-09-03,NOVA,Technology,374.01,1320888,-0.01811451523982055,0.14442642513999604,0.3452672270318485,523.78,-0.2859406621100462
2024-09-04,NOVA,Technology,377.92,2156773,0.010454265928718565,0.15639056332426238,0.3467554929284232,523.78,-0.2784756959028599
2024-09-05,NOVA,Technology,375.55,648603,-0.006271168501270075,0.14913864324837722,0.3424453930217129,523.78,-0.28300049639161473
2024-09-06,NOVA,Technology,372.96,1725909,-0.006896551724138056,0.141213549157009,0.34301302388974536,523.78,-0.2879453205544312
2024-09-09,NOVA,Technology,360.33,1722707,-0.0338642213642214,0.1025672409045073,0.35125290397223724,523.78,-0.31205849784260564
2024-09-10,NOVA,Technology,354.62,1288742,-0.01584658507479253,0.0850953153208347,0.3500538983997243,523.78,-0.3229600213830234
2024-09-11,NOVA,Technology,360.68,1838659,0.017088714680502992,0.10363819956550291,0.355916767005029,523.78,-0.31139027836114397
2024-09-12,NOVA,Technology,359.67,1892460,-0.0028002661639126014,0.10054771885805813,0.35510342289796865,523.78,-0.3133185688647905
2024-09-13,NOVA,Technology,366.09,1560860,0.01784969555425797,0.12019216058260751,0.36068425239376123,523.78,-0.3010615143762648
2024-09-16,NOVA,Technology,376.66,771869,0.028872681581032067,0.1525351121446774,0.33890245925242124,523.78,-0.28088128603612195
2024-09-17,NOVA,Technology,377.55,1089290,0.0023628736791800886,0.15525840702549498,0.326695827161322,523.78,-0.27918209935469085
2024-09-18,NOVA,Technology,378.03,2501921,0.0012713547874452225,0.15672715033200313,0.31183788135426616,523.78,-0.2782656840658292
2024-09-19,NOVA,Technology,381.45,937754,0.009046901039600153,0.16719194639087553,0.31349057519843726,523.78,-0.27173622513268925
2024-09-20,NOVA,Technology,380.58,1784774,-0.0022807707432166424,0.1645298491478291,0.2963384851563642,523.78,-0.2733972278437512
2024-09-23,NOVA,Technology,389.14,1479518,0.022491985916233137,0.19072243811389522,0.30274702193522274,523.78,-0.2570544885257169
2024-09-24,NOVA,Technology,389.42,1001907,0.0007195353857223363,0.19157920504269166,0.29350236600458124,523.78,-0.25651991294054743
2024-09-25,NOVA,Technology,392.75,868495,0.008551178675979543,0.20176861173159333,0.2919519903952624,523.78,-0.2501622818740692
2024-09-26,NOVA,Technology,388.38,1806321,-0.011126670910248215,0.18839692787858997,0.26677307299887126,523.78,-0.258505479399748
2024-09-27,NOVA,Technology,391.68,2138460,0.008496832998609705,0.19849453811083517,0.23166760359027927,523.78,-0.25220512428882347
2024-09-30,NOVA,Technology,379.02,1544003,-0.03232230392156865,0.15975643340167678,0.2583201887105569,523.78,-0.2763755775325518
2024-10-01,NOVA,Technology,382.11,956803,0.008152604084217252,0.16921146843732449,0.25972357498374665,523.78,-0.2704761541105043
2024-10-02,NOVA,Technology,368.16,2160406,-0.03650781188662944,0.12652611609192488,0.2829154938150925,523.78,-0.2971094734430485
2024-10-03,NOVA,Technology,374.16,1654617,0.01629726205997395,0.1448854074232797,0.2864929952211371,523.78,-0.28565428233227685
2024-10-04,NOVA,Technology,373.5,1172444,-0.001763951250801865,0.14286588537683054,0.2857377171801534,523.78,-0.2869143533544618
2024-10-07,NOVA,Technology,385.09,1984245,0.031030789825970517,0.17832991646523078,0.3040013183714391,523.78,-0.26478674252548784
2024-10-08,NOVA,Technology,401.64,2813259,0.042976966423433405,0.22897096172088416,0.3072512101373598,523.78,-0.23318950704494257
2024-10-09,NOVA,Technology,398.74,1532573,-0.007220396374863047,0.22009730424406282,0.30114173186338683,523.78,-0.23872618274848212
2024-10-10,NOVA,Technology,408.21,1880852,0.023749811907508578,0.24907438572871765,0.3051534093246168,523.78,-0.22064607277864756
2024-10-11,NOVA,Technology,420.88,2180373,0.031037946155165308,0.28784308925676183,0.3150867463733837,523.78,-0.19645652754973464
2024-10-14,NOVA,Technology,425.9,1687647,0.011927390229994339,0.3032036963373286,0.313345950173053,523.78,-0.18687235098705568
2024-10-15,NOVA,Technology,423.36,918600,-0.005963841277295101,0.2954315963403884,0.30645303712856614,523.78,-0.19172171522394887
2024-10-16,NOVA,Technology,408.35,1068534,-0.035454459561602425,0.24950276919311598,0.33809947706704063,523.78,-0.22037878498606278
2024-10-17,NOVA,Technology,406.36,1474691,-0.004873270478755964,0.24341360423488334,0.3393822173222072,523.78,-0.2241780900378021
2024-10-18,NOVA,Technology,409.81,1295157,0.008490008859139753,0.25397019675041244,0.33927641175772955,523.78,-0.21759135514910832
2024-10-21,NOVA,Technology,407.85,1149080,-0.0047827041799858305,0.24797282824883649,0.3399364692034642,523.78,-0.2213333842452937
2024-10-22,NOVA,Technology,413.91,963220,0.01485840382493575,0.2665157124935049,0.33556872900368073,523.78,-0.2097636412234143
2024-10-23,NOVA,Technology,408.83,895416,-0.01227319948781147,0.25097151249962435,0.3397496192204241,523.78,-0.21946236969720112
2024-10-24,NOVA,Technology,412.7,1523814,0.00946603722818784,0.2628132554083482,0.3399683763417237,523.78,-0.21207377143075334
2024-10-25,NOVA,Technology,415.17,1564334,0.005984976980857759,0.2703711636730892,0.3364244042844022,523.78,-0.20735805109015226
2024-10-28,NOVA,Technology,418.32,2193980,0.007587253414264028,0.28000979162205053,0.3362653414103366,523.78,-0.2013440757569972
2024-10-29,NOVA,Technology,422.23,1271466,0.009346911455345275,0.29197392980631687,0.3105634813058775,523.78,-0.1938791095498109
2024-10-30,NOVA,Technology,419.5,2279726,-0.00646567036923007,0.2836204522505503,0.31301215538568783,523.78,-0.19909122150521208
2024-10-31,NOVA,Technology,423.08,2106340,0.008533969010727116,0.29457482941159197,0.27498428044669015,523.78,-0.19225629080911832
2024-11-01,NOVA,Technology,429.54,1500748,0.015268979861964738,0.31434166641168404,0.2745588476476887,523.78,-0.17992286837985405
2024-11-04,NOVA,Technology,427.56,1273415,-0.004609582343902852,0.30828310027233696,0.2758428596630583,523.78,-0.1837030814464088
2024-11-05,NOVA,Technology,425.55,654422,-0.004701094583216325,0.3021327376763332,0.2634628023555701,523.78,-0.18754057046851724
2024-11-06,NOVA,Technology,424.4,1777670,-0.0027023851486313033,0.2986138735044901,0.2249886406265959,523.78,-0.18973614876474854
2024-11-07,NOVA,Technology,436.85,1292411,0.0293355325164939,0.3367094030170512,0.23978115137994752,523.78,-0.1659666272098972
2024-11-08,NOVA,Technology,428.83,988710,-0.0183587043607647,0.31216915027080683,0.24147162046605644,523.78,-0.18127839932796208
2024-11-11,NOVA,Technology,425.72,2114225,-0.007252291117692211,0.3026529175973882,0.21983322377570555,523.78,-0.18721600672037864
2024-11-12,NOVA,Technology,430.18,2086700,0.010476369444705425,0.31629999082036186,0.21894986836259195,523.78,-0.17870098132803847
2024-11-13,NOVA,Technology,431.81,1659311,0.003789111534706402,0.32128759829871334,0.21788832605695357,523.78,-0.1755889877429455
2024-11-14,NOVA,Technology,431.55,1511106,-0.0006021166716843052,0.32049202900768803,0.17322409219162196,523.78,-0.1760853793577456
2024-11-15,NOVA,Technology,419.2,1265880,-0.02861777314332059,0.282702487683983,0.20322039440153725,523.78,-0.19966398106075067
2024-11-18,NOVA,Technology,415.94,1388272,-0.007776717557251844,0.27272727272728026,0.2040423499522507,523.78,-0.20588796823093658
2024-11-19,NOVA,Technology,423.82,1381501,0.01894504015002152,0.29683914200912587,0.21227252354929227,523.78,-0.19084348390545647
2024-11-20,NOVA,Technology,421.52,1759903,-0.00542683214572226,0.2898014136654399,0.20828211926828447,523.78,-0.19523464049791894
2024-11-21,NOVA,Technology,434.48,937988,0.03074587208198909,0.3294574829411663,0.22639396229368405,523.78,-0.170491427698652
2024-11-22,NOVA,Technology,434.96,1433504,0.0011047689191676646,0.33092622624767465,0.22523410920582623,523.78,-0.16957501240979034
2024-11-25,NOVA,Technology,432.28,1562847,-0.006161486113665626,0.32272574278633614,0.22685857725649236,523.78,-0.17469166443926842
2024-11-26,NOVA,Technology,454.66,1457529,0.05177199962986956,0.39120589945228934,0.28476153025525636,523.78,-0.1319638015960899
2024-11-27,NOVA,Technology,462.18,1653641,0.01653983196234554,0.414216211254254,0.28750018303033664,523.78,-0.11760662873725602
2024-11-28,NOVA,Technology,461.0,707116,-0.002553117832878926,0.4106055506257542,0.2859405373982357,523.78,-0.11985948298904114
2024-11-29,NOVA,Technology,471.12,3206959,0.021952277657266928,0.44157155533797265,0.2919491968221045,523.78,-0.10053839398220621
2024-12-02,NOVA,Technology,471.85,769097,0.0015494990660553931,0.44380526911662077,0.28990388137453676,523.78,-0.09914467906372892
2024-12-03,NOVA,Technology,466.59,1300069,-0.011147610469428915,0.4277102903827996,0.29339601236291407,523.78,-0.10918706327083894
2024-12-04,NOVA,Technology,465.41,1438565,-0.0025289869049914815,0.4240996297542998,0.2926491966843897,523.78,-0.11143991752262394
2024-12-05,NOVA,Technology,466.19,1400439,0.001675941642852452,0.42648633762737576,0.29169568247092675,523.78,-0.10995074267822369
2024-12-06,NOVA,Technology,477.64,2168312,0.02456080138999117,0.46152198525137766,0.2870341788683464,523.78,-0.08809041964183428
2024-12-09,NOVA,Technology,477.62,2489625,-4.187253998821916e-05,0.46146078761360654,0.27550563453302707,523.78,-0.08812860361220354
2024-12-10,NOVA,Technology,459.79,1618726,-0.03733093254051334,0.4069030935405975,0.3102639649193357,523.78,-0.12216961319638009
2024-12-11,NOVA,Technology,467.33,2591899,0.016398790752299774,0.4299746029803331,0.31252688691719377,523.78,-0.10777425636717708
2024-12-12,NOVA,Technology,461.18,1218893,-0.013159865619583488,0.4111563293656946,0.31822670616727283,523.78,-0.11951582725571797
2024-12-13,NOVA,Technology,463.12,1012720,0.004206600459690346,0.4170925002294992,0.3179141653158031,523.78,-0.11581198212990185
2024-12-16,NOVA,Technology,467.19,1649580,0.008788219036102829,0.4295462195159345,0.2958556448435972,523.78,-0.10804154415976164
2024-12-17,NOVA,Technology,469.23,1859539,0.00436653181789004,0.4357883785685952,0.29203873753566806,523.78,-0.10414677918209925
2024-12-18,NOVA,Technology,473.48,787367,0.009057391897363765,0.44879287659497136,0.2884676980733678,523.78,-0.09603268547863597
2024-12-19,NOVA,Technology,471.78,862721,-0.0035904367660726244,0.4435910773844207,0.2876645844739488,523.78,-0.09927832296002137
2024-12-20,NOVA,Technology,443.12,1150218,-0.0607486540336597,0.3558948624583165,0.3536591041457961,523.78,-0.15399595249914078
2024-12-23,NOVA,Technology,441.43,1183114,-0.0038138653186495786,0.3507236620666516,0.35408189359636777,523.78,-0.1572224979953415
2024-12-24,NOVA,Technology,440.57,1299330,-0.0019482137598260119,0.34809216364249074,0.35331678805531475,523.78,-0.15886440872121876
2024-12-25,NOVA,Technology,442.5,1522318,0.004380688653335518,0.35399773568741,0.3021916991311564,523.78,-0.15517965558058722
2024-12-26,NOVA,Technology,444.63,1302758,0.004813559322033978,0.36051528411004097,0.2962317395691094,523.78,-0.15111306273626324
2024-12-27,NOVA,Technology,427.52,1197901,-0.03848143400130444,0.3081607049967945,0.3225539872792287,523.78,-0.1837794493871473
2024-12-30,NOVA,Technology,429.9,2635172,0.005566991017964096,0.3154432238915652,0.31112965853642865,523.78,-0.1792355569132078
2024-12-31,NOVA,Technology,439.56,937884,0.022470341939986094,0.3450016829350464,0.3241382431782444,523.78,-0.1607926992248654
2022-01-03,ORBIT,Financials,140.12,960875,,0.0,,140.12,0.0
2022-01-04,ORBIT,Financials,138.09,1898541,-0.01448758207250933,-0.01448758207250933,,140.12,-0.01448758207250933
2022-01-05,ORBIT,Financials,141.69,1007815,0.02606995437757975,0.011204681701398655,,141.69,0.0
2022-01-06,ORBIT,Financials,141.39,1720860,-0.002117298327334427,0.009063659720239592,,141.69,-0.002117298327334427
2022-01-07,ORBIT,Financials,146.04,1447675,0.032887757267133555,0.04224950042820419,,146.04,0.0
2022-01-10,ORBIT,Financials,144.48,1053395,-0.010682004930156141,0.03111618612617728,,146.04,-0.010682004930156141
2022-01-11,ORBIT,Financials,143.75,991531,-0.005052602436323328,0.02590636597202378,,146.04,-0.015680635442344548
2022-01-12,ORBIT,Financials,141.76,1063511,-0.013843478260869624,0.011704253497002215,,146.04,-0.029307039167351445
2022-01-13,ORBIT,Financials,142.36,1606776,0.004232505643340989,0.015986297459320342,,146.04,-0.02519857573267581
2022-01-14,ORBIT,Financials,143.07,1285262,0.0049873559988760086,0.021053382814729904,,146.04,-0.020336894001643402
2022-01-17,ORBIT,Financials,143.13,1607467,0.00041937513105483326,0.021481587210961717,,146.04,-0.01992604765817585
2022-01-18,ORBIT,Financials,138.04,965940,-0.0355620764340111,-0.014844419069369508,,146.04,-0.05477951246233914
2022-01-19,ORBIT,Financials,136.7,1104241,-0.009707331208345438,-0.024407650585213103,,146.04,-0.06395508079978096
2022-01-20,ORBIT,Financials,137.04,429547,0.002487198244330635,-0.021981159006566275,,146.04,-0.06162695152013142
2022-01-21,ORBIT,Financials,133.59,803817,-0.025175131348511348,-0.04660291178989484,,146.04,-0.08525061626951513
2022-01-24,ORBIT,Financials,135.32,906051,0.012950071113107198,-0.034256351698544685,,146.04,-0.07340454669953433
2022-01-25,ORBIT,Financials,135.44,540188,0.000886786875554213,-0.03339994290608106,,146.04,-0.07258285401259923
2022-01-26,ORBIT,Financials,136.57,775106,0.008343177790903766,-0.02533542677704881,,146.04,-0.06484524787729384
2022-01-27,ORBIT,Financials,139.95,1472483,0.024749212857875014,-0.0012132457893241355,,146.04,-0.041700903861955685
2022-01-28,ORBIT,Financials,138.1,1150963,-0.013219006788138588,-0.014416214673137917,,146.04,-0.05436866611887148
2022-01-31,ORBIT,Financials,140.71,1273555,0.018899348298334617,0.004210676562945492,,146.04,-0.03649685017803328
2022-02-01,ORBIT,Financials,140.3,937856,-0.0029137943287612655,0.001284613188694772,0.2689065294231063,146.04,-0.03930430019172815
2022-02-02,ORBIT,Financials,142.55,846924,0.01603706343549538,0.017342278047387305,0.2686922291619012,146.04,-0.023897562311695264
2022-02-03,ORBIT,Financials,144.13,709420,0.011083830235005143,0.02861832714815793,0.2562592520598631,146.04,-0.013078608600383457
2022-02-04,ORBIT,Financials,146.67,937291,0.017622979254839244,0.046745646588637335,0.26234565053338743,146.67,0.0
2022-02-07,ORBIT,Financials,148.54,783504,0.012749710233858291,0.060091350271195054,0.24073797834682792,148.54,0.0
2022-02-08,ORBIT,Financials,148.96,1112653,0.002827521206409056,0.06308878104481774,0.23705591993350167,148.96,0.0
2022-02-09,ORBIT,Financials,150.78,821940,0.012218045112782017,0.07607764773051584,0.23852879945718142,150.78,0.0
2022-02-10,ORBIT,Financials,148.06,984525,-0.018039527788831444,0.056665715101340774,0.24253498328806533,150.78,-0.018039527788831444
2022-02-11,ORBIT,Financials,144.88,2073906,-0.021477779278670894,0.033970882101055144,0.25579020457186474,150.78,-0.03912985807136227
2022-02-14,ORBIT,Financials,145.18,1075210,0.0020706791827720394,0.03611190408221421,0.2554108958188077,150.78,-0.03714020427112341
2022-02-15,ORBIT,Financials,146.01,1991032,0.005717040914726468,0.042035398230087395,0.2559645131884107,150.78,-0.03163549542379629
2022-02-16,ORBIT,Financials,145.16,2693618,-0.005821519074035941,0.03596916928347027,0.22062344789043745,150.78,-0.03727284785780616
2022-02-17,ORBIT,Financials,144.83,1111251,-0.0022733535409202865,0.03361404510419552,0.21691676889195544,150.78,-0.03946146703806863
2022-02-18,ORBIT,Financials,146.88,1167551,0.014154525995995204,0.04824436197544868,0.2204121540961124,150.78,-0.025865499403103898
2022-02-21,ORBIT,Financials,148.29,1037822,0.009599673202614456,0.05830716528689606,0.19506993676400985,150.78,-0.01651412654198181
2022-02-22,ORBIT,Financials,147.22,709117,-0.007215591071548899,0.05067085355409562,0.1972822507887263,150.78,-0.023610558429499995
2022-02-23,ORBIT,Financials,145.95,766117,-0.008626545306344324,0.041607193833855804,0.20192943905892763,150.78,-0.03203342618384408
2022-02-24,ORBIT,Financials,146.77,882425,0.005618362452894932,0.047459320582357245,0.20134993878165472,150.78,-0.026595039129858056
2022-02-25,ORBIT,Financials,144.61,1216636,-0.014716903999454911,0.03204396231801243,0.19522223888341614,150.78,-0.04092054649157706
2022-02-28,ORBIT,Financials,145.12,894587,0.0035267270589862676,0.03568369968598284,0.1876413789013084,150.78,-0.037538135031171205
2022-03-01,ORBIT,Financials,144.41,1417309,-0.004892502756339678,0.030616614330573055,0.1792426803287236,150.78,-0.04224698235840296
2022-03-02,ORBIT,Financials,140.53,544135,-0.02686794543314175,0.002926063374249832,0.20385218328150576,150.78,-0.06797983817482423
2022-03-03,ORBIT,Financials,140.72,1389619,0.0013520244787590396,0.004282043962317239,0.1956191432432004,150.78,-0.06671972410133975
2022-03-04,ORBIT,Financials,141.09,1091906,0.002629334849346243,0.006922637739080084,0.1914355846498565,150.78,-0.0642658177477119
2022-03-07,ORBIT,Financials,141.28,1214835,0.0013466581614571815,0.008278618327147491,0.17947340264295739,150.78,-0.06300570367422731
2022-03-08,ORBIT,Financials,139.78,1866677,-0.010617214043035061,-0.002426491578647494,0.17390337450359358,150.78,-0.07295397267542114
2022-03-09,ORBIT,Financials,136.31,1511584,-0.024824724567176992,-0.027190979160719997,0.18834500791364853,150.78,-0.09596763496484939
2022-03-10,ORBIT,Financials,137.85,1218429,0.011297777125669262,-0.016200399657437248,0.18736175671707608,150.78,-0.08575407879029051
2022-03-11,ORBIT,Financials,138.67,1428036,0.00594849474066006,-0.01034827290893603,0.18341088988243343,150.78,-0.0803156917363046
2022-03-14,ORBIT,Financials,140.61,686740,0.013990048316146364,0.0034970025692255824,0.17962620779323982,150.78,-0.0674492638280938
2022-03-15,ORBIT,Financials,143.01,929074,0.017068487305312408,0.020625178418497425,0.1904263684098827,150.78,-0.051532033426183954
2022-03-16,ORBIT,Financials,143.9,1490878,0.006223341025103135,0.026976876962602425,0.19064754756139465,150.78,-0.04562939381880882
2022-03-17,ORBIT,Financials,142.09,788022,-0.01257817929117444,0.014059377676276519,0.19436901191209005,150.78,-0.05763363841358271
2022-03-18,ORBIT,Financials,137.12,1370737,-0.03497783095221341,-0.02141021981159097,0.22739521204419635,150.78,-0.09059556970420479
2022-03-21,ORBIT,Financials,137.83,686857,0.005177946324387506,-0.016343134456181185,0.22115027799503728,150.78,-0.08588672237697303
2022-03-22,ORBIT,Financials,134.77,925656,-0.022201262424726087,-0.03818155866400297,0.22583542336995155,150.78,-0.10618119113940838
2022-03-23,ORBIT,Financials,132.49,1041040,-0.016917711656896928,-0.05445332572081141,0.22980136546717492,150.78,-0.12130256002122297
2022-03-24,ORBIT,Financials,132.44,1814392,-0.000377386972601812,-0.05481016271767136,0.2298955916954094,150.78,-0.12163416898792945
2022-03-25,ORBIT,Financials,133.06,1229655,0.004681365146481431,-0.05038538395660941,0.2293976278697659,150.78,-0.11752221780076932
2022-03-28,ORBIT,Financials,132.4,1282046,-0.004960168345107485,-0.05509563231515924,0.22642430398755345,150.78,-0.1218994561612946
2022-03-29,ORBIT,Financials,132.34,801531,-0.00045317220543805714,-0.05552383671139105,0.22515269845706093,150.78,-0.12229738692134229
2022-03-30,ORBIT,Financials,131.04,934342,-0.00982318271119853,-0.06480159862974688,0.22596714934203777,150.78,-0.13091922005571033
2022-03-31,ORBIT,Financials,131.28,1780194,0.001831501831501825,-0.06308878104481963,0.21161562136213244,150.78,-0.12932749701551927
2022-04-01,ORBIT,Financials,132.08,1996055,0.006093845216331495,-0.05737938909506235,0.21351615065513427,150.78,-0.12402175354821587
2022-04-04,ORBIT,Financials,131.21,1066112,-0.006586917019987926,-0.06358835284042352,0.2128808071237597,150.78,-0.12979174956890827
2022-04-05,ORBIT,Financials,133.86,747316,0.020196631354317596,-0.04467599200685224,0.22764022644932783,150.78,-0.11221647433346593
2022-04-06,ORBIT,Financials,134.54,1155877,0.005079934259674124,-0.039823008849558694,0.22705272074746155,150.78,-0.10770659238625824
2022-04-07,ORBIT,Financials,134.84,1049153,0.0022298201278430074,-0.03768198686839974,0.21114880803432912,150.78,-0.10571693858601938
2022-04-08,ORBIT,Financials,135.34,1094273,0.0037080984870958567,-0.03411361689980141,0.207440984047075,150.78,-0.10240084891895473
2022-04-11,ORBIT,Financials,131.72,1014027,-0.026747450864489486,-0.05994861547245345,0.22428943489105294,150.78,-0.12640933810850252
2022-04-12,ORBIT,Financials,130.71,885240,-0.007667780139690161,-0.06715672280902196,0.21683326203744613,150.78,-0.1331078392359729
2022-04-13,ORBIT,Financials,131.83,1068949,0.008568586948205947,-0.05916357407936168,0.20857474400604023,150.78,-0.12567979838174814
2022-04-14,ORBIT,Financials,129.7,2237595,-0.016157172115603635,-0.07436483014559081,0.2094494607480048,150.78,-0.13980634036344353
2022-04-15,ORBIT,Financials,130.65,817290,0.00732459521973805,-0.06758492720525378,0.2115352977697252,150.78,-0.1335057699960207
2022-04-18,ORBIT,Financials,128.29,1223017,-0.018063528511289784,-0.08442763345703796,0.18690975165860182,150.78,-0.1491577132245656
2022-04-19,ORBIT,Financials,130.6,2026492,0.018006079975056544,-0.06794176420211362,0.19896086876148203,150.78,-0.13383737896272718
2022-04-20,ORBIT,Financials,130.11,849885,-0.003751914241960086,-0.07143876677133987,0.18575394078775095,150.78,-0.1370871468364504
2022-04-21,ORBIT,Financials,126.77,2623735,-0.0256705864268697,-0.09527547816157689,0.19697866014399942,150.78,-0.15923862581244197
2022-04-22,ORBIT,Financials,125.96,747391,-0.0063895243354106235,-0.10105623751070625,0.19744523164875083,150.78,-0.16461069107308668
2022-04-25,ORBIT,Financials,126.41,729060,0.003572562718323402,-0.09784470453896765,0.19698722514132677,150.78,-0.1616262103727285
2022-04-26,ORBIT,Financials,124.83,744468,-0.012499011154180839,-0.10912075363973839,0.19994762145740128,150.78,-0.17210505372065266
2022-04-27,ORBIT,Financials,125.06,769694,0.0018425058078987977,-0.1074793034541831,0.20043364964408314,150.78,-0.1705796524738029
2022-04-28,ORBIT,Financials,129.14,1412113,0.03262434031664796,-0.07836140451042073,0.23255989970129876,150.78,-0.14352036079055586
2022-04-29,ORBIT,Financials,130.84,526313,0.013164008053275555,-0.06622894661718637,0.23731336857670268,150.78,-0.13224565592253612
2022-05-02,ORBIT,Financials,133.3,1194658,0.018801589727911905,-0.0486725663716826,0.2454059142131799,150.78,-0.11593049476057826
2022-05-03,ORBIT,Financials,137.12,878213,0.02865716429107268,-0.021410219811591413,0.26227785334044645,150.78,-0.09059556970420479
2022-05-04,ORBIT,Financials,138.65,1088593,0.01115810968494757,-0.010491007707680411,0.25627665991774223,150.78,-0.08044833532298712
2022-05-05,ORBIT,Financials,142.58,831394,0.028344752975117293,0.017556380245502545,0.2722057189786625,150.78,-0.05438387053985927
2022-05-06,ORBIT,Financials,146.26,1309514,0.025810071538785007,0.04381958321438617,0.28348838383965247,150.78,-0.02997745059026402
2022-05-09,ORBIT,Financials,145.08,1107370,-0.008067824422261616,0.0353982300884943,0.2865751823014339,150.78,-0.03780342220453636
2022-05-10,ORBIT,Financials,147.4,625570,0.01599117728149979,0.05195546674279061,0.2673954999976648,150.78,-0.022416766149356615
2022-05-11,ORBIT,Financials,147.57,687516,0.0011533242876524685,0.05316871253211386,0.2636398424767059,150.78,-0.021289295662554775
2022-05-12,ORBIT,Financials,146.86,1958711,-0.004811276004607845,0.0481016271767043,0.2660127421644492,150.78,-0.02599814298978631
2022-05-13,ORBIT,Financials,146.59,1685071,-0.0018384856325752708,0.04617470739366114,0.25590064994984335,150.78,-0.027788831410001325
2022-05-16,ORBIT,Financials,146.4,1101512,-0.0012961320690361156,0.044818726805593734,0.25706525963702187,150.78,-0.0290489454834858
2022-05-17,ORBIT,Financials,149.43,1898854,0.020696721311475486,0.06644304881529983,0.24705749303226285,150.78,-0.008953442101074405
2022-05-18,ORBIT,Financials,154.36,1177326,0.03299203640500581,0.10162717670567956,0.26026129213672394,154.36,0.0
2022-05-19,ORBIT,Financials,153.72,2063221,-0.0041461518528117525,0.09705966314587355,0.2604913299850578,154.36,-0.0041461518528117525
2022-05-20,ORBIT,Financials,156.03,1310166,0.015027322404371546,0.1135455324007979,0.23042874121425042,156.03,0.0
2022-05-23,ORBIT,Financials,157.66,1008760,0.01044670896622435,0.12517841849842837,0.22255194903654188,157.66,0.0
2022-05-24,ORBIT,Financials,159.11,1075742,0.009197006215907688,0.13552669140736362,0.22108603832877377,159.11,0.0
2022-05-25,ORBIT,Financials,159.74,1211221,0.003959524857017227,0.14002283756779765,0.205764196639431,159.74,0.0
2022-05-26,ORBIT,Financials,158.33,917975,-0.008826843620883928,0.12996003425635028,0.2154218691530007,159.74,-0.008826843620883928
2022-05-27,ORBIT,Financials,159.06,931935,0.004610623381544832,0.13516985441050378,0.20206031960986057,159.74,-0.004256917490922829
2022-05-30,ORBIT,Financials,160.63,1231823,0.009870489123601223,0.14637453611190265,0.20174236695381534,160.63,0.0
2022-05-31,ORBIT,Financials,163.65,1638154,0.018800971175994663,0.16792749072223678,0.2017420227638828,163.65,0.0
2022-06-01,ORBIT,Financials,165.25,1151127,0.009776963030858399,0.17934627462175134,0.1898663118475869,165.25,0.0
2022-06-02,ORBIT,Financials,166.83,1522017,0.009561270801815569,0.1906223237225222,0.18971737628343918,166.83,0.0
2022-06-03,ORBIT,Financials,167.17,696884,0.0020380027572977077,0.1930488153011689,0.1772507598723979,167.17,0.0
2022-06-06,ORBIT,Financials,167.33,765869,0.000957109529221789,0.1941906936911204,0.1657260566925302,167.33,0.0
2022-06-07,ORBIT,Financials,166.07,749677,-0.007530030478694938,0.18519840137025234,0.16514063824615235,167.33,-0.007530030478694938
2022-06-08,ORBIT,Financials,170.21,1454689,0.024929246703197627,0.21474450471024675,0.17425982932965134,170.21,0.0
2022-06-09,ORBIT,Financials,171.45,856307,0.007285118383173694,0.22359406223237066,0.1729877840009287,171.45,0.0
2022-06-10,ORBIT,Financials,170.86,983548,-0.0034412365121024857,0.21938338566942472,0.1718481478533381,171.45,-0.0034412365121024857
2022-06-13,ORBIT,Financials,172.32,670624,0.008545007608568245,0.22980302597773172,0.16863344580777284,172.32,0.0
2022-06-14,ORBIT,Financials,171.37,1688544,-0.0055129990714948285,0.2230231230373949,0.1720914621617933,172.32,-0.0055129990714948285
2022-06-15,ORBIT,Financials,171.84,1503938,0.0027426037229387745,0.22637739080787744,0.1659828958887885,172.32,-0.0027855153203342198
2022-06-16,ORBIT,Financials,169.19,1220591,-0.01542132216014902,0.20746502997430616,0.15373254196775107,172.32,-0.01816388115134626
2022-06-17,ORBIT,Financials,167.84,1474236,-0.007979194987883464,0.1978304310590906,0.1569638680536382,172.32,-0.02599814298978642
2022-06-20,ORBIT,Financials,165.3,811292,-0.015133460438512825,0.1797031116186112,0.16539248563565886,172.32,-0.04073816155988852
2022-06-21,ORBIT,Financials,165.18,1041882,-0.0007259528130671988,0.17884670282614756,0.16340345360445263,172.32,-0.041434540389972074
2022-06-22,ORBIT,Financials,162.8,1018585,-0.01440852403438675,0.16186126177561944,0.17107799016119843,172.32,-0.05524605385329606
2022-06-23,ORBIT,Financials,163.7,1065090,0.005528255528255421,0.1682843277190964,0.17148870214109022,172.32,-0.05002321262766951
2022-06-24,ORBIT,Financials,162.35,1142308,-0.008246792913866763,0.15864972880388106,0.1710716892906725,172.32,-0.05785747446610956
2022-06-27,ORBIT,Financials,160.79,669515,-0.009608869725900804,0.14751641450185438,0.17460689753742067,172.32,-0.06691039925719588
2022-06-28,ORBIT,Financials,165.25,1017920,0.027738043410659996,0.1793462746217518,0.19622693018612,172.32,-0.041028319405756686
2022-06-29,ORBIT,Financials,163.66,992453,-0.009621785173978825,0.16799885812160897,0.18908356728207074,172.32,-0.050255338904363955
2022-06-30,ORBIT,Financials,165.67,1240173,0.012281559330318936,0.18234370539537426,0.190894028395257,172.32,-0.038590993500464243
2022-07-01,ORBIT,Financials,165.18,664064,-0.0029576869680689732,0.178846702826148,0.1880547389755953,172.32,-0.041434540389972074
2022-07-04,ORBIT,Financials,165.07,686446,-0.0006659401864633763,0.17806166143305613,0.18784497035729425,172.32,-0.04207288765088213
2022-07-05,ORBIT,Financials,161.18,965773,-0.023565759980614165,0.15029974307736116,0.20391113098874747,172.32,-0.06464716805942428
2022-07-06,ORBIT,Financials,165.84,781143,0.02891177565454761,0.1835569511846975,0.2283964725495658,172.32,-0.03760445682451252
2022-07-07,ORBIT,Financials,164.43,1488110,-0.008502170767004325,0.17349414787325013,0.21119100815951983,172.32,-0.04578690807799435
2022-07-08,ORBIT,Financials,161.66,647964,-0.016846074317338755,0.15372537824721522,0.2149666596166133,172.32,-0.061861652739090056
2022-07-11,ORBIT,Financials,159.85,1083440,-0.011196337993319316,0.1408078789608893,0.21696877579454057,172.32,-0.07236536675951721
2022-07-12,ORBIT,Financials,161.97,820624,0.013262433531435747,0.15593776762774625,0.22073575877017948,172.32,-0.06006267409470745
2022-07-13,ORBIT,Financials,163.25,803364,0.007902698030499478,0.16507279474735803,0.22357327737995164,172.32,-0.05263463324048279
2022-07-14,ORBIT,Financials,163.38,2369796,0.0007963246554363312,0.1660005709391934,0.22313072498272143,172.32,-0.05188022284122562
2022-07-15,ORBIT,Financials,162.11,1550435,-0.007773289264291772,0.1569369112189536,0.2190018459183806,172.32,-0.05925023212627656
2022-07-18,ORBIT,Financials,162.65,764291,0.0033310714946641617,0.1607907507850399,0.21857847718171436,172.32,-0.05611652739090056
2022-07-19,ORBIT,Financials,161.26,1396198,-0.008545957577620777,0.15087068227233646,0.21451867807297315,172.32,-0.06418291550603528
2022-07-20,ORBIT,Financials,162.23,775532,0.006015130844598815,0.15779332001141722,0.215929614156031,172.32,-0.058553853296193115
2022-07-21,ORBIT,Financials,163.96,1099866,0.010663872280096243,0.1701398801027676,0.21342915433719165,172.32,-0.04851439182915496
2022-07-22,ORBIT,Financials,162.49,1202180,-0.008965601366186848,0.1596488723950884,0.21496162657045373,172.32,-0.05704503249767867
2022-07-25,ORBIT,Financials,162.25,948999,-0.0014770139700904794,0.15793605481016115,0.213065738238658,172.32,-0.05843779015784578
2022-07-26,ORBIT,Financials,159.91,1181980,-0.01442218798151007,0.1412360833571209,0.2164424496393661,172.32,-0.07201717734447532
2022-07-27,ORBIT,Financials,155.24,726819,-0.02920392720905507,0.10790750785041237,0.21378755033172306,172.32,-0.09911792014856069
2022-07-28,ORBIT,Financials,155.66,1483479,0.002705488276217416,0.11090493862403483,0.21315675437732806,172.32,-0.09668059424326836
2022-07-29,ORBIT,Financials,154.45,1940832,-0.007773352177823489,0.10226948330002683,0.20710885341539245,172.32,-0.10370241411327763
2022-08-01,ORBIT,Financials,152.25,2280726,-0.014244091939138781,0.08656865543819414,0.21056772831836323,172.32,-0.11646935933147629
2022-08-02,ORBIT,Financials,148.12,1549072,-0.027126436781609198,0.05709391949757192,0.22507206220392817,172.32,-0.14043639740018565
2022-08-03,ORBIT,Financials,143.83,2661562,-0.02896300297056431,0.0264773051669982,0.23135538054979288,172.32,-0.16533194057567302
2022-08-04,ORBIT,Financials,144.1,1422957,0.0018772161579641011,0.028404224950041135,0.19744200803053016,172.32,-0.1637650882079852
2022-08-05,ORBIT,Financials,145.09,1151294,0.006870229007633677,0.035469597487866045,0.2026822283169182,172.32,-0.1580199628597957
2022-08-08,ORBIT,Financials,145.02,738392,-0.00048245916327793736,0.03497002569226226,0.19940934226888996,172.32,-0.15842618384401108
2022-08-09,ORBIT,Financials,144.15,805391,-0.0059991725279272545,0.02876106194690098,0.19821098765601694,172.32,-0.1634749303621169
2022-08-10,ORBIT,Financials,142.64,1519559,-0.010475199445022731,0.017984584641733914,0.18767828663439518,172.32,-0.1722376973073353
2022-08-11,ORBIT,Financials,144.54,1312196,0.013320246775098132,0.03154439052240754,0.19356845468956044,172.32,-0.1612116991643454
2022-08-12,ORBIT,Financials,141.46,663083,-0.02130898021308969,0.009563231515841819,0.19927145703372823,172.32,-0.1790854224698235
2022-08-15,ORBIT,Financials,137.51,1081907,-0.027923087798671142,-0.018626891236085186,0.21235674672887345,172.32,-0.20200789229340765
2022-08-16,ORBIT,Financials,140.63,1220538,0.02268925896298457,0.0036397373679684097,0.23448546258723849,172.32,-0.1839020427112349
2022-08-17,ORBIT,Financials,141.14,1143023,0.0036265377231030627,0.007279474735938596,0.23711905960657478,172.32,-0.18094243268337984
2022-08-18,ORBIT,Financials,141.9,1430987,0.005384724387133444,0.012703397088208224,0.2367189575636592,172.32,-0.17653203342618373
2022-08-19,ORBIT,Financials,143.98,1298106,0.014658210007047145,0.027547816157577287,0.24068592821906154,172.32,-0.16446146703806874
2022-08-22,ORBIT,Financials,141.92,1127188,-0.01430754271426593,0.012846131886952161,0.24220543105407125,172.32,-0.17641597028783662
2022-08-23,ORBIT,Financials,143.71,1061748,0.012612739571589815,0.025620896374534352,0.25052509782791577,172.32,-0.16602831940575669
2022-08-24,ORBIT,Financials,140.83,772781,-0.020040359056433088,0.0050670853554080075,0.2537413105109204,172.32,-0.18274141132776223
2022-08-25,ORBIT,Financials,140.51,1211007,-0.0022722431300150614,0.0027833285755050063,0.23933057956269926,172.32,-0.18459842154131845
2022-08-26,ORBIT,Financials,144.53,1096695,0.028610063340687608,0.03147302312303579,0.26479886178350687,172.32,-0.16126973073351902
2022-08-29,ORBIT,Financials,145.44,1054073,0.006296270670449022,0.03796745646588473,0.26634760450833317,172.32,-0.15598885793871864
2022-08-30,ORBIT,Financials,146.22,1021796,0.005363036303630331,0.043534113616898074,0.2643143661250194,172.32,-0.15146239554317542
2022-08-31,ORBIT,Financials,143.64,754841,-0.01764464505539609,0.02512132457893057,0.2547293047410969,172.32,-0.16643454038997219
2022-09-01,ORBIT,Financials,143.65,844581,6.961849067121939e-05,0.02519269197830254,0.23407483490106662,172.32,-0.16637650882079846
2022-09-02,ORBIT,Financials,144.36,1129873,0.004942568743473874,0.030259777333712323,0.23461754731722267,172.32,-0.16225626740947063
2022-09-05,ORBIT,Financials,150.78,846643,0.044472152950955746,0.07607764773051473,0.2798968248166272,172.32,-0.125
2022-09-06,ORBIT,Financials,152.49,831951,0.011341026661360942,0.08828147302312117,0.2815775373657115,172.32,-0.11507660167130906
2022-09-07,ORBIT,Financials,152.88,807933,0.002557544757033181,0.09106480159862773,0.2798614844521642,172.32,-0.11281337047353757
2022-09-08,ORBIT,Financials,154.76,1123055,0.012297226582940857,0.10448187268055742,0.27720136654940114,172.32,-0.10190343546889513
2022-09-09,ORBIT,Financials,156.44,973009,0.010855518221762672,0.11647159577504773,0.2762911625848282,172.32,-0.09215413184772514
2022-09-12,ORBIT,Financials,159.08,1273831,0.016875479417028938,0.13531258920924705,0.2637399210958462,172.32,-0.0768337975858866
2022-09-13,ORBIT,Financials,158.26,1056785,-0.005154639175257825,0.1294604624607456,0.23762775175810158,172.32,-0.08159238625812448
2022-09-14,ORBIT,Financials,159.34,1630571,0.0068242133198535004,0.137168141592918,0.23052780118663901,172.32,-0.07532497678737227
2022-09-15,ORBIT,Financials,157.48,1061490,-0.011673151750972832,0.12389380530973204,0.23852092877981604,172.32,-0.08611884865366759
2022-09-16,ORBIT,Financials,159.05,1123869,0.00996951993903994,0.13509848701113092,0.23906074989719672,172.32,-0.07700789229340754
2022-09-19,ORBIT,Financials,161.93,1244675,0.018107513360578364,0.15565229803025726,0.24100642653689505,172.32,-0.060294800371402
2022-09-20,ORBIT,Financials,163.33,890018,0.008645711109738885,0.16564373394233267,0.22983134458914736,172.32,-0.052170380687093676
2022-09-21,ORBIT,Financials,159.49,814798,-0.02351068389150801,0.13823865258349732,0.2513979554880869,172.32,-0.07445450324976777
2022-09-22,ORBIT,Financials,161.88,1108064,0.014985265533889125,0.1552954610333972,0.23609215523108815,172.32,-0.06058495821727017
2022-09-23,ORBIT,Financials,164.93,1383905,0.01884111687669887,0.17706251784184723,0.2372407952143433,172.32,-0.042885329619312795
2022-09-26,ORBIT,Financials,167.65,1205876,0.0164918450251621,0.19647445047102208,0.2273320172204174,172.32,-0.027100742804085365
2022-09-27,ORBIT,Financials,171.92,721734,0.025469728601252406,0.22694833000285164,0.2359244419774229,172.32,-0.00232126276694522
2022-09-28,ORBIT,Financials,170.25,773307,-0.009713820381572758,0.2150299743077333,0.24377945892255096,172.32,-0.01201253481894149
2022-09-29,ORBIT,Financials,173.41,706804,0.018560939794419973,0.23758207250927477,0.22874341604167037,173.41,0.0
2022-09-30,ORBIT,Financials,175.68,816633,0.01309036387751572,0.25378247216671124,0.22669922167504294,175.68,0.0
2022-10-03,ORBIT,Financials,177.27,1338348,0.009050546448087449,0.26512988866685405,0.22605245405385765,177.27,0.0
2022-10-04,ORBIT,Financials,180.94,776745,0.020702882608450324,0.2913217242363657,0.19283416940731787,180.94,0.0
2022-10-05,ORBIT,Financials,180.4,625742,-0.002984414723112616,0.2874678846702796,0.19679209270362108,180.94,-0.002984414723112616
2022-10-06,ORBIT,Financials,179.21,1641671,-0.006596452328159641,0.27897516414501555,0.2025173725799274,180.94,-0.009561180501823752
2022-10-07,ORBIT,Financials,182.13,1147359,0.016293733608615524,0.2998144447616298,0.20413392130059807,182.13,0.0
2022-10-10,ORBIT,Financials,183.15,628590,0.005600395322022722,0.30709391949757037,0.20397502040169635,183.15,0.0
2022-10-11,ORBIT,Financials,185.45,774955,0.012558012558012477,0.3235084213531225,0.20204393562773715,185.45,0.0
2022-10-12,ORBIT,Financials,182.57,966481,-0.015529792396872466,0.3029546103339962,0.2130678562901953,185.45,-0.015529792396872466
2022-10-13,ORBIT,Financials,183.84,1162379,0.006956235964287627,0.312018270054236,0.2130676500410953,185.45,-0.008681585332973807
2022-10-14,ORBIT,Financials,185.17,1626043,0.007234551784160104,0.3215101341707076,0.20206133958212624,185.45,-0.001509840927473749
2022-10-17,ORBIT,Financials,184.59,948042,-0.003132256845061243,0.31737082500713365,0.20537531043390414,185.45,-0.0046373685629549355
2022-10-18,ORBIT,Financials,185.76,994845,0.006338371526084741,0.32572081073365355,0.2015070335362482,185.76,0.0
2022-10-19,ORBIT,Financials,186.17,1061184,0.002207149009474607,0.3286468741079043,0.20193176479165986,186.17,0.0
2022-10-20,ORBIT,Financials,184.28,841584,-0.01015201160229895,0.3151584356266026,0.18130809092581088,186.17,-0.01015201160229895
2022-10-21,ORBIT,Financials,187.04,748422,0.014977208595615243,0.33485583785326534,0.18130360253513736,187.04,0.0
2022-10-24,ORBIT,Financials,182.87,1116165,-0.022294696321642382,0.30509563231515524,0.2021528506694933,187.04,-0.022294696321642382
2022-10-25,ORBIT,Financials,186.86,1145585,0.021818778367146185,0.3335712246645701,0.20675618173858767,187.04,-0.0009623609923009591
2022-10-26,ORBIT,Financials,186.91,948830,0.000267580006421797,0.33392806166142974,0.19373869106445996,187.04,-0.0006950384944396371
2022-10-27,ORBIT,Financials,192.55,1102771,0.030174950510941212,0.37417927490721903,0.20684043636751653,192.55,0.0
2022-10-28,ORBIT,Financials,188.77,1599725,-0.0196312646065957,0.3472023979446155,0.21944973256084394,192.55,-0.0196312646065957
2022-10-31,ORBIT,Financials,186.75,555756,-0.010700852889760082,0.33278618327147824,0.22267609143774833,192.55,-0.030122046221760623
2022-11-01,ORBIT,Financials,187.97,584109,0.006532797858099126,0.3414930059948582,0.22198490740529428,192.55,-0.02378602960270071
2022-11-02,ORBIT,Financials,187.91,1962931,-0.0003191998723200973,0.3410648015986264,0.21246812962235534,192.55,-0.02409763697740852
2022-11-03,ORBIT,Financials,188.64,952928,0.0038848384865093344,0.3462746217527797,0.2118153583993638,192.55,-0.020306413918462884
2022-11-04,ORBIT,Financials,192.49,943907,0.02040924512298581,0.3737510705109872,0.21822404453788102,192.55,-0.0003116073747079229
2022-11-07,ORBIT,Financials,194.0,536161,0.007844563353940348,0.38452754781615406,0.21390255282214368,194.0,0.0
2022-11-08,ORBIT,Financials,194.28,1536093,0.0014432989690722486,0.3865258349985692,0.21377433119301276,194.28,0.0
2022-11-09,ORBIT,Financials,196.6,1206755,0.011941527691990972,0.4030830716528655,0.2134337714849069,196.6,0.0
2022-11-10,ORBIT,Financials,194.88,839787,-0.008748728382502513,0.3908078789608873,0.20727168680696972,196.6,-0.008748728382502513
2022-11-11,ORBIT,Financials,195.77,991632,0.004566912972085557,0.39715957750499253,0.20688998992944596,196.6,-0.004221770091556332
2022-11-14,ORBIT,Financials,194.5,640257,-0.0064872043724779616,0.3880959177847527,0.20886844666130908,196.6,-0.010681586978636748
2022-11-15,ORBIT,Financials,187.08,607999,-0.0381491002570693,0.33514130745075366,0.2514850131919512,196.6,-0.04842319430315356
2022-11-16,ORBIT,Financials,187.98,843240,0.004810776138550299,0.3415643733942306,0.251113335123273,196.6,-0.043845371312309256
2022-11-17,ORBIT,Financials,187.45,607250,-0.002819448877540154,0.3377819012275165,0.2513331774227062,196.6,-0.04654120040691767
2022-11-18,ORBIT,Financials,187.77,1762811,0.001707121899173325,0.3400656580074197,0.24837222192655675,196.6,-0.04491353001017284
2022-11-21,ORBIT,Financials,188.89,1121424,0.00596474410182668,0.34805880673708,0.24390881769629918,196.6,-0.03921668362156672
2022-11-22,ORBIT,Financials,188.06,769316,-0.0043940917994599316,0.3421353125892068,0.23025472311455986,196.6,-0.04343845371312305
2022-11-23,ORBIT,Financials,183.4,1115833,-0.024779325747101955,0.30887810448187025,0.23481213682286306,196.6,-0.0671414038657171
2022-11-24,ORBIT,Financials,183.31,588923,-0.0004907306434024372,0.30823579788752253,0.23478400623795223,196.6,-0.06759918616480154
2022-11-25,ORBIT,Financials,180.05,931803,-0.017784081610386693,0.2849700256922614,0.21275281012418823,196.6,-0.0841810783316378
2022-11-28,ORBIT,Financials,180.34,1203284,0.0016106637045265604,0.28703968027404847,0.20452815458688495,196.6,-0.082706002034588
2022-11-29,ORBIT,Financials,177.9,639833,-0.013529998890983719,0.26962603482728853,0.20625589954537918,196.6,-0.09511698880976593
2022-11-30,ORBIT,Financials,175.54,816599,-0.01326587970770099,0.25278332857550434,0.20706137555775445,196.6,-0.10712105798575788
2022-12-01,ORBIT,Financials,171.33,714985,-0.0239831377463825,0.22273765343990637,0.21884646496579435,196.6,-0.12853509664292972
2022-12-02,ORBIT,Financials,168.86,1442039,-0.014416622891495923,0.20510990579503052,0.21940696612256191,196.6,-0.14109867751780258
2022-12-05,ORBIT,Financials,168.71,1176643,-0.0008883098424731228,0.204039394804451,0.19963624771087568,196.6,-0.14186164801627665
2022-12-06,ORBIT,Financials,166.81,1101973,-0.011261928753482309,0.19047958892377737,0.19360060244610885,196.6,-0.15152594099694805
2022-12-07,ORBIT,Financials,168.08,1709885,0.007613452430909495,0.19954324864401718,0.1981548327481023,196.6,-0.14506612410986763
2022-12-08,ORBIT,Financials,167.78,913117,-0.0017848643503094452,0.19740222666285812,0.18719986047708578,196.6,-0.14659206510681588
2022-12-09,ORBIT,Financials,168.33,1017073,0.0032781022767911505,0.2013274336283164,0.19075317258242885,196.6,-0.1437945066124109
2022-12-12,ORBIT,Financials,168.18,1117485,-0.0008911067545892548,0.20025692263773687,0.1875361321249656,196.6,-0.14455747711088496
2022-12-13,ORBIT,Financials,169.15,956857,0.005767629920323536,0.20717956037681784,0.19280452339339238,196.6,-0.1396236012207528
2022-12-14,ORBIT,Financials,171.44,941374,0.013538279633461325,0.22352269483299803,0.16757842523269575,196.6,-0.12797558494404881
2022-12-15,ORBIT,Financials,173.05,1177259,0.009391040597293676,0.23501284613188478,0.1713540881805529,196.6,-0.11978636826042721
2022-12-16,ORBIT,Financials,170.25,1350318,-0.016180294712510923,0.21502997430773396,0.17648874077952742,196.6,-0.13402848423194302
2022-12-19,ORBIT,Financials,165.96,1867162,-0.025198237885462493,0.18441335997716024,0.18872603217379216,196.6,-0.15584944048830107
2022-12-20,ORBIT,Financials,167.43,673448,0.008857556037599412,0.19490436768483943,0.19124636398934933,196.6,-0.1483723296032553
2022-12-21,ORBIT,Financials,172.24,545339,0.028728423818909388,0.22923208678275553,0.22537594047948664,196.6,-0.12390640895218707
2022-12-22,ORBIT,Financials,176.74,709974,0.026126335346028817,0.2613474165001406,0.235237618447435,196.6,-0.10101729399796533
2022-12-23,ORBIT,Financials,176.34,910866,-0.0022632114971143924,0.25849272052526184,0.2352071746561228,196.6,-0.10305188199389614
2022-12-26,ORBIT,Financials,181.05,1376880,0.026709765226267557,0.29210676562945825,0.24716248740335814,196.6,-0.0790946083418107
2022-12-27,ORBIT,Financials,183.89,1261344,0.015686274509803866,0.3123751070510967,0.25279175119696723,196.6,-0.06464903357070195
2022-12-28,ORBIT,Financials,181.15,818144,-0.014900212083310604,0.29282043962317794,0.25382988394158285,196.6,-0.07858596134282803
2022-12-29,ORBIT,Financials,182.27,840128,0.006182721501517996,0.300813588352838,0.24896721751942524,196.6,-0.07288911495422168
2022-12-30,ORBIT,Financials,185.26,838110,0.01640423547484482,0.3221524407650558,0.23495792724388972,196.6,-0.05768056968463886
2023-01-02,ORBIT,Financials,180.42,1094205,-0.026125445320090757,0.2876106194690238,0.24946993147090124,196.6,-0.0822990844354019
2023-01-03,ORBIT,Financials,181.2,1205065,0.004323245759893624,0.29317727662003734,0.24902671116473443,196.6,-0.07833163784333674
2023-01-04,ORBIT,Financials,181.58,1144961,0.002097130242825651,0.29588923779617216,0.2432658107272392,196.6,-0.0763987792472024
2023-01-05,ORBIT,Financials,177.01,1034083,-0.02516797004075355,0.2632743362831831,0.2630986087933318,196.6,-0.09964394710071212
2023-01-06,ORBIT,Financials,180.05,921212,0.017174170950793766,0.28497002569226093,0.26728213631556524,196.6,-0.0841810783316378
2023-01-09,ORBIT,Financials,182.92,1429189,0.01594001666203826,0.3054524693120153,0.2707253999210377,196.6,-0.06958290946083423
2023-01-10,ORBIT,Financials,186.33,1047209,0.01864202930242742,0.3297887524978562,0.27461175014514644,196.6,-0.052238046795523796
2023-01-11,ORBIT,Financials,185.63,1654103,-0.0037567756131595686,0.3247930345418184,0.27626857477689976,196.6,-0.05579857578840286
2023-01-12,ORBIT,Financials,188.4,1577015,0.014922156978936618,0.3445618041678533,0.27687482181856005,196.6,-0.04170905391658186
2023-01-13,ORBIT,Financials,187.92,1933739,-0.002547770700637053,0.3411361689979988,0.2773858180943258,196.6,-0.044150559511698884
2023-01-16,ORBIT,Financials,188.65,1058730,0.0038846317581950895,0.34634598915215253,0.26745166399531617,196.6,-0.04043743641912512
2023-01-17,ORBIT,Financials,189.25,1025015,0.003180492976411209,0.35062803311447044,0.24407794701888139,196.6,-0.03738555442522884
2023-01-18,ORBIT,Financials,185.4,1251828,-0.020343461030383092,0.32315158435626334,0.26074396744869155,196.6,-0.056968463886063025
2023-01-19,ORBIT,Financials,189.92,1494217,0.024379719525350563,0.35540964887239235,0.25615127881817085,196.6,-0.03397761953204481
2023-01-20,ORBIT,Financials,191.09,1200767,0.006160488626790306,0.3637596345989125,0.24425589874597448,196.6,-0.02802644964394707
2023-01-23,ORBIT,Financials,189.37,933700,-0.009000994295881526,0.3514844419069343,0.24747025451835497,196.6,-0.036775178026449584
2023-01-24,ORBIT,Financials,191.38,776034,0.010614141627501628,0.36582928918069957,0.2343990247022545,196.6,-0.026551373346897278
2023-01-25,ORBIT,Financials,191.12,1054264,-0.0013585536628696326,0.3639737367970286,0.22994059901174613,196.6,-0.027873855544252257
2023-01-26,ORBIT,Financials,188.29,547409,-0.01480745081624113,0.3437767627747619,0.2298552173173462,196.6,-0.04226856561546288
2023-01-27,ORBIT,Financials,188.11,1025698,-0.0009559721705878488,0.34249214958606666,0.22952601987538054,196.6,-0.043184130213631655
2023-01-30,ORBIT,Financials,193.83,1122016,0.03040774015203862,0.3833143020268315,0.24547634818003242,196.6,-0.014089521871820887
2023-01-31,ORBIT,Financials,191.78,1100432,-0.010576278181912091,0.3686839851555781,0.22810890105882903,196.6,-0.024516785350966352
2023-02-01,ORBIT,Financials,196.24,685963,0.023255813953488413,0.4005138452754753,0.23866610595322552,196.6,-0.0018311291963376553
2023-02-02,ORBIT,Financials,195.06,1217937,-0.006013045250713445,0.3920924921495832,0.24108430365332456,196.6,-0.00783316378433363
2023-02-03,ORBIT,Financials,195.8,905218,0.003793704501179107,0.39737367970310866,0.21736050977133708,196.6,-0.004069175991861518
2023-02-06,ORBIT,Financials,192.06,1237716,-0.019101123595505642,0.370682272337993,0.22764051276498698,196.6,-0.023092573753814793
2023-02-07,ORBIT,Financials,187.11,1002244,-0.025773195876288568,0.33535540964886956,0.24348325605881588,196.6,-0.04827060020345875
2023-02-08,ORBIT,Financials,191.34,2418144,0.02260702260702252,0.36554381958321147,0.24741956554885774,196.6,-0.026754832146490326
2023-02-09,ORBIT,Financials,190.26,822331,-0.005644402634054635,0.35783614045103906,0.247999045349082,196.6,-0.032248219735503625
2023-02-10,ORBIT,Financials,189.34,1040152,-0.004835488279196776,0.3512703397088184,0.2437219726070663,196.6,-0.0369277721261444
2023-02-13,ORBIT,Financials,191.97,1803809,0.013890355973381174,0.3700399657436455,0.24787707082773544,196.6,-0.023550356052899235
2023-02-14,ORBIT,Financials,192.21,437317,0.0012501953430223978,0.37175278332857276,0.2476763196498914,196.6,-0.022329603255340724
2023-02-15,ORBIT,Financials,189.8,1104350,-0.012538369491701729,0.35455324007992894,0.25188741715607293,196.6,-0.034587995930823956
2023-02-16,ORBIT,Financials,197.0,1406082,0.037934668071654354,0.4059377676277449,0.2719344904089898,197.0,0.0
2023-02-17,ORBIT,Financials,198.78,1233289,0.009035532994923878,0.4186411647159549,0.26176212663638004,198.78,0.0
2023-02-20,ORBIT,Financials,195.18,788583,-0.018110473890733392,0.39294890094204704,0.2706076255013837,198.78,-0.018110473890733392
2023-02-21,ORBIT,Financials,197.42,1494055,0.011476585715749499,0.4089351984013676,0.27022965358142464,198.78,-0.006841734580943837
2023-02-22,ORBIT,Financials,198.36,720696,0.004761422348293021,0.41564373394233245,0.2686681032494312,198.78,-0.0021128886205855624
2023-02-23,ORBIT,Financials,199.7,1509324,0.006755394232708101,0.4252069654581758,0.26892006072003805,199.7,0.0
2023-02-24,ORBIT,Financials,199.12,1253262,-0.002904356534802144,0.42106765629460186,0.2625032031513635,199.7,-0.002904356534802144
2023-02-27,ORBIT,Financials,201.05,656053,0.009692647649658603,0.4348415643733916,0.26317642099622807,201.05,0.0
2023-02-28,ORBIT,Financials,203.48,763838,0.012086545635414003,0.45218384242077936,0.24652738916226555,203.48,0.0
2023-03-01,ORBIT,Financials,205.46,680258,0.009730686062512373,0.46631458749642896,0.24303936376888682,205.46,0.0
2023-03-02,ORBIT,Financials,207.25,1424713,0.008712158084298594,0.4790893519840109,0.23308435933570415,207.25,0.0
2023-03-03,ORBIT,Financials,204.28,1706527,-0.01433051869722557,0.45789323437053686,0.23871699294160426,207.25,-0.01433051869722557
2023-03-06,ORBIT,Financials,203.64,788572,-0.003132954767965601,0.45332572081073086,0.2393791721893288,207.25,-0.017418576598311253
2023-03-07,ORBIT,Financials,209.28,1152681,0.027695934001178646,0.49357693405652014,0.24232681386377658,209.28,0.0
2023-03-08,ORBIT,Financials,205.87,1228564,-0.016293960244648353,0.46924065087067945,0.22943156561703487,209.28,-0.016293960244648353
2023-03-09,ORBIT,Financials,209.91,686436,0.019624034584932115,0.49807308021695373,0.22670783931740432,209.91,0.0
2023-03-10,ORBIT,Financials,211.07,912780,0.005526177885760486,0.5063516985441017,0.223681524065904,211.07,0.0
2023-03-13,ORBIT,Financials,211.67,784907,0.0028426588335623837,0.5106337425064198,0.22097138814969466,211.67,0.0
2023-03-14,ORBIT,Financials,213.54,1054897,0.008834506543204057,0.5239794461889775,0.219214976896632,213.54,0.0
2023-03-15,ORBIT,Financials,211.8,881247,-0.008148356279853775,0.5115615186982554,0.22370620270879982,213.54,-0.008148356279853775
2023-03-16,ORBIT,Financials,213.29,1287330,0.007034938621340858,0.5221952612046783,0.21476996994215236,213.54,-0.001170740844806617
2023-03-17,ORBIT,Financials,207.97,1042720,-0.024942566458811877,0.484227804738792,0.20597697183030178,213.54,-0.02608410602229083
2023-03-20,ORBIT,Financials,212.0,1339858,0.019377794874260612,0.5129888666856945,0.2130037957508988,213.54,-0.0072117636040085475
2023-03-21,ORBIT,Financials,207.31,1336282,-0.022122641509433993,0.47951755638024207,0.21843540798714295,213.54,-0.029174861852580225
2023-03-22,ORBIT,Financials,208.04,903692,0.0035212966089430697,0.48472737653439557,0.21625731817208987,213.54,-0.02575629858574502
2023-03-23,ORBIT,Financials,209.14,497577,0.005287444722168688,0.4925777904653117,0.21633163331783736,213.54,-0.020605038868596104
2023-03-24,ORBIT,Financials,213.64,737938,0.021516687386439637,0.5246931201826965,0.22573323781559695,213.64,0.0
2023-03-27,ORBIT,Financials,208.59,2114656,-0.023637895525182473,0.4886525834998534,0.24364605825350744,213.64,-0.023637895525182473
2023-03-28,ORBIT,Financials,205.19,985131,-0.016299918500407573,0.4643876677133847,0.2502926462087531,213.64,-0.039552518255008384
2023-03-29,ORBIT,Financials,203.16,1366109,-0.009893269652517134,0.44990008564087547,0.2497051361380976,213.64,-0.04905448417899261
2023-03-30,ORBIT,Financials,206.05,1318289,0.014225241189210536,0.470525264059374,0.25237338565104955,213.64,-0.035527054858640605
2023-03-31,ORBIT,Financials,207.95,1669165,0.009221062848822958,0.4840850699400474,0.2525942716111875,213.64,-0.02663358921550274
2023-04-03,ORBIT,Financials,203.95,1447509,-0.01923539312334699,0.4555381101912608,0.25670725029417085,213.64,-0.045356674780003714
2023-04-04,ORBIT,Financials,205.52,696503,0.007697965187546174,0.4667427918926599,0.25775609474106714,213.64,-0.038007863695937005
2023-04-05,ORBIT,Financials,210.16,988442,0.022576878162709146,0.4998572652012523,0.25150061781835553,213.64,-0.016289084441115875
2023-04-06,ORBIT,Financials,210.23,1764520,0.00033307955843153714,0.5003568369968558,0.24414941218641206,213.64,-0.0159614304437371
2023-04-07,ORBIT,Financials,209.27,1163773,-0.004566427246349147,0.4935055666571473,0.23525686156249637,213.64,-0.020454970979217224
2023-04-10,ORBIT,Financials,207.96,840341,-0.006259855688823035,0.4841564373394196,0.23528571249285574,213.64,-0.026586781501591328
2023-04-11,ORBIT,Financials,210.89,960167,0.01408924793229449,0.5050670853554056,0.24052731612678585,213.64,-0.012872121325594454
2023-04-12,ORBIT,Financials,211.52,645286,0.0029873393712362972,0.5095632315158396,0.2386465075101433,213.64,-0.009923235349185489
2023-04-13,ORBIT,Financials,217.06,1188085,0.026191376701966584,0.549100770767909,0.25367247590455105,217.06,0.0
2023-04-14,ORBIT,Financials,214.13,1006504,-0.013498571823459038,0.5281901227519226,0.2577534561263464,217.06,-0.013498571823459038
2023-04-17,ORBIT,Financials,219.65,948892,0.025778732545649996,0.5675849272052484,0.2550055289837124,219.65,0.0
2023-04-18,ORBIT,Financials,224.15,1915298,0.020487138629638135,0.5997002569226335,0.25594537964082814,224.15,0.0
2023-04-19,ORBIT,Financials,224.97,794836,0.003658264554985413,0.6055523836711347,0.2393837418796931,224.97,0.0
2023-04-20,ORBIT,Financials,228.46,688513,0.01551317953504916,0.6304596060519512,0.24265815588447515,228.46,0.0
2023-04-21,ORBIT,Financials,232.81,1272015,0.01904053225947644,0.6615044247787565,0.24778632170775153,232.81,0.0
2023-04-24,ORBIT,Financials,235.23,2005143,0.010394742493879061,0.6787753354267723,0.24149324497844643,235.23,0.0
2023-04-25,ORBIT,Financials,229.32,1563763,-0.025124346384389762,0.6365972023979398,0.24373588807904212,235.23,-0.025124346384389762
2023-04-26,ORBIT,Financials,230.52,1202728,0.005232862375719627,0.6451612903225761,0.23154209852533597,235.23,-0.020022956255579594
2023-04-27,ORBIT,Financials,229.48,1348078,-0.00451153912892599,0.6377390807878913,0.22770603269111453,235.23,-0.024444161033881695
2023-04-28,ORBIT,Financials,227.55,1501851,-0.00841031898204625,0.623965172709102,0.230778277324201,235.23,-0.03264889682438454
2023-05-01,ORBIT,Financials,227.59,1014453,0.0001757855416391063,0.6242506423065897,0.23074079798093297,235.23,-0.03247885048675758
2023-05-02,ORBIT,Financials,229.19,930639,0.007030185860538607,0.6356694262061042,0.2141752622179023,235.23,-0.02567699698167747
2023-05-03,ORBIT,Financials,233.23,766936,0.01762729612984848,0.6645018555523785,0.21809310275711452,235.23,-0.00850231688135017
2023-05-04,ORBIT,Financials,230.82,858550,-0.010333147536766285,0.6473023123037345,0.2166151456787286,235.23,-0.018747608723377107
2023-05-05,ORBIT,Financials,225.39,1693550,-0.023524824538601496,0.6085498144447565,0.2372677500149762,235.23,-0.04183139905624289
2023-05-08,ORBIT,Financials,222.99,577724,-0.010648209769732353,0.5914216385954847,0.24075921559875912,235.23,-0.052034179313862894
2023-05-09,ORBIT,Financials,228.31,507177,0.02385757208843442,0.629389095061371,0.24842946986380107,235.23,-0.029418016409471504
2023-05-10,ORBIT,Financials,227.32,1011907,-0.004336209539661073,0.6223237225235461,0.24773400429627854,235.23,-0.03362666326573993
2023-05-11,ORBIT,Financials,226.07,649214,-0.005498856237902472,0.6134027976020504,0.24977506860875548,235.23,-0.03894061131658377
2023-05-12,ORBIT,Financials,220.01,1402781,-0.02680585659309065,0.5701541535826387,0.2559439866331194,235.23,-0.06470263146707478
2023-05-15,ORBIT,Financials,218.85,1051348,-0.005272487614199295,0.5618755352554907,0.25171840724483735,235.23,-0.06963397525825787
2023-05-16,ORBIT,Financials,217.49,2154472,-0.006214302033356156,0.5521695689409032,0.2362106058857603,235.23,-0.07541555073757589
2023-05-17,ORBIT,Financials,219.66,1019128,0.00997747022851625,0.56765629460462,0.2271527295818825,235.23,-0.06619053692131105
2023-05-18,ORBIT,Financials,219.48,824451,-0.0008194482381863599,0.5663716814159245,0.22655799479857872,235.23,-0.06695574544063254
2023-05-19,ORBIT,Financials,218.86,1462436,-0.0028248587570620654,0.5619469026548627,0.21839545416765116,235.23,-0.06959146367385105
2023-05-22,ORBIT,Financials,218.63,977622,-0.0010509001187974931,0.5603054524693074,0.20472433816397373,235.23,-0.07056923011520633
2023-05-23,ORBIT,Financials,221.53,882306,0.013264419338608668,0.5810019982871779,0.2072990921866486,235.23,-0.05824087063724859
2023-05-24,ORBIT,Financials,222.9,1311270,0.006184263982304872,0.5907793320011374,0.19261383635488094,235.23,-0.05241678357352375
2023-05-25,ORBIT,Financials,220.12,1002822,-0.012471960520412773,0.5709391949757305,0.1948214104036193,235.23,-0.0642350040386005
2023-05-26,ORBIT,Financials,214.48,1223687,-0.02562238778847903,0.5306879817299412,0.2111243788589918,235.23,-0.08821153764400802
2023-05-29,ORBIT,Financials,212.86,1000595,-0.007553151809026382,0.5191264630316827,0.21087495926881014,235.23,-0.09509841431790156
2023-05-30,ORBIT,Financials,214.83,1205105,0.009254909330076,0.5331858407079599,0.21495179707538578,235.23,-0.08672363218977164
2023-05-31,ORBIT,Financials,219.55,582054,0.021970860680537996,0.5668712532115281,0.22919410570616125,235.23,-0.06665816434978522
2023-06-01,ORBIT,Financials,217.32,1513884,-0.010157139603734988,0.5509563231515795,0.21929413681818657,235.23,-0.07613824767249078
2023-06-02,ORBIT,Financials,218.33,1588541,0.004647524387999313,0.5581644304881481,0.2193529410595286,235.23,-0.07184457764740881
2023-06-05,ORBIT,Financials,217.2,912011,-0.0051756515366647715,0.5500999143591156,0.20605663710898076,235.23,-0.07664838668537177
2023-06-06,ORBIT,Financials,217.33,2055387,0.000598526703499136,0.5510276905509512,0.2035574884429828,235.23,-0.07609573608808395
2023-06-07,ORBIT,Financials,220.32,1078474,0.013757879722081645,0.5723665429631692,0.19051562516151246,235.23,-0.06338477235046547
2023-06-08,ORBIT,Financials,218.4,644395,-0.008714596949890963,0.5586640022837519,0.1918991182223189,235.23,-0.0715469965565616
2023-06-09,ORBIT,Financials,226.7,1070360,0.03800366300366287,0.617898943762484,0.23562229671718768,235.23,-0.03626238149895844
2023-06-12,ORBIT,Financials,229.82,1737433,0.013762681958535472,0.6401655723665376,0.2182221491430191,235.23,-0.022998767164052136
2023-06-13,ORBIT,Financials,229.46,1426410,-0.0015664433034547898,0.6375963459891469,0.217004060269099,235.23,-0.02452918420269512
2023-06-14,ORBIT,Financials,233.79,695018,0.018870391353612792,0.6684984299172085,0.22188024856506022,235.23,-0.006121668154572157
2023-06-15,ORBIT,Financials,235.39,851730,0.0068437486633303735,0.6799172138167233,0.22099843157254745,235.39,0.0
2023-06-16,ORBIT,Financials,234.19,1955851,-0.005097922596541848,0.6713531258920875,0.22251716021563597,235.39,-0.005097922596541848
2023-06-19,ORBIT,Financials,233.24,1325084,-0.004056535291857011,0.6645732229517507,0.22297686838754605,235.39,-0.00913377798547077
2023-06-20,ORBIT,Financials,228.75,1365890,-0.0192505573658035,0.6325292606337376,0.23581789596940606,235.39,-0.028208505034198472
2023-06-21,ORBIT,Financials,231.65,1123846,0.012677595628415306,0.6532258064516079,0.23548142691229781,235.39,-0.015888525425888922
2023-06-22,ORBIT,Financials,232.03,1883135,0.0016404057845889053,0.6559377676277427,0.2350465720914696,235.39,-0.014274183270317264
2023-06-23,ORBIT,Financials,232.92,631876,0.003835710899452671,0.6622894661718477,0.22909341253690632,235.39,-0.01049322401121544
2023-06-26,ORBIT,Financials,235.33,1409636,0.010346900223252797,0.679489009420492,0.205553173625963,235.39,-0.00025489612982698695
2023-06-27,ORBIT,Financials,234.0,1287583,-0.005651638125185987,0.6699971453040203,0.20424890415680766,235.39,-0.005905093674327677
2023-06-28,ORBIT,Financials,232.72,1350731,-0.0054700854700854284,0.6608621181844088,0.20637628075330108,235.39,-0.011342877777305693
2023-06-29,ORBIT,Financials,233.53,2341633,0.003480577518047534,0.6666428775335382,0.1956317122508345,235.39,-0.007901780024639926
2023-06-30,ORBIT,Financials,230.05,878148,-0.014901725688348355,0.641807022552094,0.20029194983341347,235.39,-0.022685755554611386
2023-07-03,ORBIT,Financials,235.23,1132393,0.02251684416431199,0.6787753354267725,0.21162532221713737,235.39,-0.0006797230128722243
2023-07-04,ORBIT,Financials,233.7,848787,-0.006504272414232903,0.6678561233228615,0.21237145377646846,235.39,-0.007179574323463167
2023-07-05,ORBIT,Financials,230.77,852378,-0.012537441163885221,0.6469454753068755,0.21944998714258326,235.39,-0.01962700199668621
2023-07-06,ORBIT,Financials,228.21,1104391,-0.011093296355678794,0.6286754210676522,0.220911490569159,235.39,-0.030502570202642354
2023-07-07,ORBIT,Financials,233.7,899006,0.02405678979886927,0.6678561233228615,0.23028738391781103,235.39,-0.007179574323463167
2023-07-10,ORBIT,Financials,232.5,987747,-0.005134788189987138,0.6592920353982255,0.19408441550847483,235.39,-0.012277496920005015
2023-07-11,ORBIT,Financials,233.33,1765517,0.00356989247311823,0.6652155295460986,0.18896510935114894,235.39,-0.008751433790730179
2023-07-12,ORBIT,Financials,227.13,1066953,-0.026571808168688205,0.6209677419354791,0.2114129468372987,235.39,-0.03509070053953012
2023-07-13,ORBIT,Financials,224.55,1354477,-0.011359133535860488,0.6025549528975118,0.20243595418451577,235.39,-0.04605123412209511
2023-07-14,ORBIT,Financials,225.83,762634,0.005700289467824637,0.6116899800171238,0.2018557736788294,235.39,-0.04061345001911709
2023-07-17,ORBIT,Financials,224.97,891349,-0.003808174290395483,0.6055523836711345,0.20164728790518396,235.39,-0.04426696121330553
2023-07-18,ORBIT,Financials,229.65,1424325,0.020802773703160415,0.638952326577215,0.2160674608622895,235.39,-0.024385063086792003
2023-07-19,ORBIT,Financials,224.6,1106032,-0.021989984759416603,0.6029117898943717,0.2192241938684544,235.39,-0.045838820680572656
2023-07-20,ORBIT,Financials,229.42,2452304,0.021460373998219096,0.6373108763916597,0.22795517778966043,235.39,-0.02536216491779597
2023-07-21,ORBIT,Financials,230.79,830082,0.0059715805073663475,0.647088210105619,0.22892635637913156,235.39,-0.019542036620077252
2023-07-24,ORBIT,Financials,235.9,988101,0.02214134061267825,0.6835569511846942,0.24139162097815448,235.9,0.0
2023-07-25,ORBIT,Financials,230.46,1244765,-0.023060618906316277,0.6447330859263443,0.2520997050823835,235.9,-0.023060618906316277
2023-07-26,ORBIT,Financials,234.34,1571379,0.016835893430530158,0.6724236368826673,0.2586810386399757,235.9,-0.006612971598134787
2023-07-27,ORBIT,Financials,229.66,1577434,-0.01997098233336181,0.6390236939765868,0.2674126336075994,235.9,-0.02645188639253926
2023-07-28,ORBIT,Financials,235.25,1625926,0.02434032918226947,0.6789180702255162,0.2807506263099202,235.9,-0.0027554048325562075
2023-07-31,ORBIT,Financials,232.21,1430307,-0.012922422954303903,0.6572223808164384,0.2794634104006737,235.9,-0.015642221280203428
2023-08-01,ORBIT,Financials,235.85,1235927,0.01567546617286064,0.6832001141878341,0.27364509883794785,235.9,-0.00021195421788899882
2023-08-02,ORBIT,Financials,232.67,1151710,-0.013483146067415741,0.6605052811875487,0.2768698255303349,235.9,-0.013692242475625394
2023-08-03,ORBIT,Financials,228.26,1364238,-0.01895388318218938,0.6290322580645114,0.2813673386157479,235.9,-0.03238660449342945
2023-08-04,ORBIT,Financials,229.13,949564,0.0038114430912117303,0.6352412218098724,0.2789375391995782,235.9,-0.028698601102161936
2023-08-07,ORBIT,Financials,222.44,1299853,-0.029197398856544265,0.5874964316300268,0.2828574763137359,235.9,-0.05705807545570163
2023-08-08,ORBIT,Financials,221.73,746410,-0.0031918719654738803,0.5824293462746171,0.28268326161411805,235.9,-0.060067825349724546
2023-08-09,ORBIT,Financials,217.45,510530,-0.019302755603662125,0.5518840993434153,0.28795295345945254,235.9,-0.07821110640101747
2023-08-10,ORBIT,Financials,212.83,1100096,-0.021246263508852503,0.5189123608335668,0.2830544880402009,235.9,-0.09779567613395501
2023-08-11,ORBIT,Financials,217.7,803256,0.02288211248414207,0.5536682843277143,0.2948304514013029,235.9,-0.07715133531157281
2023-08-14,ORBIT,Financials,216.96,1969813,-0.0033991731740926623,0.5483870967741891,0.29378757264097816,235.9,-0.08028825773632897
2023-08-15,ORBIT,Financials,215.26,1324731,-0.007835545722713944,0.5362546388809546,0.29447471387574226,235.9,-0.08749470114455282
2023-08-16,ORBIT,Financials,214.37,864828,-0.004134534980953175,0.5299029403368496,0.28264638947293685,235.9,-0.09126748622297587
2023-08-17,ORBIT,Financials,217.28,1001315,0.013574660633484115,0.5506708535540918,0.2795664794328142,235.9,-0.07893175074183978
2023-08-18,ORBIT,Financials,208.72,1730090,-0.03939617083946978,0.48958035969168834,0.2957991026146062,235.9,-0.11521831284442563
2023-08-21,ORBIT,Financials,209.36,1181721,0.0030663089306248725,0.49414787325149434,0.2946937827836862,235.9,-0.11250529885544713
2023-08-22,ORBIT,Financials,209.43,1502387,0.00033435231180733993,0.4946474450470979,0.2791590223470245,235.9,-0.11220856295040271
2023-08-23,ORBIT,Financials,209.39,1243364,-0.0001909946044025279,0.4943619754496098,0.27219036139222763,235.9,-0.11237812632471389
2023-08-24,ORBIT,Financials,208.53,1395991,-0.004107168441663811,0.4882243791036207,0.26102818947617695,235.9,-0.11602373887240358
2023-08-25,ORBIT,Financials,205.27,989942,-0.015633242219344923,0.46495860690835955,0.2583989690696103,235.9,-0.12984315387876222
2023-08-28,ORBIT,Financials,207.54,1456830,0.011058605738782923,0.4811590065657958,0.24289502753820685,235.9,-0.12022043238660451
2023-08-29,ORBIT,Financials,208.58,773941,0.005011082201021644,0.48858121610048055,0.24424487989034208,235.9,-0.11581178465451458
2023-08-30,ORBIT,Financials,210.58,827401,0.009588647041902432,0.5028546959748739,0.23860277825111884,235.9,-0.10733361593895718
2023-08-31,ORBIT,Financials,207.14,1351960,-0.016335834362237733,0.47830431059091727,0.2400398045746873,235.9,-0.12191606612971606
2023-09-01,ORBIT,Financials,209.2,906106,0.009944964758134667,0.4930059948615424,0.24036857852364904,235.9,-0.11318355235269184
2023-09-04,ORBIT,Financials,210.99,1103292,0.008556405353728591,0.5057807593491246,0.24286878436035267,235.9,-0.10559559135226793
2023-09-05,ORBIT,Financials,212.0,1131249,0.004786956727806935,0.5129888666856932,0.2260537050781687,235.9,-0.10131411615091146
2023-09-06,ORBIT,Financials,209.24,816922,-0.013018867924528221,0.4932914644590305,0.22914506730784523,235.9,-0.11301398897838066
2023-09-07,ORBIT,Financials,204.18,1388656,-0.02418275664308933,0.4571795603768152,0.23417998817304803,235.9,-0.13446375582874104
2023-09-08,ORBIT,Financials,200.5,1250058,-0.0180233127632482,0.4309163574079313,0.23124445468398677,235.9,-0.15006358626536676
2023-09-11,ORBIT,Financials,207.32,806759,0.03401496259351622,0.4795889237796125,0.24929571676262025,235.9,-0.12115303094531582
2023-09-12,ORBIT,Financials,208.29,1467629,0.004678757476364925,0.486511561518693,0.25037661876322925,235.9,-0.11704111911827053
2023-09-13,ORBIT,Financials,208.41,842786,0.0005761198329252704,0.48736797031115664,0.2495247781186913,235.9,-0.116532428995337
2023-09-14,ORBIT,Financials,208.87,1383554,0.002207187754906137,0.490650870682267,0.24962270480184343,235.9,-0.11458245019075874
2023-09-15,ORBIT,Financials,208.23,1019941,-0.0030641068607268895,0.486083357122461,0.2438705881227806,235.9,-0.11729546417973724
2023-09-18,ORBIT,Financials,204.57,2551531,-0.017576718052153883,0.45996288895232107,0.21112702597019778,235.9,-0.13281051292920731
2023-09-19,ORBIT,Financials,207.8,886066,0.015789216405142525,0.4830145589494663,0.2185857459054366,235.9,-0.11911827045358203
2023-09-20,ORBIT,Financials,211.15,1048953,0.016121270452358116,0.5069226377390752,0.22585234829922032,235.9,-0.10491733785502333
2023-09-21,ORBIT,Financials,213.01,1164118,0.008808903623016784,0.520196974022261,0.22765713853225505,235.9,-0.097032640949555
2023-09-22,ORBIT,Financials,209.07,1643678,-0.01849678418853573,0.49207821866970614,0.23692487205355287,235.9,-0.11373463331920308
2023-09-25,ORBIT,Financials,209.05,931111,-9.566174008701633e-05,0.4919354838709622,0.22982500358700741,235.9,-0.11381941500635862
2023-09-26,ORBIT,Financials,209.56,1425581,0.002439607749342265,0.4955752212389326,0.22697913655051016,235.9,-0.11165748198389147
2023-09-27,ORBIT,Financials,209.96,709013,0.0019087612139720989,0.49842991721381114,0.22646618016432765,235.9,-0.10996184824077992
2023-09-28,ORBIT,Financials,211.7,758695,0.00828729281767937,0.510847844704533,0.22584568844647443,235.9,-0.10258584145824512
2023-09-29,ORBIT,Financials,210.34,1771734,-0.006424185167690055,0.5011418783899457,0.2191295629190365,235.9,-0.10835099618482413
2023-10-02,ORBIT,Financials,215.2,1401069,0.023105448321764754,0.5358264344847214,0.23048232536566643,235.9,-0.08774904620601953
2023-10-03,ORBIT,Financials,217.73,1243113,0.01175650557620811,0.5538823865258289,0.23198764246541545,235.9,-0.07702416278083946
2023-10-04,ORBIT,Financials,217.73,1142687,0.0,0.5538823865258289,0.23175157149749837,235.9,-0.07702416278083946
2023-10-05,ORBIT,Financials,219.07,1306145,0.0061544114269966865,0.5634456180416723,0.22620121034087246,235.9,-0.07134378974141586
2023-10-06,ORBIT,Financials,223.45,1350832,0.019993609348609942,0.5947045389665935,0.21241592474313917,235.9,-0.05277660025434516
2023-10-09,ORBIT,Financials,223.4,983827,-0.0002237637055269026,0.5943477019697336,0.19715365806856935,235.9,-0.05298855447223405
2023-10-10,ORBIT,Financials,218.33,890793,-0.02269471799462841,0.5581644304881466,0.19061530582910216,235.9,-0.07448071216617203
2023-10-11,ORBIT,Financials,218.49,459849,0.000732835615810945,0.5593063088780981,0.19054643946664415,235.9,-0.07380245866892754
2023-10-12,ORBIT,Financials,225.37,714961,0.031488855325186416,0.608407079646011,0.21539479691672855,235.9,-0.044637558287409895
2023-10-13,ORBIT,Financials,228.82,1182094,0.015308159914806607,0.6330288324293392,0.21891120358295385,235.9,-0.030012717253073418
2023-10-16,ORBIT,Financials,231.77,1347095,0.012892229700201208,0.6540822152440695,0.2189942023905397,235.9,-0.01750741839762604
2023-10-17,ORBIT,Financials,239.01,653308,0.031237865124908337,0.7057522123893734,0.2202955886670378,239.01,0.0
2023-10-18,ORBIT,Financials,238.92,2320412,-0.00037655328228947127,0.7051099057950256,0.21977428182515135,239.01,-0.00037655328228947127
2023-10-19,ORBIT,Financials,241.19,2306029,0.009501088230370103,0.7213103054524623,0.21740433265899567,241.19,0.0
2023-10-20,ORBIT,Financials,240.53,1528558,-0.0027364318587006498,0.7166000570939124,0.21948998129241076,241.19,-0.0027364318587006498
2023-10-23,ORBIT,Financials,241.93,2026986,0.005820479773832821,0.7265914930059878,0.2008126045177667,241.93,0.0
2023-10-24,ORBIT,Financials,240.62,1040261,-0.005414789401893105,0.7172423636882601,0.20401765459799776,241.93,-0.005414789401893105
2023-10-25,ORBIT,Financials,237.94,1127408,-0.011137893774416097,0.6981159006565731,0.21290045108363295,241.93,-0.016492373827140083
2023-10-26,ORBIT,Financials,238.04,864508,0.00042027401866007175,0.6988295746502926,0.21333618942223434,241.93,-0.016079031124705545
2023-10-27,ORBIT,Financials,242.83,704192,0.020122668459082504,0.7330145589494645,0.21874967242212928,242.83,0.0
2023-10-30,ORBIT,Financials,246.35,1190060,0.014495737758925875,0.7581358835283967,0.21497388662590844,246.35,0.0
2023-10-31,ORBIT,Financials,245.41,1383523,-0.003815709356606467,0.7514273479874318,0.21075812500823043,246.35,-0.003815709356606467
2023-11-01,ORBIT,Financials,247.35,1658897,0.007905138339920903,0.7652726234655933,0.2099358623666619,247.35,0.0
2023-11-02,ORBIT,Financials,250.2,1085223,0.011522134627046654,0.7856123322866038,0.20945940609612762,250.2,0.0
2023-11-03,ORBIT,Financials,251.65,688699,0.005795363709032886,0.795960605195539,0.20947539191304604,251.65,0.0
2023-11-06,ORBIT,Financials,246.96,960531,-0.018636995827538194,0.7624892948900868,0.22102701810638908,251.65,-0.018636995827538194
2023-11-07,ORBIT,Financials,246.79,1490112,-0.0006883705863298673,0.7612760491007631,0.22116766403189056,251.65,-0.019312537254122852
2023-11-08,ORBIT,Financials,252.46,518303,0.022974998986992956,0.801741364544668,0.20554606985449095,252.46,0.0
2023-11-09,ORBIT,Financials,250.69,1168103,-0.007011011645409182,0.78910933485583,0.21022753964217455,252.46,-0.007011011645409182
2023-11-10,ORBIT,Financials,248.38,829224,-0.009214567792891648,0.7726234656009057,0.1964683638992314,252.46,-0.01616097599619748
2023-11-13,ORBIT,Financials,247.66,1351411,-0.0028987841211047805,0.7674850128461241,0.19420688166273248,252.46,-0.01901291293670293
2023-11-14,ORBIT,Financials,247.93,1413386,0.0010902043123637295,0.7694119326291673,0.1915651029164456,252.46,-0.017943436584013317
2023-11-15,ORBIT,Financials,248.01,1892685,0.0003226717218569597,0.769982871824143,0.16244390030952652,252.46,-0.01762655470173502
2023-11-16,ORBIT,Financials,247.65,1053863,-0.0014515543728075286,0.7674136454467524,0.16266886707636116,252.46,-0.01905252317198769
2023-11-17,ORBIT,Financials,250.46,555617,0.011346658590753123,0.7874678846702752,0.16389645814935508,252.46,-0.007922047056959536
2023-11-20,ORBIT,Financials,248.5,1194913,-0.007825600894354467,0.7734798743933695,0.1666157200414448,252.46,-0.015685653172779923
2023-11-21,ORBIT,Financials,245.09,747017,-0.013722334004024117,0.749143591207529,0.1739775807127533,252.46,-0.02919274340489586
2023-11-22,ORBIT,Financials,248.72,1270237,0.01481088579705414,0.7750499571795528,0.17908983401737402,252.46,-0.014814227996514329
2023-11-23,ORBIT,Financials,249.96,1350432,0.004985525892569953,0.7838995147016767,0.1732098568869189,252.46,-0.009902558821199392
2023-11-24,ORBIT,Financials,248.85,1382761,-0.004440710513682222,0.7759777333713884,0.1747239464073369,252.46,-0.014299294937812013
2023-11-27,ORBIT,Financials,250.61,1474048,0.0070725336548123074,0.7885383956608549,0.16330849021217206,252.46,-0.007327893527687479
2023-11-28,ORBIT,Financials,253.91,1560117,0.013167870396233017,0.8120896374536035,0.16204238227628434,253.91,0.0
2023-11-29,ORBIT,Financials,253.58,827925,-0.0012996731125201055,0.8097345132743288,0.16123678273882797,253.91,-0.0012996731125201055
2023-11-30,ORBIT,Financials,252.33,1499947,-0.00492941083681675,0.8008135883528331,0.16105241635497214,253.91,-0.0062226773266117474
2023-12-01,ORBIT,Financials,256.75,1553803,0.017516743946419222,0.832357978875242,0.16720896889613462,256.75,0.0
2023-12-04,ORBIT,Financials,257.11,781224,0.001402142161635922,0.8349272052526329,0.16640612059863177,257.11,0.0
2023-12-05,ORBIT,Financials,256.13,1598151,-0.0038115981486523953,0.8279332001141799,0.15153933852440024,257.11,-0.0038115981486523953
2023-12-06,ORBIT,Financials,258.6,1341768,0.009643540389645988,0.8455609477590558,0.15363030448103165,258.6,0.0
2023-12-07,ORBIT,Financials,267.99,2335765,0.03631090487238975,0.9125749357693322,0.18081402696387278,267.99,0.0
2023-12-08,ORBIT,Financials,272.52,837012,0.016903615806559857,0.944904367684833,0.18324587005473178,272.52,0.0
2023-12-11,ORBIT,Financials,273.7,1433005,0.004329957434316745,0.9533257208107251,0.17678846832035755,273.7,0.0
2023-12-12,ORBIT,Financials,276.06,961174,0.008622579466569302,0.9701684270625093,0.17505223453235616,276.06,0.0
2023-12-13,ORBIT,Financials,280.5,2401489,0.016083460117365833,1.0018555523836623,0.17824940630375163,280.5,0.0
2023-12-14,ORBIT,Financials,275.15,1025898,-0.019073083778966216,0.9636739937196601,0.1975847519630532,280.5,-0.019073083778966216
2023-12-15,ORBIT,Financials,276.22,837140,0.0038887879338544984,0.971310305452461,0.19623868058336846,280.5,-0.015258467023172795
2023-12-18,ORBIT,Financials,277.77,1521327,0.005611469118818269,0.9823722523551157,0.19500831109700342,280.5,-0.009732620320855645
2023-12-19,ORBIT,Financials,276.87,1651190,-0.0032400907225401676,0.9759491864116387,0.19182580976631652,280.5,-0.012941176470588234
2023-12-20,ORBIT,Financials,273.54,1518430,-0.012027305233503038,0.952183842420774,0.18979480680380537,280.5,-0.0248128342245989
2023-12-21,ORBIT,Financials,274.38,909119,0.0030708488703661274,0.958178703968019,0.18672289365347755,280.5,-0.021818181818181848
2023-12-22,ORBIT,Financials,263.1,799729,-0.04111086813907705,0.8776762774764408,0.2451376832379779,280.5,-0.0620320855614972
2023-12-25,ORBIT,Financials,252.74,850245,-0.039376662865830525,0.8037396517270834,0.2844278426745673,280.5,-0.0989661319073083
2023-12-26,ORBIT,Financials,254.62,876140,0.007438474321437072,0.8171567228090131,0.2845308230437365,280.5,-0.09226381461675581
2023-12-27,ORBIT,Financials,255.94,1387020,0.005184196056869039,0.8265772195261127,0.2815255340832301,280.5,-0.08755793226381459
2023-12-28,ORBIT,Financials,261.96,1149250,0.02352113776666398,0.8695403939480364,0.2924120842547195,280.5,-0.06609625668449204
2023-12-29,ORBIT,Financials,258.42,888871,-0.013513513513513375,0.8442763345703606,0.2963541887853962,280.5,-0.07871657754010686
2024-01-01,ORBIT,Financials,255.29,1652792,-0.012112065629595326,0.8219383385669348,0.29369149063754896,280.5,-0.08987522281639937
2024-01-02,ORBIT,Financials,265.89,1227915,0.041521407027302226,0.8975877819012192,0.3272544089410149,280.5,-0.05208556149732624
2024-01-03,ORBIT,Financials,263.34,1279089,-0.009590432133589122,0.8793890950613676,0.3291106764657459,280.5,-0.06117647058823539
2024-01-04,ORBIT,Financials,260.7,962882,-0.010025062656641603,0.8605481016271685,0.3300508871512119,280.5,-0.07058823529411773
2024-01-05,ORBIT,Financials,262.66,765925,0.007518220176448098,0.8745361119040742,0.3049008895128164,280.5,-0.0636007130124776
2024-01-08,ORBIT,Financials,261.53,1253340,-0.004302139648214576,0.8664715957750417,0.2981795273061483,280.5,-0.06762923351158656
2024-01-09,ORBIT,Financials,264.62,1043052,0.011815088135204599,0.8885241221809799,0.30122691080405395,280.5,-0.056613190730837815
2024-01-10,ORBIT,Financials,269.09,877764,0.016892147229990107,0.9204253497002488,0.30602911563509066,280.5,-0.04067736185383253
2024-01-11,ORBIT,Financials,268.96,902805,-0.0004831097402355766,0.9194975735084132,0.29966456692190335,280.5,-0.041140819964349484
2024-01-12,ORBIT,Financials,277.96,1486635,0.033462224866151136,0.9837282329431831,0.31636696050527113,280.5,-0.009055258467023264
2024-01-15,ORBIT,Financials,274.67,1141109,-0.011836235429558029,0.9602483585498065,0.3190317097791918,280.5,-0.020784313725490167
2024-01-16,ORBIT,Financials,274.55,812682,-0.00043688790184581716,0.9593919497573429,0.3183605611417394,280.5,-0.021212121212121127
2024-01-17,ORBIT,Financials,278.38,1295908,0.013950100163904411,0.9867256637168058,0.3219523275323116,280.5,-0.007557932263814626
2024-01-18,ORBIT,Financials,282.17,1321881,0.013614483799123667,1.0137739080787815,0.3216791061176857,282.17,0.0
2024-01-19,ORBIT,Financials,280.4,837581,-0.006272814260906645,1.001141878389943,0.32279517382901224,282.17,-0.006272814260906645
2024-01-22,ORBIT,Financials,279.15,873579,-0.0044579172610555995,0.9922209534684474,0.28497095394352945,282.17,-0.010702767834993243
2024-01-23,ORBIT,Financials,278.38,1304198,-0.0027583736342468024,0.986725663716806,0.24128067213671936,282.17,-0.013431619236630499
2024-01-24,ORBIT,Financials,279.59,1068054,0.004346576621883758,0.995361119040814,0.24107945098309275,282.17,-0.009143424176914716
2024-01-25,ORBIT,Financials,279.36,870693,-0.0008226331413854204,0.9937196688552592,0.2417846080124105,282.17,-0.009958535634546517
2024-01-26,ORBIT,Financials,275.22,1058271,-0.014819587628865927,0.9641735655152652,0.23982560040093956,282.17,-0.024630541871921152
2024-01-29,ORBIT,Financials,267.16,1401560,-0.029285662379187616,0.9066514416214599,0.258555231599916,282.17,-0.05319488251763116
2024-01-30,ORBIT,Financials,266.13,1164946,-0.0038553675699956047,0.8993005994861472,0.2545444390745864,282.17,-0.056845164262678605
2024-01-31,ORBIT,Financials,268.87,994836,0.010295720136775266,0.9188552669140659,0.21325093803145048,282.17,-0.04713470602828085
2024-02-01,ORBIT,Financials,266.62,1465702,-0.00836835645479228,0.9027976020553734,0.212554806314143,282.17,-0.055108622461636614
2024-02-02,ORBIT,Financials,262.83,689824,-0.014214987622834019,0.8757493576933981,0.21568487722732763,282.17,-0.06854024169826711
2024-02-05,ORBIT,Financials,261.37,968371,-0.005554921432104343,0.8653297173850911,0.2150595172802004,282.17,-0.0737144274728001
2024-02-06,ORBIT,Financials,263.87,988267,0.009564984504725205,0.8831715672280829,0.21703971002972153,282.17,-0.06485452032462702
2024-02-07,ORBIT,Financials,257.95,1713061,-0.022435290104976024,0.8409220667998785,0.22677834355744117,282.17,-0.08583478045150095
2024-02-08,ORBIT,Financials,256.65,1155852,-0.0050397363830200215,0.8316443048815227,0.21736294945812723,282.17,-0.09044193216855101
2024-02-09,ORBIT,Financials,255.66,708207,-0.0038573933372295643,0.8245789323436983,0.21734879461291645,282.17,-0.09395045539922753
2024-02-12,ORBIT,Financials,260.58,383963,0.01924430884768835,0.8596916928347058,0.19194989614812585,282.17,-0.07651415813162288
2024-02-13,ORBIT,Financials,258.0,2797827,-0.009900990099009799,0.8412789037967385,0.1909418172179028,282.17,-0.08565758230853748
2024-02-14,ORBIT,Financials,259.6,852690,0.006201550387596955,0.8526976876962533,0.1933932961174802,282.17,-0.07998724173370664
2024-02-15,ORBIT,Financials,258.56,2230793,-0.004006163328197254,0.8452754781615688,0.1838068384103194,282.17,-0.08367296310734673
2024-02-16,ORBIT,Financials,252.92,3017405,-0.021813118811881194,0.8050242649157795,0.1833424290580412,282.17,-0.10366091363362517
2024-02-19,ORBIT,Financials,248.41,680475,-0.017831725446781577,0.7728375677990227,0.18854580218985745,282.17,-0.11964418612892946
2024-02-20,ORBIT,Financials,253.29,1397473,0.019644941830039064,0.8076648586925423,0.20800421456703508,282.17,-0.10234964737569563
2024-02-21,ORBIT,Financials,249.33,1541565,-0.015634253227525652,0.7794033685412438,0.21137233574125763,282.17,-0.1163837402984017
2024-02-22,ORBIT,Financials,252.28,1466862,0.01183170898006658,0.8004567513559739,0.21712165904641298,282.17,-0.10592904986355745
2024-02-23,ORBIT,Financials,252.27,2269825,-3.963849690813426e-05,0.8003853839566022,0.2173189284936445,282.17,-0.1059644894921501
2024-02-26,ORBIT,Financials,251.91,1268972,-0.0014270424545130833,0.7978161575792113,0.2144374632994378,282.17,-0.1072403161214871
2024-02-27,ORBIT,Financials,251.18,1042563,-0.002897860346949277,0.7926063374250578,0.19391627404414427,282.17,-0.10982740900875365
2024-02-28,ORBIT,Financials,253.34,1572460,0.008599410781113148,0.8080216956894026,0.197871361085628,282.17,-0.10217244923273205
2024-02-29,ORBIT,Financials,251.99,816295,-0.00532880713665429,0.7983870967741871,0.192705908476805,282.17,-0.10695679909274558
2024-03-01,ORBIT,Financials,251.02,1005429,-0.003849359101551597,0.7914644590351063,0.19175690294366107,282.17,-0.11039444306623669
2024-03-04,ORBIT,Financials,252.61,903490,0.0063341566409051975,0.8028118755352491,0.18954004055124618,282.17,-0.1047595421199986
2024-03-05,ORBIT,Financials,254.55,831690,0.007679822651518231,0.8166571510134109,0.19178446427687135,282.17,-0.09788425417301627
2024-03-06,ORBIT,Financials,252.1,1327353,-0.009624828128069196,0.799172138167279,0.18973670294580766,282.17,-0.106566963178226
2024-03-07,ORBIT,Financials,251.65,1369858,-0.0017850059500197357,0.7959606051955406,0.17474624459470278,282.17,-0.10816174646489707
2024-03-08,ORBIT,Financials,253.0,1062396,0.0053645936817008355,0.8055952041107561,0.17552005400482776,282.17,-0.10337739660488365
2024-03-11,ORBIT,Financials,253.18,641635,0.0007114624505928369,0.8068798172994514,0.17517265725254103,282.17,-0.1027394832902151
2024-03-12,ORBIT,Financials,250.38,1094768,-0.011059325381151841,0.7868969454753005,0.16339878505816444,282.17,-0.11266257929616907
2024-03-13,ORBIT,Financials,251.3,1170484,0.0036744148893681494,0.7934627462175214,0.161728472730361,282.17,-0.10940213346564132
2024-03-14,ORBIT,Financials,251.14,730688,-0.0006366892160765136,0.7923208678275697,0.15950336419980798,282.17,-0.10996916752312447
2024-03-15,ORBIT,Financials,252.06,1503750,0.0036632953730988405,0.7988866685697908,0.16021318191839798,282.17,-0.10670872169259671
2024-03-18,ORBIT,Financials,250.82,726693,-0.0049194636197731345,0.7900371110476669,0.14248458505707196,282.17,-0.11110323563809055
2024-03-19,ORBIT,Financials,248.26,1627088,-0.010206522605852864,0.7717670568084434,0.13282329422516798,282.17,-0.12017578055781986
2024-03-20,ORBIT,Financials,244.64,1031917,-0.014581487150567951,0.7459320582357916,0.12148839725364628,282.17,-0.13300492610837444
2024-03-21,ORBIT,Financials,244.04,999167,-0.002452583387835161,0.7416500142734737,0.11041305346540742,282.17,-0.135131303823936
2024-03-22,ORBIT,Financials,247.44,901114,0.013932142271758652,0.7659149300599422,0.11367960107852189,282.17,-0.12308183010242058
2024-03-25,ORBIT,Financials,244.99,925942,-0.009901390236016772,0.7484299172138105,0.11780020189796109,282.17,-0.1317645391076302
2024-03-26,ORBIT,Financials,246.13,777994,0.004653251153108329,0.7565658007422147,0.1196300838806253,282.17,-0.12772442144806329
2024-03-27,ORBIT,Financials,244.72,1428730,-0.005728679965871675,0.7465029974307675,0.12057100292621749,282.17,-0.13272140907963292
2024-03-28,ORBIT,Financials,242.99,877359,-0.007069303694017592,0.7341564373394174,0.11665864074875215,282.17,-0.13885246482616864
2024-03-29,ORBIT,Financials,246.01,1013838,0.012428494999794149,0.7557093919497511,0.1260356288491727,282.17,-0.12814969699117562
2024-04-01,ORBIT,Financials,246.63,760148,0.0025202227551726075,0.7601341707108131,0.12622446741417798,282.17,-0.12595244001842865
2024-04-02,ORBIT,Financials,249.4,1015734,0.011231399262052522,0.779902940336848,0.13077475821764464,282.17,-0.11613566289825283
2024-04-03,ORBIT,Financials,249.55,746441,0.0006014434643144551,0.7809734513274278,0.127399209936037,282.17,-0.11560406846936244
2024-04-04,ORBIT,Financials,248.47,1332047,-0.004327790022039757,0.7732657721952552,0.12411460028038097,282.17,-0.11943154835737324
2024-04-05,ORBIT,Financials,246.84,1339283,-0.0065601481064112566,0.7616328860976245,0.12575084926405442,282.17,-0.12520820781798214
2024-04-08,ORBIT,Financials,246.54,1001609,-0.001215362177929058,0.7594918641164654,0.12367674406344857,282.17,-0.12627139667576293
2024-04-09,ORBIT,Financials,244.78,911076,-0.007138801005921902,0.7469312018269993,0.12512760279759383,282.17,-0.1325087713080767
2024-04-10,ORBIT,Financials,245.09,1077348,0.0012664433368738681,0.7491435912075302,0.12055851701715559,282.17,-0.13141014282170327
2024-04-11,ORBIT,Financials,246.34,1302333,0.005100167285486901,0.7580645161290258,0.12135195789774683,282.17,-0.12698018924761667
2024-04-12,ORBIT,Financials,247.23,1189900,0.0036128927498577657,0.7644162146731306,0.12236606384336142,282.17,-0.12382606230286719
2024-04-15,ORBIT,Financials,244.91,1489264,-0.009383974436759313,0.7478589780188343,0.12480176871978492,282.17,-0.13204805613637172
2024-04-16,ORBIT,Financials,241.59,873950,-0.013556000163325255,0.7241650014273415,0.1313377536525583,282.17,-0.14381401282914563
2024-04-17,ORBIT,Financials,246.0,558026,0.018254066807400937,0.7556380245503787,0.1445872234475115,282.17,-0.12818513661976827
2024-04-18,ORBIT,Financials,243.33,1531033,-0.010853658536585264,0.7365829289180637,0.14049775205562018,282.17,-0.13764751745401704
2024-04-19,ORBIT,Financials,239.11,1094834,-0.017342703324703113,0.7064658863830937,0.15244188267643463,282.17,-0.1526030407201332
2024-04-22,ORBIT,Financials,243.07,900636,0.016561415248212086,0.7347273765343925,0.1559039744462838,282.17,-0.13856894779742712
2024-04-23,ORBIT,Financials,241.43,754487,-0.006747027605216505,0.72302312303739,0.15395506516427415,282.17,-0.14438104688662867
2024-04-24,ORBIT,Financials,246.79,1233369,0.022201052064780624,0.761276049100764,0.17246248012760146,282.17,-0.1253854059609456
2024-04-25,ORBIT,Financials,246.58,974502,-0.0008509258884070725,0.7597773337139528,0.17117853674179687,282.17,-0.1261296381613921
2024-04-26,ORBIT,Financials,247.27,1330321,0.0027982804769242087,0.7647016842706182,0.16914269592080458,282.17,-0.12368430378849626
2024-04-29,ORBIT,Financials,244.45,723465,-0.011404537550046556,0.7445760776477235,0.16879837557779062,282.17,-0.13367827905163565
2024-04-30,ORBIT,Financials,241.81,1075542,-0.01079975455103288,0.7257350842135244,0.17231469376325695,282.17,-0.14303434100010637
2024-05-01,ORBIT,Financials,245.04,1381888,0.013357594805839312,0.7487867542106696,0.17434368380882723,282.17,-0.13158734096466673
2024-05-02,ORBIT,Financials,248.34,1141677,0.01346718903036237,0.7723379960034187,0.18119234761269548,282.17,-0.11989226352907822
2024-05-03,ORBIT,Financials,241.7,602673,-0.026737537247322307,0.7249500428204327,0.20299080042652495,282.17,-0.14342417691462606
2024-05-06,ORBIT,Financials,241.48,1171622,-0.000910219280099267,0.7233799600342494,0.20206530299994926,282.17,-0.1442038487436652
2024-05-07,ORBIT,Financials,244.11,979085,0.010891171111479414,0.742149586069077,0.2061883657505469,282.17,-0.13488322642378703
2024-05-08,ORBIT,Financials,240.94,318613,-0.012985948957437321,0.7195261204681633,0.2095666017259667,282.17,-0.14611758868767066
2024-05-09,ORBIT,Financials,238.82,2098272,-0.008798871088237736,0.7043962318013064,0.21128845852190403,282.17,-0.15363078994932144
2024-05-10,ORBIT,Financials,240.66,1560139,0.0077045473578427615,0.7175278332857482,0.21244843195273386,282.17,-0.14710989828826604
2024-05-13,ORBIT,Financials,242.78,1642782,0.00880910828554815,0.7326577219526051,0.21462907183764054,282.17,-0.13959669702661526
2024-05-14,ORBIT,Financials,247.52,885857,0.019523848751956452,0.7664858692549172,0.2232127659070545,282.17,-0.12279831307367906
2024-05-15,ORBIT,Financials,244.01,2080825,-0.014180672268907624,0.7414359120753569,0.22372180784158033,282.17,-0.13523762270971407
2024-05-16,ORBIT,Financials,246.0,872354,0.008155403467070999,0.7556380245503782,0.21627465340585073,282.17,-0.12818513661976827
2024-05-17,ORBIT,Financials,246.14,2543630,0.0005691056910568371,0.7566371681415855,0.21258116113969214,282.17,-0.12768898181947064
2024-05-20,ORBIT,Financials,243.78,1001825,-0.009588039327212083,0.7397944618898016,0.20591191415427187,282.17,-0.13605273416734598
2024-05-21,ORBIT,Financials,237.58,1353732,-0.025432767249158994,0.6955466742791825,0.2170154490566642,282.17,-0.15802530389481517
2024-05-22,ORBIT,Financials,236.91,1616575,-0.002820102702247751,0.6907650585212606,0.2161292287499638,282.17,-0.1603997590105256
2024-05-23,ORBIT,Financials,238.27,876601,0.0057405765902665,0.7004710248358483,0.2010415342395378,282.17,-0.15557996952191944
2024-05-24,ORBIT,Financials,237.63,1413276,-0.002686028455114009,0.6959035112760423,0.20105647391292147,282.17,-0.15784810575185182
2024-05-27,ORBIT,Financials,236.77,1926828,-0.0036190716660353672,0.6897659149300532,0.2004826983196749,282.17,-0.16089591381082324
2024-05-28,ORBIT,Financials,234.04,1003196,-0.011530176964987149,0.6702826149015062,0.20055751300952682,282.17,-0.17057093241662835
2024-05-29,ORBIT,Financials,231.68,1356060,-0.010083746368142132,0.6534399086497222,0.2001763706032928,282.17,-0.1789346847645037
2024-05-30,ORBIT,Financials,230.53,1223208,-0.004963743093922668,0.645232657721946,0.19242311663370046,282.17,-0.18301024205266336
2024-05-31,ORBIT,Financials,231.67,2092908,0.004945126447750692,0.65336854125035,0.1854663676065884,282.17,-0.17897012439309645
2024-06-03,ORBIT,Financials,233.16,1123190,0.0064315621357966535,0.6640022837567732,0.16720553511636949,282.17,-0.1736896197327853
2024-06-04,ORBIT,Financials,228.72,888692,-0.019042717447246504,0.6323151584356201,0.17765475709999912,282.17,-0.1894248148279406
2024-06-05,ORBIT,Financials,235.18,1111117,0.028244141308149784,0.6784184984299106,0.20258385548097382,282.17,-0.16653081475706133
2024-06-06,ORBIT,Financials,238.68,760399,0.01488221787566979,0.703397088210099,0.20598762740619114,282.17,-0.15412694474961908
2024-06-07,ORBIT,Financials,237.49,1387005,-0.004985754985754931,0.6949043676848352,0.20443901373619316,282.17,-0.15834426055214945
2024-06-10,ORBIT,Financials,243.38,839818,0.02480104425449481,0.7369397659149233,0.2206869400155597,282.17,-0.1374703193110537
2024-06-11,ORBIT,Financials,242.9,1132219,-0.0019722245048894305,0.733514130745069,0.21880266785436153,282.17,-0.13917142148350292
2024-06-12,ORBIT,Financials,243.1,992651,0.0008233841086866533,0.7349414787325081,0.2071811684008267,282.17,-0.13846262891164907
2024-06-13,ORBIT,Financials,243.71,1057592,0.002509255450432013,0.7392948900941982,0.201566840096415,282.17,-0.13630081156749474
2024-06-14,ORBIT,Financials,245.52,691731,0.007426859792376117,0.7522123893805241,0.20121173627579497,282.17,-0.1298862387922175
2024-06-17,ORBIT,Financials,246.37,1064663,0.003462039752362367,0.7582786183271413,0.20156710887644125,282.17,-0.12687387036183861
2024-06-18,ORBIT,Financials,250.13,1478953,0.01526159840889707,0.7851127604910004,0.2048399923284821,282.17,-0.1135485700109864
2024-06-19,ORBIT,Financials,257.49,1200906,0.02942469915643864,0.8376391664287679,0.2027557765930056,282.17,-0.08746500336676477
2024-06-20,ORBIT,Financials,262.58,1973714,0.019767757971183242,0.8739651727090987,0.20832140326158027,282.17,-0.06942623241308443
2024-06-21,ORBIT,Financials,264.67,1361484,0.00795947901591898,0.8888809591778397,0.20856350178373337,282.17,-0.062019350037211596
2024-06-24,ORBIT,Financials,267.87,887555,0.012090527827105513,0.9117185269768691,0.20789517025729545,282.17,-0.05067866888755013
2024-06-25,ORBIT,Financials,274.92,1512471,0.026318736700638334,0.9620325435341055,0.21649123543582807,282.17,-0.025693730729701936
2024-06-26,ORBIT,Financials,282.27,1113141,0.02673505019642075,1.0144875820725008,0.2152946934988608,282.27,0.0
2024-06-27,ORBIT,Financials,281.24,1492746,-0.0036489885570551994,1.0071367399371884,0.2091557842829904,282.27,-0.0036489885570551994
2024-06-28,ORBIT,Financials,284.27,913916,0.010773716398805089,1.028761061946894,0.20258155224037627,284.27,0.0
2024-07-01,ORBIT,Financials,280.34,1325614,-0.01382488479262678,1.0007136739937113,0.21842102469236432,284.27,-0.01382488479262678
2024-07-02,ORBIT,Financials,284.21,1605550,0.013804665763001989,1.0283328575506623,0.21873182827473614,284.27,-0.00021106694339889653
2024-07-03,ORBIT,Financials,282.47,730325,-0.006122233559691659,1.0159149300599402,0.201328485366855,284.27,-0.00633200830196623
2024-07-04,ORBIT,Financials,284.45,2074453,0.007009593939179215,1.030045675135589,0.1904638320100118,284.45,0.0
2024-07-05,ORBIT,Financials,281.22,810292,-0.011355246967832522,1.006994005138444,0.20188656579165015,284.45,-0.011355246967832522
2024-07-08,ORBIT,Financials,282.89,1959216,0.0059384112083065155,1.018912360833562,0.19656607225553113,284.45,-0.005484267885392913
2024-07-09,ORBIT,Financials,284.51,1301382,0.00572660751528864,1.0304738795318205,0.1874528557037397,284.51,0.0
2024-07-10,ORBIT,Financials,285.24,1360512,0.0025658149098450878,1.0356836996859742,0.18520030541703927,285.24,0.0
2024-07-11,ORBIT,Financials,285.23,654561,-3.5058196606319036e-05,1.0356123322866022,0.1856279388017911,285.24,-3.5058196606319036e-05
2024-07-12,ORBIT,Financials,286.31,511080,0.0037864179784734553,1.0433200114187744,0.18522987991478454,286.31,0.0
2024-07-15,ORBIT,Financials,286.66,974783,0.001222451189270446,1.0458178703967933,0.18661435486457725,286.66,0.0
2024-07-16,ORBIT,Financials,283.95,1042251,-0.00945370822577285,1.0264773051669902,0.19527180336544264,286.66,-0.00945370822577285
2024-07-17,ORBIT,Financials,289.59,1459042,0.019862651875330206,1.0667285184127793,0.19839325222078721,289.59,0.0
2024-07-18,ORBIT,Financials,290.74,1855338,0.003971131599848077,1.0749357693405552,0.18110177995035978,290.74,0.0
2024-07-19,ORBIT,Financials,296.29,990305,0.019089220609479263,1.1145446759919966,0.18045940185675077,296.29,0.0
2024-07-22,ORBIT,Financials,300.02,1291832,0.012589017516622114,1.14116471595774,0.1818551854486437,300.02,0.0
2024-07-23,ORBIT,Financials,296.4,1435647,-0.012065862275848271,1.1153297173850882,0.19077837550840732,300.02,-0.012065862275848271
2024-07-24,ORBIT,Financials,300.62,1081122,0.014237516869095801,1.1454467599200582,0.1778392907276681,300.62,0.0
2024-07-25,ORBIT,Financials,302.6,1148628,0.0065863881311956085,1.1595775049957076,0.15849089598923316,302.6,0.0
2024-07-26,ORBIT,Financials,305.48,1001931,0.009517514871117072,1.1801313160148341,0.1577103353227981,305.48,0.0
2024-07-29,ORBIT,Financials,305.57,1022376,0.000294618305617389,1.1807736226091818,0.15620281297246782,305.57,0.0
2024-07-30,ORBIT,Financials,307.49,904624,0.006283339333049698,1.1944761632885994,0.1430949166314336,307.49,0.0
2024-07-31,ORBIT,Financials,308.37,989635,0.0028618816872092445,1.2007564944333322,0.13904498102335652,308.37,0.0
2024-08-01,ORBIT,Financials,303.33,778488,-0.016344002334857555,1.1647873251498608,0.15223804502124216,308.37,-0.016344002334857555
2024-08-02,ORBIT,Financials,298.65,537534,-0.015428740975175548,1.1313873822437803,0.16492746091459626,308.37,-0.03152057593151092
2024-08-05,ORBIT,Financials,296.9,1745519,-0.005859701992298683,1.1188980873536862,0.16019416724427055,308.37,-0.03719557674222529
2024-08-06,ORBIT,Financials,300.98,1689866,0.013742000673627519,1.1480159862974486,0.1644458527186522,308.37,-0.023964717709245353
2024-08-07,ORBIT,Financials,301.98,1107800,0.0033224798989965887,1.155152726234645,0.164155532639514,308.37,-0.020721860103122824
2024-08-08,ORBIT,Financials,305.05,596276,0.010166236174581122,1.177062517841839,0.16606516597832097,308.37,-0.010766287252326756
2024-08-09,ORBIT,Financials,302.38,1911935,-0.00875266349778725,1.1580074222095238,0.17091598738624075,308.37,-0.019424717060673946
2024-08-12,ORBIT,Financials,303.85,1332268,0.004861432634433616,1.1684984299172032,0.17103156630681982,308.37,-0.014657716379673724
2024-08-13,ORBIT,Financials,305.76,1026902,0.006285996379792547,1.1821296031972484,0.17130851955532264,308.37,-0.008463858351979825
2024-08-14,ORBIT,Financials,306.07,1112001,0.0010138670852957166,1.1843419925777794,0.1653530219257127,308.37,-0.007458572494081772
2024-08-15,ORBIT,Financials,307.14,1374636,0.0034959323030678835,1.1919783043105796,0.15447046413153667,308.37,-0.003988714855530762
2024-08-16,ORBIT,Financials,312.06,927426,0.016018753662824903,1.2270910648015874,0.1610682706409883,312.06,0.0
2024-08-19,ORBIT,Financials,304.87,1742404,-0.023040440940844675,1.1757779046531436,0.1749605690914454,312.06,-0.023040440940844675
2024-08-20,ORBIT,Financials,310.57,1025515,0.01869649358743075,1.2164573222951645,0.1810471592436364,312.06,-0.0047747228097161365
2024-08-21,ORBIT,Financials,314.96,621306,0.014135299610393837,1.2477876106194579,0.17866403969425618,314.96,0.0
2024-08-22,ORBIT,Financials,308.86,1253218,-0.01936753873507735,1.2042534970025587,0.1895242648762349,314.96,-0.01936753873507735
2024-08-23,ORBIT,Financials,305.27,589445,-0.011623389237842452,1.1786326006280223,0.19364589386935355,314.96,-0.030765811531623055
2024-08-26,ORBIT,Financials,309.45,580441,0.01369279654076716,1.2084641735655044,0.196615945746326,314.96,-0.017494284988569975
2024-08-27,ORBIT,Financials,306.13,1104569,-0.010728712231378279,1.1847701969740116,0.20056261009966825,314.96,-0.02803530607061211
2024-08-28,ORBIT,Financials,310.95,761813,0.015744944958024254,1.2191692834712993,0.20678205303051825,314.96,-0.012731775463550865
2024-08-29,ORBIT,Financials,303.62,1048510,-0.0235729216915902,1.166856979731648,0.22281590404661103,314.96,-0.036004572009143976
2024-08-30,ORBIT,Financials,311.68,906219,0.026546340820762904,1.224379103625453,0.2339950593438587,314.96,-0.010414020828041548
2024-09-02,ORBIT,Financials,313.39,1232771,0.005486396303901353,1.2365829289180592,0.22612942325268673,314.96,-0.00498475996951997
2024-09-03,ORBIT,Financials,311.92,1345366,-0.0046906410542773,1.2260919212103802,0.22562751219212626,314.96,-0.009652019304038473
2024-09-04,ORBIT,Financials,306.5,2077779,-0.017376250320595088,1.187410790750774,0.23167285807347693,314.96,-0.026860553721107405
2024-09-05,ORBIT,Financials,304.02,1248840,-0.008091353996737438,1.1697116757065262,0.23357700769105488,314.96,-0.03473456946913889
2024-09-06,ORBIT,Financials,309.33,920147,0.0174659561870929,1.2076077647730403,0.2387253494500079,314.96,-0.017875285750571512
2024-09-09,ORBIT,Financials,302.81,909780,-0.02107781333850578,1.161076220382518,0.24853738637217285,314.96,-0.038576327152654244
2024-09-10,ORBIT,Financials,291.49,1485615,-0.03738317757009346,1.080288324293452,0.279655601508785,314.96,-0.07451739903479793
2024-09-11,ORBIT,Financials,292.42,1554809,0.0031905039624000597,1.0869254924350447,0.2787281210743438,314.96,-0.07156464312928612
2024-09-12,ORBIT,Financials,297.3,936024,0.016688325011969152,1.1217527833285645,0.286038514285985,314.96,-0.05607061214122422
2024-09-13,ORBIT,Financials,300.62,992880,0.01116717120753452,1.1454467599200577,0.2888553920625642,314.96,-0.045529591059182084
2024-09-16,ORBIT,Financials,304.12,1600765,0.01164260528241634,1.170425349700246,0.28601671872176937,314.96,-0.03441706883413764
2024-09-17,ORBIT,Financials,300.25,800417,-0.012725240036827623,1.1428061661432949,0.27815760746925955,314.96,-0.04670434340868679
2024-09-18,ORBIT,Financials,293.32,1086955,-0.023080766028309774,1.0933485583785219,0.27932360558741465,314.96,-0.06870713741427481
2024-09-19,ORBIT,Financials,292.52,757852,-0.0027273966998500043,1.0876391664287643,0.272645167738067,314.96,-0.07124714249428499
2024-09-20,ORBIT,Financials,291.39,1363874,-0.0038629837276084045,1.0795746502997319,0.2664029664602687,314.96,-0.07483489966979928
2024-09-23,ORBIT,Financials,298.03,1131186,0.022787329695596936,1.1269626034827174,0.27818092645042153,314.96,-0.05375285750571501
2024-09-24,ORBIT,Financials,298.94,1251703,0.0030533838875281827,1.1334570368255665,0.2735047983465217,314.96,-0.05086360172720339
2024-09-25,ORBIT,Financials,294.7,1323178,-0.01418344818358197,1.1031972594918527,0.2752296479753277,314.96,-0.06432562865125724
2024-09-26,ORBIT,Financials,300.12,608647,0.018391584662368565,1.1418783899514584,0.2774827661317934,314.96,-0.04711709423418842
2024-09-27,ORBIT,Financials,306.59,613376,0.0215580434492868,1.1880530973451204,0.2763710478000226,314.96,-0.026574803149606363
2024-09-30,ORBIT,Financials,304.32,811745,-0.007404024919273278,1.171852697687684,0.2608091016528204,314.96,-0.03378206756413504
2024-10-01,ORBIT,Financials,300.01,1313622,-0.014162723449001047,1.1410933485583663,0.26351205243239895,314.96,-0.04746634493268986
2024-10-02,ORBIT,Financials,298.56,1168967,-0.004833172227592386,1.1307450756494313,0.26353123426254577,314.96,-0.052070104140208184
2024-10-03,ORBIT,Financials,304.75,931009,0.020732851018220755,1.1749214958606786,0.26844437061488896,314.96,-0.03241681483362957
2024-10-04,ORBIT,Financials,306.96,1210554,0.007251845775225529,1.1906936911218833,0.26797646958504456,314.96,-0.025400050800101548
2024-10-07,ORBIT,Financials,305.58,847533,-0.00449569976544173,1.180844990008552,0.2612700557916157,314.96,-0.02978155956311912
2024-10-08,ORBIT,Financials,310.88,2624082,0.017344067020093057,1.2186697116756946,0.2569153319138062,314.96,-0.012954025908051725
2024-10-09,ORBIT,Financials,304.55,941320,-0.0203615542974781,1.1734941478732397,0.2299036313432745,314.96,-0.03305181610363206
2024-10-10,ORBIT,Financials,305.97,725048,0.0046626169758661185,1.1836283185840593,0.23004094231314365,314.96,-0.02854330708661401
2024-10-11,ORBIT,Financials,307.52,1341625,0.005065856129685686,1.1946902654867135,0.2243071985879275,314.96,-0.023622047244094446
2024-10-14,ORBIT,Financials,307.82,1192139,0.0009755463059313296,1.1968312874678726,0.22165328366951573,314.96,-0.022669545339090602
2024-10-15,ORBIT,Financials,309.07,762159,0.004060814761873921,1.2057522123893687,0.21869774901669303,314.96,-0.01870078740157477
2024-10-16,ORBIT,Financials,306.36,1243874,-0.008768240204484301,1.186411647159566,0.21601386641781609,314.96,-0.027305054610109125
2024-10-17,ORBIT,Financials,304.62,1810623,-0.0056795926361143945,1.173993719668844,0.19928620296004193,314.96,-0.0328295656591312
2024-10-18,ORBIT,Financials,312.5,1261832,0.025868294924824342,1.2302312303739535,0.21496506921541556,314.96,-0.007810515621031189
2024-10-21,ORBIT,Financials,310.4,1200312,-0.006720000000000059,1.2152440765058405,0.2163774231438375,314.96,-0.014478028956057876
2024-10-22,ORBIT,Financials,309.72,1456327,-0.0021907216494844173,1.210391093348547,0.2047320432247391,314.96,-0.016637033274066404
2024-10-23,ORBIT,Financials,315.42,778787,0.018403719488570225,1.251070510990568,0.21256544888681345,315.42,0.0
2024-10-24,ORBIT,Financials,315.95,1086211,0.0016802992834950015,1.2548529831572823,0.20365921035865428,315.95,0.0
2024-10-25,ORBIT,Financials,316.11,1115784,0.0005064092419686528,1.2559948615472338,0.19636290686219202,316.11,0.0
2024-10-28,ORBIT,Financials,313.48,746588,-0.008319888646357243,1.237225235512407,0.18696814191904068,316.11,-0.008319888646357243
2024-10-29,ORBIT,Financials,308.37,641378,-0.01630088043894351,1.2007564944333318,0.19447123137446717,316.11,-0.02448514757521114
2024-10-30,ORBIT,Financials,304.29,1320414,-0.013230859032979825,1.1716385954895694,0.19359864929058074,316.11,-0.03739204707222166
2024-10-31,ORBIT,Financials,302.11,899677,-0.0071642183443425544,1.1560805024264806,0.1946107296822443,316.11,-0.044288380626996915
2024-11-01,ORBIT,Financials,302.03,1021157,-0.000264804210387104,1.1555095632315044,0.18035852632382082,316.11,-0.044541457087722724
2024-11-04,ORBIT,Financials,304.33,1633885,0.007615137569115582,1.1719240650870564,0.18055613775838644,316.11,-0.037265508841858974
2024-11-05,ORBIT,Financials,304.32,1149637,-3.2859067459645175e-05,1.1718526976876844,0.17992522772634437,316.11,-0.03729714339944967
2024-11-06,ORBIT,Financials,307.31,664019,0.009825184016824418,1.1931915500999026,0.172451403620802,316.11,-0.02783841067982673
2024-11-07,ORBIT,Financials,316.51,987973,0.02993719696723174,1.2588495575221117,0.18685852961057475,316.51,0.0
2024-11-08,ORBIT,Financials,316.9,1408010,0.0012321885564436919,1.2616328860976185,0.1865974924732086,316.9,0.0
2024-11-11,ORBIT,Financials,318.44,545675,0.004859577153676353,1.2726234656009017,0.18655250197083298,318.44,0.0
2024-11-12,ORBIT,Financials,317.27,1299622,-0.003674161537495335,1.2642734798743813,0.18748190415879082,318.44,-0.003674161537495335
2024-11-13,ORBIT,Financials,314.53,1304040,-0.008636177388344324,1.2447188124464623,0.19043852368170622,318.44,-0.012278608215048448
2024-11-14,ORBIT,Financials,317.64,660248,0.009887769052236761,1.2669140736511442,0.18946510735959698,318.44,-0.0025122472051249956
2024-11-15,ORBIT,Financials,310.04,764622,-0.023926457624984132,1.21267485012845,0.2081521888330254,318.44,-0.026378595653812287
2024-11-18,ORBIT,Financials,314.93,1254602,0.01577215843117008,1.2475735084213415,0.19545722631903065,318.44,-0.011022484612485894
2024-11-19,ORBIT,Financials,314.44,1246079,-0.0015559013114025966,1.244076505852115,0.1938856836205412,318.44,-0.012561236025624867
2024-11-20,ORBIT,Financials,310.49,1352762,-0.012562015010812888,1.2158863831001883,0.19908410575638744,318.44,-0.024965456600929525
2024-11-21,ORBIT,Financials,309.54,883937,-0.0030596798608650833,1.2091064801598512,0.18791700063267588,318.44,-0.027948750157015367
2024-11-22,ORBIT,Financials,307.69,1382929,-0.005976610454222486,1.195903511276037,0.18849968508627865,318.44,-0.033758321818866954
2024-11-25,ORBIT,Financials,304.35,820347,-0.010855081413110534,1.1720667998858003,0.19129652147686935,318.44,-0.044246953900263675
2024-11-26,ORBIT,Financials,310.82,1540311,0.021258419582717236,1.2182415072794628,0.20538868135157032,318.44,-0.023929154628815508
2024-11-27,ORBIT,Financials,315.43,587014,0.014831735409561952,1.2511418783899395,0.20318132599673996,318.44,-0.009452330109282703
2024-11-28,ORBIT,Financials,324.53,927574,0.02884950702216016,1.3160862118184289,0.2174288853209805,324.53,0.0
2024-11-29,ORBIT,Financials,324.28,757510,-0.0007703448063353102,1.3143020268341297,0.21471468655739365,324.53,-0.0007703448063353102
2024-12-02,ORBIT,Financials,324.23,1643001,-0.00015418773899089633,1.3139451898372703,0.21469081920722038,324.53,-0.0009244137676022168
2024-12-03,ORBIT,Financials,325.14,984682,0.0028066496005920705,1.320439623180119,0.21416651816129306,325.14,0.0
2024-12-04,ORBIT,Financials,329.0,2899481,0.01187180906686347,1.347987439337698,0.21583757650618565,329.0,0.0
2024-12-05,ORBIT,Financials,329.85,709252,0.0025835866261398888,1.3540536682843154,0.21474875321976886,329.85,0.0
2024-12-06,ORBIT,Financials,337.71,1252516,0.023829013187812498,1.4101484441906806,0.20613017833504976,337.71,0.0
2024-12-09,ORBIT,Financials,342.91,987116,0.015397826537562054,1.447259491864104,0.2102502677098112,342.91,0.0
2024-12-10,ORBIT,Financials,330.66,1294415,-0.03572365926919596,1.3598344276334449,0.2508647802999179,342.91,-0.03572365926919596
2024-12-11,ORBIT,Financials,337.77,1121530,0.021502449646161992,1.4105766485869125,0.25883210884210234,342.91,-0.014989355807646487
2024-12-12,ORBIT,Financials,340.03,540347,0.006690943541463046,1.4267056808449765,0.25548993270477166,342.91,-0.008398705199615164
2024-12-13,ORBIT,Financials,341.58,899491,0.004558421315766337,1.4377676277476317,0.2545664683668292,342.91,-0.0038785687206557284
2024-12-16,ORBIT,Financials,341.12,1028646,-0.0013466830610691094,1.434484727376521,0.23508652330831695,342.91,-0.005220028578927449
2024-12-17,ORBIT,Financials,340.64,1061602,-0.001407129455910039,1.4310590922066666,0.23237550669122997,342.91,-0.006619812778863365
2024-12-18,ORBIT,Financials,341.27,1358480,0.0018494598403004936,1.4355552383671002,0.23167640509175158,342.91,-0.004782596016447593
2024-12-19,ORBIT,Financials,340.51,824579,-0.002226975708383372,1.430131316014831,0.22503352886875383,342.91,-0.006998920999679359
2024-12-20,ORBIT,Financials,330.55,1766354,-0.029250242283633265,1.3590493862403528,0.25270761482076537,342.91,-0.03604444314834798
2024-12-23,ORBIT,Financials,328.76,764314,-0.005415217062471722,1.3462746217527704,0.25245661847727063,342.91,-0.04126447172727543
2024-12-24,ORBIT,Financials,323.59,1102981,-0.015725757391410244,1.3093776762774634,0.2564253932456351,342.91,-0.05634131404741782
2024-12-25,ORBIT,Financials,322.33,669723,-0.003893816248957016,1.3003853839565958,0.248602544620723,342.91,-0.06001574757224937
2024-12-26,ORBIT,Financials,319.07,725385,-0.01011385846802959,1.2771196117613348,0.24720465876619804,342.91,-0.06952261526348025
2024-12-27,ORBIT,Financials,308.9,2724141,-0.0318738834738459,1.2045389666000448,0.24945032730151728,342.91,-0.09918054299962098
2024-12-30,ORBIT,Financials,313.73,1084719,0.01563612819682758,1.2390094204967048,0.25701878554526175,342.91,-0.08509521448776647
2024-12-31,ORBIT,Financials,317.42,990631,0.011761705925477317,1.2653439908649604,0.261057434025319,342.91,-0.07433437345075966
2022-01-03,PRISM,Healthcare,252.13,452671,,0.0,,252.13,0.0
2022-01-04,PRISM,Healthcare,247.74,780835,-0.01741165271883549,-0.01741165271883549,,252.13,-0.01741165271883549
2022-01-05,PRISM,Healthcare,250.28,507895,0.010252684265762424,-0.007337484630944413,,252.13,-0.007337484630944302
2022-01-06,PRISM,Healthcare,252.93,429225,0.010588141281764551,0.0031729663268948993,,252.93,0.0
2022-01-07,PRISM,Healthcare,255.97,505764,0.012019135729253172,0.015230238369095428,,255.97,0.0
2022-01-10,PRISM,Healthcare,252.17,970237,-0.014845489705824999,0.00015864831634471166,,255.97,-0.014845489705824999
2022-01-11,PRISM,Healthcare,254.89,512230,0.010786374271325005,0.010946733827787325,,255.97,-0.004219244442708159
2022-01-12,PRISM,Healthcare,254.59,839108,-0.0011769783043664717,0.009756871455201876,,255.97,-0.005391256787904863
2022-01-13,PRISM,Healthcare,254.11,508902,-0.0018853843434540885,0.007853091659065115,,255.97,-0.007266476540219502
2022-01-14,PRISM,Healthcare,249.05,729222,-0.019912636259887484,-0.012215920358544907,,255.97,-0.027034418095870594
2022-01-17,PRISM,Healthcare,248.0,912836,-0.0042160208793415865,-0.016380438662594532,,255.97,-0.031136461304059115
2022-01-18,PRISM,Healthcare,246.35,474370,-0.006653225806451668,-0.022924681711815276,,255.97,-0.037582529202640935
2022-01-19,PRISM,Healthcare,247.26,997684,0.003693931398416783,-0.019315432514972475,,255.97,-0.03402742508887768
2022-01-20,PRISM,Healthcare,246.18,853360,-0.004367871875758267,-0.023598937056280467,,255.97,-0.03824666953158573
2022-01-21,PRISM,Healthcare,246.09,923006,-0.0003655861564708651,-0.023955895768056124,,255.97,-0.03859827323514475
2022-01-24,PRISM,Healthcare,245.85,723940,-0.0009752529562355727,-0.024907785666124616,,255.97,-0.03953588311130207
2022-01-25,PRISM,Healthcare,244.64,489493,-0.004921700223713632,-0.029706897235553087,,255.97,-0.04426299957026214
2022-01-26,PRISM,Healthcare,250.65,1115353,0.024566710268149272,-0.005869987704755331,,255.97,-0.0207836855881548
2022-01-27,PRISM,Healthcare,252.3,1011579,0.006582884500299313,0.0006742553444654131,,255.97,-0.014337617689572979
2022-01-28,PRISM,Healthcare,251.62,364818,-0.0026952041220769107,-0.00202276603339524,,255.97,-0.01699417900535216
2022-01-31,PRISM,Healthcare,252.08,773872,0.001828153564899404,-0.00019831039543072304,,255.97,-0.01519709340938391
2022-02-01,PRISM,Healthcare,250.44,464163,-0.006505871152015286,-0.006702891365565233,0.16730103025560306,255.97,-0.021604094229792592
2022-02-02,PRISM,Healthcare,249.64,895111,-0.003194377894905065,-0.009875857692460133,0.155797412094093,255.97,-0.024729460483650434
2022-02-03,PRISM,Healthcare,252.81,761529,0.012698285531165032,0.0026970213778609864,0.15795956363422312,255.97,-0.012345196702738592
2022-02-04,PRISM,Healthcare,259.11,688336,0.024919900320398813,0.02768413120215807,0.17621017878197098,259.11,0.0
2022-02-07,PRISM,Healthcare,261.64,552179,0.00976419281386276,0.037718637210963024,0.17463315302369728,261.64,0.0
2022-02-08,PRISM,Healthcare,265.28,1201819,0.013912245833970216,0.05215563399833445,0.169895125802357,265.28,0.0
2022-02-09,PRISM,Healthcare,266.63,537966,0.00508896260554903,0.057510014674969634,0.1675110269237362,266.63,0.0
2022-02-10,PRISM,Healthcare,266.06,615238,-0.0021377939466676876,0.055249276167057104,0.16778787291631952,266.63,-0.0021377939466676876
2022-02-11,PRISM,Healthcare,268.01,870819,0.007329173870555428,0.06298338158886319,0.16802916804362533,268.01,0.0
2022-02-14,PRISM,Healthcare,268.72,1154355,0.00264915488228068,0.06579938920398254,0.1467884736462323,268.72,0.0
2022-02-15,PRISM,Healthcare,270.65,517333,0.007182197082464814,0.07345417046761615,0.14436652844318443,270.65,0.0
2022-02-16,PRISM,Healthcare,271.78,790689,0.004175133936818787,0.07793598540435509,0.1388689311753658,271.78,0.0
2022-02-17,PRISM,Healthcare,268.6,527222,-0.011700640223710201,0.06532344425494818,0.15009507664056757,271.78,-0.011700640223710201
2022-02-18,PRISM,Healthcare,271.71,669809,0.011578555472821828,0.07765835085075179,0.1490656465696205,271.78,-0.00025756126278608793
2022-02-21,PRISM,Healthcare,275.19,1017292,0.012807772993264965,0.09146075437274459,0.15034740122864443,275.19,0.0
2022-02-22,PRISM,Healthcare,277.24,569957,0.007449398597332735,0.09959148058541256,0.14868452621223133,277.24,0.0
2022-02-23,PRISM,Healthcare,275.49,592655,-0.006312220458808304,0.09265061674533004,0.1500176175189832,277.24,-0.006312220458808304
2022-02-24,PRISM,Healthcare,269.52,755696,-0.02167047805727984,0.068972355530877,0.16184146456658793,277.24,-0.027845909681142755
2022-02-25,PRISM,Healthcare,274.37,722208,0.01799495399228257,0.088208463887677,0.1692295972166957,277.24,-0.010352041552445512
2022-02-28,PRISM,Healthcare,279.22,676159,0.01767685971498345,0.10744457224447701,0.17364721923565013,279.22,0.0
2022-03-01,PRISM,Healthcare,272.36,912940,-0.02456844065611352,0.08023638599135352,0.2015974050929318,279.22,-0.02456844065611352
2022-03-02,PRISM,Healthcare,276.87,399049,0.016558966074313286,0.09812398365922315,0.20261684041205116,279.22,-0.008416302557123445
2022-03-03,PRISM,Healthcare,279.79,687467,0.01054646585039909,0.10970531075238932,0.2013156521113176,279.79,0.0
2022-03-04,PRISM,Healthcare,275.54,710395,-0.015189963901497516,0.09284892714076043,0.21170030642442786,279.79,-0.015189963901497516
2022-03-07,PRISM,Healthcare,274.22,1593430,-0.004790593017347744,0.08761353270138383,0.19972808610282025,279.79,-0.01990778798384496
2022-03-08,PRISM,Healthcare,279.7,701585,0.01998395448909629,0.10934835204061355,0.20722878277118606,279.79,-0.0003216698237965554
2022-03-09,PRISM,Healthcare,278.8,595731,-0.0032177332856631047,0.10577876492285698,0.20461871931677583,279.79,-0.003538368061760666
2022-03-10,PRISM,Healthcare,280.1,986056,0.004662840746054497,0.11093483520406111,0.20455476776542417,280.1,0.0
2022-03-11,PRISM,Healthcare,279.69,564989,-0.0014637629418066123,0.10930868996152743,0.20437841456600286,280.1,-0.0014637629418066123
2022-03-14,PRISM,Healthcare,276.57,1352380,-0.011155207551217461,0.09693412128663748,0.208813292722627,280.1,-0.012602641913602386
2022-03-15,PRISM,Healthcare,282.6,1225974,0.021802798568174575,0.1208503549756077,0.22027480859571155,282.6,0.0
2022-03-16,PRISM,Healthcare,283.83,369516,0.004352441613588054,0.12572879070320853,0.21973322082709104,283.83,0.0
2022-03-17,PRISM,Healthcare,280.5,858056,-0.011732375013212115,0.11252131836750867,0.22492421071618743,283.83,-0.011732375013212115
2022-03-18,PRISM,Healthcare,277.47,575896,-0.0108021390374331,0.10050370840439449,0.2242753160942989,283.83,-0.022407779304513098
2022-03-21,PRISM,Healthcare,274.67,502284,-0.010091181028579754,0.08939832626026245,0.22474207828325185,283.83,-0.03227283937568248
2022-03-22,PRISM,Healthcare,272.41,911823,-0.008228055484763463,0.08043469638678458,0.22215718972958529,283.83,-0.04023535214741203
2022-03-23,PRISM,Healthcare,267.98,1525775,-0.016262251752872547,0.06286439535160437,0.22675167598211235,283.83,-0.055843286474297926
2022-03-24,PRISM,Healthcare,264.61,579118,-0.012575565340697037,0.04949827469955981,0.22944187621864404,283.83,-0.06771659091709814
2022-03-25,PRISM,Healthcare,266.85,522139,0.008465288537848226,0.05838258041486544,0.2201472413402745,283.83,-0.05982454286016259
2022-03-28,PRISM,Healthcare,263.81,533760,-0.011392167884579418,0.04632530837266491,0.2126464481741795,283.83,-0.0705351795088609
2022-03-29,PRISM,Healthcare,261.83,1513753,-0.0075054016147986236,0.038472216713600016,0.20119611652708658,283.83,-0.07751118627347353
2022-03-30,PRISM,Healthcare,261.56,817684,-0.001031203452621865,0.03740134057827316,0.18526625915284056,283.83,-0.07846245992319345
2022-03-31,PRISM,Healthcare,263.84,567063,0.008716929194066303,0.0464442946099235,0.17726129856377312,283.83,-0.07042948243666991
2022-04-01,PRISM,Healthcare,262.49,998699,-0.005116737416616002,0.041089913933288535,0.17123411027628385,283.83,-0.07518585068526928
2022-04-04,PRISM,Healthcare,259.93,891999,-0.00975275248580898,0.03093642168722499,0.16734047191544987,283.83,-0.08420533417890985
2022-04-05,PRISM,Healthcare,262.19,560151,0.008694648559227414,0.039900051560702865,0.17170211732315052,283.83,-0.0762428214071803
2022-04-06,PRISM,Healthcare,263.69,498832,0.0057210419924482725,0.04584936342363077,0.15489671912802408,283.83,-0.07095796779762531
2022-04-07,PRISM,Healthcare,264.31,748001,0.002351245781030853,0.04830841232697436,0.15588645847571372,283.83,-0.06877356163900916
2022-04-08,PRISM,Healthcare,265.21,849356,0.0034050925050128633,0.05187799944473093,0.1552184981213168,283.83,-0.06560264947327632
2022-04-11,PRISM,Healthcare,263.8,464684,-0.0053165416085365624,0.046285646293578786,0.15545165880072292,283.83,-0.0705704118662579
2022-04-12,PRISM,Healthcare,258.28,471045,-0.020924943138741603,0.024392178638004136,0.16547937426695705,283.83,-0.09001867314942047
2022-04-13,PRISM,Healthcare,262.94,593884,0.01804243456713661,0.04287470749216693,0.15869377536881746,283.83,-0.07360039460240275
2022-04-14,PRISM,Healthcare,262.7,428062,-0.0009127557617707449,0.04192281759409844,0.1564941046185245,283.83,-0.07444597117993168
2022-04-15,PRISM,Healthcare,263.74,968110,0.003958888465930732,0.04604767381906183,0.1556967610119654,283.83,-0.0707818060106401
2022-04-18,PRISM,Healthcare,260.23,470089,-0.013308561462045954,0.03212628405981066,0.15753417147684046,283.83,-0.08314836345699883
2022-04-19,PRISM,Healthcare,265.05,765795,0.01852207662452443,0.05124340617935208,0.1718448716495515,283.83,-0.06616636719162872
2022-04-20,PRISM,Healthcare,266.71,506128,0.006262969251084494,0.05782731130765861,0.17217698348973764,283.83,-0.06031779586372121
2022-04-21,PRISM,Healthcare,269.32,755560,0.00978590978965932,0.06817911394915321,0.16654153022252713,283.83,-0.05112215058309544
2022-04-22,PRISM,Healthcare,267.72,715144,-0.005940888162780156,0.06183318129536364,0.16159599569871702,283.83,-0.05675932776662074
2022-04-25,PRISM,Healthcare,265.27,822628,-0.009151352158972226,0.05211597191924788,0.16232171939431997,283.83,-0.06539125532889412
2022-04-26,PRISM,Healthcare,259.59,1253329,-0.021412146115278752,0.029587910998294387,0.17427242971606502,283.83,-0.08540323433040908
2022-04-27,PRISM,Healthcare,263.92,644850,0.016680149466466565,0.04676159124261292,0.18234197625115547,283.83,-0.07014762357749349
2022-04-28,PRISM,Healthcare,269.86,1043719,0.0225068202485601,0.07032086621980715,0.19754355539656093,283.83,-0.0492196032836556
2022-04-29,PRISM,Healthcare,273.99,968389,0.01530423182390872,0.08670130488240191,0.201821232942676,283.83,-0.034668639678680835
2022-05-02,PRISM,Healthcare,271.05,556712,-0.010730318624767365,0.07504065363106327,0.20518085926054772,283.83,-0.04502695275340862
2022-05-03,PRISM,Healthcare,271.53,656070,0.0017708909795239869,0.07694443342720003,0.20098100357339319,283.83,-0.04333579959835121
2022-05-04,PRISM,Healthcare,270.08,2049265,-0.0053401097484623294,0.07119343195970318,0.20110954374676526,283.83,-0.048444491420921
2022-05-05,PRISM,Healthcare,271.86,416441,0.006590639810426735,0.07825328203704451,0.20136250402992445,283.83,-0.042173131804248976
2022-05-06,PRISM,Healthcare,275.66,454437,0.013977782682262907,0.09332487208979501,0.2059354231723433,283.83,-0.028784835993376223
2022-05-09,PRISM,Healthcare,275.32,547689,-0.0012334034680404615,0.09197636140086463,0.2061872899082257,283.83,-0.029982736144875455
2022-05-10,PRISM,Healthcare,273.51,515856,-0.006574168240592759,0.08479752508626492,0.20678425148448545,283.83,-0.03635979283373847
2022-05-11,PRISM,Healthcare,276.69,311846,0.011626631567401624,0.09741006623567205,0.1919135922577796,283.83,-0.025155903181481865
2022-05-12,PRISM,Healthcare,279.15,853780,0.008890816437167937,0.10716693769087371,0.18560254082706756,283.83,-0.01648874326181171
2022-05-13,PRISM,Healthcare,280.59,585651,0.005158516926383694,0.11287827707928444,0.1852149162230547,283.83,-0.01141528379663892
2022-05-16,PRISM,Healthcare,278.7,707112,-0.0067358066930396365,0.10538214413199531,0.18834655216751914,283.83,-0.018074199344678132
2022-05-17,PRISM,Healthcare,281.89,717861,0.011445999282382546,0.11803434736048857,0.1812262906737776,283.83,-0.006835077335024531
2022-05-18,PRISM,Healthcare,284.91,974714,0.010713398843520627,0.13001229524451685,0.17519339253357902,284.91,0.0
2022-05-19,PRISM,Healthcare,285.04,839103,0.0004562844407005606,0.13052790227263733,0.17519619767775713,285.04,0.0
2022-05-20,PRISM,Healthcare,287.28,668625,0.007858546168958647,0.13941220798794274,0.17441265429669375,287.28,0.0
2022-05-23,PRISM,Healthcare,290.78,1035928,0.012183235867446296,0.15329393566810756,0.17382684037714477,290.78,0.0
2022-05-24,PRISM,Healthcare,292.42,683904,0.005640002751220896,0.15979851663824207,0.1671506941164996,292.42,0.0
2022-05-25,PRISM,Healthcare,296.65,561310,0.014465494836194415,0.1765755760916985,0.1406201783874303,296.65,0.0
2022-05-26,PRISM,Healthcare,292.35,1372720,-0.01449519635934593,0.15952088208463877,0.15287297482200965,296.65,-0.01449519635934593
2022-05-27,PRISM,Healthcare,294.23,761223,0.006430648195655975,0.16697735295284177,0.13910353655394994,296.65,-0.008157761672003883
2022-05-30,PRISM,Healthcare,297.88,539101,0.012405261190225225,0.18145401181929932,0.13651616880427106,297.88,0.0
2022-05-31,PRISM,Healthcare,303.29,711319,0.018161675842621294,0.20291119660492596,0.13383308288583778,303.29,0.0
2022-06-01,PRISM,Healthcare,308.98,521642,0.018760921889940274,0.22547891960496558,0.14078880483202086,308.98,0.0
2022-06-02,PRISM,Healthcare,312.97,767451,0.012913457181694676,0.24130408916035373,0.13604178176672435,312.97,0.0
2022-06-03,PRISM,Healthcare,312.72,713849,-0.0007987986068952457,0.24031253718319912,0.13875658360247106,312.97,-0.0007987986068952457
2022-06-06,PRISM,Healthcare,317.27,860220,0.014549756971092176,0.25835878316741345,0.13914681853180205,317.27,0.0
2022-06-07,PRISM,Healthcare,315.55,628254,-0.0054212500393985286,0.2515369055645895,0.14288170081106086,317.27,-0.0054212500393985286
2022-06-08,PRISM,Healthcare,313.57,1128585,-0.006274758358421839,0.24368381390552463,0.1425384226987525,317.27,-0.011661991363822621
2022-06-09,PRISM,Healthcare,314.4,487354,0.0026469368880950306,0.2469757664696779,0.14191612122516495,317.27,-0.00904592303085705
2022-06-10,PRISM,Healthcare,311.76,306973,-0.008396946564885432,0.23650497759092493,0.15009497979839811,317.27,-0.017366911463422285
2022-06-13,PRISM,Healthcare,312.24,905684,0.0015396458814473934,0.2384087573870619,0.15066570851715178,317.27,-0.01585400447568308
2022-06-14,PRISM,Healthcare,309.19,487059,-0.009768127081732025,0.22631182326577526,0.15400770658857393,317.27,-0.02546726762694229
2022-06-15,PRISM,Healthcare,304.72,486711,-0.01445712992011372,0.20858287391425034,0.16602065842386232,317.27,-0.0395562139502631
2022-06-16,PRISM,Healthcare,304.35,871368,-0.0012142294565502532,0.2071153769880616,0.16487038292372194,317.27,-0.04072241308664537
2022-06-17,PRISM,Healthcare,303.86,630159,-0.0016099885000822045,0.2051719351128385,0.1654578687546354,317.27,-0.04226683896996242
2022-06-20,PRISM,Healthcare,300.34,730717,-0.011584282235239995,0.19121088327450098,0.17199285571014714,317.27,-0.05336149021338299
2022-06-21,PRISM,Healthcare,302.62,816014,0.007591396417393703,0.20025383730615132,0.16934129168896614,317.27,-0.04617518202162185
2022-06-22,PRISM,Healthcare,298.62,517975,-0.013217897032582138,0.18438900567167704,0.17661653786960463,317.27,-0.05878274025278152
2022-06-23,PRISM,Healthcare,298.27,667931,-0.001172058134083498,0.18300083290366054,0.1698367365073385,317.27,-0.059885901598007996
2022-06-24,PRISM,Healthcare,297.91,807444,-0.0012069601367886706,0.18157299805655813,0.16125899275387412,317.27,-0.061020581838812205
2022-06-27,PRISM,Healthcare,298.62,517049,0.002383270115135394,0.18438900567167726,0.16013023425588552,317.27,-0.05878274025278152
2022-06-28,PRISM,Healthcare,302.26,618854,0.012189404594467934,0.1988260024590489,0.15993396121205314,317.27,-0.04730986226242628
2022-06-29,PRISM,Healthcare,300.16,703532,-0.0069476609541453405,0.1904969658509501,0.1487386664070938,317.27,-0.05392883033378493
2022-06-30,PRISM,Healthcare,296.03,940621,-0.013759328358209144,0.17411652718835513,0.13808937262018547,317.27,-0.06694613420745743
2022-07-01,PRISM,Healthcare,297.6,1109139,0.005303516535486441,0.18034347360488656,0.13001348395007217,317.27,-0.06199766760172709
2022-07-04,PRISM,Healthcare,297.42,663059,-0.0006048387096774244,0.17962955618133525,0.13004462126601646,317.27,-0.06256500772212936
2022-07-05,PRISM,Healthcare,292.01,535248,-0.018189765315042794,0.1581723713957086,0.12580941571464369,317.27,-0.07961673022977267
2022-07-06,PRISM,Healthcare,292.12,1391458,0.0003766994281018121,0.15860865426565662,0.12653466815385916,317.27,-0.07927002237841574
2022-07-07,PRISM,Healthcare,289.0,957416,-0.010680542242913926,0.14623408559076667,0.1285956187010068,317.27,-0.08910391779872029
2022-07-08,PRISM,Healthcare,288.23,607134,-0.0026643598615916364,0.14318010550113036,0.12651570834293147,317.27,-0.09153087275821847
2022-07-11,PRISM,Healthcare,289.69,406179,0.005065399160392614,0.14897076904771334,0.1293179762042585,317.27,-0.08692911400384529
2022-07-12,PRISM,Healthcare,294.11,937422,0.015257689254030149,0.16650140800380742,0.143906834825544,317.27,-0.07299776215841391
2022-07-13,PRISM,Healthcare,292.35,1008215,-0.005984155588045215,0.15952088208463877,0.14218665070787895,317.27,-0.07854508778012403
2022-07-14,PRISM,Healthcare,291.02,916420,-0.004549341542671614,0.15424582556617583,0.1357969904523593,317.27,-0.08273710089198472
2022-07-15,PRISM,Healthcare,292.52,730452,0.005154284928870823,0.16019513742910374,0.13812391841780766,317.27,-0.07800926655529994
2022-07-18,PRISM,Healthcare,291.82,608708,-0.002392998769314869,0.15741879189307073,0.1381334089920807,317.27,-0.08021558924575278
2022-07-19,PRISM,Healthcare,286.41,876187,-0.018538825303269002,0.13596160710744454,0.14615290890330082,317.27,-0.09726731175339598
2022-07-20,PRISM,Healthcare,286.94,343396,0.0018504940469954434,0.13806369729901213,0.14260775985461138,317.27,-0.09559681028776745
2022-07-21,PRISM,Healthcare,286.41,889516,-0.0018470760437721,0.13596160710744432,0.1371678396907083,317.27,-0.09726731175339598
2022-07-22,PRISM,Healthcare,285.64,766742,-0.002688453615446562,0.13290762701780778,0.13716001265230887,317.27,-0.09969426671289439
2022-07-25,PRISM,Healthcare,280.61,639307,-0.01760957849040745,0.11295760123745646,0.1473237895780503,317.27,-0.11554827118857747
2022-07-26,PRISM,Healthcare,273.65,427914,-0.024803107515769307,0.08535279419347108,0.16437749951661706,317.27,-0.1374854225107952
2022-07-27,PRISM,Healthcare,268.59,694992,-0.01849077288507217,0.06528378217586117,0.16038273859595994,317.27,-0.15343398367321215
2022-07-28,PRISM,Healthcare,271.3,672311,0.010089727837968798,0.07603220560821766,0.16914419762030203,317.27,-0.14489236297160135
2022-07-29,PRISM,Healthcare,270.55,496422,-0.0027644673792849295,0.07305754967675382,0.16602287430594892,317.27,-0.14725628013994385
2022-08-01,PRISM,Healthcare,266.75,839220,-0.014045462945851073,0.057985959624003325,0.16556110053291057,317.27,-0.15923346045954545
2022-08-02,PRISM,Healthcare,262.56,426790,-0.015707591377694508,0.04136754848689139,0.16858053459698513,317.27,-0.17243987770668512
2022-08-03,PRISM,Healthcare,262.23,496972,-0.0012568555758682987,0.040058699877047355,0.16309791148068833,317.27,-0.1734800012607557
2022-08-04,PRISM,Healthcare,267.04,931162,0.018342676276551062,0.05913615991750265,0.18148004892508965,317.27,-0.15831941248778636
2022-08-05,PRISM,Healthcare,266.79,667672,-0.0009361893349311146,0.058144607940348036,0.18023271208035269,317.27,-0.15910738487723375
2022-08-08,PRISM,Healthcare,263.98,569902,-0.010532628659245091,0.04699956371712988,0.18169663352725832,317.27,-0.1679641945346234
2022-08-09,PRISM,Healthcare,263.47,572436,-0.0019319645427683385,0.044976797683734526,0.17883692140113785,317.27,-0.16957165820909625
2022-08-10,PRISM,Healthcare,264.54,936935,0.004061183436444349,0.049220640145956285,0.16711463496504939,317.27,-0.16619913638226103
2022-08-11,PRISM,Healthcare,269.27,598968,0.017880093747637327,0.06798080355372194,0.18481743261045694,317.27,-0.151290698773915
2022-08-12,PRISM,Healthcare,267.18,702386,-0.0077617261484753675,0.05969142902470925,0.18530634850554606,317.27,-0.1578781479496958
2022-08-15,PRISM,Healthcare,265.45,984380,-0.00647503555655371,0.052829889342798975,0.1824269140624,317.27,-0.16333091688467238
2022-08-16,PRISM,Healthcare,269.71,496133,0.016048220003767044,0.06972593503351399,0.1958650295739704,317.27,-0.14990386736848738
2022-08-17,PRISM,Healthcare,266.87,636268,-0.010529828334136626,0.05846190457303724,0.19008515691579653,317.27,-0.15885523371261068
2022-08-18,PRISM,Healthcare,270.07,417976,0.011990856971559216,0.07115376988061661,0.19667257252893772,317.27,-0.14876918712768306
2022-08-19,PRISM,Healthcare,272.57,1154026,0.009256859332765544,0.08106928965216298,0.20106853069502764,317.27,-0.14088946323320828
2022-08-22,PRISM,Healthcare,267.7,1077824,-0.017866969952672673,0.061753857137190504,0.2082059698650393,317.27,-0.1562391653796451
2022-08-23,PRISM,Healthcare,276.72,573046,0.03369443406798678,0.0975290524729302,0.23674756735818403,317.27,-0.1278091215683801
2022-08-24,PRISM,Healthcare,273.04,626041,-0.013298641225787833,0.08293340736921384,0.22496436675192544,317.27,-0.13940807514104692
2022-08-25,PRISM,Healthcare,275.04,746647,0.007324934075593426,0.0908658231864512,0.21583407234536495,317.27,-0.13310429602546714
2022-08-26,PRISM,Healthcare,280.48,1337901,0.019778941244909864,0.1124419942093362,0.2233317454782478,317.27,-0.11595801683109008
2022-08-29,PRISM,Healthcare,280.26,457265,-0.0007843696520252186,0.11156942846943996,0.2229402782412824,317.27,-0.11665143253380394
2022-08-30,PRISM,Healthcare,280.81,874924,0.0019624634268180507,0.11375084281918024,0.21539708375975913,317.27,-0.11491789327701951
2022-08-31,PRISM,Healthcare,281.81,1078046,0.0035611267405006863,0.1177170507277987,0.20492112596951997,317.27,-0.11176600371922962
2022-09-01,PRISM,Healthcare,284.59,635993,0.009864802526524885,0.12874310871375827,0.2053211076838718,317.27,-0.10300375074857382
2022-09-02,PRISM,Healthcare,285.56,672504,0.0034084121016200175,0.13259033038511836,0.19856758497669275,317.27,-0.09994641787751757
2022-09-05,PRISM,Healthcare,290.03,456232,0.01565345286454667,0.15031927973664305,0.20241627893340658,317.27,-0.08585747155419676
2022-09-06,PRISM,Healthcare,288.63,1020171,-0.004827086853084084,0.14476658866457726,0.19815287002466248,317.27,-0.09027011693510256
2022-09-07,PRISM,Healthcare,292.95,905683,0.014967259120673537,0.16190060682980945,0.20005803292193675,317.27,-0.07665395404545028
2022-09-08,PRISM,Healthcare,293.56,776300,0.002082266598395721,0.1643199936540669,0.20030960125346764,317.27,-0.07473130141519835
2022-09-09,PRISM,Healthcare,296.02,891236,0.008379888268156277,0.17407686510926834,0.19527936296073356,317.27,-0.06697765310303527
2022-09-12,PRISM,Healthcare,290.38,759286,-0.019052766704952373,0.15170745250465956,0.20779536818332509,317.27,-0.08475431020897028
2022-09-13,PRISM,Healthcare,287.13,560458,-0.011192230869894626,0.13881727680164913,0.2114180436815204,317.27,-0.09499795127178745
2022-09-14,PRISM,Healthcare,281.09,971659,-0.021035767770696268,0.114861381033593,0.22311829136241385,317.27,-0.11403536420083848
2022-09-15,PRISM,Healthcare,283.31,794578,0.007897826318972623,0.12366636259072639,0.21910856297688422,317.27,-0.10703816938254473
2022-09-16,PRISM,Healthcare,284.09,717252,0.002753167907945331,0.12676000475944882,0.21662391161880853,317.27,-0.10457969552746871
2022-09-19,PRISM,Healthcare,286.86,454865,0.009750431201380083,0.1377464006663225,0.21682450910741863,317.27,-0.09584896145239064
2022-09-20,PRISM,Healthcare,290.89,462276,0.014048664853935522,0.15373021853805513,0.20696753547611854,317.27,-0.08314684653449744
2022-09-21,PRISM,Healthcare,283.79,608264,-0.024407851765271937,0.1255701423868636,0.1998336498264619,317.27,-0.10552526239480553
2022-09-22,PRISM,Healthcare,284.47,585742,0.002396137989358449,0.12826716376472436,0.192676605025838,317.27,-0.10338197749550837
2022-09-23,PRISM,Healthcare,284.04,495406,-0.0015115829437198913,0.12656169436401843,0.19204463502739905,317.27,-0.10473729000535814
2022-09-26,PRISM,Healthcare,282.36,586287,-0.0059146599070554196,0.1198984650775392,0.1817566243260696,317.27,-0.11003246446244519
2022-09-27,PRISM,Healthcare,284.41,537452,0.007260235160787776,0.1280291912902074,0.1832370697069084,317.27,-0.10357109086897587
2022-09-28,PRISM,Healthcare,282.06,616843,-0.008262719313666955,0.11870860270495376,0.18580006668340515,317.27,-0.11097803132978212
2022-09-29,PRISM,Healthcare,284.4,780919,0.00829610721123153,0.12798952921112106,0.18757014906322675,317.27,-0.10360260976455382
2022-09-30,PRISM,Healthcare,286.48,664072,0.007313642756680894,0.13623924166104784,0.18616866325455655,317.27,-0.09704667948435075
2022-10-03,PRISM,Healthcare,286.34,1070965,-0.0004886903099694528,0.13568397255384101,0.1858593974024376,317.27,-0.09748794402244143
2022-10-04,PRISM,Healthcare,287.94,401933,0.005587762799469154,0.1420299052076308,0.17843358049186497,317.27,-0.09244492072997756
2022-10-05,PRISM,Healthcare,289.93,1085613,0.0069111620476487445,0.1499226589457816,0.1792988036544244,317.27,-0.08617266050997563
2022-10-06,PRISM,Healthcare,284.3,583398,-0.01941848032283655,0.12759290842025917,0.1833183015430586,317.27,-0.1039177987203328
2022-10-07,PRISM,Healthcare,286.38,977967,0.007316215265564585,0.13584262087018573,0.18544176407797225,317.27,-0.09736186844012984
2022-10-10,PRISM,Healthcare,290.9,876566,0.015783225085550523,0.15376988061714147,0.19187860008675697,317.27,-0.0831153276389196
2022-10-11,PRISM,Healthcare,289.29,776889,-0.005534547954623381,0.14738428588426578,0.18104936165584534,317.27,-0.0881898698269612
2022-10-12,PRISM,Healthcare,287.98,382278,-0.004528327975388047,0.14218855352397552,0.17734670785148776,317.27,-0.09231884514766586
2022-10-13,PRISM,Healthcare,289.31,380524,0.004618376276130265,0.14746361004243824,0.16006409639232108,317.27,-0.0881268320358054
2022-10-14,PRISM,Healthcare,294.61,740278,0.01831944972520838,0.16848451195811687,0.16918776511898825,317.27,-0.07142181737951891
2022-10-17,PRISM,Healthcare,297.61,1081120,0.010182953735446754,0.18038313568397246,0.17159021774230918,317.27,-0.06196614870614925
2022-10-18,PRISM,Healthcare,298.96,1011290,0.004536137898591974,0.18573751636060742,0.16966683891562367,317.27,-0.057711097803132994
2022-10-19,PRISM,Healthcare,295.39,601825,-0.011941396842386931,0.17157815412683908,0.17034395319611065,317.27,-0.06896334352444289
2022-10-20,PRISM,Healthcare,295.34,590040,-0.0001692677477234117,0.17137984373140802,0.1437993287493643,317.27,-0.06912093800233243
2022-10-21,PRISM,Healthcare,295.46,820628,0.0004063113699466214,0.17185578868044238,0.14388507729651748,317.27,-0.06874271125539766
2022-10-24,PRISM,Healthcare,289.28,475077,-0.02091653692547213,0.14734462380517965,0.16390033958489283,317.27,-0.08822138872253915
2022-10-25,PRISM,Healthcare,291.54,333783,0.007812500000000222,0.15630825367865797,0.16358378837585108,317.27,-0.08109811832193392
2022-10-26,PRISM,Healthcare,288.13,515785,-0.011696508197845956,0.1427834847102687,0.16839319231531255,317.27,-0.09184606171399745
2022-10-27,PRISM,Healthcare,291.94,970421,0.013223197862076264,0.15789473684210553,0.17046391554863058,317.27,-0.07983736249881801
2022-10-28,PRISM,Healthcare,292.65,1061771,0.002432006576693846,0.16071074445722466,0.16880535079958695,317.27,-0.07759952091278721
2022-10-31,PRISM,Healthcare,295.12,686273,0.008440116179736945,0.17050727799151266,0.1693454253795602,317.27,-0.06981435370504607
2022-11-01,PRISM,Healthcare,296.23,756736,0.00376118189211172,0.17490976877007935,0.1693659109143743,317.27,-0.06631575629589925
2022-11-02,PRISM,Healthcare,293.74,702217,-0.008405630759882543,0.1650339110776191,0.17220334067141851,317.27,-0.07416396129479619
2022-11-03,PRISM,Healthcare,291.72,320183,-0.0068768298495267555,0.15702217110220973,0.17286874934926091,317.27,-0.08053077820153165
2022-11-04,PRISM,Healthcare,294.23,753197,0.008604140957082063,0.16697735295284222,0.1592077264389423,317.27,-0.07261953541147903
2022-11-07,PRISM,Healthcare,295.86,379247,0.005539883764402065,0.1734422718438906,0.15853344229871613,317.27,-0.06748195543228153
2022-11-08,PRISM,Healthcare,293.57,551570,-0.007740147366998018,0.16435965573315392,0.15285650569207143,317.27,-0.0746997825196205
2022-11-09,PRISM,Healthcare,297.25,588640,0.012535340804578077,0.17895530083687028,0.15666796311845022,317.27,-0.06310082894695368
2022-11-10,PRISM,Healthcare,295.77,487809,-0.004978973927670327,0.17308531313211484,0.15688826713373186,317.27,-0.06776562549248277
2022-11-11,PRISM,Healthcare,299.4,806287,0.012273050005071395,0.18748264784040014,0.1611012590972964,317.27,-0.05632426639770549
2022-11-14,PRISM,Healthcare,298.2,653762,-0.004008016032064132,0.1827231983500579,0.15025051172163997,317.27,-0.060106533867053336
2022-11-15,PRISM,Healthcare,296.25,1362499,-0.006539235412474809,0.17498909292825182,0.14798933979676415,317.27,-0.06625271850474357
2022-11-16,PRISM,Healthcare,297.87,512708,0.0054683544303797404,0.18141434974021386,0.14839805953273208,317.27,-0.06114665742112391
2022-11-17,PRISM,Healthcare,302.79,527419,0.016517272635713676,0.2009280926506174,0.15255057455703389,317.27,-0.045639360796797535
2022-11-18,PRISM,Healthcare,299.49,423480,-0.010898642623600518,0.18783960655217613,0.1582072790664958,317.27,-0.056040596337504245
2022-11-21,PRISM,Healthcare,300.95,601371,0.004874954088617267,0.1936302700987591,0.1588544627907379,317.27,-0.05143883758313106
2022-11-22,PRISM,Healthcare,297.08,649489,-0.012859278949991726,0.1782810454924051,0.14689805395068667,317.27,-0.063636650171778
2022-11-23,PRISM,Healthcare,293.02,628474,-0.013666352497643697,0.16217824138341363,0.15360578272714817,317.27,-0.07643332177640494
2022-11-24,PRISM,Healthcare,290.1,619854,-0.009965190089413545,0.15059691429024769,0.1520129313608752,317.27,-0.08563683928515131
2022-11-25,PRISM,Healthcare,294.62,399904,0.015580834195105142,0.16852417403720366,0.15472033559549414,317.27,-0.07139029848394107
2022-11-28,PRISM,Healthcare,297.82,641567,0.010861448645713034,0.18121603934478303,0.15876274057414191,317.27,-0.06130425189901345
2022-11-29,PRISM,Healthcare,292.54,381265,-0.017728829494325304,0.1602744615872771,0.16863866612541667,317.27,-0.07794622876414403
2022-11-30,PRISM,Healthcare,294.51,787728,0.0067341218294934,0.16808789116725564,0.16986504845957817,317.27,-0.071737006335298
2022-12-01,PRISM,Healthcare,290.59,874563,-0.013310244134324911,0.1525403561654708,0.17364956393100675,317.27,-0.08409241340183438
2022-12-02,PRISM,Healthcare,286.85,891755,-0.012870367184004805,0.13770673858723748,0.1776372120959178,317.27,-0.09588048034796848
2022-12-05,PRISM,Healthcare,287.12,873772,0.000941258497472397,0.13877761472256434,0.17451329312105068,317.27,-0.0950294701673653
2022-12-06,PRISM,Healthcare,285.85,450576,-0.004423237670660329,0.1337405306786188,0.17313958523530418,317.27,-0.09903236990575837
2022-12-07,PRISM,Healthcare,283.01,1040363,-0.009935280741647845,0.12247650021814183,0.17428667407959544,317.27,-0.10798373624988178
2022-12-08,PRISM,Healthcare,285.3,804414,0.008091586869722,0.1315591163288785,0.17035349530666968,317.27,-0.10076590916254291
2022-12-09,PRISM,Healthcare,288.43,1020314,0.010970907816333586,0.14397334708285459,0.1755972972158114,317.27,-0.09090049484666052
2022-12-12,PRISM,Healthcare,293.17,681856,0.016433796761779362,0.1627731725697068,0.1801340517472454,317.27,-0.07596053834273642
2022-12-13,PRISM,Healthcare,294.08,665493,0.0031040010915166505,0.1663824217665495,0.18029227208026546,317.27,-0.07309231884514766
2022-12-14,PRISM,Healthcare,290.05,378136,-0.013703754080522268,0.15039860389481663,0.1849146179460237,317.27,-0.08579443376304086
2022-12-15,PRISM,Healthcare,289.79,1098327,-0.0008963971729012421,0.14936738983857567,0.18344308078897462,317.27,-0.0866139250480662
2022-12-16,PRISM,Healthcare,288.75,837506,-0.003588805686876806,0.14524253361361228,0.1717634761788515,317.27,-0.08989189018816779
2022-12-19,PRISM,Healthcare,291.34,597483,0.00896969696969685,0.1555150120969342,0.1728748751376837,317.27,-0.08172849623349199
2022-12-20,PRISM,Healthcare,290.5,536026,-0.0028832292167226825,0.15218339745369458,0.17149131374605642,317.27,-0.0843760834620354
2022-12-21,PRISM,Healthcare,287.68,631215,-0.009707401032702179,0.1409986911513903,0.16922246678173214,317.27,-0.0932644120150029
2022-12-22,PRISM,Healthcare,291.16,770179,0.012096774193548487,0.1548010946733831,0.16937123227627998,317.27,-0.08229583635389404
2022-12-23,PRISM,Healthcare,290.27,491551,-0.0030567385629896027,0.15127116963471243,0.1660355641344947,317.27,-0.08510101806032722
2022-12-26,PRISM,Healthcare,293.14,718228,0.009887346263823371,0.16265418633244777,0.1604144728879919,317.27,-0.07605509502947017
2022-12-27,PRISM,Healthcare,290.32,572596,-0.009619976802892838,0.15146948003014327,0.15831010504046017,317.27,-0.08494342358243767
2022-12-28,PRISM,Healthcare,286.72,617209,-0.012400110223201866,0.13719113155911655,0.15224575522558084,317.27,-0.0962902259904812
2022-12-29,PRISM,Healthcare,288.13,459355,0.004917689732142794,0.1427834847102687,0.1512228097910413,317.27,-0.09184606171399745
2022-12-30,PRISM,Healthcare,288.92,647459,0.0027418179294069756,0.14591678895807747,0.14484607047288775,317.27,-0.08935606896334347
2023-01-02,PRISM,Healthcare,283.77,694319,-0.01782500346116589,0.12549081822869157,0.15117077872976215,317.27,-0.10558830018596144
2023-01-03,PRISM,Healthcare,284.4,606692,0.002220107833809104,0.12798952921112128,0.15138604146548204,317.27,-0.10360260976455382
2023-01-04,PRISM,Healthcare,286.54,899575,0.00752461322081599,0.13647721413556524,0.153043666468666,317.27,-0.09685756611088336
2023-01-05,PRISM,Healthcare,281.64,596841,-0.01710057932574871,0.11704279538333417,0.16081406561864497,317.27,-0.11230182494405394
2023-01-06,PRISM,Healthcare,283.83,588634,0.007775884107371178,0.12572879070320897,0.16061300332578846,317.27,-0.10539918681249405
2023-01-09,PRISM,Healthcare,284.16,526864,0.0011626677941023456,0.12703763931305345,0.15553321966149383,317.27,-0.10435906325842326
2023-01-10,PRISM,Healthcare,286.1,853736,0.006827139639639546,0.1347320826557734,0.14546074365278971,317.27,-0.09824439751631087
2023-01-11,PRISM,Healthcare,285.47,670626,-0.002202027263194628,0.1322333716733437,0.14467777228336184,317.27,-0.10023008793771848
2023-01-12,PRISM,Healthcare,288.19,1054333,0.0095281465653132,0.1430214571847861,0.1420919006639807,317.27,-0.09165694834053006
2023-01-13,PRISM,Healthcare,293.58,441951,0.01870293903327669,0.16439931781224026,0.15649075887738478,317.27,-0.07466826362404266
2023-01-16,PRISM,Healthcare,299.38,709349,0.01975611417671508,0.18740332368222812,0.1688980003204569,317.27,-0.056387304188861176
2023-01-17,PRISM,Healthcare,299.12,929574,-0.0008684614870732021,0.18637210962598738,0.16704720482729046,317.27,-0.05720679547388652
2023-01-18,PRISM,Healthcare,295.21,686343,-0.013071676918962383,0.17086423670328865,0.17385808698319918,317.27,-0.06953068364484505
2023-01-19,PRISM,Healthcare,297.03,1299125,0.006165102808170397,0.17808273509697448,0.17040459815733586,317.27,-0.06379424464966754
2023-01-20,PRISM,Healthcare,298.89,917933,0.0062619937380063995,0.18545988180700523,0.1670322904565066,317.27,-0.05793173007217822
2023-01-23,PRISM,Healthcare,301.02,1058678,0.00712636755997198,0.19390790465236285,0.1674090880403125,317.27,-0.05121820531408583
2023-01-24,PRISM,Healthcare,304.49,1174088,0.011527473257590959,0.20767064609526953,0.16850196812618415,317.27,-0.0402811485485548
2023-01-25,PRISM,Healthcare,302.9,513940,-0.0052218463660548275,0.20136437552056585,0.16538500759537428,317.27,-0.045292652945440826
2023-01-26,PRISM,Healthcare,304.41,518108,0.004985143611753173,0.2073533494625801,0.15696513609230822,317.27,-0.04053329971317787
2023-01-27,PRISM,Healthcare,304.7,944706,0.0009526625275120271,0.2085035497560792,0.15692439654403958,317.27,-0.039619251741419004
2023-01-30,PRISM,Healthcare,314.37,779671,0.03173613390219887,0.24685678023242086,0.18637199460158244,317.27,-0.009140479717590577
2023-01-31,PRISM,Healthcare,313.04,1257463,-0.00423068358940093,0.24158172371395836,0.17159086376272858,317.27,-0.013332492829451148
2023-02-01,PRISM,Healthcare,314.05,1141539,0.00322642473805268,0.24558759370166316,0.17143994111346036,317.27,-0.010149084376083417
2023-02-02,PRISM,Healthcare,317.89,487619,0.012227352332430996,0.26081783207075837,0.17315099822720678,317.89,0.0
2023-02-03,PRISM,Healthcare,320.02,482557,0.006700430966686488,0.26926585491611577,0.15334899457476173,320.02,0.0
2023-02-06,PRISM,Healthcare,313.9,526636,-0.019123804762202323,0.24499266251537022,0.17633553688170508,320.02,-0.019123804762202323
2023-02-07,PRISM,Healthcare,308.01,878379,-0.01876393755973238,0.22163169793360682,0.1942118600033779,320.02,-0.03752890444347223
2023-02-08,PRISM,Healthcare,306.21,1056589,-0.005843966104996601,0.21449252369809346,0.19676240498671463,320.02,-0.04315355290294354
2023-02-09,PRISM,Healthcare,304.97,496447,-0.004049508507233401,0.20957442589140673,0.19751748242307526,320.02,-0.047028310730579226
2023-02-10,PRISM,Healthcare,300.56,501465,-0.014460438731678571,0.19208344901439878,0.20520277232871623,320.02,-0.06080869945628398
2023-02-13,PRISM,Healthcare,298.09,1074197,-0.008217993079584818,0.18228691548011078,0.19882059489829504,320.02,-0.06852696706455852
2023-02-14,PRISM,Healthcare,299.24,1266545,0.0038578952665304644,0.1868480545750224,0.18699847616607393,320.02,-0.06493344165989623
2023-02-15,PRISM,Healthcare,301.49,1444912,0.007519048255580696,0.19577202236941416,0.18873225810483,320.02,-0.057902631085557044
2023-02-16,PRISM,Healthcare,303.91,643684,0.008026800225546582,0.20537024550827132,0.18378283287589153,320.02,-0.050340603712267895
2023-02-17,PRISM,Healthcare,307.16,437702,0.010693955447336423,0.21826042121128175,0.185904935051998,320.02,-0.04018498843822249
2023-02-20,PRISM,Healthcare,305.94,564660,-0.003971871337413835,0.21342164756276705,0.18609529424630747,320.02,-0.04399725017186418
2023-02-21,PRISM,Healthcare,307.55,686632,0.005262469765313416,0.21980724229564297,0.18545526956984149,320.02,-0.03896631460533706
2023-02-22,PRISM,Healthcare,302.89,367263,-0.015152007803609258,0.2013247134414804,0.18951510703203012,320.02,-0.05352790450596834
2023-02-23,PRISM,Healthcare,298.01,880338,-0.016111459605797518,0.1819696188474218,0.19677822384863564,320.02,-0.06877695144053497
2023-02-24,PRISM,Healthcare,300.57,1298257,0.00859031576121616,0.19212311109348557,0.1984799622045232,320.02,-0.06077745140928692
2023-02-27,PRISM,Healthcare,295.15,942350,-0.01803240509698245,0.1706262642287728,0.20738876127389766,320.02,-0.07771389288169495
2023-02-28,PRISM,Healthcare,301.08,588683,0.020091478909029403,0.19414587712688114,0.1868250751022018,320.02,-0.0591838010124367
2023-03-01,PRISM,Healthcare,302.99,459361,0.00634382888268914,0.20172133423234273,0.18880678933377004,320.02,-0.05321542403599766
2023-03-02,PRISM,Healthcare,303.79,1401467,0.002640351166705246,0.20489430055923763,0.18863334942857407,320.02,-0.050715580276232575
2023-03-03,PRISM,Healthcare,303.33,761842,-0.0015142038908457778,0.2030698449212729,0.1819076383240359,320.02,-0.052152990438097624
2023-03-06,PRISM,Healthcare,307.41,1427794,0.013450697260409594,0.2192519731884368,0.18747174857484103,320.02,-0.039403787263295964
2023-03-07,PRISM,Healthcare,313.08,923416,0.018444422757880163,0.24174037203030396,0.1890101299671421,320.02,-0.021686144615961522
2023-03-08,PRISM,Healthcare,309.39,1825018,-0.011786124952088861,0.22710506484750148,0.18171312386219526,320.02,-0.03321667395787764
2023-03-09,PRISM,Healthcare,307.88,457839,-0.0048805714470409045,0.22111609090548745,0.18133459733933657,320.02,-0.03793512905443408
2023-03-10,PRISM,Healthcare,306.82,1654387,-0.003442899831103019,0.21691191052235181,0.18116246646546336,320.02,-0.04124742203612275
2023-03-13,PRISM,Healthcare,312.15,586146,0.017371748908154627,0.2380517986752888,0.18193059596154887,320.02,-0.024592212986688344
2023-03-14,PRISM,Healthcare,318.36,475607,0.019894281595386865,0.2626819497878101,0.1882515083033149,320.02,-0.005187175801512289
2023-03-15,PRISM,Healthcare,320.7,636196,0.007350169619298796,0.2719628762939774,0.1887921586197986,320.7,0.0
2023-03-16,PRISM,Healthcare,324.7,789423,0.012472715933894651,0.2878277079284517,0.1909313322893085,324.7,0.0
2023-03-17,PRISM,Healthcare,321.21,761851,-0.010748383122882732,0.27398564232737277,0.1964524972626576,324.7,-0.010748383122882732
2023-03-20,PRISM,Healthcare,323.44,490358,0.006942498676878017,0.28283028596359205,0.1949562574496449,324.7,-0.00388050508161375
2023-03-21,PRISM,Healthcare,321.89,632038,-0.0047922334899827,0.2766826637052333,0.19532157070526274,324.7,-0.00865414228518635
2023-03-22,PRISM,Healthcare,324.3,918239,0.007487029730653516,0.28624122476500435,0.19586996236383067,324.7,-0.001231906375115388
2023-03-23,PRISM,Healthcare,328.22,897084,0.012087573234659255,0.3017887597667892,0.18730378371785877,328.22,0.0
2023-03-24,PRISM,Healthcare,327.45,646843,-0.0023459874474438536,0.2987347796771529,0.17440032380560583,328.22,-0.0023459874474438536
2023-03-27,PRISM,Healthcare,336.1,1080167,0.026416246755230022,0.33304247808670384,0.18984734270565043,336.1,0.0
2023-03-28,PRISM,Healthcare,332.07,669539,-0.011990479024100109,0.31705866021497076,0.18141656736001194,336.1,-0.011990479024100109
2023-03-29,PRISM,Healthcare,329.03,532186,-0.009154696298973142,0.3050013881727702,0.18044990960782079,336.1,-0.021035406129128353
2023-03-30,PRISM,Healthcare,333.16,884182,0.012552046925812466,0.3213818268353652,0.18260565990024347,336.1,-0.00874739660815238
2023-03-31,PRISM,Healthcare,331.45,592671,-0.00513266898787379,0.3145996113116274,0.18561347316757237,336.1,-0.013835168104730844
2023-04-03,PRISM,Healthcare,330.98,737017,-0.001418011766480487,0.31273549359457675,0.18557630626147908,336.1,-0.015233561440047616
2023-04-04,PRISM,Healthcare,331.06,888113,0.00024170644751952963,0.3130527902272664,0.18292675775237124,336.1,-0.01499553704254697
2023-04-05,PRISM,Healthcare,332.92,631048,0.00561831692140391,0.32042993693729693,0.17503667422075897,336.1,-0.009461469800654543
2023-04-06,PRISM,Healthcare,334.62,532482,0.005106331851495893,0.3271724903819486,0.1666523882956037,336.1,-0.004403451353763854
2023-04-07,PRISM,Healthcare,334.04,968687,-0.0017333094256171133,0.32487208979494975,0.16493647551061366,336.1,-0.0061291282356441545
2023-04-10,PRISM,Healthcare,334.81,1618242,0.0023051131601006247,0.32792606988458606,0.1628828247823223,336.1,-0.003838143409699568
2023-04-11,PRISM,Healthcare,336.53,763193,0.00513724201786081,0.33474794748741,0.1557911462175677,336.53,0.0
2023-04-12,PRISM,Healthcare,334.71,842839,-0.005408135975990214,0.32752944909372417,0.14691824900323783,336.53,-0.005408135975990214
2023-04-13,PRISM,Healthcare,336.12,704067,0.004212601953930362,0.33312180224487653,0.1459929562498448,336.53,-0.0012183163462394786
2023-04-14,PRISM,Healthcare,336.06,829456,-0.000178507675830053,0.33288382977035935,0.14136712783160715,336.53,-0.001396606543250134
2023-04-17,PRISM,Healthcare,343.2,725885,0.02124620603463656,0.3612025542378958,0.14916723084082673,343.2,0.0
2023-04-18,PRISM,Healthcare,342.06,615592,-0.0033216783216782897,0.35668107722207076,0.15015679972963183,343.2,-0.0033216783216782897
2023-04-19,PRISM,Healthcare,342.89,1043027,0.002426474887446517,0.35997302978622403,0.1476733737412107,343.2,-0.0009032634032634101
2023-04-20,PRISM,Healthcare,345.73,699006,0.00828253958995595,0.3712370602467008,0.14799955771813986,345.73,0.0
2023-04-21,PRISM,Healthcare,346.2,955140,0.0013594423393976651,0.3731011779637514,0.14440656898288814,346.2,0.0
2023-04-24,PRISM,Healthcare,345.72,1184934,-0.001386481802426287,0.37119739816761466,0.14403176693469516,346.2,-0.001386481802426287
2023-04-25,PRISM,Healthcare,342.8,1246070,-0.008446141386092787,0.3596160710744485,0.1201279347882588,346.2,-0.009820912767186551
2023-04-26,PRISM,Healthcare,345.65,486110,0.008313885647607933,0.37091976361401136,0.11290575004656682,346.2,-0.0015886770652802085
2023-04-27,PRISM,Healthcare,339.77,801386,-0.017011427744828556,0.3475984611113341,0.12523566614269294,346.2,-0.018573079145002946
2023-04-28,PRISM,Healthcare,344.26,927732,0.013214821791211806,0.3654067346210317,0.12598740917901335,346.2,-0.005603697284806475
2023-05-01,PRISM,Healthcare,348.17,514713,0.011357694765584236,0.3809146075437304,0.12783427111575588,348.17,0.0
2023-05-02,PRISM,Healthcare,345.57,551683,-0.007467616394290166,0.37060246698132215,0.13175483053130504,348.17,-0.007467616394290166
2023-05-03,PRISM,Healthcare,353.44,522631,0.022773967647654603,0.40181652322215045,0.1496758147372832,353.44,0.0
2023-05-04,PRISM,Healthcare,354.84,1256372,0.003961068356722386,0.40736921429421624,0.14944304446947762,354.84,0.0
2023-05-05,PRISM,Healthcare,353.97,938946,-0.002451809266147964,0.40391861341371826,0.15044389381786485,354.84,-0.002451809266147964
2023-05-08,PRISM,Healthcare,353.67,502960,-0.0008475294516484544,0.4027287510411326,0.15014428101679617,354.84,-0.003297260737233576
2023-05-09,PRISM,Healthcare,356.05,1018779,0.0067294370458337305,0.4121683258636448,0.15075440606003304,356.05,0.0
2023-05-10,PRISM,Healthcare,354.71,760699,-0.0037635163600618915,0.40685360726609576,0.15229185420372407,356.05,-0.0037635163600618915
2023-05-11,PRISM,Healthcare,352.12,993377,-0.007301739449127376,0.39658112878277385,0.15367398397751408,356.05,-0.011037775593315535
2023-05-12,PRISM,Healthcare,343.03,836968,-0.02581506304668868,0.36052829889343085,0.1819641028392769,356.05,-0.03656789776716762
2023-05-15,PRISM,Healthcare,336.41,824780,-0.01929860362067437,0.3342720025383761,0.19514397925387414,356.05,-0.05516079202359214
2023-05-16,PRISM,Healthcare,332.43,1236342,-0.01183080170030626,0.31848649506207405,0.1833085660694418,356.05,-0.06633899733183546
2023-05-17,PRISM,Healthcare,328.7,1073638,-0.011220407303793367,0.30369253956292663,0.18633993277449842,356.05,-0.07681505406544031
2023-05-18,PRISM,Healthcare,321.55,342457,-0.021752357773045294,0.2753341530163038,0.19785019970739817,356.05,-0.09689650330009825
2023-05-19,PRISM,Healthcare,322.53,1076850,0.0030477375213806557,0.2792210367667498,0.19490430765174055,356.05,-0.09414408088751591
2023-05-22,PRISM,Healthcare,322.11,578699,-0.0013022044460979654,0.27755522944513,0.19433181461762578,356.05,-0.09532369049290834
2023-05-23,PRISM,Healthcare,326.61,788175,0.0139703827884885,0.29540316503391373,0.20336526739001407,356.05,-0.08268501614941726
2023-05-24,PRISM,Healthcare,328.45,612615,0.005633630323627514,0.3027009875857718,0.2041351714355072,356.05,-0.07751720264007866
2023-05-25,PRISM,Healthcare,325.41,593637,-0.009255594458821625,0.2906437155435715,0.20206121479415345,356.05,-0.08605532930768145
2023-05-26,PRISM,Healthcare,322.21,609973,-0.009833748194585379,0.2779518502359919,0.19716736751670344,356.05,-0.095042831063053
2023-05-29,PRISM,Healthcare,320.73,1209209,-0.004593277676049667,0.27208186253123645,0.18881380730567845,356.05,-0.09919955062491226
2023-05-30,PRISM,Healthcare,322.21,1222454,0.004614473232937177,0.27795185023599167,0.18359154941107142,356.05,-0.095042831063053
2023-05-31,PRISM,Healthcare,325.2,543094,0.00927966233201949,0.28981081188276114,0.1882747141329531,356.05,-0.08664513411037778
2023-06-01,PRISM,Healthcare,327.39,515912,0.006734317343173535,0.29849680720263594,0.1678953634559029,356.05,-0.08049431259654549
2023-06-02,PRISM,Healthcare,327.91,428889,0.0015883197409818361,0.30055923531511786,0.1667488443012366,356.05,-0.0790338435612975
2023-06-05,PRISM,Healthcare,329.81,630483,0.005794272818761215,0.3080950303414931,0.16994180572425804,356.05,-0.07369751439404582
2023-06-06,PRISM,Healthcare,322.74,698747,-0.02143658470028198,0.2800539404275597,0.18080831913206008,356.05,-0.09355427608481959
2023-06-07,PRISM,Healthcare,323.91,1454658,0.0036252091466815184,0.28469440368064336,0.17873321563848532,356.05,-0.09026822075551177
2023-06-08,PRISM,Healthcare,318.57,404435,-0.01648606094285454,0.26351485344862,0.18350184917568294,356.05,-0.10526611430978805
2023-06-09,PRISM,Healthcare,320.68,777366,0.0066233480867627925,0.2718835521358054,0.18763295906129376,356.05,-0.09933998033983993
2023-06-12,PRISM,Healthcare,320.01,532108,-0.0020893102157915067,0.269226192837031,0.17071431729231237,356.05,-0.10122173851987082
2023-06-13,PRISM,Healthcare,319.12,477855,-0.0027811630886533933,0.26569626779836053,0.1604244014743225,356.05,-0.10372138744558346
2023-06-14,PRISM,Healthcare,319.94,376586,0.0025695663073452835,0.2689485582834279,0.15755649104333416,356.05,-0.10141834012076956
2023-06-15,PRISM,Healthcare,317.76,615864,-0.006813777583296932,0.2603022250426392,0.15494565545675,356.05,-0.10754107569161642
2023-06-16,PRISM,Healthcare,319.7,431780,0.006105236656596125,0.2679966683853592,0.13837950189295184,356.05,-0.10209240275242248
2023-06-19,PRISM,Healthcare,321.01,916975,0.004097591492023822,0.27319240074564966,0.1387409489607919,356.05,-0.0984131442213173
2023-06-20,PRISM,Healthcare,315.12,534632,-0.0183483380580044,0.24983143616388626,0.15236259961660722,356.05,-0.11495576463979784
2023-06-21,PRISM,Healthcare,313.35,586996,-0.0056169078446305365,0.2428112481656315,0.14292965068236652,356.05,-0.11992697654823758
2023-06-22,PRISM,Healthcare,309.93,762003,-0.010914313068453807,0.22924681711815587,0.14338629036060738,356.05,-0.12953236904929089
2023-06-23,PRISM,Healthcare,305.03,668050,-0.015810021617784775,0.2098123983659248,0.1488439265806214,356.05,-0.14329448111220344
2023-06-26,PRISM,Healthcare,303.39,1388023,-0.005376520342261326,0.2033078173957905,0.147068128586939,356.05,-0.14790057576183124
2023-06-27,PRISM,Healthcare,305.03,1294325,0.005405583572299699,0.20981239836592502,0.14960654193603928,356.05,-0.14329448111220344
2023-06-28,PRISM,Healthcare,303.69,460179,-0.004393010523555008,0.20449767976837618,0.14756733079509302,356.05,-0.1470579974722651
2023-06-29,PRISM,Healthcare,303.36,932942,-0.0010866343969178072,0.20318883115853215,0.14112756678715654,356.05,-0.14798483359078785
2023-06-30,PRISM,Healthcare,302.98,523681,-0.0012526371308017037,0.20168167215325705,0.13663633732959965,356.05,-0.14905209942423814
2023-07-03,PRISM,Healthcare,308.15,490697,0.017063832596210915,0.22218696704081498,0.1535748739520778,356.05,-0.13453166690071627
2023-07-04,PRISM,Healthcare,309.54,790729,0.00451079019957823,0.22769999603379487,0.15272021649678377,356.05,-0.1306277208257267
2023-07-05,PRISM,Healthcare,304.02,481194,-0.01783291335530157,0.20580652837822022,0.14765653522368988,356.05,-0.1461311613537425
2023-07-06,PRISM,Healthcare,298.02,788978,-0.019735543714229364,0.1820092809265088,0.15674397739186427,356.05,-0.162982727145064
2023-07-07,PRISM,Healthcare,301.0,769124,0.00999932890410049,0.19382858049419238,0.1568258556933072,356.05,-0.15461311613537432
2023-07-10,PRISM,Healthcare,300.63,561397,-0.0012292358803986936,0.1923610835680034,0.15329385216699376,356.05,-0.15565229602583908
2023-07-11,PRISM,Healthcare,301.59,735375,0.0031932940824268563,0.19616864316027716,0.1547851998497186,356.05,-0.1529560454992277
2023-07-12,PRISM,Healthcare,301.04,634637,-0.001823667893497638,0.1939872288105371,0.1548201452969567,356.05,-0.15450077236343207
2023-07-13,PRISM,Healthcare,303.32,763277,0.007573744352909806,0.20303018284218743,0.1579171677495838,356.05,-0.14809717736272998
2023-07-14,PRISM,Healthcare,303.75,941456,0.0014176447316365248,0.20473565224289336,0.15765138881305335,356.05,-0.1468894818143519
2023-07-17,PRISM,Healthcare,305.08,744763,0.004378600823045309,0.21001070876135608,0.15662954311974353,356.05,-0.14315405139727577
2023-07-18,PRISM,Healthcare,303.96,837669,-0.0036711682181722605,0.20556855590370327,0.15500994228785733,356.05,-0.1462996770116558
2023-07-19,PRISM,Healthcare,301.4,342129,-0.008422160810632962,0.19541506365763972,0.1458033484258161,356.05,-0.15348967841595296
2023-07-20,PRISM,Healthcare,302.83,374907,0.0047445255474452,0.20108674096696433,0.1470465588386726,356.05,-0.14947338856902126
2023-07-21,PRISM,Healthcare,298.47,604275,-0.014397516758577256,0.18379407448538743,0.1502906586075419,356.05,-0.16171885971071476
2023-07-24,PRISM,Healthcare,302.7,459505,0.014172278620966816,0.20057113393884385,0.15083504143418777,356.05,-0.1498385058278332
2023-07-25,PRISM,Healthcare,298.73,653298,-0.013115295672282645,0.18482528854162816,0.15638285470654628,356.05,-0.16098862519309087
2023-07-26,PRISM,Healthcare,301.45,1122369,0.009105212064405954,0.19561337405307055,0.15870785901564552,356.05,-0.15334924870102518
2023-07-27,PRISM,Healthcare,304.4,402417,0.009786034168187019,0.20731368738349532,0.16190992137635668,356.05,-0.1450638955202922
2023-07-28,PRISM,Healthcare,304.24,663991,-0.0005256241787121585,0.20667909411811647,0.16186711440621201,356.05,-0.14551327060806063
2023-07-31,PRISM,Healthcare,306.11,743497,0.006146463318432938,0.21409590290723335,0.16306250608928702,356.05,-0.14026119926976544
2023-08-01,PRISM,Healthcare,308.75,1586395,0.00862435072359613,0.22456669178598654,0.15469279245861772,356.05,-0.13284651032158412
2023-08-02,PRISM,Healthcare,308.92,674690,0.0005506072874494894,0.22524094713045173,0.15388850642619792,356.05,-0.13236904929082993
2023-08-03,PRISM,Healthcare,303.35,926687,-0.018030558073287573,0.20314916907944625,0.15417752418760264,356.05,-0.14801291953377327
2023-08-04,PRISM,Healthcare,301.35,194696,-0.006593044338223164,0.1952167532622091,0.13902168550232918,356.05,-0.1536301081308804
2023-08-07,PRISM,Healthcare,295.97,552202,-0.017852994856479176,0.17387855471384106,0.14837428317737955,356.05,-0.1687403454570987
2023-08-08,PRISM,Healthcare,292.91,702032,-0.010338885697874778,0.1617419585134683,0.1520473044366331,356.05,-0.17733464401067256
2023-08-09,PRISM,Healthcare,292.73,436263,-0.0006145232323921945,0.16102804108991697,0.15123282013017525,356.05,-0.17784019098441228
2023-08-10,PRISM,Healthcare,295.47,461011,0.00936016124073391,0.17189545075953205,0.15571127266454735,356.05,-0.1701446426063754
2023-08-11,PRISM,Healthcare,296.13,890495,0.002233729312620447,0.17451314797922013,0.15315210534535803,356.05,-0.16829097036933016
2023-08-14,PRISM,Healthcare,295.58,432011,-0.0018572924053625872,0.17233173362947984,0.1528944733810698,356.05,-0.16983569723353464
2023-08-15,PRISM,Healthcare,296.08,396649,0.0016915894174165391,0.17431483758378907,0.15192766800037033,356.05,-0.16843140008425794
2023-08-16,PRISM,Healthcare,298.18,481428,0.007092677654688018,0.1826438741918881,0.15443825755488738,356.05,-0.16253335205729535
2023-08-17,PRISM,Healthcare,299.94,567407,0.005902475015091557,0.18962440011105675,0.15358001617618536,356.05,-0.15759022609184103
2023-08-18,PRISM,Healthcare,295.89,984347,-0.013502700540108048,0.17356125808115141,0.15910669866862762,356.05,-0.1689650330009831
2023-08-21,PRISM,Healthcare,297.39,834379,0.005069451485349319,0.17951056994407932,0.15269994404855794,356.05,-0.16475214155315276
2023-08-22,PRISM,Healthcare,299.36,685073,0.006624298059786815,0.18732399952405787,0.1458794787329829,356.05,-0.15921921078500212
2023-08-23,PRISM,Healthcare,298.7,453037,-0.0022047033671833693,0.18470630230436957,0.13869904252057552,356.05,-0.16107288302204747
2023-08-24,PRISM,Healthcare,295.29,1357003,-0.011416136591898107,0.1711815333359803,0.139995360071158,356.05,-0.17065018958011513
2023-08-25,PRISM,Healthcare,294.91,560953,-0.0012868705340512987,0.1696743743307052,0.1344452522506236,356.05,-0.17171745541356542
2023-08-28,PRISM,Healthcare,292.56,451785,-0.007968532772710368,0.16035378574545156,0.13624480293936883,356.05,-0.17831765201516647
2023-08-29,PRISM,Healthcare,295.09,507364,0.00864779874213828,0.17038829175425652,0.13834859346756656,356.05,-0.17121190843982592
2023-08-30,PRISM,Healthcare,296.51,1036194,0.004812091226405579,0.176020306984495,0.13535918942313394,356.05,-0.16722370453587987
2023-08-31,PRISM,Healthcare,293.25,677648,-0.010994570166267592,0.16309046920239845,0.1386061208434427,356.05,-0.17637972194916451
2023-09-01,PRISM,Healthcare,295.98,722691,0.009309462915600974,0.17391821679292718,0.13205882122887477,356.05,-0.16871225951411317
2023-09-04,PRISM,Healthcare,298.18,357511,0.007432934657747081,0.18264387419188788,0.1336860694846622,356.05,-0.16253335205729535
2023-09-05,PRISM,Healthcare,297.74,538957,-0.0014756187537728893,0.1808987427120956,0.11796722833130949,356.05,-0.16376913354865885
2023-09-06,PRISM,Healthcare,294.66,1023560,-0.010344595956203295,0.1686828223535506,0.11797372485888458,356.05,-0.17241960398820388
2023-09-07,PRISM,Healthcare,288.33,438295,-0.021482386479332205,0.14357672629199492,0.14010574474749277,356.05,-0.19019800589804814
2023-09-08,PRISM,Healthcare,285.81,691584,-0.008739985433357522,0.1335818823622763,0.1377671267462548,356.05,-0.19727566353040304
2023-09-11,PRISM,Healthcare,286.78,387545,0.0033938630558760785,0.13742910403363617,0.13822597885899376,356.05,-0.19455132706080613
2023-09-12,PRISM,Healthcare,292.71,507074,0.0206778715391589,0.16094871693174428,0.15808866781678016,356.05,-0.17789636287038346
2023-09-13,PRISM,Healthcare,293.25,1315076,0.0018448293532848936,0.16309046920239845,0.15811531283206035,356.05,-0.17637972194916451
2023-09-14,PRISM,Healthcare,291.9,623244,-0.00460358056265997,0.15773608852576326,0.15630330386580088,356.05,-0.18017132425221183
2023-09-15,PRISM,Healthcare,292.58,1103635,0.002329564919492988,0.1604331099036238,0.15480766158984316,356.05,-0.1782614801291954
2023-09-18,PRISM,Healthcare,288.98,622227,-0.01230432702166917,0.1461547614325971,0.15365290127316167,356.05,-0.1883724196039882
2023-09-19,PRISM,Healthcare,296.58,657173,0.026299397882206366,0.1762979415380983,0.17974327061563772,356.05,-0.16702710293498113
2023-09-20,PRISM,Healthcare,300.08,910932,0.011801200350664232,0.19017966921826335,0.18303672367651033,356.05,-0.15719702289004356
2023-09-21,PRISM,Healthcare,302.06,1189425,0.006598240469208205,0.19803276087732802,0.18413008371281753,356.05,-0.1516360061789075
2023-09-22,PRISM,Healthcare,299.72,724641,-0.007746805270475998,0.18875183437116072,0.1815341926416339,356.05,-0.15820811683752278
2023-09-25,PRISM,Healthcare,298.13,1405628,-0.0053049512878687866,0.18244556379645704,0.18263848737411512,356.05,-0.16267378177222303
2023-09-26,PRISM,Healthcare,301.34,656023,0.010767115016938833,0.19517709118312254,0.18312012003063352,356.05,-0.15365819407386616
2023-09-27,PRISM,Healthcare,300.87,448896,-0.001559700006636966,0.1933129734660719,0.18148702265515676,356.05,-0.15497823339418626
2023-09-28,PRISM,Healthcare,299.75,549715,-0.003722537973210982,0.1888708206084191,0.1816281146202596,356.05,-0.1581238590085663
2023-09-29,PRISM,Healthcare,295.39,654125,-0.014545454545454639,0.17157815412684196,0.1848669166474161,356.05,-0.1703693301502599
2023-10-02,PRISM,Healthcare,298.03,404289,0.008937337079792718,0.18204894300559493,0.1846455787391632,356.05,-0.16295464120207848
2023-10-03,PRISM,Healthcare,296.58,673048,-0.0048652820185887125,0.17629794153809808,0.18364953820657662,356.05,-0.16702710293498113
2023-10-04,PRISM,Healthcare,297.51,582881,0.0031357475217479447,0.17998651489311346,0.1839381442578508,356.05,-0.16441511023732625
2023-10-05,PRISM,Healthcare,304.72,727682,0.024234479513293827,0.20858287391425367,0.19784872286857189,356.05,-0.14416514534475489
2023-10-06,PRISM,Healthcare,310.58,1111983,0.019230769230769162,0.23182485225875848,0.18782309248789808,356.05,-0.12770678275523106
2023-10-09,PRISM,Healthcare,308.83,671457,-0.005634619099748828,0.22488398841867596,0.185544077266767,356.05,-0.13262182277769985
2023-10-10,PRISM,Healthcare,309.66,462164,0.0026875627367808352,0.22817594098282945,0.18557777451441854,356.05,-0.1302906895099003
2023-10-11,PRISM,Healthcare,307.51,917686,-0.006943098882645549,0.21964859397929937,0.17831198045780536,356.05,-0.13632916725179056
2023-10-12,PRISM,Healthcare,311.46,988689,0.012845110728106457,0.2353151152183428,0.18190718959267058,356.05,-0.12523521977250396
2023-10-13,PRISM,Healthcare,311.53,568375,0.0002247479612149661,0.2355927497719461,0.18014639489008658,356.05,-0.12503861817160522
2023-10-16,PRISM,Healthcare,314.66,471100,0.010047186466793034,0.2480069805259224,0.18167275422248083,356.05,-0.1162477180171324
2023-10-17,PRISM,Healthcare,317.05,731243,0.00759549990465902,0.25748621742752076,0.17267093885687734,356.05,-0.10953517764358933
2023-10-18,PRISM,Healthcare,322.1,1118537,0.01592808705251536,0.27751556736604455,0.15938441991489483,356.05,-0.09535177643589376
2023-10-19,PRISM,Healthcare,321.87,968242,-0.000714063955293498,0.2766033395470622,0.15753809285086348,356.05,-0.09599775312456116
2023-10-20,PRISM,Healthcare,320.42,397820,-0.004504924348339379,0.2708523380795653,0.15937383910755862,356.05,-0.10007021485746381
2023-10-23,PRISM,Healthcare,322.37,522052,0.0060857624368015895,0.2785864435013714,0.15491364525227402,356.05,-0.09459345597528435
2023-10-24,PRISM,Healthcare,324.45,863057,0.0064522132952817834,0.28683615595129797,0.15179683714341535,356.05,-0.08875157983429305
2023-10-25,PRISM,Healthcare,323.71,1073026,-0.002280782863307129,0.28390116209892025,0.15128288527364916,356.05,-0.09082993961522268
2023-10-26,PRISM,Healthcare,320.57,804542,-0.009700040159401846,0.27144726926585805,0.1571978482544928,356.05,-0.0996489257126808
2023-10-27,PRISM,Healthcare,326.09,958596,0.017219328071871987,0.2933407369214327,0.1624458332981289,356.05,-0.08414548518466514
2023-10-30,PRISM,Healthcare,325.35,643484,-0.0022693121530864557,0.2904057430690552,0.14979567956695405,356.05,-0.08622384496559465
2023-10-31,PRISM,Healthcare,324.77,592982,-0.0017826955586293103,0.2881053424820563,0.15053360661524004,356.05,-0.08785282965875585
2023-11-01,PRISM,Healthcare,323.47,790559,-0.004002832773962961,0.2829492722008524,0.14991170993954414,356.05,-0.09150400224687538
2023-11-02,PRISM,Healthcare,323.25,1217111,-0.0006801248956627148,0.2820767064609562,0.15082773647328734,356.05,-0.09212189299255724
2023-11-03,PRISM,Healthcare,325.5,626037,0.006960556844547661,0.29100067425534815,0.13237195037274394,356.05,-0.08580255582081175
2023-11-06,PRISM,Healthcare,316.44,953239,-0.02783410138248854,0.25506683060326374,0.15832214907376005,356.05,-0.11124842016570713
2023-11-07,PRISM,Healthcare,315.85,890150,-0.001864492478826918,0.25272676793717874,0.1568821738259204,356.05,-0.11290549080185364
2023-11-08,PRISM,Healthcare,318.99,371706,0.009941427892987242,0.26518066077024116,0.15978242835705167,356.05,-0.1040865047043954
2023-11-09,PRISM,Healthcare,317.19,514796,-0.0056428101194395675,0.2580414865347276,0.15898197303117195,356.05,-0.10914197444179197
2023-11-10,PRISM,Healthcare,316.56,466930,-0.0019861912418424055,0.2555427755522979,0.15389599615061106,356.05,-0.11091138884988061
2023-11-13,PRISM,Healthcare,320.41,1036919,0.012161991407632078,0.2708126760004794,0.15879320821565368,356.05,-0.10009830080044935
2023-11-14,PRISM,Healthcare,319.64,528359,-0.0024031709372367427,0.2677586959108431,0.15607156989796442,356.05,-0.10226091841033569
2023-11-15,PRISM,Healthcare,323.11,440343,0.010855962958328247,0.2815214373537498,0.15825522967111016,356.05,-0.09251509619435472
2023-11-16,PRISM,Healthcare,325.9,1091122,0.008634830243570146,0.2925871574187955,0.15142689253500202,356.05,-0.0846791181013904
2023-11-17,PRISM,Healthcare,328.13,409764,0.006842589751457462,0.30143180105501477,0.1528551074976766,356.05,-0.07841595281561586
2023-11-20,PRISM,Healthcare,321.87,452524,-0.0190778045286929,0.2766033395470624,0.16709513828324613,356.05,-0.09599775312456116
2023-11-21,PRISM,Healthcare,320.98,358679,-0.002765091496566896,0.27307341450839195,0.16602186156987966,356.05,-0.0984974020502738
2023-11-22,PRISM,Healthcare,321.31,688485,0.0010281014393420662,0.2743822631182362,0.1643575686489134,356.05,-0.09757056593175117
2023-11-23,PRISM,Healthcare,324.48,343898,0.009865861628956418,0.286955142188557,0.16796359476799194,356.05,-0.08866732200533634
2023-11-24,PRISM,Healthcare,324.33,749454,-0.00046227810650900647,0.28636021100226405,0.16413072734243073,356.05,-0.08908861115011946
2023-11-27,PRISM,Healthcare,319.98,419168,-0.013412265285357439,0.2691072065997733,0.15929481702669646,356.05,-0.10130599634882742
2023-11-28,PRISM,Healthcare,318.86,529814,-0.003500218763672791,0.26466505374212046,0.15948976116405392,356.05,-0.10445162196320745
2023-11-29,PRISM,Healthcare,324.81,852688,0.01866022705889736,0.28826399079840104,0.17321280138390568,356.05,-0.08774048588681371
2023-11-30,PRISM,Healthcare,325.0,699431,0.0005849573596872215,0.2890175703010387,0.1725839032291742,356.05,-0.08720685297008846
2023-12-01,PRISM,Healthcare,325.0,479406,0.0,0.2890175703010387,0.17255224122807955,356.05,-0.08720685297008846
2023-12-04,PRISM,Healthcare,330.74,292361,0.017661538461538395,0.31178360369650937,0.18149607719274263,356.05,-0.07108552169639093
2023-12-05,PRISM,Healthcare,328.02,701900,-0.008223982584507517,0.30099551818506676,0.1529501276773992,356.05,-0.07872489818845674
2023-12-06,PRISM,Healthcare,326.85,683659,-0.003566855679531633,0.2963550549319831,0.1535704493327045,356.05,-0.08201095351776433
2023-12-07,PRISM,Healthcare,333.57,774286,0.020559889857732827,0.3230079720778998,0.16476832158967264,356.05,-0.06313719983148436
2023-12-08,PRISM,Healthcare,334.55,701772,0.002937914081002635,0.3268948558283462,0.1622967127424989,356.05,-0.0603847774189018
2023-12-11,PRISM,Healthcare,339.43,521947,0.01458675833208778,0.3462499504224048,0.16650784532946608,356.05,-0.046678837241960425
2023-12-12,PRISM,Healthcare,344.04,599709,0.013581592670064646,0.36453416888113654,0.1675208378730599,356.05,-0.033731217525628354
2023-12-13,PRISM,Healthcare,346.54,499948,0.007266596907336442,0.37444968865268313,0.1666124459746501,356.05,-0.026709731779244517
2023-12-14,PRISM,Healthcare,339.55,506464,-0.020170831650025978,0.34672589537143916,0.1840620835898435,356.05,-0.046341805926134017
2023-12-15,PRISM,Healthcare,336.95,852929,-0.007657193344131952,0.3364137548090309,0.18578641513136457,356.05,-0.053644151102373305
2023-12-18,PRISM,Healthcare,332.35,835379,-0.013651877133105672,0.3181691984293855,0.19203464150652513,356.05,-0.06656368487571962
2023-12-19,PRISM,Healthcare,331.48,551148,-0.0026177222807282075,0.3147185975488873,0.17870026740743972,356.05,-0.0690071619154613
2023-12-20,PRISM,Healthcare,332.39,547303,0.0027452636659828222,0.3183278467457302,0.17807626219638614,356.05,-0.0664513411037776
2023-12-21,PRISM,Healthcare,336.75,638492,0.01311712145371402,0.33562051322730735,0.1823532853835814,356.05,-0.054205869962083986
2023-12-22,PRISM,Healthcare,329.98,532552,-0.020103934669636225,0.3087692856859596,0.19574757706364793,356.05,-0.07322005336329163
2023-12-25,PRISM,Healthcare,327.8,876079,-0.006606460997636288,0.30012295244517095,0.19742564150790087,356.05,-0.07934278893413849
2023-12-26,PRISM,Healthcare,333.14,788545,0.016290420988407384,0.32130250267719385,0.1977123812188011,356.05,-0.06434489537986243
2023-12-27,PRISM,Healthcare,333.88,615877,0.0022212883472414457,0.32423749652957157,0.19669955319221602,356.05,-0.062266535598932804
2023-12-28,PRISM,Healthcare,331.02,942307,-0.00856595183898412,0.31289414191092235,0.19062726892226947,356.05,-0.07029911529279609
2023-12-29,PRISM,Healthcare,329.59,878990,-0.004319980665820844,0.30722246460159774,0.19150759441360668,356.05,-0.07431540513972767
2024-01-01,PRISM,Healthcare,328.23,973784,-0.004126338784550376,0.30182842184587666,0.19223981753062924,356.05,-0.07813509338576041
2024-01-02,PRISM,Healthcare,329.1,949108,0.0026505803857050925,0.30527902272637486,0.18216403341936777,356.05,-0.07569161634601873
2024-01-03,PRISM,Healthcare,330.1,540119,0.0030385900941962696,0.3092452306349933,0.18005875992613485,356.05,-0.07288302204746522
2024-01-04,PRISM,Healthcare,325.57,499164,-0.013723114207815912,0.291278308808951,0.18618425858143126,356.05,-0.08560595421991302
2024-01-05,PRISM,Healthcare,323.92,772267,-0.005068034524065457,0.28473406575973037,0.17084981437340047,356.05,-0.09024013481252635
2024-01-08,PRISM,Healthcare,323.43,739073,-0.0015127191899234615,0.28279062388450726,0.1701392798755796,356.05,-0.09161634601881763
2024-01-09,PRISM,Healthcare,326.01,857705,0.007976996568036299,0.29302344028874305,0.16365574950769124,356.05,-0.08437017272854941
2024-01-10,PRISM,Healthcare,327.27,697124,0.003864912119260211,0.29802086225360247,0.155348280883741,356.05,-0.0808313439123719
2024-01-11,PRISM,Healthcare,326.59,664285,-0.002077795092736867,0.2953238408757419,0.15139635169867932,356.05,-0.08274118803538844
2024-01-12,PRISM,Healthcare,336.52,801657,0.030405095073333666,0.33470828540832454,0.17733034100563744,356.05,-0.05485184665075138
2024-01-15,PRISM,Healthcare,337.86,718884,0.0039819327231667145,0.3400230040058736,0.17587955289500845,356.05,-0.05108833029068949
2024-01-16,PRISM,Healthcare,336.48,328532,-0.004084532054697165,0.33454963709198005,0.1693977961619804,356.05,-0.054964190422693404
2024-01-17,PRISM,Healthcare,338.5,347791,0.006003328578221501,0.3425613770673894,0.1699390181918081,356.05,-0.0492908299396152
2024-01-18,PRISM,Healthcare,345.77,634841,0.021477104874445985,0.3713957085630464,0.18408914942786725,356.05,-0.028872349389130858
2024-01-19,PRISM,Healthcare,352.07,480616,0.01822020418197079,0.3963828183873437,0.18878045735086021,356.05,-0.011178205308243316
2024-01-22,PRISM,Healthcare,347.28,569450,-0.013605248956173543,0.37738468250506063,0.1802615473502064,356.05,-0.024631371998315
2024-01-23,PRISM,Healthcare,349.6,923623,0.006680488366735959,0.3865862848530559,0.1776641984096698,356.05,-0.018115433225670552
2024-01-24,PRISM,Healthcare,350.73,695337,0.003232265446224236,0.39106809978979484,0.17111419662448782,356.05,-0.014941721668304986
2024-01-25,PRISM,Healthcare,344.66,926532,-0.01730676018589794,0.36699321778448013,0.18438362809373546,356.05,-0.031989889060525134
2024-01-26,PRISM,Healthcare,337.63,680281,-0.020396912899669273,0.33911077618689145,0.19672657400875396,356.05,-0.05173430697935688
2024-01-29,PRISM,Healthcare,337.14,774379,-0.0014512928353522803,0.33716733431166834,0.19599602962111518,356.05,-0.05311051818564816
2024-01-30,PRISM,Healthcare,340.64,759324,0.010381443910541632,0.3510490619918334,0.19751112173985802,356.05,-0.0432804381407107
2024-01-31,PRISM,Healthcare,345.82,440704,0.015206669798027317,0.37159401895847766,0.20287504826426617,356.05,-0.028731919674203077
2024-02-01,PRISM,Healthcare,346.01,673402,0.0005494187727719257,0.3723475984611151,0.2029657530099076,356.05,-0.02819828675747793
2024-02-02,PRISM,Healthcare,343.91,1322984,-0.006069188751770094,0.3640185618530163,0.1969857913527915,356.05,-0.034096334784440296
2024-02-05,PRISM,Healthcare,340.96,463795,-0.00857782559390552,0.3523182485225913,0.19909055835622522,356.05,-0.0423816879651735
2024-02-06,PRISM,Healthcare,344.14,711914,0.009326607226654238,0.36493078967199843,0.19986418530496006,356.05,-0.033450358095773125
2024-02-07,PRISM,Healthcare,342.56,426814,-0.004591154762596528,0.3586641811763811,0.20068882917761988,356.05,-0.03788793708748772
2024-02-08,PRISM,Healthcare,349.69,738557,0.020813872022419355,0.38694324356483145,0.21055465230493298,356.05,-0.017862659738800746
2024-02-09,PRISM,Healthcare,348.8,479364,-0.00254511138436897,0.383413318526161,0.21070963464128206,356.05,-0.020362308664513384
2024-02-12,PRISM,Healthcare,340.75,531592,-0.02307912844036697,0.3514853448617814,0.20515143229461769,356.05,-0.04297149276786971
2024-02-13,PRISM,Healthcare,336.97,559999,-0.011093176815847317,0.3364930789672034,0.2087050022136172,356.05,-0.053587979216402126
2024-02-14,PRISM,Healthcare,337.61,992299,0.001899278867554921,0.3390314520287192,0.2082740060594066,356.05,-0.05179047886532795
2024-02-15,PRISM,Healthcare,337.33,561882,-0.000829359319925449,0.3379209138143058,0.20723470666564914,356.05,-0.05257688526892301
2024-02-16,PRISM,Healthcare,327.76,517493,-0.028369845551833528,0.299964304128826,0.2137273532136588,356.05,-0.07945513270608062
2024-02-19,PRISM,Healthcare,327.12,963822,-0.001952648279228697,0.2974259310673102,0.2001278168681631,356.05,-0.08125263305715491
2024-02-20,PRISM,Healthcare,328.98,1067648,0.00568598679383725,0.30480307777734095,0.19890835806194926,356.05,-0.07602864766184525
2024-02-21,PRISM,Healthcare,330.67,562348,0.00513709040063226,0.3115059691429063,0.19808100001050286,356.05,-0.07128212329728967
2024-02-22,PRISM,Healthcare,337.52,470646,0.02071551698067542,0.33867449331694344,0.21321739077193463,356.05,-0.052043252352197755
2024-02-23,PRISM,Healthcare,333.86,241750,-0.0108438018487792,0.32415817237139954,0.20839299348134505,356.05,-0.06232270748490376
2024-02-26,PRISM,Healthcare,333.61,502370,-0.0007488168693464692,0.32316662039424493,0.19664777860372273,356.05,-0.06302485605954222
2024-02-27,PRISM,Healthcare,336.45,418574,0.008512934264560235,0.33443065085472146,0.19905310553417974,356.05,-0.05504844825165012
2024-02-28,PRISM,Healthcare,334.02,820200,-0.007222469906375428,0.32479276563677817,0.1967880980259461,356.05,-0.06187333239713533
2024-02-29,PRISM,Healthcare,333.96,559274,-0.00017962996227771644,0.324554793162261,0.18798012698196737,356.05,-0.06204184805504853
2024-03-01,PRISM,Healthcare,331.02,784712,-0.008803449514911965,0.31289414191092235,0.18942332341411616,356.05,-0.07029911529279609
2024-03-04,PRISM,Healthcare,334.08,886511,0.009244154431756302,0.3250307381112951,0.19271703737922566,356.05,-0.061704816739222124
2024-03-05,PRISM,Healthcare,339.55,637570,0.016373323754789393,0.34672589537143894,0.20010127791354734,356.05,-0.046341805926134017
2024-03-06,PRISM,Healthcare,339.47,595859,-0.00023560594905014387,0.3464085987387495,0.19713214428596618,356.05,-0.04656649347001818
2024-03-07,PRISM,Healthcare,336.35,645737,-0.009190797419506902,0.33403403006385957,0.19894792008245454,356.05,-0.055329307681505346
2024-03-08,PRISM,Healthcare,345.64,843819,0.02762003865021545,0.3708801015349261,0.20938613212256668,356.05,-0.0292374666479428
2024-03-11,PRISM,Healthcare,346.59,1119584,0.002748524476333669,0.37464799904811374,0.20952858953516257,356.05,-0.026569302064316958
2024-03-12,PRISM,Healthcare,346.19,724480,-0.0011541013878068052,0.3730615158846664,0.19245930823178117,356.05,-0.027692739783738318
2024-03-13,PRISM,Healthcare,342.54,1428546,-0.010543343250815962,0.35858485701820864,0.1920392798516524,356.05,-0.03794410897345879
2024-03-14,PRISM,Healthcare,346.78,743774,0.012378116424359042,0.3754015785507512,0.19614707198629044,356.05,-0.0260356691475917
2024-03-15,PRISM,Healthcare,343.07,1206275,-0.010698425514735543,0.36068694720977623,0.2004603856907079,356.05,-0.03645555399522549
2024-03-18,PRISM,Healthcare,342.08,1497634,-0.0028857084560002244,0.3567604013802439,0.17086141921659642,356.05,-0.039236062350793466
2024-03-19,PRISM,Healthcare,338.69,622009,-0.009909962581852172,0.34331495657002686,0.17539879926448915,356.05,-0.04875719702289005
2024-03-20,PRISM,Healthcare,334.0,687479,-0.013847471138799472,0.3247134414786057,0.18272481474088156,356.05,-0.061929504283106285
2024-03-21,PRISM,Healthcare,340.77,1036894,0.02026946107784422,0.3515646690199534,0.19441237657913335,356.05,-0.042915320881898644
2024-03-22,PRISM,Healthcare,340.19,658446,-0.0017020277606596412,0.34926426843295477,0.18158773792493926,356.05,-0.04454430557505973
2024-03-25,PRISM,Healthcare,341.98,551851,0.005261765483994374,0.35636378058938223,0.1775056967852459,356.05,-0.039516921780648806
2024-03-26,PRISM,Healthcare,345.79,624808,0.011141002397801136,0.37147503272121907,0.18060880516475905,356.05,-0.02881617750315968
2024-03-27,PRISM,Healthcare,348.5,836653,0.007837126579715914,0.38222345615357534,0.18030582816996132,356.05,-0.021204886954079516
2024-03-28,PRISM,Healthcare,353.92,1044317,0.015552367288378832,0.4037203030182881,0.18328064701091865,356.05,-0.005982305855919079
2024-03-29,PRISM,Healthcare,352.08,888353,-0.0051989150090416825,0.3964224804664298,0.1851320037409016,356.05,-0.011150119365257782
2024-04-01,PRISM,Healthcare,352.98,806172,0.002556237218813928,0.3999920675841866,0.1804512638179317,356.05,-0.008622384496559499
2024-04-02,PRISM,Healthcare,355.19,695064,0.006260977959091196,0.40875738706223363,0.1794697851844178,356.05,-0.0024153910967561476
2024-04-03,PRISM,Healthcare,352.22,578258,-0.008361721895323582,0.3969777495736364,0.17664785762582821,356.05,-0.010756916163460195
2024-04-04,PRISM,Healthcare,357.29,536242,0.014394412583044636,0.41708642367033244,0.18171604919803208,357.29,0.0
2024-04-05,PRISM,Healthcare,358.04,481348,0.002099135156315546,0.4200610796017963,0.17670255973156412,358.04,0.0
2024-04-08,PRISM,Healthcare,359.44,877602,0.003910177633783762,0.4256137706738621,0.15258687317455194,359.44,0.0
2024-04-09,PRISM,Healthcare,355.54,728804,-0.010850211440017743,0.4101455598302497,0.15879064887747946,359.44,-0.010850211440017743
2024-04-10,PRISM,Healthcare,363.21,673506,0.021572818810822847,0.440566374489354,0.1732878857667892,363.21,0.0
2024-04-11,PRISM,Healthcare,361.2,1381608,-0.005533988601635342,0.4325942965930307,0.16941930434355656,363.21,-0.005533988601635342
2024-04-12,PRISM,Healthcare,362.13,630449,0.002574750830564909,0.4362828699480461,0.165639262212426,363.21,-0.0029734864128190264
2024-04-15,PRISM,Healthcare,359.39,720244,-0.007566343578273016,0.42541546027843125,0.1629191201135446,363.21,-0.01051733157126733
2024-04-16,PRISM,Healthcare,355.4,870880,-0.011102145301761346,0.4095902907230431,0.16858031069514975,363.21,-0.021502711929737628
2024-04-17,PRISM,Healthcare,355.27,467555,-0.0003657850309510824,0.4090746836949226,0.16333455901054972,363.21,-0.02186063159053986
2024-04-18,PRISM,Healthcare,347.97,629500,-0.02054775241365714,0.3801213659620071,0.1730554654832226,363.21,-0.04195919715866836
2024-04-19,PRISM,Healthcare,343.52,819669,-0.012788458775181866,0.3624717407686542,0.16688482397381993,363.21,-0.05421106247074692
2024-04-22,PRISM,Healthcare,339.93,459348,-0.010450628784350213,0.3482330543767136,0.1709977438784962,363.21,-0.06409515156521017
2024-04-23,PRISM,Healthcare,331.32,1064829,-0.02532874415320807,0.3140840042835076,0.19086088885238864,363.21,-0.08780044602296189
2024-04-24,PRISM,Healthcare,333.44,481476,0.0063986478329107754,0.32249236504977885,0.18760194059654833,363.21,-0.08196360232372457
2024-04-25,PRISM,Healthcare,332.99,543577,-0.0013495681381957558,0.32070757149090046,0.18441188296548017,363.21,-0.08320255499573237
2024-04-26,PRISM,Healthcare,335.75,763121,0.00828853719330902,0.33165430531868756,0.1772271029015568,363.21,-0.07560364527408381
2024-04-29,PRISM,Healthcare,331.59,656655,-0.012390171258376825,0.3151548804188342,0.1803571555700898,363.21,-0.08705707441975719
2024-04-30,PRISM,Healthcare,331.08,1098662,-0.0015380439699629322,0.31313211438543864,0.17938313315503435,363.21,-0.08846122078136609
2024-05-01,PRISM,Healthcare,330.35,790604,-0.0022049051588738378,0.31023678261214727,0.17625530906059592,363.21,-0.09047107733817894
2024-05-02,PRISM,Healthcare,327.7,918508,-0.008021795065839332,0.29972633165430795,0.17613833094720036,363.21,-0.09776713196222564
2024-05-03,PRISM,Healthcare,321.63,648990,-0.01852303936527311,0.27565144964899324,0.17114407994458453,363.21,-0.11447922689353263
2024-05-06,PRISM,Healthcare,326.16,662402,0.014084507042253502,0.29361837147503533,0.1820434069305099,363.21,-0.1020071033286527
2024-05-07,PRISM,Healthcare,327.46,1217375,0.003985773853323327,0.29877444175623924,0.18208690533142455,363.21,-0.09842790672062995
2024-05-08,PRISM,Healthcare,324.84,668081,-0.00800097721859161,0.2883829770356585,0.18107287780826453,363.21,-0.10564136449987616
2024-05-09,PRISM,Healthcare,319.0,668474,-0.01797808151705449,0.2652203228493262,0.16075610624214695,363.21,-0.12172021695437896
2024-05-10,PRISM,Healthcare,323.39,365687,0.013761755485893312,0.28263197556816166,0.1749046541228767,363.21,-0.10963354533190162
2024-05-13,PRISM,Healthcare,325.8,411713,0.007452302173845959,0.2921905366279327,0.17841509785070334,363.21,-0.10299826546625912
2024-05-14,PRISM,Healthcare,327.75,719742,0.005985267034990693,0.2999246420497388,0.18206053461767466,363.21,-0.09762947055422477
2024-05-15,PRISM,Healthcare,331.57,803657,0.011655225019069348,0.31507555626066175,0.18833210566220274,363.21,-0.08711213898295744
2024-05-16,PRISM,Healthcare,333.66,835284,0.006303344693428414,0.3233649307896749,0.19100901295468187,363.21,-0.08135789212852051
2024-05-17,PRISM,Healthcare,340.89,467107,0.021668764610681457,0.3520406139689871,0.19776785917729323,363.21,-0.06145205253159325
2024-05-20,PRISM,Healthcare,340.76,688165,-0.00038135468919586746,0.35152500694086686,0.1929861944855336,363.21,-0.06180997219239559
2024-05-21,PRISM,Healthcare,345.7,388611,0.01449700669092624,0.37111807400944263,0.19580414112633482,363.21,-0.048209025081908496
2024-05-22,PRISM,Healthcare,346.58,624839,0.0025455597338732705,0.37460833696902696,0.17104670685918325,363.21,-0.04578618430109305
2024-05-23,PRISM,Healthcare,349.21,611681,0.007588435570430985,0.3850394637686938,0.17146368223631608,363.21,-0.038545194240246716
2024-05-24,PRISM,Healthcare,352.43,428035,0.009220812691503655,0.39781065323444564,0.17256736396811714,363.21,-0.029679799564989895
2024-05-27,PRISM,Healthcare,351.22,476381,-0.0034333059047185754,0.3930115416650173,0.17261455562476286,363.21,-0.03301120563861115
2024-05-28,PRISM,Healthcare,348.65,711756,-0.007317350948123802,0.3828183873398674,0.16804458359416938,363.21,-0.0400870020098566
2024-05-29,PRISM,Healthcare,342.82,642244,-0.016721640613795996,0.3596953952326212,0.18035961123895555,363.21,-0.05613832218275927
2024-05-30,PRISM,Healthcare,341.95,570877,-0.002537774925616909,0.356244794352123,0.1804545949611896,363.21,-0.05853363068197459
2024-05-31,PRISM,Healthcare,342.41,860379,0.001345225910220904,0.3580692499900877,0.17697580246469044,363.21,-0.05726714572836644
2024-06-03,PRISM,Healthcare,339.95,981917,-0.007184369615373498,0.34831237853488584,0.16418140338470277,363.21,-0.0640400870020098
2024-06-04,PRISM,Healthcare,338.21,368059,-0.005118399764671322,0.34141117677388944,0.16083448584211982,363.21,-0.06883070400044056
2024-06-05,PRISM,Healthcare,341.3,584054,0.009136335412909258,0.353666759211521,0.16270414375329087,363.21,-0.060323228985985966
2024-06-06,PRISM,Healthcare,344.46,1632444,0.009258716671549871,0.3661999762027557,0.16027305728558242,363.21,-0.05162302800033036
2024-06-07,PRISM,Healthcare,347.07,938338,0.007577077164257151,0.3765517788442503,0.14182505096228287,363.21,-0.0444371025026844
2024-06-10,PRISM,Healthcare,350.91,672770,0.011064050479730358,0.3917820172133457,0.1397936509607812,363.21,-0.03386470636821659
2024-06-11,PRISM,Healthcare,351.02,1155822,0.00031347069049036946,0.3922183000832937,0.13971684246696747,363.21,-0.03356185127061484
2024-06-12,PRISM,Healthcare,355.91,753494,0.013930830152128149,0.41161305675643867,0.14407381343273085,363.21,-0.0200985655681285
2024-06-13,PRISM,Healthcare,357.9,919058,0.005591301171644414,0.41950581049458946,0.14150769464798493,363.21,-0.014619641529693528
2024-06-14,PRISM,Healthcare,353.88,461185,-0.011232187761944679,0.4035616547019427,0.15018830417619278,363.21,-0.025687618732964324
2024-06-17,PRISM,Healthcare,357.57,325108,0.010427263479145576,0.4181969618847454,0.13689912414525196,363.21,-0.015528206822499335
2024-06-18,PRISM,Healthcare,360.04,1157739,0.006907738344939629,0.42799349541903364,0.1374192731730246,363.21,-0.008727733267255733
2024-06-19,PRISM,Healthcare,358.15,585256,-0.005249416731474388,0.4204973624717443,0.13293935297518453,363.21,-0.013931334489689196
2024-06-20,PRISM,Healthcare,364.28,1015971,0.017115733631160035,0.44481021695157597,0.1432606156399555,364.28,0.0
2024-06-21,PRISM,Healthcare,364.95,563479,0.0018392445371693267,0.4474675762503506,0.14202286121611907,364.95,0.0
2024-06-24,PRISM,Healthcare,364.79,794360,-0.000438416221400062,0.44683298298497176,0.13988018339924546,364.95,-0.000438416221400062
2024-06-25,PRISM,Healthcare,365.97,754767,0.003234737794347353,0.45151310831714153,0.13871140388444142,365.97,0.0
2024-06-26,PRISM,Healthcare,364.18,421163,-0.004891111293275463,0.4444135961607143,0.13690137773089864,365.97,-0.004891111293275463
2024-06-27,PRISM,Healthcare,361.99,526682,-0.006013509802844763,0.4357276008408395,0.12261966956347638,365.97,-0.010875208350411336
2024-06-28,PRISM,Healthcare,367.87,430655,0.016243542639299502,0.4590489033435168,0.12971524427008607,367.87,0.0
2024-07-01,PRISM,Healthcare,369.55,642440,0.004566830673879307,0.465712132629996,0.12951552751326859,369.55,0.0
2024-07-02,PRISM,Healthcare,370.3,922892,0.00202949533216068,0.46868678856145984,0.12358252873253638,370.3,0.0
2024-07-03,PRISM,Healthcare,373.57,533860,0.008830677828787437,0.4816562884226425,0.11984950791849078,373.57,0.0
2024-07-04,PRISM,Healthcare,379.43,614330,0.01568648446074361,0.5048982667671473,0.12489560677710207,379.43,0.0
2024-07-05,PRISM,Healthcare,372.16,955573,-0.019160319426508088,0.4760639352714904,0.1493379449850701,379.43,-0.019160319426508088
2024-07-08,PRISM,Healthcare,378.5,1009618,0.017035683576956062,0.501209693412132,0.15585855131473528,379.43,-0.0024510449885354335
2024-07-09,PRISM,Healthcare,376.14,1228870,-0.006235138705416143,0.49184944274779197,0.1577437270424207,379.43,-0.008670901088474903
2024-07-10,PRISM,Healthcare,374.52,452642,-0.004306907002711746,0.4854241859358299,0.15966786202064678,379.43,-0.01294046332656884
2024-07-11,PRISM,Healthcare,378.22,683271,0.009879312186265254,0.500099155197719,0.1568086266998494,379.43,-0.0031889940173417397
2024-07-12,PRISM,Healthcare,373.61,536734,-0.0121886732589499,0.48181493673898723,0.16491551802467583,379.43,-0.01533879767018953
2024-07-15,PRISM,Healthcare,372.27,497661,-0.0035866277669228674,0.47650021814143817,0.15915423155782885,379.43,-0.018870410879477162
2024-07-16,PRISM,Healthcare,376.25,665223,0.010691165014639958,0.4922857256177402,0.15932315868563804,379.43,-0.008380992541443755
2024-07-17,PRISM,Healthcare,384.65,583420,0.02232558139534868,0.5256018720501361,0.1730848072796632,384.65,0.0
2024-07-18,PRISM,Healthcare,383.48,734101,-0.0030417262446378324,0.5209614087970527,0.17189011635024443,384.65,-0.0030417262446378324
2024-07-19,PRISM,Healthcare,390.34,794859,0.01788880776050883,0.5481695950501759,0.17269117345974289,390.34,0.0
2024-07-22,PRISM,Healthcare,392.11,861331,0.004534508377312285,0.5551897830484311,0.1726461024630793,392.11,0.0
2024-07-23,PRISM,Healthcare,391.51,729472,-0.0015301828568514697,0.5528100583032598,0.172999397140332,392.11,-0.0015301828568514697
2024-07-24,PRISM,Healthcare,392.1,1161343,0.0015069857730327652,0.555150120969345,0.17312722792005736,392.11,-2.5503047614172658e-05
2024-07-25,PRISM,Healthcare,398.35,1703128,0.015939811272634552,0.5799389203982113,0.17565935808676378,398.35,0.0
2024-07-26,PRISM,Healthcare,402.43,1014942,0.010242249278272775,0.596121048665375,0.17258853915440128,402.43,0.0
2024-07-29,PRISM,Healthcare,399.65,809878,-0.00690803369530113,0.5850949906794152,0.17240758667493536,402.43,-0.00690803369530113
2024-07-30,PRISM,Healthcare,406.42,961030,0.016939822344551603,0.6119462182207631,0.17814386095521081,406.42,0.0
2024-07-31,PRISM,Healthcare,402.84,871658,-0.008808621622951707,0.5977471939079084,0.1839742338358851,406.42,-0.008808621622951707
2024-08-01,PRISM,Healthcare,398.55,774888,-0.010649389335716353,0.5807321619799348,0.18991940530987347,406.42,-0.01936420451749421
2024-08-02,PRISM,Healthcare,398.64,1122893,0.00022581859239734214,0.5810891206917104,0.18454101588453264,406.42,-0.019142758722503928
2024-08-05,PRISM,Healthcare,395.82,405967,-0.007074051776038481,0.5699044143894061,0.17098506713692366,406.42,-0.026081393632203187
2024-08-06,PRISM,Healthcare,396.15,775318,0.0008337122934667374,0.5712132629992501,0.16325743328716044,406.42,-0.025269425717238447
2024-08-07,PRISM,Healthcare,406.42,671941,0.025924523539063493,0.6119462182207629,0.17946982595054803,406.42,0.0
2024-08-08,PRISM,Healthcare,402.97,373003,-0.008488755474632126,0.5982628009360289,0.18239729271917948,406.42,-0.008488755474632126
2024-08-09,PRISM,Healthcare,405.19,767225,0.00550909496984886,0.6070677824931621,0.18111176461175513,406.42,-0.003026425864868898
2024-08-12,PRISM,Healthcare,405.69,814323,0.0012339889928181247,0.6090508864474713,0.17236166348002882,406.42,-0.0017961714482555013
2024-08-13,PRISM,Healthcare,408.95,487673,0.008035692277354567,0.6219807242295678,0.1706210879094156,408.95,0.0
2024-08-14,PRISM,Healthcare,410.25,948264,0.0031788727228267977,0.627136794510772,0.1691869183247411,410.25,0.0
2024-08-15,PRISM,Healthcare,416.08,800439,0.014210847044485053,0.6502597866180182,0.1603251807918041,416.08,0.0
2024-08-16,PRISM,Healthcare,428.32,983472,0.029417419726975647,0.6988061714195097,0.18098267234656107,428.32,0.0
2024-08-19,PRISM,Healthcare,426.91,512229,-0.0032919312663428624,0.6932138182683576,0.17731558205838688,428.32,-0.0032919312663428624
2024-08-20,PRISM,Healthcare,422.6,516871,-0.010095804736361291,0.6761194621822115,0.1842142477166263,428.32,-0.013354501307433653
2024-08-21,PRISM,Healthcare,420.07,564923,-0.005986748698532995,0.6660849561734064,0.18642261215206818,428.32,-0.019261299962644807
2024-08-22,PRISM,Healthcare,412.62,1048004,-0.017735139381531595,0.6365367072541981,0.20031442745416497,428.32,-0.03665483750466936
2024-08-23,PRISM,Healthcare,417.8,1025250,0.012553923707042891,0.6570816642208426,0.1977809911437539,428.32,-0.02456107583115419
2024-08-26,PRISM,Healthcare,422.69,532701,0.011704164672091899,0.6764764208939875,0.19857961663576526,428.32,-0.013144378035113924
2024-08-27,PRISM,Healthcare,422.11,840855,-0.0013721639972555932,0.6741760203069889,0.19621651046098404,428.32,-0.01449850579006351
2024-08-28,PRISM,Healthcare,426.53,1165212,0.010471204188481575,0.6917066592630827,0.19151615861823418,428.32,-0.004179118416137495
2024-08-29,PRISM,Healthcare,423.88,871334,-0.006212927578364891,0.6811962083052436,0.1898104244154291,428.32,-0.01036608143444151
2024-08-30,PRISM,Healthcare,429.55,966438,0.01337642729074262,0.703684607147111,0.1870739796071204,429.55,0.0
2024-09-02,PRISM,Healthcare,429.22,729055,-0.0007682458386683022,0.702375758537267,0.1873340130940559,429.55,-0.0007682458386683022
2024-09-03,PRISM,Healthcare,434.66,506557,0.01267415311495279,0.7239519295601522,0.1856504977020164,434.66,0.0
2024-09-04,PRISM,Healthcare,430.58,558834,-0.009386647034463791,0.7077698012929883,0.19149956998381365,434.66,-0.009386647034463791
2024-09-05,PRISM,Healthcare,427.83,661373,-0.006386734172511455,0.6968627295442873,0.17715896571676976,434.66,-0.01571343118759494
2024-09-06,PRISM,Healthcare,432.21,660071,0.010237711240445924,0.7142347201840367,0.17436924623905056,434.66,-0.005636589518244195
2024-09-09,PRISM,Healthcare,431.4,1198200,-0.0018740889845214603,0.7110220917780556,0.17511730253168634,434.66,-0.007500115032439303
2024-09-10,PRISM,Healthcare,428.79,848776,-0.006050069541029157,0.7006702891365613,0.17786378627398083,434.66,-0.013504808355956355
2024-09-11,PRISM,Healthcare,425.37,775097,-0.007975932274540076,0.6871058580890856,0.18044133706636875,434.66,-0.021373027193668626
2024-09-12,PRISM,Healthcare,436.24,1097792,0.025554223381996755,0.7302185380557695,0.19815874870854114,436.24,0.0
2024-09-13,PRISM,Healthcare,438.23,645526,0.004561709150926019,0.7381112917939203,0.19405897738176164,438.23,0.0
2024-09-16,PRISM,Healthcare,441.48,812477,0.007416196974191713,0.7510014674969308,0.16902020483084987,441.48,0.0
2024-09-17,PRISM,Healthcare,437.97,818310,-0.007950530035335635,0.7370800777376796,0.1714360878701423,441.48,-0.007950530035335635
2024-09-18,PRISM,Healthcare,430.43,1173179,-0.01721579103591575,0.7071748701066953,0.17899352062280222,441.48,-0.025029446407538347
2024-09-19,PRISM,Healthcare,429.42,715541,-0.002346490718583727,0.7031690001189905,0.17765904517078945,441.48,-0.02731720576243546
2024-09-20,PRISM,Healthcare,431.75,409184,0.005425923338456595,0.7124102645460719,0.16432223599861018,441.48,-0.022039503488266776
2024-09-23,PRISM,Healthcare,437.42,771212,0.013132599884192242,0.7348986633879393,0.16479271611157603,441.48,-0.009196339585032187
2024-09-24,PRISM,Healthcare,440.68,793921,0.007452791367564382,0.7478285011700359,0.16235596910931324,441.48,-0.0018120866177403494
2024-09-25,PRISM,Healthcare,433.18,1657643,-0.017019152219297395,0.7180819418553965,0.17504682247352793,441.48,-0.018800398659055917
2024-09-26,PRISM,Healthcare,431.8,487886,-0.0031857426473983486,0.7126085749415028,0.17239550473517645,441.48,-0.021926248074657928
2024-09-27,PRISM,Healthcare,446.71,715435,0.0345298749421028,0.7717447348590056,0.20640480972000003,446.71,0.0
2024-09-30,PRISM,Healthcare,443.01,550251,-0.008282778536410573,0.757069765597117,0.20576723998746338,446.71,-0.008282778536410573
2024-10-01,PRISM,Healthcare,443.77,855115,0.0017155368953296612,0.7600840836076672,0.20559451844818338,446.71,-0.006581451053256027
2024-10-02,PRISM,Healthcare,440.12,1361197,-0.008224981409288512,0.7456074247412094,0.20423976156314516,446.71,-0.014752300149985409
2024-10-03,PRISM,Healthcare,441.18,663084,0.0024084340634371593,0.7498116051243451,0.20098097871000736,446.71,-0.012379396028743384
2024-10-04,PRISM,Healthcare,451.8,452680,0.024071807425540603,0.7919327331138744,0.21372031730375562,451.8,0.0
2024-10-07,PRISM,Healthcare,450.21,725013,-0.0035192563081010153,0.7856264625391707,0.21290613295494784,451.8,-0.0035192563081010153
2024-10-08,PRISM,Healthcare,452.21,467616,0.004442371337820106,0.7935588783564078,0.21257093932647167,452.21,0.0
2024-10-09,PRISM,Healthcare,450.95,489664,-0.0027863160920811314,0.7885614563915484,0.21124619544062154,452.21,-0.0027863160920811314
2024-10-10,PRISM,Healthcare,440.68,293100,-0.022774143474886266,0.7478285011700356,0.2261729066979095,452.21,-0.025497003604520008
2024-10-11,PRISM,Healthcare,438.85,439562,-0.004152673141508578,0.7405703406972637,0.20963636533391097,452.21,-0.02954379602397106
2024-10-14,PRISM,Healthcare,442.8,914708,0.009000797539022498,0.7562368619363071,0.2113129279813949,452.21,-0.02080891621149461
2024-10-15,PRISM,Healthcare,438.31,774079,-0.01014001806684739,0.7384285884266095,0.2129001640643939,452.21,-0.030737931492005877
2024-10-16,PRISM,Healthcare,433.04,759531,-0.012023453719969823,0.7175266727481897,0.21520940742594138,452.21,-0.04239180911523399
2024-10-17,PRISM,Healthcare,432.76,592222,-0.0006465915388879084,0.7164161345337765,0.2064216689373338,452.21,-0.0430109904690299
2024-10-18,PRISM,Healthcare,432.42,1005908,-0.0007856548664386676,0.7150676238448461,0.20623672591561873,452.21,-0.043762853541496116
2024-10-21,PRISM,Healthcare,432.91,885090,0.0011331575782804748,0.7170110657200695,0.2054562275858481,452.21,-0.0426792861723535
2024-10-22,PRISM,Healthcare,428.02,864911,-0.011295650366127008,0.6976163090469245,0.20350977431821646,452.21,-0.053492846244001635
2024-10-23,PRISM,Healthcare,429.4,474126,0.0032241484042800916,0.7030896759608181,0.20182844375013287,452.21,-0.050441166714579544
2024-10-24,PRISM,Healthcare,428.93,598839,-0.0010945505356310115,0.7012255582437674,0.19342339242476325,452.21,-0.051480506844165275
2024-10-25,PRISM,Healthcare,428.22,731357,-0.0016552817476044313,0.6984095506286483,0.19321814283361022,452.21,-0.05305057384843315
2024-10-28,PRISM,Healthcare,430.56,506489,0.005464480874316946,0.7076904771348158,0.14812285848075366,452.21,-0.0478759868202826
2024-10-29,PRISM,Healthcare,436.15,1094517,0.012983091787439616,0.7298615793439938,0.1544187405157264,452.21,-0.03551447336414504
2024-10-30,PRISM,Healthcare,437.24,845418,0.002499140204058392,0.7341847459643882,0.15459680595121233,452.21,-0.03310408880829696
2024-10-31,PRISM,Healthcare,437.31,815152,0.0001600951422560115,0.7344623805179915,0.15213641356571925,452.21,-0.032949293469847984
2024-11-01,PRISM,Healthcare,440.71,578648,0.007774805058196721,0.7479474874072947,0.15444122046099273,452.21,-0.025430662745184796
2024-11-04,PRISM,Healthcare,436.74,837025,-0.00900819132763031,0.732201642010079,0.1300466529062617,452.21,-0.034209769797218015
2024-11-05,PRISM,Healthcare,443.65,709197,0.015821770389705447,0.7596081386586333,0.14302556107192588,452.21,-0.018929258530328785
2024-11-06,PRISM,Healthcare,445.2,1362044,0.003493745069311327,0.765755760916992,0.14263638106620155,452.21,-0.015501647464673418
2024-11-07,PRISM,Healthcare,455.94,605277,0.024123989218328923,0.8083528338555557,0.16620397880302237,455.94,0.0
2024-11-08,PRISM,Healthcare,454.25,777775,-0.0037066280650962513,0.8016499424899903,0.14410644498702654,455.94,-0.0037066280650962513
2024-11-11,PRISM,Healthcare,451.34,874770,-0.00640616400660432,0.7901082774759103,0.14542255332832538,455.94,-0.010089046804404145
2024-11-12,PRISM,Healthcare,450.01,469753,-0.002946780697478557,0.7848332209574478,0.14340603171948482,455.94,-0.013006097293503549
2024-11-13,PRISM,Healthcare,456.05,1016048,0.013421923957245507,0.8087891167255041,0.143967789949704,456.05,0.0
2024-11-14,PRISM,Healthcare,449.17,923359,-0.015086065124438108,0.7815016063142084,0.14804114873308713,456.05,-0.015086065124438108
2024-11-15,PRISM,Healthcare,441.46,830283,-0.017164993209698,0.750922143338759,0.1618713528090488,456.05,-0.03199210612871406
2024-11-18,PRISM,Healthcare,435.48,913900,-0.013545961128980988,0.72720422004522,0.1694983033689649,456.05,-0.0451047034316413
2024-11-19,PRISM,Healthcare,431.5,433439,-0.009139340497841486,0.711418712568918,0.172637155656565,456.05,-0.05383181668676684
2024-11-20,PRISM,Healthcare,425.82,966523,-0.013163383545770624,0.6888906516479643,0.17427688411895628,456.05,-0.06628659138252391
2024-11-21,PRISM,Healthcare,423.21,582381,-0.0061293504297590395,0.6785388490064699,0.1749799766706102,456.05,-0.07200964806490529
2024-11-22,PRISM,Healthcare,423.64,684864,0.0010160440443278684,0.6802443184071758,0.17506263461580707,456.05,-0.07106676899462783
2024-11-25,PRISM,Healthcare,424.48,987386,0.00198281559814939,0.6835759330504154,0.17522232863385379,456.05,-0.069224865694551
2024-11-26,PRISM,Healthcare,429.35,1185151,0.01147286091217481,0.7028913655653877,0.1789355391245704,456.05,-0.05854621203815369
2024-11-27,PRISM,Healthcare,426.26,446641,-0.007196925585187031,0.6906357831277561,0.17396809246002018,456.05,-0.06532178489200746
2024-11-28,PRISM,Healthcare,431.35,589387,0.011941068831229806,0.7108237813826248,0.1793753145092281,456.05,-0.054160727990351876
2024-11-29,PRISM,Healthcare,433.12,622007,0.004103396313898111,0.7178439693808796,0.180100356335343,456.05,-0.05027957460804733
2024-12-02,PRISM,Healthcare,430.78,907041,-0.005402659770964213,0.7085630428747121,0.17834289364677494,456.05,-0.05541059094397549
2024-12-03,PRISM,Healthcare,431.18,464598,0.0009285482148662094,0.7101495260381598,0.17604528378272544,456.05,-0.054533494134415106
2024-12-04,PRISM,Healthcare,427.24,503085,-0.009137715107379707,0.6945226668782027,0.16783680013338823,456.05,-0.06317289770858459
2024-12-05,PRISM,Healthcare,421.07,862458,-0.014441531691789189,0.6700511640820261,0.17223169574720973,456.05,-0.07670211599605314
2024-12-06,PRISM,Healthcare,430.16,893386,0.02158785950079567,0.7061039939713691,0.1674316952366346,456.05,-0.05677009099879393
2024-12-09,PRISM,Healthcare,429.56,750243,-0.0013948298307606688,0.703724269226198,0.1674506802434863,456.05,-0.05808573621313451
2024-12-10,PRISM,Healthcare,432.16,987407,0.006052705093584132,0.7140364097886063,0.1694370901592791,456.05,-0.05238460695099223
2024-12-11,PRISM,Healthcare,438.07,621321,0.01367549055905215,0.7374766985285419,0.17785604023423204,456.05,-0.03942550158973801
2024-12-12,PRISM,Healthcare,434.01,501227,-0.009267925217431028,0.7213738944195505,0.17157709690389678,456.05,-0.04832803420677567
2024-12-13,PRISM,Healthcare,437.88,836199,0.00891684523398073,0.7367231190259043,0.16917065834773415,456.05,-0.039842122574279215
2024-12-16,PRISM,Healthcare,430.36,720914,-0.01717365488261624,0.7068972355530925,0.16918098762444458,456.05,-0.05633154259401385
2024-12-17,PRISM,Healthcare,432.24,751004,0.004368435728227427,0.7143537064212953,0.16395367462064075,456.05,-0.05220918758908011
2024-12-18,PRISM,Healthcare,432.86,562181,0.0014343883027947424,0.7168127553246388,0.16083663850863558,456.05,-0.050849687534261556
2024-12-19,PRISM,Healthcare,436.43,692360,0.00824747031372719,0.730972117558407,0.155434766579883,456.05,-0.04302159850893539
2024-12-20,PRISM,Healthcare,432.3,1180181,-0.009463144146827696,0.7145916788958122,0.15783098825460662,456.05,-0.05207762306764607
2024-12-23,PRISM,Healthcare,423.27,1168328,-0.02088827203331023,0.6787768214809864,0.17519188885773376,456.05,-0.07187808354347114
2024-12-24,PRISM,Healthcare,422.77,945044,-0.0011812790889975666,0.6767937175266772,0.17508725392683075,456.05,-0.07297445455542162
2024-12-25,PRISM,Healthcare,423.55,528325,0.0018449748089979234,0.6798873596953998,0.17015215617849827,456.05,-0.07126411577677882
2024-12-26,PRISM,Healthcare,423.88,447918,0.0007791287923504253,0.6811962083052441,0.16848661490571237,456.05,-0.07054051090889157
2024-12-27,PRISM,Healthcare,420.8,1145927,-0.0072662074171935265,0.6689802879466988,0.16410963619541363,456.05,-0.07729415634250625
2024-12-30,PRISM,Healthcare,420.02,679661,-0.0018536121673004002,0.6658866457779764,0.1630109083661893,456.05,-0.07900449512114904
2024-12-31,PRISM,Healthcare,414.07,550058,-0.014165992095614421,0.642287708721696,0.16845049224937741,456.05,-0.09205131016335932
2022-01-03,ZENITH,Energy,210.67,1356269,,0.0,,210.67,0.0
2022-01-04,ZENITH,Energy,210.94,839798,0.0012816252907390524,0.0012816252907390524,,210.94,0.0
2022-01-05,ZENITH,Energy,214.15,1021980,0.015217597421067541,0.01651872596952564,,214.15,0.0
2022-01-06,ZENITH,Energy,218.26,1604763,0.019192155031519942,0.036027910950775954,,218.26,0.0
2022-01-07,ZENITH,Energy,219.87,1819885,0.0073765234124438805,0.04367019509184966,,219.87,0.0
2022-01-10,ZENITH,Energy,215.76,1149061,-0.018692863965070305,0.024161010110599346,,219.87,-0.018692863965070305
2022-01-11,ZENITH,Energy,218.6,2134403,0.01316277345198369,0.03764180946503992,,219.87,-0.0057761404466275534
2022-01-12,ZENITH,Energy,213.33,1238860,-0.024107959743824292,0.012626382493947652,,219.87,-0.02974484922908993
2022-01-13,ZENITH,Energy,208.36,1183911,-0.02329723901935965,-0.0109650163763233,,219.87,-0.052349115386364664
2022-01-14,ZENITH,Energy,208.58,1675006,0.001055864849299315,-0.009920729102387726,,219.87,-0.0513485241278937
2022-01-17,ZENITH,Energy,205.48,1105607,-0.01486240291494878,-0.024635686144206748,,219.87,-0.06544776458816581
2022-01-18,ZENITH,Energy,201.64,1557125,-0.018687950165466205,-0.0428632458347179,,219.87,-0.08291263019056727
2022-01-19,ZENITH,Energy,198.86,1968877,-0.013786947034318486,-0.05605923956899417,,219.87,-0.09555646518397232
2022-01-20,ZENITH,Energy,194.57,1127957,-0.021572965905662378,-0.0764228414107373,,219.87,-0.11506799472415519
2022-01-21,ZENITH,Energy,193.73,1289489,-0.00431721231433424,-0.08041012009303672,,219.87,-0.11888843407468053
2022-01-24,ZENITH,Energy,198.02,1305315,0.022144221338977088,-0.06004651825129359,,219.87,-0.09937690453449766
2022-01-25,ZENITH,Energy,197.35,1174908,-0.0033834966165035008,-0.06322684767646103,,219.87,-0.10242415973075003
2022-01-26,ZENITH,Energy,199.94,1541626,0.013123891563212586,-0.05093273840603807,,219.87,-0.09064447173329693
2022-01-27,ZENITH,Energy,199.9,1023984,-0.00020006001800532136,-0.05112260881948083,,219.87,-0.09082639741665532
2022-01-28,ZENITH,Energy,196.53,1080274,-0.01685842921460734,-0.0671191911520389,,219.87,-0.10615363623959617
2022-01-31,ZENITH,Energy,199.29,1957237,0.014043657456876746,-0.05401813262448407,,219.87,-0.09360076408787021
2022-02-01,ZENITH,Energy,203.23,1858634,0.019770184153745873,-0.03531589690036574,0.25203065989027496,219.87,-0.07568108427707287
2022-02-02,ZENITH,Energy,201.01,2021539,-0.01092358411651817,-0.04585370484644247,0.2538182369495284,219.87,-0.08577795970346125
2022-02-03,ZENITH,Energy,196.06,1515574,-0.024625640515397174,-0.06935016850999198,0.25693161222784416,219.87,-0.10829126301905667
2022-02-04,ZENITH,Energy,201.66,1244791,0.028562684892379897,-0.042768310627996464,0.2693702763798105,219.87,-0.08282166734888796
2022-02-07,ZENITH,Energy,202.68,1163322,0.005058018446890911,-0.03792661508520434,0.26829499898471937,219.87,-0.07818256242325006
2022-02-08,ZENITH,Energy,203.45,2423068,0.003799092164989082,-0.034271609626430055,0.2637683063174612,219.87,-0.07468049301860202
2022-02-09,ZENITH,Energy,205.1,946940,0.00811010076185803,-0.026439455071913476,0.2605093814945647,219.87,-0.06717605858007014
2022-02-10,ZENITH,Energy,196.33,1516054,-0.04275962944904921,-0.06806854321925293,0.2863681324414942,219.87,-0.10706326465638782
2022-02-11,ZENITH,Energy,196.48,1017500,0.0007640197626443967,-0.0673565291688425,0.2777165112483428,219.87,-0.10638104334379417
2022-02-14,ZENITH,Energy,196.96,905822,0.002442996742671122,-0.06507808420752847,0.27799086186884503,219.87,-0.10419793514349385
2022-02-15,ZENITH,Energy,197.48,2117296,0.002640129975629568,-0.0626097688327717,0.27484036807698364,219.87,-0.10183290125983546
2022-02-16,ZENITH,Energy,200.82,808935,0.016913105124569672,-0.046755589310295664,0.27485750619586197,219.87,-0.0866421066994133
2022-02-17,ZENITH,Energy,201.06,1315137,0.0011951000896326391,-0.045616366829638544,0.27028493064883957,219.87,-0.08555055259926325
2022-02-18,ZENITH,Energy,202.71,1494832,0.008206505520740093,-0.037784212275121964,0.25886060943812567,219.87,-0.07804611816073137
2022-02-21,ZENITH,Energy,204.21,1094351,0.00739973360959012,-0.030664071771015933,0.25839313134198555,219.87,-0.07122390503479326
2022-02-22,ZENITH,Energy,206.36,1054641,0.010528377650457887,-0.02045853704846401,0.2503530316345865,219.87,-0.061445399554282076
2022-02-23,ZENITH,Energy,205.53,785653,-0.004022097305679484,-0.024398348127402714,0.25053852783983455,219.87,-0.06522035748396782
2022-02-24,ZENITH,Energy,197.33,1029902,-0.03989685204106452,-0.06332178288318191,0.28585902885987635,219.87,-0.10251512257242912
2022-02-25,ZENITH,Energy,200.06,1114502,0.01383469315360042,-0.05036312716570923,0.2901279957142749,219.87,-0.09009869468322196
2022-02-28,ZENITH,Energy,199.1,935996,-0.004798560431870436,-0.05492001708833705,0.2841400926715785,219.87,-0.09446491108382227
2022-03-01,ZENITH,Energy,199.71,1380640,0.003063787041687638,-0.05202449328333392,0.28019726527544714,219.87,-0.09169054441260738
2022-03-02,ZENITH,Energy,202.34,1489836,0.013169095188022562,-0.0395405135994682,0.27529323209746887,219.87,-0.0797289307317961
2022-03-03,ZENITH,Energy,197.43,1507073,-0.024266086784619945,-0.06284710684957495,0.28561169969277533,219.87,-0.10206030836403324
2022-03-04,ZENITH,Energy,196.45,1491274,-0.004963784632528112,-0.06749893197892431,0.2726866714760715,219.87,-0.10651748760631286
2022-03-07,ZENITH,Energy,197.01,1048649,0.0028505981165691807,-0.06484074619072466,0.2528596237045501,219.87,-0.10397052803929596
2022-03-08,ZENITH,Energy,195.81,1390566,-0.006091061367443196,-0.07053685859400938,0.25245031521429934,219.87,-0.10942829854004643
2022-03-09,ZENITH,Energy,197.03,975716,0.006230529595015577,-0.06474581098400323,0.2532348758598403,219.87,-0.10387956519761676
2022-03-10,ZENITH,Energy,201.58,1042053,0.023092930010658375,-0.043148051454881764,0.26535507124844293,219.87,-0.08318551871560464
2022-03-11,ZENITH,Energy,195.78,1712568,-0.028772695703938922,-0.07067926140409142,0.2406911250501969,219.87,-0.10956474280256512
2022-03-14,ZENITH,Energy,195.39,1623032,-0.0019920318725100694,-0.07253049793515909,0.24076693811316963,219.87,-0.11133851821530916
2022-03-15,ZENITH,Energy,194.81,715803,-0.0029684221300987357,-0.07528361893008007,0.24076121574668993,219.87,-0.11397644062400514
2022-03-16,ZENITH,Energy,197.88,823513,0.015758944612699555,-0.0607110646983432,0.24706302885783293,219.87,-0.10001364442625194
2022-03-17,ZENITH,Energy,195.93,575649,-0.009854457246816217,-0.06996724735368087,0.24160546104446867,219.87,-0.10888252148997135
2022-03-18,ZENITH,Energy,191.67,1055844,-0.021742459041494522,-0.09018844638534185,0.2517583891088157,219.87,-0.12825760676763553
2022-03-21,ZENITH,Energy,192.8,1505405,0.005895549642614961,-0.08482460720558194,0.25068509983875087,219.87,-0.12311820621276204
2022-03-22,ZENITH,Energy,194.57,1631599,0.00918049792531117,-0.07642284141073696,0.25162419574075956,219.87,-0.11506799472415519
2022-03-23,ZENITH,Energy,190.69,1448286,-0.019941409261448273,-0.09484027151469099,0.2543585081434666,219.87,-0.13271478600991493
2022-03-24,ZENITH,Energy,192.75,694160,0.010802873774188537,-0.08506194522238542,0.25920876355281186,219.87,-0.12334561331696003
2022-03-25,ZENITH,Energy,195.37,2795686,0.013592736705577257,-0.0726254331418803,0.22734554085257644,219.87,-0.11142948105698824
2022-03-28,ZENITH,Energy,196.93,964595,0.007984849260377791,-0.06522048701761007,0.22361037312190843,219.87,-0.10433437940601265
2022-03-29,ZENITH,Energy,194.49,1678820,-0.012390189407403662,-0.07680258223762249,0.22690475945235578,219.87,-0.11543184609087187
2022-03-30,ZENITH,Energy,192.62,2563581,-0.009614890225718598,-0.08567902406607464,0.22827808706564479,219.87,-0.1239368717878746
2022-03-31,ZENITH,Energy,196.78,1204568,0.021596926591215926,-0.06593250106802073,0.23686355593761008,219.87,-0.10501660071860641
2022-04-01,ZENITH,Energy,192.68,1050359,-0.020835450757190732,-0.08539421844591033,0.2329230721020369,219.87,-0.12366398326283712
2022-04-04,ZENITH,Energy,190.4,1087308,-0.011833091135561524,-0.09621683201215137,0.23557553479988488,219.87,-0.13403374721426298
2022-04-05,ZENITH,Energy,190.27,1469550,-0.000682773109243695,-0.09683391085584059,0.23509286893212178,219.87,-0.13462500568517755
2022-04-06,ZENITH,Energy,191.48,1926722,0.006359384033215898,-0.09109033084919516,0.23601811578206766,219.87,-0.1291217537635876
2022-04-07,ZENITH,Energy,199.22,1878827,0.04042197618550247,-0.05435040584800843,0.27554967809378855,219.87,-0.09391913403374719
2022-04-08,ZENITH,Energy,203.54,914339,0.02168456982230693,-0.03384440119618337,0.274145222368749,219.87,-0.07427116023104563
2022-04-11,ZENITH,Energy,201.5,1711262,-0.010022599980347824,-0.0435277922817674,0.2559191113881813,219.87,-0.08354937008232144
2022-04-12,ZENITH,Energy,199.23,1457241,-0.011265508684863534,-0.054302938244647714,0.2595024310864212,219.87,-0.0938736526129077
2022-04-13,ZENITH,Energy,201.23,1153501,0.010038648797871863,-0.04480941757250634,0.2608703980817613,219.87,-0.08477736844499029
2022-04-14,ZENITH,Energy,203.25,1204533,0.010038264672265651,-0.03522096169364353,0.25771193362784256,219.87,-0.07559012143539368
2022-04-15,ZENITH,Energy,204.8,1339375,0.007626076260762726,-0.027863483172733905,0.2551946169894409,219.87,-0.06854050120525756
2022-04-18,ZENITH,Energy,201.81,3627393,-0.014599609375000044,-0.04205629657758514,0.24783250317216315,219.87,-0.0821394460362942
2022-04-19,ZENITH,Energy,200.99,752811,-0.004063227788513868,-0.045948640053163015,0.24855037996063484,219.87,-0.08586892254514034
2022-04-20,ZENITH,Energy,203.49,987439,0.012438429772625437,-0.03408173921298652,0.24997210776968273,219.87,-0.07449856733524352
2022-04-21,ZENITH,Energy,201.02,906978,-0.012138188608776801,-0.04580623724308097,0.24259469916230444,219.87,-0.08573247828262154
2022-04-22,ZENITH,Energy,196.92,1833820,-0.020395980499452904,-0.06526795462097068,0.2531869006851031,219.87,-0.10437986082685236
2022-04-25,ZENITH,Energy,199.21,1314868,0.01162908795449935,-0.05439787345136882,0.2520588580551609,219.87,-0.09396461545458679
2022-04-26,ZENITH,Energy,195.54,775267,-0.018422769941268125,-0.07181848388474821,0.25939303271001035,219.87,-0.11065629690271528
2022-04-27,ZENITH,Energy,202.08,893534,0.03344584228290892,-0.0407746712868462,0.2800504426822889,219.87,-0.08091144767362524
2022-04-28,ZENITH,Energy,207.12,1537578,0.02494061757719712,-0.01685099919305022,0.2875198832438061,219.87,-0.05798881157047342
2022-04-29,ZENITH,Energy,204.88,1225632,-0.010814986481266997,-0.027483742345848494,0.2838812450968866,219.87,-0.06817664983854099
2022-05-02,ZENITH,Energy,203.0,1544898,-0.00917610308473249,-0.036407651777661254,0.2747521916941788,219.87,-0.07672715695638332
2022-05-03,ZENITH,Energy,205.75,1171423,0.013546798029556717,-0.023354060853466918,0.27197223165471013,219.87,-0.06421976622549685
2022-05-04,ZENITH,Energy,207.57,1121216,0.008845686512758189,-0.014714957041818355,0.27197976568273985,219.87,-0.05594214763269212
2022-05-05,ZENITH,Energy,206.82,1447121,-0.003613238907356542,-0.018275027293871315,0.27321546507866956,219.87,-0.059353254195661176
2022-05-06,ZENITH,Energy,207.32,1244413,0.002417561164297366,-0.015901647125836083,0.23858146739448988,219.87,-0.05707918315368177
2022-05-09,ZENITH,Energy,205.06,1911733,-0.01090102257379888,-0.02662932548535568,0.23130995525279954,219.87,-0.06735798426342843
2022-05-10,ZENITH,Energy,209.0,710742,0.019213888617965358,-0.00792708976123746,0.23673219898061498,219.87,-0.04943830445263109
2022-05-11,ZENITH,Energy,207.06,1696209,-0.00928229665071767,-0.017135804813214417,0.235444262447474,219.87,-0.058261700095511015
2022-05-12,ZENITH,Energy,201.38,850722,-0.027431662320100525,-0.04409740352209568,0.2542373548039205,219.87,-0.08409514713239641
2022-05-13,ZENITH,Energy,205.04,1964831,0.018174595292481888,-0.026724260692077118,0.2597248182907258,219.87,-0.06744894710510763
2022-05-16,ZENITH,Energy,202.2,896856,-0.013850955911041796,-0.040205060046517804,0.2629820634192385,219.87,-0.08036567062355038
2022-05-17,ZENITH,Energy,203.55,2402678,0.00667655786350152,-0.03379693359282243,0.25888264426540347,219.87,-0.07422567881020603
2022-05-18,ZENITH,Energy,209.16,1821933,0.027560795873249777,-0.007167608107466195,0.27451154370713754,219.87,-0.04871060171919772
2022-05-19,ZENITH,Energy,207.66,1225954,-0.007171543316121576,-0.014287748611572115,0.27355644301787035,219.87,-0.055532814845135836
2022-05-20,ZENITH,Energy,211.93,918541,0.02056245786381594,0.005980918023449577,0.27703810364808523,219.87,-0.03611224814663205
2022-05-23,ZENITH,Energy,213.93,798125,0.009437078280564393,0.015474438695590953,0.26475192132648867,219.87,-0.02701596397871464
2022-05-24,ZENITH,Energy,211.82,2108243,-0.00986303931192456,0.005458774386481791,0.2674895584868366,219.87,-0.036612543775867645
2022-05-25,ZENITH,Energy,211.84,1828969,9.441979038804504e-05,0.0055537095932032265,0.25620297638566764,219.87,-0.036521580934188336
2022-05-26,ZENITH,Energy,215.48,644327,0.017182779456193398,0.022831917216500353,0.2381655953786838,219.87,-0.019966343748578752
2022-05-27,ZENITH,Energy,214.08,2876409,-0.006497122702802893,0.01618645274600161,0.226571521442638,219.87,-0.026333742666120874
2022-05-30,ZENITH,Energy,215.1,918868,0.004764573991031362,0.021028148288793735,0.22213711912154271,219.87,-0.02169463774048308
2022-05-31,ZENITH,Energy,217.71,1263372,0.012133891213389258,0.03341719276593813,0.22038685118027168,219.87,-0.009823986901350779
2022-06-01,ZENITH,Energy,220.53,734515,0.01295301088604095,0.04680305691365727,0.22005270250325837,220.53,0.0
2022-06-02,ZENITH,Energy,222.84,1465341,0.010474765338049252,0.05776807328998035,0.22063224314941685,222.84,0.0
2022-06-03,ZENITH,Energy,218.1,1010931,-0.021270866989768433,0.03526842929700558,0.23574443777817447,222.84,-0.021270866989768433
2022-06-06,ZENITH,Energy,222.84,1623612,0.021733149931224327,0.05776807328998057,0.24483813230602394,222.84,0.0
2022-06-07,ZENITH,Energy,224.31,1169964,0.006596661281637051,0.06474581098400445,0.2392585811876768,224.31,0.0
2022-06-08,ZENITH,Energy,221.6,656038,-0.012081494360483336,0.05188209047325287,0.23938829907393314,224.31,-0.012081494360483336
2022-06-09,ZENITH,Energy,225.58,1696970,0.017960288808664293,0.07077419661081397,0.24051921160188894,225.58,0.0
2022-06-10,ZENITH,Energy,224.94,1171153,-0.0028371309513255394,0.06773626999572868,0.21331962318828224,225.58,-0.0028371309513255394
2022-06-13,ZENITH,Energy,222.04,1398971,-0.012892326842713686,0.0539706650211238,0.2169358829735451,225.58,-0.01569288057451912
2022-06-14,ZENITH,Energy,219.1,1519179,-0.013240857503152625,0.04001518963307604,0.2163166743455854,225.58,-0.028725950882170448
2022-06-15,ZENITH,Energy,216.22,1045362,-0.0131446827932451,0.026344519865192595,0.22389629199516475,225.58,-0.04149304016313504
2022-06-16,ZENITH,Energy,214.87,1362792,-0.006243640736287137,0.01993639341149711,0.20711751118090438,225.58,-0.04747761326358724
2022-06-17,ZENITH,Energy,213.65,3799342,-0.005677851724298355,0.014145345801491072,0.20640527795221658,225.58,-0.05288589413955136
2022-06-20,ZENITH,Energy,205.62,1793305,-0.037584835010531226,-0.02397113969715614,0.23483903813842813,225.58,-0.08848302154446319
2022-06-21,ZENITH,Energy,210.1,1942474,0.021787763836202734,-0.0027056533915597036,0.24562583023931028,225.58,-0.06862310488518497
2022-06-22,ZENITH,Energy,212.37,1159450,0.010804378867206088,0.008069492571320724,0.246392155164672,225.58,-0.05856015604220233
2022-06-23,ZENITH,Energy,217.95,860161,0.02627489758440449,0.034556415246594696,0.26237158050847903,225.58,-0.033823920560333454
2022-06-24,ZENITH,Energy,213.6,1347741,-0.019958706125258074,0.01390800778468737,0.26589585938358906,225.58,-0.05310754499512371
2022-06-27,ZENITH,Energy,206.95,1252730,-0.031132958801498134,-0.017657948450182315,0.2860794979756032,225.58,-0.08258710878623998
2022-06-28,ZENITH,Energy,208.62,1022523,0.008069582024643696,-0.0097308586889443,0.2872118865253157,225.58,-0.07518397021012502
2022-06-29,ZENITH,Energy,207.83,1033929,-0.003786789377816069,-0.01348079935444002,0.2830954470260995,225.58,-0.0786860537281674
2022-06-30,ZENITH,Energy,207.98,2063086,0.000721743732858382,-0.012768785304029584,0.2780499322599079,225.58,-0.07802110116145056
2022-07-01,ZENITH,Energy,212.9,1508592,0.023656120780844336,0.010585275549438,0.28940093408354234,225.58,-0.056210656973135986
2022-07-04,ZENITH,Energy,211.95,1353542,-0.004462188821042878,0.006075853230170791,0.2810436714676269,225.58,-0.0604220232290098
2022-07-05,ZENITH,Energy,214.1,1015859,0.010143901863647109,0.016281387952722604,0.27183882461086495,225.58,-0.05089103643940074
2022-07-06,ZENITH,Energy,211.01,1237627,-0.014432508173750636,0.0016138985142641893,0.27344624916415095,225.58,-0.06458905931376901
2022-07-07,ZENITH,Energy,209.91,1033753,-0.00521302307947491,-0.0036075378554134563,0.27152596298463016,225.58,-0.06946537813635967
2022-07-08,ZENITH,Energy,210.06,1387723,0.0007145919679862889,-0.0028955238050027976,0.2615923986940289,225.58,-0.06880042556964272
2022-07-11,ZENITH,Energy,210.27,927355,0.0009997143673237119,-0.001898704134427831,0.26200765045065444,225.58,-0.06786949197623904
2022-07-12,ZENITH,Energy,212.85,1230912,0.012269938650306678,0.0103479375326343,0.2646153981487766,225.58,-0.05643230782870834
2022-07-13,ZENITH,Energy,215.59,1849252,0.012872915198496537,0.023354060853467695,0.26594521025372025,225.58,-0.04428584094334609
2022-07-14,ZENITH,Energy,210.19,1377778,-0.025047543949162754,-0.002278444961313686,0.27600631990346175,225.58,-0.06822413334515476
2022-07-15,ZENITH,Energy,212.41,1598220,0.010561872591464905,0.008259362984763152,0.278268053323719,225.58,-0.05838283535774458
2022-07-18,ZENITH,Energy,209.16,1420853,-0.01530059790028715,-0.007167608107466417,0.2825312379046071,225.58,-0.07279014096994418
2022-07-19,ZENITH,Energy,208.85,1386977,-0.0014821189519984568,-0.008639103811648341,0.24910269292523854,225.58,-0.07416437627449246
2022-07-20,ZENITH,Energy,204.67,776329,-0.020014364376346738,-0.028480562016423683,0.24693242898387585,225.58,-0.09269438780033701
2022-07-21,ZENITH,Energy,200.31,964632,-0.021302584648458467,-0.049176437081691615,0.2523676454558303,225.58,-0.11202234240624176
2022-07-22,ZENITH,Energy,197.93,2064404,-0.011881583545504393,-0.06047372668153961,0.23095198658646046,225.58,-0.12257292313148327
2022-07-25,ZENITH,Energy,192.38,894854,-0.028040216238063964,-0.08681824654673165,0.2393231756183424,225.58,-0.1471761681000089
2022-07-26,ZENITH,Energy,191.54,1374315,-0.004366358249298319,-0.09080552522903107,0.21943618451650893,225.58,-0.15089990247362361
2022-07-27,ZENITH,Energy,188.0,947880,-0.018481779262817133,-0.10760905681872113,0.2209362418283551,225.58,-0.16659278304814262
2022-07-28,ZENITH,Energy,187.11,998353,-0.004734042553191431,-0.11183367351782392,0.2209031168648147,225.58,-0.17053816827732948
2022-07-29,ZENITH,Energy,187.95,1156963,0.0044893378226709135,-0.10784639483552483,0.22249022741079927,225.58,-0.16681443390371498
2022-08-01,ZENITH,Energy,185.31,1047624,-0.014046288906624071,-0.12037784212275127,0.1990038501653993,225.58,-0.17851759907793252
2022-08-02,ZENITH,Energy,182.6,906692,-0.014624143327397365,-0.13324156263350273,0.20079040490701572,225.58,-0.1905310754499513
2022-08-03,ZENITH,Energy,174.49,1965611,-0.044414019715224407,-0.17173778895903546,0.22906484374249966,225.58,-0.22648284422377873
2022-08-04,ZENITH,Energy,175.82,1365056,0.007622213307352688,-0.16542459771206164,0.23583566030538272,225.58,-0.22058693146555552
2022-08-05,ZENITH,Energy,180.41,2715102,0.026106245023319374,-0.14363696776949741,0.2646090580381361,225.58,-0.2002393829240181
2022-08-08,ZENITH,Energy,180.0,998956,-0.002272601297045651,-0.1455831395072864,0.26370506482685657,225.58,-0.20205691993971098
2022-08-09,ZENITH,Energy,178.76,561380,-0.006888888888888944,-0.151469122324014,0.26202701551691504,225.58,-0.2075538611579042
2022-08-10,ZENITH,Energy,178.36,820677,-0.00223763705526947,-0.15336782645844216,0.2528446409777954,225.58,-0.20932706800248246
2022-08-11,ZENITH,Energy,179.94,2559365,0.008858488450325108,-0.1458679451274506,0.24896950065398174,225.58,-0.20232290096639782
2022-08-12,ZENITH,Energy,176.36,704480,-0.01989552072913181,-0.1628613471305833,0.24525444963628373,225.58,-0.21819310222537458
2022-08-15,ZENITH,Energy,173.61,1947884,-0.015593105012474462,-0.17591493805477754,0.23661815029979769,225.58,-0.2303838992818512
2022-08-16,ZENITH,Energy,179.44,2278288,0.03358101491849541,-0.14824132529548584,0.278311224153152,225.58,-0.2045394095221208
2022-08-17,ZENITH,Energy,183.49,2014677,0.02257021845742324,-0.1290169459343996,0.2963433316062618,225.58,-0.1865856902207642
2022-08-18,ZENITH,Energy,186.9,1056381,0.01858411902556001,-0.11283049318839877,0.3033905872680723,225.58,-0.17146910187073328
2022-08-19,ZENITH,Energy,185.19,2171345,-0.009149277688603519,-0.12094745336307955,0.2975943685012975,225.58,-0.179049561131306
2022-08-22,ZENITH,Energy,186.87,1827468,0.009071764134132465,-0.11297289599848093,0.29906232805451594,225.58,-0.17160209238407664
2022-08-23,ZENITH,Energy,188.2,876910,0.007117247284208261,-0.10665970475150699,0.28583285978394596,225.58,-0.16570617962585343
2022-08-24,ZENITH,Energy,185.28,1443584,-0.015515409139213565,-0.1205202449328332,0.2901181994292017,225.58,-0.1786505895912759
2022-08-25,ZENITH,Energy,189.59,660981,0.023262089810017317,-0.10006170788436874,0.2951825218436113,225.58,-0.15954428584094338
2022-08-26,ZENITH,Energy,188.48,1547169,-0.00585473917400714,-0.10533061185740722,0.29546147292110736,225.58,-0.16446493483464852
2022-08-29,ZENITH,Energy,186.79,1508393,-0.008966468590831944,-0.11335263682536656,0.2968532202425659,225.58,-0.17195673375299236
2022-08-30,ZENITH,Energy,184.4,1549800,-0.012795117511643972,-0.12469739402857527,0.2961448591720988,225.58,-0.18255164464934837
2022-08-31,ZENITH,Energy,182.71,682137,-0.009164859002169234,-0.13271941899653472,0.29335458561007177,225.58,-0.1900434435676922
2022-09-01,ZENITH,Energy,187.39,973048,0.025614361556564935,-0.11050458062372426,0.25727068701414624,225.58,-0.1692969234861248
2022-09-02,ZENITH,Energy,188.96,1523877,0.008378248572495917,-0.10305216689609331,0.25743562205871884,225.58,-0.16233708662115431
2022-09-05,ZENITH,Energy,196.06,1168899,0.03757408975444543,-0.06935016850999176,0.2727016298119236,225.58,-0.13086266512988742
2022-09-06,ZENITH,Energy,195.88,762451,-0.000918086300112253,-0.07020458537048446,0.2723424041931082,225.58,-0.13166060820994774
2022-09-07,ZENITH,Energy,191.39,1010129,-0.022922197263630872,-0.09151753927944173,0.28587517991710143,225.58,-0.15156485504034056
2022-09-08,ZENITH,Energy,192.82,826108,0.007471654736402211,-0.08472967199886061,0.2854367835283252,225.58,-0.14522564057097265
2022-09-09,ZENITH,Energy,195.32,1944932,0.012965460014521257,-0.07286277115868411,0.2866926249054421,225.58,-0.13414309779235756
2022-09-12,ZENITH,Energy,197.14,1055324,0.009318042187179909,-0.06422366734703566,0.27348268578947316,225.58,-0.12607500664952576
2022-09-13,ZENITH,Energy,196.69,666659,-0.002282641777416994,-0.06635970949826742,0.26430585525290934,225.58,-0.1280698643496765
2022-09-14,ZENITH,Energy,203.07,2406218,0.03243682952869986,-0.036075378554136894,0.26283207875609915,225.58,-0.09978721517865063
2022-09-15,ZENITH,Energy,201.19,800683,-0.009257891367508764,-0.044999287985949654,0.2607239402560293,225.58,-0.10812128734816917
2022-09-16,ZENITH,Energy,202.68,1159892,0.007405934688602844,-0.03792661508520434,0.25595957284258675,225.58,-0.10151609185211452
2022-09-19,ZENITH,Energy,204.18,1025125,0.007400828892835998,-0.03080647458109842,0.2516392099752736,225.58,-0.09486656618494549
2022-09-20,ZENITH,Energy,205.04,1319744,0.0042119698305416176,-0.026724260692077784,0.25115705491820856,225.58,-0.091054171469102
2022-09-21,ZENITH,Energy,203.75,925835,-0.0062914553257900074,-0.03284758152560885,0.2537100273656646,225.58,-0.09677276354286735
2022-09-22,ZENITH,Energy,208.08,1026225,0.021251533742331352,-0.01229410927042296,0.2501880216120625,225.58,-0.07757779945030585
2022-09-23,ZENITH,Energy,210.93,812952,0.013696655132641178,0.0012341576873782234,0.24382123378050555,225.58,-0.06494370068268462
2022-09-26,ZENITH,Energy,207.66,1047114,-0.015502773431944283,-0.014287748611572781,0.25150425052771436,225.58,-0.07943966663711333
2022-09-27,ZENITH,Energy,210.23,1644661,0.012375999229509826,-0.002088574547871258,0.24768224055669535,225.58,-0.06804681266069701
2022-09-28,ZENITH,Energy,208.01,793375,-0.01055986300718259,-0.012626382493947985,0.2456852674505629,225.58,-0.07788811064810719
2022-09-29,ZENITH,Energy,206.72,633330,-0.006201624921878701,-0.01874970332747905,0.24360656099184594,225.58,-0.08360670272187254
2022-09-30,ZENITH,Energy,209.03,1211960,0.011174535603715174,-0.007784686951155861,0.23390548314881754,225.58,-0.07336643319443215
2022-10-03,ZENITH,Energy,209.42,2389773,0.0018657608955652272,-0.005933450420088304,0.23392063290423837,225.58,-0.07163755652096826
2022-10-04,ZENITH,Energy,212.22,858255,0.01337026072008407,0.0073574785209094,0.20466269837422263,225.58,-0.059225108608919275
2022-10-05,ZENITH,Energy,214.69,1063538,0.011638865328432724,0.019081976551003743,0.2055912435533977,225.58,-0.04827555634364755
2022-10-06,ZENITH,Energy,217.68,1251410,0.01392705761796087,0.03327478995585498,0.18204172689858183,225.58,-0.03502083518042387
2022-10-07,ZENITH,Energy,219.39,1375457,0.007855567805953534,0.04139175013053564,0.18208009955146,225.58,-0.027440375919851157
2022-10-10,ZENITH,Energy,220.55,2639949,0.0052873877569625805,0.046897992120377596,0.18043581750370635,225.58,-0.022298076070573658
2022-10-11,ZENITH,Energy,214.42,1769456,-0.027794150986170996,0.01780035126026447,0.21413435772827175,225.58,-0.04947247096373808
2022-10-12,ZENITH,Energy,211.86,1215103,-0.011939184777539302,0.005648644799923774,0.22028307987191692,225.58,-0.06082099476903979
2022-10-13,ZENITH,Energy,218.17,1856177,0.02978381950344544,0.03560070252052916,0.21606383512387795,225.58,-0.03284865679581539
2022-10-14,ZENITH,Energy,221.06,1305117,0.013246550854838057,0.049318839891773436,0.2133552131055794,225.58,-0.02003723734373619
2022-10-17,ZENITH,Energy,222.33,1207158,0.0057450465936850215,0.055347225518583176,0.21315562153586207,225.58,-0.014407305612199717
2022-10-18,ZENITH,Energy,221.22,1072985,-0.004992578599379405,0.0500783215455447,0.21534424724666207,225.58,-0.019327954605904862
2022-10-19,ZENITH,Energy,215.91,952310,-0.02400325467860054,0.02487302416100956,0.23603592349892177,225.58,-0.04286727546768332
2022-10-20,ZENITH,Energy,216.3,789737,0.0018063081839656547,0.02672426069207723,0.23386297259619435,225.58,-0.04113839879421932
2022-10-21,ZENITH,Energy,218.73,1180698,0.011234396671289781,0.0382588883087287,0.22644447660085812,225.58,-0.03036616721340557
2022-10-24,ZENITH,Energy,217.13,1157936,-0.007314954510126648,0.0306640717710156,0.22502038567880875,225.58,-0.0374589945917192
2022-10-25,ZENITH,Energy,220.01,1212625,0.013263943259798294,0.04433474153889905,0.21967234789264023,225.58,-0.024691905310754603
2022-10-26,ZENITH,Energy,220.2,1570980,0.0008635971092223471,0.04523662600275258,0.21698305638765397,225.58,-0.023849632059579906
2022-10-27,ZENITH,Energy,216.38,936241,-0.01734786557674839,0.02710400151896275,0.2232353071139923,225.58,-0.04078375742530371
2022-10-28,ZENITH,Energy,215.11,725468,-0.00586930400221819,0.021075615892153232,0.2230848599699499,225.58,-0.04641368915684019
2022-10-31,ZENITH,Energy,212.59,1501801,-0.011714936544093724,0.009113779845255188,0.22529211944642275,225.58,-0.05758489227768426
2022-11-01,ZENITH,Energy,214.4,896777,0.008514041111999715,0.017705416053543033,0.22682291905800714,225.58,-0.04956113130596684
2022-11-02,ZENITH,Energy,214.52,1309296,0.0005597014925373678,0.01827502729387165,0.22247388074085148,225.58,-0.049029169252593374
2022-11-03,ZENITH,Energy,221.58,999497,0.032910684318478545,0.05178715526653033,0.2466537303401271,225.58,-0.017732068445784233
2022-11-04,ZENITH,Energy,213.06,922135,-0.03845112374763071,0.0113447572032086,0.27841589453573723,225.58,-0.055501374235304546
2022-11-07,ZENITH,Energy,211.86,2074299,-0.005632216277104973,0.005648644799923996,0.27700416088562135,225.58,-0.06082099476903979
2022-11-08,ZENITH,Energy,212.2,1817029,0.0016048333805342985,0.007262543314187964,0.2761569245246678,225.58,-0.05931376895114826
2022-11-09,ZENITH,Energy,213.99,1518486,0.008435438265787187,0.015759244315754595,0.2611178328536256,225.58,-0.051378668321659715
2022-11-10,ZENITH,Energy,210.51,1252723,-0.016262442170194902,-0.0007594816537712656,0.2640287551427705,225.58,-0.0668055678694921
2022-11-11,ZENITH,Energy,218.69,1610354,0.038858011495890965,0.038069017895286494,0.278476842879923,225.58,-0.03054348789786332
2022-11-14,ZENITH,Energy,219.39,1062236,0.0032008779550962707,0.041391750130535865,0.27472296401004326,225.58,-0.027440375919851157
2022-11-15,ZENITH,Energy,214.2,2850089,-0.0236565021195132,0.01675606398632934,0.28535503905441556,225.58,-0.050447734728256144
2022-11-16,ZENITH,Energy,216.99,675845,0.01302521008403379,0.029999525323966658,0.28946726414238855,225.58,-0.03807961698732154
2022-11-17,ZENITH,Energy,216.29,1310876,-0.0032259551131389452,0.026676793088717066,0.27713200997339543,225.58,-0.041182728965333926
2022-11-18,ZENITH,Energy,215.58,1467650,-0.0032826298025797618,0.02330659325010709,0.2773276007936095,225.58,-0.04433017111446047
2022-11-21,ZENITH,Energy,218.23,1636547,0.01229242044716572,0.03588550814069413,0.2778919385042963,225.58,-0.032582675769128544
2022-11-22,ZENITH,Energy,220.15,812839,0.008798057095724676,0.044999287985949765,0.27812650518498466,225.58,-0.024071282915152037
2022-11-23,ZENITH,Energy,218.47,2446224,-0.007631160572337037,0.03702473062135114,0.2757403628334381,225.58,-0.031518751662381495
2022-11-24,ZENITH,Energy,212.22,770184,-0.028608046871424042,0.007357478520909622,0.292698544700156,225.58,-0.059225108608919275
2022-11-25,ZENITH,Energy,210.94,1185002,-0.006031476769390309,0.0012816252907390524,0.2876051282881335,225.58,-0.06489937051157024
2022-11-28,ZENITH,Energy,210.88,1104093,-0.00028444107329095303,0.0009968196705747445,0.28707754561186793,225.58,-0.06516535153825698
2022-11-29,ZENITH,Energy,211.5,1073221,0.0029400606980274357,0.003939811078938593,0.28452759781886844,225.58,-0.06241688092916042
2022-11-30,ZENITH,Energy,206.19,2075772,-0.025106382978723363,-0.021265486305596437,0.29534526892763124,225.58,-0.08595620179093899
2022-12-01,ZENITH,Energy,206.28,635923,0.0004364906154517012,-0.020838277875350197,0.29533373745527314,225.58,-0.08555723025090878
2022-12-02,ZENITH,Energy,207.2,1086005,0.004459957339538523,-0.016471258366165142,0.268555281099637,225.58,-0.08147885450837855
2022-12-05,ZENITH,Energy,205.71,1599014,-0.0071911196911196296,-0.023543931266910345,0.23656615925272642,225.58,-0.08808405000443298
2022-12-06,ZENITH,Energy,206.75,1745052,0.0050556608818239646,-0.018607300517396896,0.23714726130706848,225.58,-0.08347371220852917
2022-12-07,ZENITH,Energy,212.61,932005,0.028343409915356776,0.009208715051977068,0.2580911684830281,225.58,-0.05749623193545528
2022-12-08,ZENITH,Energy,204.5,1894390,-0.038144960255867666,-0.02928751127355589,0.28809947645390455,225.58,-0.09344800070928283
2022-12-09,ZENITH,Energy,204.67,1504738,0.0008312958435208184,-0.028480562016423794,0.28348588118655377,225.58,-0.09269438780033701
2022-12-12,ZENITH,Energy,205.78,988702,0.0054233644403185455,-0.02321165804338543,0.24502843773027813,225.58,-0.08777373880663186
2022-12-13,ZENITH,Energy,209.69,935120,0.019000874720575434,-0.004651825129349252,0.25576454492971157,225.58,-0.07044064190087784
2022-12-14,ZENITH,Energy,215.37,851794,0.027087605512900126,0.02230977357953212,0.262022212539468,225.58,-0.04526110470786415
2022-12-15,ZENITH,Energy,219.08,1043484,0.01722616891860529,0.03992025442635416,0.26496233951482767,225.58,-0.028814611224399322
2022-12-16,ZENITH,Energy,220.06,588749,0.00447325178017155,0.04457207955570319,0.2649075510293339,225.58,-0.02447025445518225
2022-12-19,ZENITH,Energy,223.83,1412875,0.017131691356902623,0.06246736602268954,0.27017793474239,225.58,-0.007757779945030574
2022-12-20,ZENITH,Energy,230.43,994030,0.029486663986060924,0.09379598424075586,0.2846653609269505,230.43,0.0
2022-12-21,ZENITH,Energy,232.62,1942506,0.009503970837130504,0.10419138937675054,0.284864847699198,232.62,0.0
2022-12-22,ZENITH,Energy,231.38,1490313,-0.005330582065170675,0.09830540656002285,0.2839152119678549,232.62,-0.005330582065170675
2022-12-23,ZENITH,Energy,233.18,990705,0.007779410493560457,0.10684957516495008,0.2600254832037538,233.18,0.0
2022-12-26,ZENITH,Energy,239.63,1964088,0.027661034394030226,0.13746617933260552,0.2686800299109945,239.63,0.0
2022-12-27,ZENITH,Energy,236.44,512506,-0.013312189625672932,0.12232401386054015,0.27633961597518486,239.63,-0.013312189625672932
2022-12-28,ZENITH,Energy,231.09,807374,-0.022627305024530475,0.09692884606256236,0.29313211098970376,239.63,-0.03563827567499889
2022-12-29,ZENITH,Energy,237.08,684475,0.02592063698126279,0.12536194047562543,0.2815009476057926,239.63,-0.010641405500146028
2022-12-30,ZENITH,Energy,241.93,1398498,0.020457229627130147,0.148383728105568,0.28431009594151957,241.93,0.0
2023-01-02,ZENITH,Energy,246.34,1304578,0.018228413177365344,0.1693169411876394,0.2862822284107595,246.34,0.0
2023-01-03,ZENITH,Energy,245.85,1423772,-0.0019891207274499445,0.16699102862296478,0.28325717011089724,246.34,-0.0019891207274499445
2023-01-04,ZENITH,Energy,243.47,1553985,-0.00968069961358553,0.15569373902311656,0.29014680779520075,246.34,-0.011650564260777818
2023-01-05,ZENITH,Energy,246.92,822233,0.014170123629194453,0.17207006218256016,0.2816394011506076,246.92,0.0
2023-01-06,ZENITH,Energy,247.84,1755173,0.0037259031265188813,0.17643708169174532,0.2289276796915394,247.84,0.0
2023-01-09,ZENITH,Energy,248.59,1553130,0.0030261459005809233,0.17999715194379817,0.2280298957865485,248.59,0.0
2023-01-10,ZENITH,Energy,243.24,1438196,-0.021521380586507877,0.15460198414582038,0.2518110817844332,248.59,-0.021521380586507877
2023-01-11,ZENITH,Energy,242.12,1730195,-0.004604505837855655,0.1492856125694213,0.2522299467044199,248.59,-0.026026791101814273
2023-01-12,ZENITH,Energy,248.8,1003189,0.027589624979349026,0.18099397161437314,0.2527394100068569,248.8,0.0
2023-01-13,ZENITH,Energy,253.06,1807097,0.017122186495176717,0.2012151706460339,0.252686727284796,253.06,0.0
2023-01-16,ZENITH,Energy,251.12,1042542,-0.007666166126610308,0.19200645559405682,0.2576722728219787,253.06,-0.007666166126610308
2023-01-17,ZENITH,Energy,244.53,1926640,-0.026242433896145334,0.16072530497935134,0.2779850134377357,253.06,-0.033707421164941076
2023-01-18,ZENITH,Energy,249.62,1007695,0.020815441868073492,0.1848863150899509,0.26960865352695407,253.06,-0.013593614162649148
2023-01-19,ZENITH,Energy,255.42,1126556,0.0232353176828779,0.21241752503916045,0.2772580330803508,255.42,0.0
2023-01-20,ZENITH,Energy,253.72,1103895,-0.006655704330122858,0.2043480324678404,0.2778937761372013,255.42,-0.006655704330122858
2023-01-23,ZENITH,Energy,252.29,1219475,-0.005636134321299058,0.19756016518725938,0.2798052899682342,255.42,-0.012254326207814525
2023-01-24,ZENITH,Energy,264.76,1443300,0.04942724642276741,0.25675226657806016,0.3114583531021035,264.76,0.0
2023-01-25,ZENITH,Energy,261.99,1075436,-0.010462305484212009,0.24360374044714472,0.30950412442379477,264.76,-0.010462305484212009
2023-01-26,ZENITH,Energy,260.11,718825,-0.007175846406351383,0.23467983101533196,0.2964288680451475,264.76,-0.017563075993352384
2023-01-27,ZENITH,Energy,256.8,965035,-0.012725385413863366,0.2189680543029382,0.2936159778758257,264.76,-0.030064964496147373
2023-01-30,ZENITH,Energy,263.82,1730626,0.02733644859813067,0.2522903118621538,0.29939243610724825,264.76,-0.0035503852545701875
2023-01-31,ZENITH,Energy,252.88,1033300,-0.04146766734895002,0.2003607537855412,0.33383744378951025,264.76,-0.04487082640882312
2023-02-01,ZENITH,Energy,254.92,1232865,0.008067067383739301,0.21004414487112522,0.33434618181676856,264.76,-0.03716573500528786
2023-02-02,ZENITH,Energy,256.47,1096379,0.006080338929860485,0.21740162339203484,0.3318945486238065,264.76,-0.031311376340836805
2023-02-03,ZENITH,Energy,260.05,715494,0.013958747611806377,0.23439502539516766,0.33180320004378167,264.76,-0.017789696328750493
2023-02-06,ZENITH,Energy,255.15,1517413,-0.018842530282637937,0.21113589974842162,0.34001339097826144,264.76,-0.03629702371959509
2023-02-07,ZENITH,Energy,252.83,841197,-0.009092690574172058,0.2001234157687377,0.3419602518890558,264.76,-0.04505967668832145
2023-02-08,ZENITH,Energy,257.41,1197813,0.018114938891745425,0.22186357810794122,0.33655378514735346,264.76,-0.02776099108626673
2023-02-09,ZENITH,Energy,260.94,762675,0.013713530942853769,0.23861964209427056,0.3373793122803245,264.76,-0.014428161353678748
2023-02-10,ZENITH,Energy,259.61,1354631,-0.005096957154901438,0.23230645084729673,0.3271669177794123,264.76,-0.019451578788336477
2023-02-13,ZENITH,Energy,259.6,1170202,-3.851931743770187e-05,0.23225898324393612,0.32269410066546494,264.76,-0.019489348844236143
2023-02-14,ZENITH,Energy,259.12,981599,-0.001848998459167972,0.2299805382826221,0.3212581522854464,264.76,-0.021302311527421014
2023-02-15,ZENITH,Energy,257.46,684529,-0.006406298240197672,0.2221009161247447,0.30653953395097155,264.76,-0.027572140806768397
2023-02-16,ZENITH,Energy,259.93,1054725,0.009593723296822843,0.23382541415483926,0.30055937934633564,264.76,-0.01824293699954671
2023-02-17,ZENITH,Energy,263.34,517375,0.013118916631400745,0.25001186690084,0.29355694469093707,264.76,-0.005363347937755059
2023-02-20,ZENITH,Energy,267.78,649990,0.016860332649806242,0.27108748279299344,0.2964947724222097,267.78,0.0
2023-02-21,ZENITH,Energy,259.11,737620,-0.032377324669504715,0.22993307067926128,0.3195821442834639,267.78,-0.032377324669504715
2023-02-22,ZENITH,Energy,263.07,1270891,0.015283084404307035,0.24873024161010093,0.2735930953745517,267.78,-0.017589065650907343
2023-02-23,ZENITH,Energy,267.91,1468208,0.01839814498042358,0.2717045616366829,0.2781316867259256,267.91,0.0
2023-02-24,ZENITH,Energy,271.81,1154129,0.014557127393527658,0.29021692694735823,0.28005587600956117,271.81,0.0
2023-02-27,ZENITH,Energy,270.19,1340797,-0.005960045620102328,0.2825271752029237,0.2764560523924408,271.81,-0.005960045620102328
2023-02-28,ZENITH,Energy,273.49,1421282,0.012213627447351882,0.29819148431195686,0.26407126958911664,273.49,0.0
2023-03-01,ZENITH,Energy,271.76,1032197,-0.006325642619474325,0.28997958893055453,0.2149252551755175,273.49,-0.006325642619474325
2023-03-02,ZENITH,Energy,264.47,2022502,-0.026825139829260936,0.2553757060805999,0.23834096264707114,273.49,-0.032981096200957905
2023-03-03,ZENITH,Energy,263.76,950529,-0.0026846145120430487,0.2520055062419897,0.2383197966764949,273.49,-0.03557716918351683
2023-03-06,ZENITH,Energy,273.3,985108,0.0361692447679709,0.29728959984810355,0.2640470465203595,273.49,-0.0006947237558959651
2023-03-07,ZENITH,Energy,273.78,1338031,0.0017563117453347488,0.29956804480941734,0.2524545260824948,273.78,0.0
2023-03-08,ZENITH,Energy,272.72,1212591,-0.0038717218204395998,0.2945364788531828,0.24981183544056937,273.78,-0.0038717218204395998
2023-03-09,ZENITH,Energy,270.49,2406920,-0.008176884716925903,0.28395120330374524,0.24732712696590442,273.78,-0.01201694791438368
2023-03-10,ZENITH,Energy,266.51,854019,-0.014714037487522758,0.2650590971661839,0.2506388860335436,273.78,-0.026554167579808552
2023-03-13,ZENITH,Energy,270.68,1491728,0.01564669243180372,0.28485308776759855,0.2544228570359966,273.78,-0.011322960040908603
2023-03-14,ZENITH,Energy,270.79,556673,0.00040638392197434037,0.28537523140456633,0.25438012154757117,273.78,-0.010921177587844055
2023-03-15,ZENITH,Energy,267.09,1717617,-0.013663724657483778,0.2678122181611049,0.2599425820419557,273.78,-0.02443567828183213
2023-03-16,ZENITH,Energy,267.8,2081288,0.002658279980531031,0.2711824179997151,0.25832892559410725,273.78,-0.021842355175688333
2023-03-17,ZENITH,Energy,265.94,2232502,-0.006945481702763323,0.26235344377462355,0.2585587941158687,273.78,-0.028636131200233672
2023-03-20,ZENITH,Energy,262.95,801128,-0.011243137549823312,0.24816063036977232,0.25819937690352973,273.78,-0.03955730878807795
2023-03-21,ZENITH,Energy,259.86,1316030,-0.011751283513975919,0.23349314093131412,0.25371987852022815,273.78,-0.05084374315143536
2023-03-22,ZENITH,Energy,261.92,1026989,0.007927345493727422,0.2432714672236196,0.2287139926137225,273.78,-0.04331945357586364
2023-03-23,ZENITH,Energy,264.04,1356940,0.008094074526572959,0.25333459913608936,0.22421515605587236,273.78,-0.03557600993498411
2023-03-24,ZENITH,Energy,265.86,1098968,0.006892895015906619,0.2619737029477378,0.2158816548544154,273.78,-0.0289283366206442
2023-03-27,ZENITH,Energy,261.03,1124502,-0.018167456556082318,0.23904685052451646,0.21730548240235323,273.78,-0.046570238877931214
2023-03-28,ZENITH,Energy,258.99,1548534,-0.007815193655901442,0.22936345943893266,0.21784340954690448,273.78,-0.054021477098399995
2023-03-29,ZENITH,Energy,261.4,878929,0.009305378586045743,0.24080315184886292,0.21568744848520274,273.78,-0.04521878880853236
2023-03-30,ZENITH,Energy,262.57,996131,0.004475899005355943,0.2463568614420657,0.21624275644619714,273.78,-0.040945284535028104
2023-03-31,ZENITH,Energy,262.58,1547106,3.8085082073369136e-05,0.24640432904542653,0.1957285551028514,273.78,-0.0409087588574768
2023-04-03,ZENITH,Energy,262.77,2330780,0.0007235890014472002,0.24730621350928006,0.19555471179305525,273.78,-0.040214770984001724
2023-04-04,ZENITH,Energy,263.6,1725782,0.0031586558587359814,0.2512460245882189,0.14539849125647178,273.78,-0.03718313974724208
2023-04-05,ZENITH,Energy,257.21,1125760,-0.02424127465857373,0.2209142260407273,0.1643180161318469,273.78,-0.060523047702534916
2023-04-06,ZENITH,Energy,248.74,2258633,-0.03293029042416695,0.18070916599420905,0.19450482976768166,273.78,-0.09146029658850163
2023-04-07,ZENITH,Energy,249.73,1740842,0.00398005949987934,0.1854084587269189,0.19600570084879904,273.78,-0.08784425451092115
2023-04-10,ZENITH,Energy,245.69,1397780,-0.016177471669402976,0.1662315469691935,0.197102258450136,273.78,-0.10260062824165384
2023-04-11,ZENITH,Energy,251.55,969468,0.02385119459481455,0.19404756253856736,0.2089881426023818,273.78,-0.08119658119658102
2023-04-12,ZENITH,Energy,248.93,1250558,-0.01041542436891274,0.18161105045806236,0.20986433715863848,273.78,-0.09076630871502656
2023-04-13,ZENITH,Energy,254.19,1862277,0.021130438275820396,0.2065790098257938,0.22366068513428525,273.78,-0.07155380232303299
2023-04-14,ZENITH,Energy,260.55,1234577,0.02502065384161467,0.2367684055632031,0.24247964906516473,273.78,-0.04832347140039439
2023-04-17,ZENITH,Energy,264.95,1482147,0.016887353674918337,0.2576541510419137,0.24931623028876704,273.78,-0.03225217327781427
2023-04-18,ZENITH,Energy,267.84,2044218,0.010907718437440872,0.2713722884131575,0.24860401056973674,273.78,-0.021696252465483234
2023-04-19,ZENITH,Energy,274.8,1444895,0.025985663082437327,0.30440974035220925,0.25840188757983096,274.8,0.0
2023-04-20,ZENITH,Energy,283.24,741396,0.03071324599708869,0.34447239758864523,0.2755914459164411,283.24,0.0
2023-04-21,ZENITH,Energy,276.96,1865989,-0.022172009603163456,0.31466274267812167,0.28935569611621015,283.24,-0.022172009603163456
2023-04-24,ZENITH,Energy,280.55,1170381,0.012962160600808792,0.3317036122846153,0.29129099530848784,283.24,-0.009497246151673466
2023-04-25,ZENITH,Energy,275.89,1658772,-0.01661022990554273,0.30958370911852606,0.2899304861797274,283.24,-0.025949724615167424
2023-04-26,ZENITH,Energy,272.33,1185655,-0.012903693501033042,0.2926852423221147,0.29279934433174737,283.24,-0.0385185708233301
2023-04-27,ZENITH,Energy,277.45,1578536,0.018800719715051706,0.3169886552427965,0.29736887327362804,283.24,-0.02044202796215233
2023-04-28,ZENITH,Energy,286.34,1648475,0.032041809335015214,0.35918735463046425,0.31395211114332683,286.34,0.0
2023-05-01,ZENITH,Energy,283.84,1078662,-0.008730879374170608,0.34732045379028764,0.3169151293917901,286.34,-0.008730879374170608
2023-05-02,ZENITH,Energy,284.1,882215,0.0009160090191659975,0.3485546114776663,0.31689149916650083,286.34,-0.007822867919256682
2023-05-03,ZENITH,Energy,290.4,1405404,0.022175290390707314,0.3784592015949111,0.32310723077994025,290.4,0.0
2023-05-04,ZENITH,Energy,288.72,1074973,-0.005785123966941974,0.3704846442303127,0.30817239399804935,290.4,-0.005785123966941974
2023-05-05,ZENITH,Energy,281.47,547844,-0.02511083402604597,0.3360706317938007,0.29680353154633415,290.4,-0.03075068870523401
2023-05-08,ZENITH,Energy,278.25,3666612,-0.011439940313354935,0.3207860635116533,0.30291534875479276,290.4,-0.04183884297520657
2023-05-09,ZENITH,Energy,280.77,3042343,0.00905660377358486,0.3327478995585511,0.29277757034969487,290.4,-0.033161157024793386
2023-05-10,ZENITH,Energy,276.24,1078987,-0.016134202372048212,0.3112450752361513,0.2957338863314019,290.4,-0.048760330578512256
2023-05-11,ZENITH,Energy,271.16,1228214,-0.018389805965826733,0.28713153272891256,0.30206901576524386,290.4,-0.06625344352617069
2023-05-12,ZENITH,Energy,271.04,1067867,-0.00044254314795699745,0.28656192148858395,0.29606651694251074,290.4,-0.06666666666666654
2023-05-15,ZENITH,Energy,272.95,2306823,0.007046930342384794,0.29562823373047875,0.28576294095701743,290.4,-0.06008953168044073
2023-05-16,ZENITH,Energy,271.5,1058075,-0.005312328265249966,0.28874543124317653,0.2818741030885718,290.4,-0.0650826446280991
2023-05-17,ZENITH,Energy,270.34,1778744,-0.004272559852670388,0.2832391892533346,0.2802640471101455,290.4,-0.06907713498622592
2023-05-18,ZENITH,Energy,270.57,1038942,0.0008507804986315204,0.284330944130631,0.2646575607831812,290.4,-0.06828512396694209
2023-05-19,ZENITH,Energy,275.13,1006045,0.01685330967956533,0.30597617126311305,0.24780974604153858,290.4,-0.05258264462809914
2023-05-22,ZENITH,Energy,270.25,1867510,-0.017737069748846035,0.2828119808230882,0.24353502035070304,290.4,-0.0693870523415977
2023-05-23,ZENITH,Energy,273.04,567350,0.010323774283071296,0.2960554421607253,0.24178676952843503,290.4,-0.05977961432506873
2023-05-24,ZENITH,Energy,271.88,1468434,-0.004248461763844191,0.29054920017088337,0.2355593032216103,290.4,-0.06377410468319555
2023-05-25,ZENITH,Energy,275.93,1586219,0.014896277769604227,0.3097735795319694,0.23693356845561908,290.4,-0.049827823691459994
2023-05-26,ZENITH,Energy,269.15,1360641,-0.02457144928061472,0.27759054445341036,0.2428204892344578,290.4,-0.0731749311294766
2023-05-29,ZENITH,Energy,265.83,1496233,-0.012335129110161547,0.261831300137656,0.2127660471764166,290.4,-0.08460743801652892
2023-05-30,ZENITH,Energy,270.25,1822725,0.01662716773878059,0.28281198082308845,0.2227316110458148,290.4,-0.0693870523415977
2023-05-31,ZENITH,Energy,271.53,1018972,0.004736355226641953,0.2888878340532588,0.2238041956523868,290.4,-0.06497933884297524
2023-06-01,ZENITH,Energy,262.49,755281,-0.0332928221559311,0.2459771206151804,0.2305124394852173,290.4,-0.09610881542699712
2023-06-02,ZENITH,Energy,256.57,1211264,-0.022553240123433294,0.21787629942564224,0.2386816467535162,290.4,-0.11649449035812665
2023-06-05,ZENITH,Energy,257.63,1275056,0.004131426121526394,0.22290786538187723,0.22973276211494673,290.4,-0.11284435261707981
2023-06-06,ZENITH,Energy,257.54,1507012,-0.0003493381981911625,0.22248065695163088,0.228480180101015,290.4,-0.1131542699724517
2023-06-07,ZENITH,Energy,259.19,799278,0.006406771763609376,0.23031281150614724,0.2268123356111967,290.4,-0.10747245179063358
2023-06-08,ZENITH,Energy,255.96,1482367,-0.012461900536286041,0.21498077562063922,0.22462250710279802,290.4,-0.11859504132231391
2023-06-09,ZENITH,Energy,257.29,1528199,0.00519612439443673,0.22129396686761327,0.21976725374376152,290.4,-0.1140151515151514
2023-06-12,ZENITH,Energy,258.14,1270782,0.0033036651249560567,0.22532871315327307,0.22057047068516972,290.4,-0.11108815426997243
2023-06-13,ZENITH,Energy,260.05,920926,0.007399085767413105,0.2343950253951681,0.2207603185848875,290.4,-0.1045110192837464
2023-06-14,ZENITH,Energy,259.85,2610621,-0.0007690828686790496,0.23344567332795396,0.22051672026932495,290.4,-0.10519972451790616
2023-06-15,ZENITH,Energy,259.49,955773,-0.00138541466230524,0.23173683960696856,0.2203675238042412,290.4,-0.10643939393939383
2023-06-16,ZENITH,Energy,261.92,944024,0.009364522717638435,0.24327146722362025,0.22363455315551725,290.4,-0.09807162534435254
2023-06-19,ZENITH,Energy,259.41,1495985,-0.009583078802687828,0.23135709878008304,0.21495326412392546,290.4,-0.10671487603305774
2023-06-20,ZENITH,Energy,255.67,1634424,-0.014417331637176845,0.21360421512317873,0.21232050183377293,290.4,-0.11959366391184567
2023-06-21,ZENITH,Energy,246.35,1286601,-0.036453240505338935,0.16936440879100045,0.2369808148856717,290.4,-0.15168732782369143
2023-06-22,ZENITH,Energy,243.52,1175493,-0.01148772072254911,0.1559310770399207,0.2381008242874106,290.4,-0.16143250688705224
2023-06-23,ZENITH,Energy,247.1,1325763,0.01470105124835741,0.17292447904305353,0.23789486602873813,290.4,-0.14910468319559222
2023-06-26,ZENITH,Energy,243.87,812857,-0.013071630918656374,0.1575924431575455,0.22923296339745344,290.4,-0.16022727272727266
2023-06-27,ZENITH,Energy,243.17,1091806,-0.0028703817607742543,0.1542697109222959,0.22753973798001115,290.4,-0.16263774104683193
2023-06-28,ZENITH,Energy,241.81,1317338,-0.005592795163877118,0.14781411686523982,0.2146475743556084,290.4,-0.1673209366391184
2023-06-29,ZENITH,Energy,241.46,903291,-0.0014474173938215928,0.14615275074761502,0.21209709454720374,290.4,-0.16852617079889798
2023-06-30,ZENITH,Energy,230.92,1834904,-0.04365112233910384,0.09612189680543048,0.23136717395758177,290.4,-0.2048209366391185
2023-07-03,ZENITH,Energy,231.49,1076620,0.0024683873202842044,0.09882755019699085,0.22493089854512469,290.4,-0.20285812672176295
2023-07-04,ZENITH,Energy,231.44,1235425,-0.00021599205149258616,0.09859021218018715,0.22325642371646587,290.4,-0.203030303030303
2023-07-05,ZENITH,Energy,231.62,1351189,0.000777739370895203,0.09944462904067985,0.22358589322389794,290.4,-0.2024104683195591
2023-07-06,ZENITH,Energy,226.6,1588563,-0.02167343061911753,0.0756158921536052,0.22676360585607253,290.4,-0.2196969696969696
2023-07-07,ZENITH,Energy,236.37,1552727,0.04311562224183585,0.12199174063701523,0.2825408168384223,290.4,-0.1860537190082644
2023-07-10,ZENITH,Energy,236.96,2720224,0.0024960866438210605,0.12479232923529682,0.28163106258586446,290.4,-0.184022038567493
2023-07-11,ZENITH,Energy,234.2,1210338,-0.011647535449020974,0.11169127070774176,0.2816674538700993,290.4,-0.193526170798898
2023-07-12,ZENITH,Energy,231.45,848737,-0.011742100768573849,0.09863767978354754,0.2792961424045256,290.4,-0.20299586776859502
2023-07-13,ZENITH,Energy,228.46,1564328,-0.012918556923741553,0.08444486637869653,0.27993644532810935,290.4,-0.21329201101928363
2023-07-14,ZENITH,Energy,228.93,1119953,0.0020572529107940607,0.08667584373664972,0.2808982257469054,290.4,-0.2116735537190082
2023-07-17,ZENITH,Energy,227.79,637489,-0.004979688114270853,0.08126453695352898,0.2754840299953845,290.4,-0.21559917355371894
2023-07-18,ZENITH,Energy,227.86,594408,0.000307300583871184,0.08159681017705389,0.27621105244813876,290.4,-0.21535812672176302
2023-07-19,ZENITH,Energy,219.78,1447000,-0.03546037040287897,0.04324298666160309,0.29336605295232654,290.4,-0.24318181818181817
2023-07-20,ZENITH,Energy,223.49,1842939,0.016880516880516838,0.06085346750842513,0.28395512683219487,290.4,-0.2304063360881542
2023-07-21,ZENITH,Energy,224.41,782960,0.00411651528032575,0.06522048701761007,0.28424364962172666,290.4,-0.2272382920110192
2023-07-24,ZENITH,Energy,227.43,1202907,0.013457510806113904,0.07955570323254357,0.2832585400431453,290.4,-0.2168388429752065
2023-07-25,ZENITH,Energy,224.06,2298001,-0.014817746119685227,0.0635591208999855,0.2840429373132969,290.4,-0.22844352617079888
2023-07-26,ZENITH,Energy,226.51,941490,0.010934571097027446,0.07518868372335841,0.2886455021906001,290.4,-0.22000688705234162
2023-07-27,ZENITH,Energy,222.1,1694891,-0.019469339102026417,0.054255470641286996,0.29403754683807376,290.4,-0.23519283746556474
2023-07-28,ZENITH,Energy,217.72,1237599,-0.019720846465556052,0.03346466036929763,0.29890870192235025,290.4,-0.2502754820936639
2023-07-31,ZENITH,Energy,217.5,2348193,-0.0010104721660848526,0.032420373095362054,0.2633644160659668,290.4,-0.25103305785123964
2023-08-01,ZENITH,Energy,213.31,1159177,-0.019264367816091976,0.012531447287225994,0.2686801705749333,290.4,-0.26546143250688703
2023-08-02,ZENITH,Energy,215.57,1275182,0.010594908818151838,0.02325912564674537,0.27304703248750933,290.4,-0.25767906336088153
2023-08-03,ZENITH,Energy,215.57,1397027,0.0,0.02325912564674537,0.2729162240543423,290.4,-0.25767906336088153
2023-08-04,ZENITH,Energy,215.16,1091584,-0.0019019344064572508,0.02131295390895649,0.26458762853082046,290.4,-0.25909090909090904
2023-08-07,ZENITH,Energy,210.92,1386649,-0.019706265105038145,0.0011866900840169503,0.2131126008401826,290.4,-0.27369146005509637
2023-08-08,ZENITH,Energy,207.18,2155353,-0.017731841456476327,-0.016566193572887133,0.21526959399018203,290.4,-0.2865702479338842
2023-08-09,ZENITH,Energy,202.67,941824,-0.021768510473984093,-0.037974082688565836,0.22121812635097943,290.4,-0.3021005509641873
2023-08-10,ZENITH,Energy,202.78,1863714,0.0005427542310159073,-0.03745193905159805,0.22183062330949505,290.4,-0.30172176308539944
2023-08-11,ZENITH,Energy,200.28,1050064,-0.01232863201499157,-0.049318839891774546,0.22161426197115955,290.4,-0.31033057851239665
2023-08-14,ZENITH,Energy,200.19,1613245,-0.00044937088076690834,-0.0497460483220209,0.2206116388276575,290.4,-0.31064049586776854
2023-08-15,ZENITH,Energy,195.48,1464084,-0.023527648733703055,-0.07210328950491363,0.22845649596750678,290.4,-0.3268595041322314
2023-08-16,ZENITH,Energy,195.73,1152201,0.0012789032126048205,-0.07091659942089601,0.22888094751230648,290.4,-0.3259986225895317
2023-08-17,ZENITH,Energy,200.65,1444538,0.02513666785878521,-0.047562538567428425,0.2305671891396181,290.4,-0.309056473829201
2023-08-18,ZENITH,Energy,204.2,726419,0.017692499377024662,-0.03071153937437765,0.2315189616021976,290.4,-0.29683195592286504
2023-08-21,ZENITH,Energy,205.7,942219,0.007345739471106727,-0.02359139887027173,0.2332422248702825,290.4,-0.29166666666666663
2023-08-22,ZENITH,Energy,204.52,1730056,-0.005736509479824847,-0.029192576066834897,0.2244157235747597,290.4,-0.2957300275482093
2023-08-23,ZENITH,Energy,197.78,1031512,-0.0329552122041854,-0.06118574073195093,0.2425307163206263,290.4,-0.31893939393939386
2023-08-24,ZENITH,Energy,198.15,1179329,0.001870765497016924,-0.05942943940760481,0.23660517158967564,290.4,-0.3176652892561983
2023-08-25,ZENITH,Energy,192.86,1693740,-0.02669694675750689,-0.0845398015854184,0.24293580661187247,290.4,-0.33588154269972437
2023-08-28,ZENITH,Energy,192.72,971670,-0.0007259151716271228,-0.08520434803246835,0.2388742335562586,290.4,-0.3363636363636363
2023-08-29,ZENITH,Energy,194.35,1038877,0.008457866334578679,-0.0774671286846732,0.24341641162018424,290.4,-0.33075068870523416
2023-08-30,ZENITH,Energy,198.13,927349,0.01944944687419614,-0.059524374614326137,0.2520851048874327,290.4,-0.3177341597796143
2023-08-31,ZENITH,Energy,200.49,1382334,0.011911371321859487,-0.04832202022119936,0.25304465161465517,290.4,-0.3096074380165288
2023-09-01,ZENITH,Energy,197.98,1452247,-0.012519327647264267,-0.060236388664736684,0.2546824238621428,290.4,-0.3182506887052341
2023-09-04,ZENITH,Energy,201.68,594809,0.01868875644004464,-0.04267337542127514,0.266456451706076,290.4,-0.3055096418732781
2023-09-05,ZENITH,Energy,206.69,1264870,0.024841332804442562,-0.018892106137561426,0.27566788203384884,290.4,-0.2882575757575757
2023-09-06,ZENITH,Energy,207.48,2036672,0.0038221491121970264,-0.015142165472065594,0.2690388978636572,290.4,-0.28553719008264455
2023-09-07,ZENITH,Energy,210.9,1497003,0.016483516483516647,0.0010917548772961805,0.26221745639209637,290.4,-0.27376033057851235
2023-09-08,ZENITH,Energy,205.53,573587,-0.025462304409672898,-0.024398348127403158,0.2790094853141522,290.4,-0.2922520661157024
2023-09-11,ZENITH,Energy,205.87,1306293,0.0016542597187758634,-0.02278444961313908,0.2749002839707872,290.4,-0.29108126721763083
2023-09-12,ZENITH,Energy,203.95,850197,-0.009326273862146128,-0.03189822945839482,0.2773838794104028,290.4,-0.29769283746556474
2023-09-13,ZENITH,Energy,202.01,1685021,-0.00951213532728612,-0.04110694451037189,0.2657528913931924,290.4,-0.3043732782369146
2023-09-14,ZENITH,Energy,201.7,2206734,-0.0015345774961635916,-0.042578440214553814,0.26598766597518686,290.4,-0.30544077134986225
2023-09-15,ZENITH,Energy,204.47,1864148,0.013733267228557278,-0.029429914083638153,0.2560009301900498,290.4,-0.29590220385674926
2023-09-18,ZENITH,Energy,200.86,792105,-0.01765540177043079,-0.046565718896853014,0.2562839667870371,290.4,-0.30833333333333324
2023-09-19,ZENITH,Energy,206.83,1165582,0.029722194563377435,-0.018227559690511375,0.27605150783387467,290.4,-0.28777548209366377
2023-09-20,ZENITH,Energy,214.04,1294804,0.03485954648745326,0.01599658233255763,0.299495846460196,290.4,-0.2629476584022038
2023-09-21,ZENITH,Energy,215.6,1397853,0.007288357316389549,0.023401528456827858,0.2708130538863634,290.4,-0.25757575757575757
2023-09-22,ZENITH,Energy,216.61,1193902,0.004684601113172704,0.028195756396259375,0.2706763314318281,290.4,-0.25409779614325056
2023-09-25,ZENITH,Energy,213.99,1259341,-0.01209547112321685,0.015759244315754373,0.2537437829742163,290.4,-0.26311983471074374
2023-09-26,ZENITH,Energy,212.48,829091,-0.00705640450488354,0.008591636208287623,0.25650275666396427,290.4,-0.26831955922865014
2023-09-27,ZENITH,Energy,213.79,774049,0.00616528614457823,0.014809892248540013,0.2562116400395167,290.4,-0.2638085399449035
2023-09-28,ZENITH,Energy,211.84,1063736,-0.009121100145002004,0.005553709593202338,0.2545610338293205,290.4,-0.27052341597796137
2023-09-29,ZENITH,Energy,212.25,2002505,0.0019354229607251305,0.0074998813309914425,0.2526538346279041,290.4,-0.26911157024793386
2023-10-02,ZENITH,Energy,215.23,2148165,0.014040047114252108,0.02164522713248207,0.24903862468528684,290.4,-0.2588498622589531
2023-10-03,ZENITH,Energy,214.47,1069295,-0.003531106258421235,0.01803768927706839,0.2444944505564996,290.4,-0.2614669421487603
2023-10-04,ZENITH,Energy,215.04,1250524,0.002657714365645436,0.02074334266862854,0.23129610502172482,290.4,-0.2595041322314049
2023-10-05,ZENITH,Energy,214.11,1423347,-0.0043247767857141906,0.01632885555608299,0.23220214605788217,290.4,-0.2627066115702479
2023-10-06,ZENITH,Energy,213.38,1937718,-0.003409462425855936,0.012863720510751353,0.226286461711438,290.4,-0.2652203856749311
2023-10-09,ZENITH,Energy,212.78,1673534,-0.00281188490017803,0.01001566430910894,0.20604787567008132,290.4,-0.2672865013774104
2023-10-10,ZENITH,Energy,213.88,1777943,0.005169658802518962,0.015237100678786586,0.2063908387721486,290.4,-0.2634986225895316
2023-10-11,ZENITH,Energy,214.9,1140378,0.004769029362259314,0.02007879622157871,0.20246999494190146,290.4,-0.2599862258953167
2023-10-12,ZENITH,Energy,213.1,808787,-0.008375988832014958,0.011534627616651472,0.20165233117015965,290.4,-0.2661845730027548
2023-10-13,ZENITH,Energy,210.94,1743798,-0.010136086344439188,0.0012816252907390524,0.2060411373050323,290.4,-0.2736225895316804
2023-10-16,ZENITH,Energy,210.0,973621,-0.004456243481558708,-0.0031803294251673275,0.20283833819072913,290.4,-0.27685950413223137
2023-10-17,ZENITH,Energy,213.72,1867652,0.017714285714285793,0.014477619025015542,0.19803310076110972,290.4,-0.2640495867768594
2023-10-18,ZENITH,Energy,213.71,1386661,-4.679019277553653e-05,0.014430151421654935,0.1727123867035487,290.4,-0.2640840220385674
2023-10-19,ZENITH,Energy,213.3,1014061,-0.0019184876702073028,0.012483979683866053,0.12349070413419769,290.4,-0.2654958677685949
2023-10-20,ZENITH,Energy,208.24,1559631,-0.023722456633849087,-0.01153462761665136,0.14487216197601063,290.4,-0.28292011019283736
2023-10-23,ZENITH,Energy,211.26,1824118,0.014502497118709101,0.0028005885982818057,0.15395680930614516,290.4,-0.2725206611570248
2023-10-24,ZENITH,Energy,208.01,925417,-0.015383887153270881,-0.012626382493947763,0.15728915720910516,290.4,-0.2837121212121212
2023-10-25,ZENITH,Energy,209.37,2462853,0.006538147204461442,-0.006170788436891561,0.1580703669345231,290.4,-0.2790289256198346
2023-10-26,ZENITH,Energy,210.93,1447264,0.00745092420117488,0.0012341576873784454,0.1588301792821718,290.4,-0.2736570247933884
2023-10-27,ZENITH,Energy,211.72,1578954,0.0037453183520599342,0.004984098352874167,0.15636042072579304,290.4,-0.2709366391184572
2023-10-30,ZENITH,Energy,210.71,747038,-0.004770451539769516,0.00018987041344287192,0.15704906547936823,290.4,-0.2744146005509641
2023-10-31,ZENITH,Energy,210.47,1647786,-0.0011390062170756332,-0.0009493520672141376,0.1481351096893404,290.4,-0.2752410468319558
2023-11-01,ZENITH,Energy,213.57,957187,0.014728939991447643,0.013765604974604662,0.1574514613365788,290.4,-0.26456611570247934
2023-11-02,ZENITH,Energy,211.5,1267695,-0.009692372524230941,0.003939811078938371,0.16045688743918363,290.4,-0.27169421487603296
2023-11-03,ZENITH,Energy,206.44,2026441,-0.023924349881796703,-0.020078796221579043,0.17923727855390006,290.4,-0.2891184573002754
2023-11-06,ZENITH,Energy,203.65,1289100,-0.013514822708777352,-0.03332225755921614,0.1838292364211205,290.4,-0.2987258953168044
2023-11-07,ZENITH,Energy,200.31,1176053,-0.016400687453965168,-0.04917643708169206,0.19035148222954532,290.4,-0.3102272727272727
2023-11-08,ZENITH,Energy,198.61,1246982,-0.008486845389645947,-0.05724592965301201,0.1890183824846665,290.4,-0.31608126721763075
2023-11-09,ZENITH,Energy,196.9,1069576,-0.008609838376718248,-0.0653628898276929,0.18735992121104844,290.4,-0.3219696969696969
2023-11-10,ZENITH,Energy,197.62,981771,0.0036566785170137894,-0.061945222385721976,0.18852498026465286,290.4,-0.31949035812672166
2023-11-13,ZENITH,Energy,195.68,1595880,-0.009816820159902817,-0.07115393743769893,0.18838694411535398,290.4,-0.32617079889807155
2023-11-14,ZENITH,Energy,196.02,955729,0.001737530662305753,-0.06954003892343497,0.18921174700904542,290.4,-0.32499999999999996
2023-11-15,ZENITH,Energy,191.7,2316226,-0.02203856749311306,-0.09004604357526025,0.1838639143951728,290.4,-0.3398760330578512
2023-11-16,ZENITH,Energy,192.91,1623955,0.006311945748565417,-0.08430246356861482,0.1873523663279875,290.4,-0.33570936639118454
2023-11-17,ZENITH,Energy,196.2,742904,0.017054585039655734,-0.06868562206294249,0.20198300991128268,290.4,-0.3243801652892562
2023-11-20,ZENITH,Energy,190.49,787354,-0.029102956167176286,-0.09578962358190568,0.20936343762932444,290.4,-0.34404269972451784
2023-11-21,ZENITH,Energy,190.11,1042551,-0.0019948553729853824,-0.09759339250961241,0.1983543719791932,290.4,-0.3453512396694214
2023-11-22,ZENITH,Energy,193.36,1346931,0.017095365840829047,-0.08216642141738284,0.20845081571002863,290.4,-0.33415977961432497
2023-11-23,ZENITH,Energy,193.04,860082,-0.0016549441456351621,-0.08368538472492548,0.2054449202811376,290.4,-0.3352617079889807
2023-11-24,ZENITH,Energy,195.96,938033,0.015126398673850128,-0.06982484454359905,0.2123363874986009,290.4,-0.3252066115702479
2023-11-27,ZENITH,Energy,196.11,1079491,0.0007654623392530091,-0.06911283049318839,0.2113189554808018,290.4,-0.32469008264462795
2023-11-28,ZENITH,Energy,200.97,859688,0.024782010096374485,-0.04604357525988512,0.2328759785899879,290.4,-0.30795454545454537
2023-11-29,ZENITH,Energy,200.28,1738782,-0.0034333482609344435,-0.04931883989177388,0.23288629599724728,290.4,-0.31033057851239665
2023-11-30,ZENITH,Energy,199.51,995360,-0.003844617535450401,-0.052973845350548276,0.2245553320402231,290.4,-0.31298209366391183
2023-12-01,ZENITH,Energy,195.6,1573016,-0.01959801513708581,-0.07153367826458445,0.23073283324469895,290.4,-0.32644628099173545
2023-12-04,ZENITH,Energy,195.56,620888,-0.00020449897750507429,-0.07172354867802722,0.21874370530063886,290.4,-0.3265840220385674
2023-12-05,ZENITH,Energy,194.78,1272274,-0.003988545714870173,-0.07542602174016233,0.2151506516241886,290.4,-0.32926997245179057
2023-12-06,ZENITH,Energy,192.83,1000497,-0.010011294794126657,-0.0846822043955,0.21086949400329047,290.4,-0.33598484848484844
2023-12-07,ZENITH,Energy,196.65,1459403,0.01981019550899754,-0.06654957991171018,0.22193211763891268,290.4,-0.3228305785123966
2023-12-08,ZENITH,Energy,202.87,596842,0.03162979913551989,-0.03702473062135092,0.24563829899422057,290.4,-0.30141184573002744
2023-12-11,ZENITH,Energy,207.7,1949900,0.023808350174988835,-0.014097878198129798,0.25746371205055896,290.4,-0.2847796143250688
2023-12-12,ZENITH,Energy,210.07,785705,0.011410688493018739,-0.0028480562016424127,0.25516244704524327,290.4,-0.27661845730027546
2023-12-13,ZENITH,Energy,207.03,2048484,-0.014471366687294651,-0.017278207623297126,0.2626473791331383,290.4,-0.2870867768595041
2023-12-14,ZENITH,Energy,196.68,1257634,-0.04999275467323572,-0.06640717710162813,0.30953687428488236,290.4,-0.32272727272727264
2023-12-15,ZENITH,Energy,199.43,1893915,0.013982102908277394,-0.05335358617743391,0.3121979722643424,290.4,-0.31325757575757573
2023-12-18,ZENITH,Energy,199.35,1899550,-0.00040114325828621844,-0.05373332700431965,0.3072466543069383,290.4,-0.31353305785123964
2023-12-19,ZENITH,Energy,196.09,879420,-0.016353147730122863,-0.06920776569990983,0.29444688667833624,290.4,-0.32475895316804404
2023-12-20,ZENITH,Energy,199.48,1414451,0.017287980009179416,-0.05311624816063043,0.29906587797767004,290.4,-0.3130853994490358
2023-12-21,ZENITH,Energy,200.61,785113,0.005664728293563348,-0.04775240898087052,0.29460775139484674,290.4,-0.30919421487603294
2023-12-22,ZENITH,Energy,198.64,1179636,-0.009820048851004626,-0.05710352684292985,0.2972024205503972,290.4,-0.3159779614325069
2023-12-25,ZENITH,Energy,197.79,1314161,-0.004279097865485304,-0.06113827312858988,0.2935978688311291,290.4,-0.318904958677686
2023-12-26,ZENITH,Energy,192.51,1339165,-0.02669497952373734,-0.08620116770304287,0.30844585450305784,290.4,-0.33708677685950417
2023-12-27,ZENITH,Energy,193.32,2070440,0.004207573632538653,-0.0823562918308256,0.29496831867320433,290.4,-0.33429752066115703
2023-12-28,ZENITH,Energy,197.33,1092987,0.020742809848955268,-0.06332178288318224,0.3048807503319776,290.4,-0.3204889807162533
2023-12-29,ZENITH,Energy,200.88,941859,0.017990168752850533,-0.04647078369013147,0.3112059721170474,290.4,-0.3082644628099174
2024-01-01,ZENITH,Energy,199.33,1928337,-0.007716049382715973,-0.05382826221104087,0.3041748537732627,290.4,-0.3136019283746555
2024-01-02,ZENITH,Energy,198.69,1008688,-0.003210756032709705,-0.05686618882612615,0.304512429968406,290.4,-0.31580578512396684
2024-01-03,ZENITH,Energy,194.51,1423148,-0.021037797574110506,-0.0767076470309015,0.31357692465890885,290.4,-0.33019972451790636
2024-01-04,ZENITH,Energy,195.07,1246077,0.0028790293558171864,-0.07404946124270195,0.3115012048288546,290.4,-0.3282713498622589
2024-01-05,ZENITH,Energy,192.84,3536657,-0.011431793715076632,-0.08463473679213951,0.3061501685965247,290.4,-0.33595041322314045
2024-01-08,ZENITH,Energy,192.95,1188370,0.000570421074465699,-0.08411259315517194,0.2827693747167493,290.4,-0.3355716253443526
2024-01-09,ZENITH,Energy,192.59,1403784,-0.001865768333765172,-0.08582142687615735,0.2664974075069742,290.4,-0.33681129476584015
2024-01-10,ZENITH,Energy,201.82,941065,0.04792564515291553,-0.04200882897422542,0.3173315993220219,290.4,-0.3050275482093664
2024-01-11,ZENITH,Energy,196.62,1167612,-0.025765533643841043,-0.06669198272179266,0.325362175134546,290.4,-0.32293388429752057
2024-01-12,ZENITH,Energy,198.55,1266906,0.009815888515918969,-0.057530735273176425,0.27718860037670306,290.4,-0.3162878787878787
2024-01-15,ZENITH,Energy,198.18,991563,-0.0018635104507680467,-0.05928703659752255,0.27294840954632005,290.4,-0.31756198347107434
2024-01-16,ZENITH,Energy,207.82,2541529,0.04864264809768892,-0.013528266957801738,0.32103902304294135,290.4,-0.28436639118457296
2024-01-17,ZENITH,Energy,213.47,1118385,0.027186988740256046,0.013290928940997482,0.3247845129622696,290.4,-0.2649104683195592
2024-01-18,ZENITH,Energy,219.53,2238511,0.02838806389656634,0.04205629657758547,0.33258204898322785,290.4,-0.24404269972451786
2024-01-19,ZENITH,Energy,218.33,1168908,-0.005466223295221506,0.03636018417430087,0.334437952212254,290.4,-0.24817493112947653
2024-01-22,ZENITH,Energy,219.65,1316538,0.0060458938304401855,0.04262590781791409,0.3305222625651638,290.4,-0.243629476584022
2024-01-23,ZENITH,Energy,221.34,809566,0.007694058729797337,0.05064793278587332,0.3288838813163958,290.4,-0.23780991735537182
2024-01-24,ZENITH,Energy,220.46,1563765,-0.00397578386193187,0.046470783690131245,0.30965184094187975,290.4,-0.24084022038567487
2024-01-25,ZENITH,Energy,222.87,3468397,0.010931688288124741,0.05791047610006128,0.30985820727707,290.4,-0.23254132231404956
2024-01-26,ZENITH,Energy,222.21,1665318,-0.002961367613406929,0.05477761427825456,0.3074585721283977,290.4,-0.23481404958677676
2024-01-29,ZENITH,Energy,220.11,1052381,-0.009450519778587796,0.04480941757250623,0.30849511971245186,290.4,-0.24204545454545445
2024-01-30,ZENITH,Energy,220.5,1618494,0.0017718413520511067,0.04666065410357367,0.30548187489154893,290.4,-0.24070247933884292
2024-01-31,ZENITH,Energy,226.21,584896,0.02589569160997729,0.07376465562253687,0.31220046763137554,290.4,-0.22103994490358114
2024-02-01,ZENITH,Energy,229.83,1010999,0.016002829229477156,0.09094792803911278,0.29722558049577835,290.4,-0.20857438016528917
2024-02-02,ZENITH,Energy,224.78,708896,-0.021972762476613172,0.06697678834195608,0.31472217466630115,290.4,-0.22596418732782364
2024-02-05,ZENITH,Energy,224.69,1153469,-0.00040039149390513895,0.06654957991170973,0.3088658943451669,290.4,-0.22627410468319553
2024-02-06,ZENITH,Energy,224.53,2146468,-0.0007120922159419285,0.06579009825793847,0.3092592750245853,290.4,-0.22682506887052334
2024-02-07,ZENITH,Energy,220.82,974533,-0.01652340444484035,0.04817961741111643,0.3188262744032718,290.4,-0.2396005509641873
2024-02-08,ZENITH,Energy,225.19,1108249,0.019789874105606398,0.06892296007974519,0.2862463867314961,290.4,-0.22455234159779613
2024-02-09,ZENITH,Energy,219.61,1003452,-0.02477907544739988,0.042436037404471216,0.28491107570620017,290.4,-0.24376721763085385
2024-02-12,ZENITH,Energy,216.91,1567558,-0.012294522107372252,0.02961978449708047,0.29085706002560097,290.4,-0.2530647382920109
2024-02-13,ZENITH,Energy,217.78,1476771,0.004010880088515911,0.033749465989461935,0.28997911496227013,290.4,-0.25006887052341586
2024-02-14,ZENITH,Energy,220.71,1136684,0.013453944347506797,0.047657473774149084,0.2448335575582589,290.4,-0.23997933884297507
2024-02-15,ZENITH,Energy,219.84,1555170,-0.003941824113089631,0.04352779228176762,0.22931311913073565,290.4,-0.24297520661157013
2024-02-16,ZENITH,Energy,217.76,1411880,-0.009461426491994218,0.03365453078274072,0.21007092769693606,290.4,-0.25013774104683195
2024-02-19,ZENITH,Energy,217.84,1638233,0.00036737692872890193,0.034034271609626465,0.20923430561869236,290.4,-0.24986225895316794
2024-02-20,ZENITH,Energy,221.31,1129571,0.015929122291590048,0.0505055299757915,0.2155526506598881,290.4,-0.2379132231404958
2024-02-21,ZENITH,Energy,222.23,933192,0.00415706475080202,0.05487254948497644,0.21439931877111812,290.4,-0.2347451790633609
2024-02-22,ZENITH,Energy,220.52,730102,-0.007694730684425943,0.046755589310295775,0.2157120410847757,290.4,-0.24063360881542695
2024-02-23,ZENITH,Energy,219.49,1178294,-0.004670778160711042,0.041866426164143045,0.21258984530688155,290.4,-0.24418044077134982
2024-02-26,ZENITH,Energy,223.21,963110,0.016948380336234026,0.059524374614325914,0.2208791233026863,290.4,-0.23137052341597786
2024-02-27,ZENITH,Energy,225.61,1050904,0.010752206442363743,0.07091659942089557,0.22072216116112636,290.4,-0.22310606060606053
2024-02-28,ZENITH,Energy,227.32,1090590,0.007579451265457893,0.07903355959557623,0.22180340185727626,290.4,-0.21721763085399448
2024-02-29,ZENITH,Energy,229.17,1174282,0.008138307232095743,0.08781506621730695,0.20514349621344172,290.4,-0.2108471074380165
2024-03-01,ZENITH,Energy,227.56,902882,-0.007025352358511094,0.08017278207623324,0.19891313733240074,290.4,-0.21639118457300266
2024-03-04,ZENITH,Energy,226.01,1449304,-0.006811390402531203,0.07281530355532384,0.1846122881900958,290.4,-0.221728650137741
2024-03-05,ZENITH,Energy,228.87,1186552,0.012654307331534165,0.08639103811648607,0.1894422612713017,290.4,-0.21188016528925613
2024-03-06,ZENITH,Energy,223.26,1262617,-0.024511731550661997,0.05976171263112984,0.2089973582711316,290.4,-0.23119834710743803
2024-03-07,ZENITH,Energy,222.55,1092611,-0.0031801487055450606,0.05639151279251964,0.2008068473206134,290.4,-0.23364325068870517
2024-03-08,ZENITH,Energy,220.6,772471,-0.008762075937991498,0.04713533013718196,0.19023503153304436,290.4,-0.24035812672176304
2024-03-11,ZENITH,Energy,220.08,1308996,-0.0023572076155937705,0.044667014762425294,0.1695179674380169,290.4,-0.24214876033057842
2024-03-12,ZENITH,Energy,216.92,1334976,-0.014358415121774049,0.029667252100441965,0.17156637091326155,290.4,-0.25303030303030305
2024-03-13,ZENITH,Energy,214.76,1872543,-0.009957588050894306,0.019414249774529324,0.17431284385275012,290.4,-0.26046831955922867
2024-03-14,ZENITH,Energy,214.38,2136991,-0.001769417023654296,0.017610480846822485,0.16664841370715466,290.4,-0.2617768595041322
2024-03-15,ZENITH,Energy,217.28,2220514,0.01352738128556763,0.03137608582142737,0.17402570330213996,290.4,-0.2517906336088154
2024-03-18,ZENITH,Energy,214.22,1315925,-0.014083210603829222,0.01685099919305122,0.1777216000651736,290.4,-0.26232782369146
2024-03-19,ZENITH,Energy,215.29,1510546,0.0049948650919615645,0.021930032752646822,0.17879815369615268,290.4,-0.2586432506887052
2024-03-20,ZENITH,Energy,210.86,1574291,-0.02057689627943693,0.0009018844638539747,0.18123744632139707,290.4,-0.2738980716253443
2024-03-21,ZENITH,Energy,209.36,2513461,-0.007113724746277139,-0.006218256040251946,0.18042978595872994,290.4,-0.2790633608815426
2024-03-22,ZENITH,Energy,211.63,1236201,0.010842567825754656,0.00455688992262826,0.18541937294292907,290.4,-0.2712465564738291
2024-03-25,ZENITH,Energy,211.23,700693,-0.001890091196900312,0.002658185788199985,0.18514437765398678,290.4,-0.27262396694214874
2024-03-26,ZENITH,Energy,209.71,1156640,-0.007195947545329595,-0.004556889922627261,0.17289001624883474,290.4,-0.277858126721763
2024-03-27,ZENITH,Energy,206.63,925640,-0.014686948643364728,-0.019176911757724846,0.16999576209332457,290.4,-0.28846418732782364
2024-03-28,ZENITH,Energy,206.05,1293168,-0.002806949620093757,-0.02193003275264571,0.1647137341579955,290.4,-0.29046143250688694
2024-03-29,ZENITH,Energy,208.9,1194116,0.013831594273234549,-0.008401765794844529,0.17131667825277921,290.4,-0.28064738292011016
2024-04-01,ZENITH,Energy,210.15,1549078,0.005983724269985613,-0.0024683153747562248,0.17464651745635332,290.4,-0.27634297520661144
2024-04-02,ZENITH,Energy,213.45,1543431,0.015703069236259637,0.013195993734276712,0.18663646751767993,290.4,-0.2649793388429752
2024-04-03,ZENITH,Energy,215.75,1088139,0.01077535722651679,0.024113542507239183,0.1847991958894949,290.4,-0.25705922865013764
2024-04-04,ZENITH,Energy,211.94,1352739,-0.01765932792584013,0.006028385626809962,0.17594055494599914,290.4,-0.2701790633608815
2024-04-05,ZENITH,Energy,203.29,1000692,-0.04081343776540536,-0.0350310912802011,0.22062363053531592,290.4,-0.29996556473829195
2024-04-08,ZENITH,Energy,206.12,1280146,0.013920999557282654,-0.02159775952912124,0.22857385103618222,290.4,-0.290220385674931
2024-04-09,ZENITH,Energy,204.04,1589853,-0.010091209004463475,-0.03147102102814825,0.22981197277463336,290.4,-0.29738292011019285
2024-04-10,ZENITH,Energy,205.01,1731956,0.004753969809841108,-0.026866663502159827,0.227959269451406,290.4,-0.2940426997245179
2024-04-11,ZENITH,Energy,200.55,886107,-0.02175503633969067,-0.04803721460103472,0.23627749252146274,290.4,-0.30940082644628086
2024-04-12,ZENITH,Energy,197.35,999955,-0.015956120668162654,-0.0632268476764608,0.24031092902473294,290.4,-0.32042011019283745
2024-04-15,ZENITH,Energy,200.62,1032922,0.016569546491005838,-0.0477049413775098,0.24329112130154087,290.4,-0.30915977961432495
2024-04-16,ZENITH,Energy,202.46,900993,0.009171568138769848,-0.0389709023591398,0.24409577000345875,290.4,-0.30282369146005506
2024-04-17,ZENITH,Energy,205.43,1195094,0.01466956435839184,-0.024873024161010004,0.25010118965899525,290.4,-0.2925964187327823
2024-04-18,ZENITH,Energy,202.73,631116,-0.013143163121257961,-0.03768927706840086,0.24444722768363591,290.4,-0.3018939393939394
2024-04-19,ZENITH,Energy,200.16,927655,-0.01267695950278691,-0.049888451132102385,0.24673237917090213,290.4,-0.3107438016528925
2024-04-22,ZENITH,Energy,198.2,964099,-0.009792166266986424,-0.05919210139080089,0.243509910077124,290.4,-0.31749311294765836
2024-04-23,ZENITH,Energy,193.37,572149,-0.02436932391523705,-0.08211895381402201,0.2544204332793068,290.4,-0.334125344352617
2024-04-24,ZENITH,Energy,189.3,2306690,-0.02104773232662771,-0.10143826838182946,0.26100146236060295,290.4,-0.3481404958677685
2024-04-25,ZENITH,Energy,186.02,724780,-0.01732699418911776,-0.11700764228414107,0.262426269356993,290.4,-0.3594352617079889
2024-04-26,ZENITH,Energy,180.82,973095,-0.027953983442640662,-0.14169079603170842,0.27414417213129105,290.4,-0.3773415977961432
2024-04-29,ZENITH,Energy,186.14,1709185,0.029421524167680513,-0.11643803104381267,0.29306194689160153,290.4,-0.35902203856749315
2024-04-30,ZENITH,Energy,189.69,1171949,0.019071666487590067,-0.0995870318507619,0.30276617203646694,290.4,-0.346797520661157
2024-05-01,ZENITH,Energy,185.72,1489047,-0.02092888396858028,-0.11843167038496227,0.298233330818556,290.4,-0.36046831955922864
2024-05-02,ZENITH,Energy,185.33,1146363,-0.0020999353866034687,-0.12028290691602983,0.29214376899918826,290.4,-0.3618112947658402
2024-05-03,ZENITH,Energy,187.96,1296560,0.014190902714077636,-0.107798927232164,0.29833764586248634,290.4,-0.352754820936639
2024-05-06,ZENITH,Energy,187.72,1667117,-0.0012768674185997808,-0.10893814971282101,0.2694661473553581,290.4,-0.35358126721763083
2024-05-07,ZENITH,Energy,192.11,1122460,0.023385893884508846,-0.08809987183747092,0.2790662154952811,290.4,-0.3384641873278236
2024-05-08,ZENITH,Energy,196.44,1298075,0.022539170267034336,-0.06754639958228525,0.2915264552404071,290.4,-0.32355371900826446
2024-05-09,ZENITH,Energy,192.72,1602836,-0.01893708002443495,-0.08520434803246801,0.29648330316917926,290.4,-0.3363636363636363
2024-05-10,ZENITH,Energy,195.68,1213183,0.015359070153590837,-0.07115393743769882,0.2944128170084246,290.4,-0.32617079889807155
2024-05-13,ZENITH,Energy,197.3,953891,0.008278822567457045,-0.0634641856932644,0.2908550763686391,290.4,-0.3205922865013773
2024-05-14,ZENITH,Energy,199.73,1481322,0.012316269640141764,-0.051929558076612925,0.28819028262727503,290.4,-0.3122245179063361
2024-05-15,ZENITH,Energy,203.86,1316923,0.02067791518550055,-0.03232543788864106,0.2954955813699491,290.4,-0.2980027548209365
2024-05-16,ZENITH,Energy,207.31,1081576,0.01692337878936523,-0.015949114729197356,0.29695749851995173,290.4,-0.28612258953168035
2024-05-17,ZENITH,Energy,205.81,1891169,-0.007235540977280408,-0.023069255233303276,0.2942048622474258,290.4,-0.29128787878787876
2024-05-20,ZENITH,Energy,203.19,1334543,-0.01273018803751036,-0.03550576731380839,0.29423582756091693,290.4,-0.3003099173553718
2024-05-21,ZENITH,Energy,199.94,1023207,-0.01599488163787588,-0.05093273840603796,0.29783292474978645,290.4,-0.31150137741046824
2024-05-22,ZENITH,Energy,201.86,2484143,0.009602880864259422,-0.041818958560782216,0.28494084001879416,290.4,-0.30488980716253433
2024-05-23,ZENITH,Energy,202.53,1937289,0.0033191320717327333,-0.038638629135615,0.2721029631631532,290.4,-0.30258264462809914
2024-05-24,ZENITH,Energy,202.1,1881538,-0.002123142250530785,-0.04067973608012532,0.26246367820908006,290.4,-0.3040633608815426
2024-05-27,ZENITH,Energy,205.26,916825,0.01563582384957929,-0.02567997341814221,0.23768317266893146,290.4,-0.2931818181818182
2024-05-28,ZENITH,Energy,203.96,1522234,-0.0063334307707296755,-0.03185076185503388,0.22555846734875928,290.4,-0.29765840220385664
2024-05-29,ZENITH,Energy,204.35,981408,0.0019121396352226316,-0.029999525323966325,0.21929716108503153,290.4,-0.2963154269972451
2024-05-30,ZENITH,Energy,203.26,1214067,-0.005333985808661623,-0.035173494090283364,0.20335564520204266,290.4,-0.3000688705234159
2024-05-31,ZENITH,Energy,204.97,921515,0.008412870215487533,-0.027056533915602587,0.20239034061034725,290.4,-0.29418044077134986
2024-06-03,ZENITH,Energy,205.32,1469900,0.0017075669610187028,-0.025395167797977902,0.1997610192155943,290.4,-0.29297520661157017
2024-06-04,ZENITH,Energy,207.88,1008034,0.012468342100136365,-0.013243461337637097,0.20060689368718182,290.4,-0.28415977961432504
2024-06-05,ZENITH,Energy,209.01,1731223,0.005435828362516881,-0.007879622157877186,0.1891246399821718,290.4,-0.2802685950413223
2024-06-06,ZENITH,Energy,203.24,2967524,-0.027606334625137507,-0.03526842929700469,0.2064704492746867,290.4,-0.3001377410468319
2024-06-07,ZENITH,Energy,199.44,1798413,-0.01869710686872672,-0.05330611857407319,0.20616964471028135,290.4,-0.31322314049586775
2024-06-10,ZENITH,Energy,195.58,664597,-0.019354191736863147,-0.07162861347130578,0.21220215181287308,290.4,-0.3265151515151514
2024-06-11,ZENITH,Energy,196.11,1141122,0.002709888536660099,-0.06911283049318839,0.21035363475569432,290.4,-0.32469008264462795
2024-06-12,ZENITH,Energy,193.2,968776,-0.014838610983631817,-0.0829259030711541,0.21102026925042558,290.4,-0.3347107438016529
2024-06-13,ZENITH,Energy,192.49,1332707,-0.0036749482401655653,-0.0862961029097642,0.19503227977182236,290.4,-0.33715564738292003
2024-06-14,ZENITH,Energy,190.2,1251775,-0.011896721907631691,-0.09716618407936606,0.18380500752445536,290.4,-0.3450413223140496
2024-06-17,ZENITH,Energy,189.09,1882286,-0.005835962145110285,-0.10243508805240431,0.18356117054740384,290.4,-0.34886363636363626
2024-06-18,ZENITH,Energy,195.14,2262946,0.0319953461314717,-0.07371718801917704,0.218671909377344,290.4,-0.328030303030303
2024-06-19,ZENITH,Energy,199.82,1179504,0.02398278159270273,-0.05150234964636646,0.2296270748218869,290.4,-0.3119146005509642
2024-06-20,ZENITH,Energy,202.67,1799613,0.014262836552897618,-0.03797408268856517,0.23261240031148453,290.4,-0.3021005509641873
2024-06-21,ZENITH,Energy,206.03,547725,0.01657867469285046,-0.022024967959367814,0.23922697437183735,290.4,-0.2905303030303029
2024-06-24,ZENITH,Energy,207.83,960960,0.008736591758481849,-0.013480799354440576,0.24043877871948333,290.4,-0.28433195592286487
2024-06-25,ZENITH,Energy,210.73,1510052,0.013953712168599308,0.0002848056201643079,0.23925523148053518,290.4,-0.27434573002754814
2024-06-26,ZENITH,Energy,210.47,1371449,-0.0012338062924120985,-0.0009493520672140265,0.2378367048490239,290.4,-0.2752410468319558
2024-06-27,ZENITH,Energy,210.48,1522488,4.751270964975518e-05,-0.0009018844638534196,0.2378939746254354,290.4,-0.27520661157024795
2024-06-28,ZENITH,Energy,207.1,1390620,-0.016058532877233023,-0.01694593439977221,0.2445910858834364,290.4,-0.2868457300275482
2024-07-01,ZENITH,Energy,204.71,1955259,-0.011540318686624751,-0.028290691602980922,0.24673326990469485,290.4,-0.29507575757575755
2024-07-02,ZENITH,Energy,203.12,1046852,-0.0077670851448390366,-0.03583804053733319,0.24811252358506555,290.4,-0.30055096418732774
2024-07-03,ZENITH,Energy,197.64,1185704,-0.02697912564001581,-0.06185028717900032,0.25970013167516504,290.4,-0.3194214876033058
2024-07-04,ZENITH,Energy,200.27,1606675,0.013307022869864626,-0.049366307495134376,0.26404004327124947,290.4,-0.31036501377410464
2024-07-05,ZENITH,Energy,203.43,1334272,0.015778698756678367,-0.03436654483315127,0.2533770025257414,290.4,-0.2994834710743801
2024-07-08,ZENITH,Energy,204.01,1629183,0.002851103573710878,-0.03161342383823029,0.24398586716042558,290.4,-0.2974862258953168
2024-07-09,ZENITH,Energy,198.72,1342481,-0.025930101465614364,-0.05672378601604389,0.25189824865480537,290.4,-0.3157024793388429
2024-07-10,ZENITH,Energy,202.73,3073525,0.020179146537842252,-0.03768927706840064,0.2606166560089887,290.4,-0.3018939393939394
2024-07-11,ZENITH,Energy,200.26,940605,-0.012183692596063778,-0.049413775098495094,0.2586473100345716,290.4,-0.3103994490358126
2024-07-12,ZENITH,Energy,199.44,1220423,-0.004094676920003981,-0.05330611857407297,0.25876406991614065,290.4,-0.31322314049586775
2024-07-15,ZENITH,Energy,197.05,869553,-0.011983553951062875,-0.06465087577728168,0.25882222065152144,290.4,-0.3214531680440771
2024-07-16,ZENITH,Energy,202.41,1835179,0.027201217964983426,-0.03920824037594317,0.2715117243506139,290.4,-0.302995867768595
2024-07-17,ZENITH,Energy,203.32,1101226,0.004495825305073753,-0.034888688470118945,0.2509328488068923,290.4,-0.299862258953168
2024-07-18,ZENITH,Energy,199.45,2378070,-0.01903403501868972,-0.05325865097071225,0.24784189611255497,290.4,-0.31318870523415976
2024-07-19,ZENITH,Energy,202.7,978843,0.016294810729506226,-0.03783167987848257,0.24940741648280393,290.4,-0.30199724517906334
2024-07-22,ZENITH,Energy,204.25,1127546,0.007646768623581712,-0.03047420135757306,0.24383988013942257,290.4,-0.296659779614325
2024-07-23,ZENITH,Energy,204.52,2320521,0.0013219094247245433,-0.02919257606683401,0.24172095237229813,290.4,-0.2957300275482093
2024-07-24,ZENITH,Energy,207.52,1679844,0.014668492079014328,-0.014952295058622056,0.24227724748038004,290.4,-0.2853994490358126
2024-07-25,ZENITH,Energy,202.43,1041824,-0.02452775636083271,-0.039113305169221624,0.25606655925407856,290.4,-0.302926997245179
2024-07-26,ZENITH,Energy,202.78,1263720,0.0017289927382304615,-0.03745193905159694,0.25627969615803986,290.4,-0.30172176308539944
2024-07-29,ZENITH,Energy,200.18,1218756,-0.012821777295591308,-0.049793515925380616,0.25422363051715285,290.4,-0.31067493112947653
2024-07-30,ZENITH,Energy,203.6,1278786,0.017084623838545143,-0.033559595576019174,0.2592602754233285,290.4,-0.2988980716253443
2024-07-31,ZENITH,Energy,205.52,1363603,0.009430255402750554,-0.024445815730763543,0.25972264300588915,290.4,-0.2922865013774104
2024-08-01,ZENITH,Energy,201.31,1235596,-0.020484624367458237,-0.04442967674562104,0.25186119271813384,290.4,-0.3067837465564738
2024-08-02,ZENITH,Energy,200.38,665086,-0.004619740698425301,-0.0488441638581667,0.24845361635767577,290.4,-0.30998622589531677
2024-08-05,ZENITH,Energy,199.06,1472645,-0.006587483780816417,-0.05510988750177992,0.24273320447550922,290.4,-0.3145316804407713
2024-08-06,ZENITH,Energy,197.79,1288644,-0.006379985933889332,-0.06113827312858966,0.2430313290281261,290.4,-0.318904958677686
2024-08-07,ZENITH,Energy,198.64,2047227,0.004297487233934971,-0.05710352684292963,0.22652612176879516,290.4,-0.3159779614325069
2024-08-08,ZENITH,Energy,203.48,1011796,0.02436568666935157,-0.03412920681634779,0.23161417412248456,290.4,-0.2993112947658402
2024-08-09,ZENITH,Energy,206.04,951547,0.01258108905052091,-0.021977500356006985,0.23071244271809105,290.4,-0.29049586776859504
2024-08-12,ZENITH,Energy,209.57,1008323,0.017132595612502355,-0.005221436369677757,0.23593642427597794,290.4,-0.27834022038567485
2024-08-13,ZENITH,Energy,210.55,2031010,0.0046762418285060114,-0.0005696112403285047,0.23006471987774044,290.4,-0.2749655647382919
2024-08-14,ZENITH,Energy,208.56,632371,-0.009451436713369787,-0.010015664309109051,0.2166518282470399,290.4,-0.28181818181818175
2024-08-15,ZENITH,Energy,210.85,1385412,0.010980053701572734,0.0008544168604927016,0.218928319105888,290.4,-0.2739325068870523
2024-08-16,ZENITH,Energy,221.02,859401,0.04823334123784684,0.04912896947833101,0.2585948771552105,290.4,-0.23891184573002744
2024-08-19,ZENITH,Energy,221.46,2475498,0.0019907700660573013,0.05121754402620193,0.2554701655320045,290.4,-0.23739669421487597
2024-08-20,ZENITH,Energy,215.22,1875938,-0.02817664589542135,0.02159775952912124,0.2787203246830834,290.4,-0.2588842975206611
2024-08-21,ZENITH,Energy,220.34,1019572,0.023789610630982283,0.04590117244980285,0.28809069708587665,290.4,-0.24125344352617073
2024-08-22,ZENITH,Energy,220.86,995024,0.0023599891077425994,0.04836948782455952,0.2853334807588235,290.4,-0.23946280991735525
2024-08-23,ZENITH,Energy,220.37,825080,-0.0022186000181110277,0.046043575259884895,0.2680337441645536,290.4,-0.24115013774104677
2024-08-26,ZENITH,Energy,224.39,2109556,0.018242047465625966,0.06512555181088886,0.2721979790061882,290.4,-0.22730716253443528
2024-08-27,ZENITH,Energy,222.42,716329,-0.008779357368866703,0.05577443394882975,0.2692120798332024,290.4,-0.23409090909090913
2024-08-28,ZENITH,Energy,228.1,959802,0.025537271828073083,0.0827360326577109,0.2754477478784362,290.4,-0.2145316804407713
2024-08-29,ZENITH,Energy,216.9,2064331,-0.0491012713722051,0.029572316893719863,0.3335944682721035,290.4,-0.2530991735537189
2024-08-30,ZENITH,Energy,214.52,1605552,-0.010972798524665706,0.01827502729387187,0.3267941289293668,290.4,-0.26129476584022027
2024-09-02,ZENITH,Energy,213.11,1063769,-0.006572813723662141,0.0115820952200123,0.3274548551683142,290.4,-0.2661501377410467
2024-09-03,ZENITH,Energy,217.74,959437,0.02172586926939135,0.033559595576019285,0.3315203030662157,290.4,-0.2502066115702478
2024-09-04,ZENITH,Energy,216.11,1195161,-0.007485992468081126,0.025822376228224142,0.33199896195660966,290.4,-0.2558195592286501
2024-09-05,ZENITH,Energy,222.01,1305144,0.027300911572810005,0.053828262211040645,0.34131068863663055,290.4,-0.23550275482093663
2024-09-06,ZENITH,Energy,228.15,1587935,0.027656411873339115,0.08297337067451438,0.3437801639005826,290.4,-0.21435950413223137
2024-09-09,ZENITH,Energy,228.71,727791,0.002454525531448537,0.08563155646271392,0.3430106654755858,290.4,-0.21243112947658394
2024-09-10,ZENITH,Energy,224.97,794533,-0.01635258624458924,0.06787867280580984,0.3479184028506198,290.4,-0.22530991735537187
2024-09-11,ZENITH,Energy,230.04,1433043,0.02253633817842382,0.09194474770968797,0.35405416578298166,290.4,-0.20785123966942143
2024-09-12,ZENITH,Energy,228.9,1683970,-0.0049556598852372735,0.08653344092656745,0.3521656254390977,290.4,-0.21177685950413216
2024-09-13,ZENITH,Energy,230.9,789992,0.008737439930100566,0.09602696159870883,0.35174522135712694,290.4,-0.20488980716253435
2024-09-16,ZENITH,Energy,229.8,842699,-0.0047639670853183436,0.09080552522903118,0.3148239698373649,290.4,-0.20867768595041314
2024-09-17,ZENITH,Energy,225.2,1320363,-0.02001740644038308,0.06897042768310602,0.3239702111407537,290.4,-0.22451790633608815
2024-09-18,ZENITH,Energy,225.27,891494,0.00031083481349925,0.06930270090663115,0.3061888500032481,290.4,-0.22427685950413212
2024-09-19,ZENITH,Energy,228.74,1694000,0.015403737736937817,0.08577395927279619,0.3001093052376854,290.4,-0.21232782369145997
2024-09-20,ZENITH,Energy,223.04,1578791,-0.024919122147416317,0.0587174253571936,0.3141920767102763,290.4,-0.23195592286501376
2024-09-23,ZENITH,Energy,221.8,2182340,-0.005559540889526482,0.05283144254046612,0.3147897399027686,290.4,-0.23622589531680427
2024-09-24,ZENITH,Energy,215.88,1997542,-0.026690712353471646,0.02473062135092796,0.3212888818367528,290.4,-0.2566115702479338
2024-09-25,ZENITH,Energy,218.42,1888877,0.011765795812488378,0.03678739260454722,0.32341481650235787,290.4,-0.24786501377410464
2024-09-26,ZENITH,Energy,218.36,1582806,-0.0002747001190366305,0.036502586984383134,0.30910958308832753,290.4,-0.24807162534435256
2024-09-27,ZENITH,Energy,223.34,989150,0.022806374793918227,0.060141453458014915,0.2684293265245563,290.4,-0.23092286501377401
2024-09-30,ZENITH,Energy,222.02,1284423,-0.005910271335183959,0.053875729814401696,0.266020267217021,290.4,-0.23546831955922853
2024-10-01,ZENITH,Energy,220.76,1882871,-0.005675164399603694,0.04789481179095256,0.2656834650818137,290.4,-0.23980716253443524
2024-10-02,ZENITH,Energy,218.42,1263472,-0.01059974633085703,0.03678739260454722,0.2586632867961679,290.4,-0.24786501377410464
2024-10-03,ZENITH,Energy,223.56,1369552,0.023532643530812303,0.06118574073195027,0.2690470448554184,290.4,-0.23016528925619828
2024-10-04,ZENITH,Energy,224.16,1753403,0.0026838432635534204,0.06403379693359268,0.25260417527456874,290.4,-0.228099173553719
2024-10-07,ZENITH,Energy,222.05,1634571,-0.00941291934332611,0.05401813262448374,0.23453071013233054,290.4,-0.23536501377410457
2024-10-08,ZENITH,Energy,230.07,1564377,0.03611799144336847,0.09208715051977001,0.26775268011321757,290.4,-0.20774793388429746
2024-10-09,ZENITH,Energy,225.09,1781174,-0.02164558612596157,0.06844828404613845,0.2725151647394103,290.4,-0.22489669421487601
2024-10-10,ZENITH,Energy,220.29,2437396,-0.02132480341196863,0.04566383443299937,0.2694871583112891,290.4,-0.24142561983471067
2024-10-11,ZENITH,Energy,215.81,1033956,-0.020336828725770584,0.024398348127402825,0.27683500815945117,290.4,-0.2568526170798897
2024-10-14,ZENITH,Energy,218.37,1397176,0.011862286270330369,0.03655005458774352,0.27866103494813776,290.4,-0.24803719008264458
2024-10-15,ZENITH,Energy,217.66,2977937,-0.0032513623666254876,0.03317985474913332,0.2785559159167523,290.4,-0.25048209366391183
2024-10-16,ZENITH,Energy,211.1,1648159,-0.030138748506845503,0.002041106944510096,0.28862992136548,290.4,-0.2730716253443526
2024-10-17,ZENITH,Energy,207.62,1640954,-0.016485078162008504,-0.014477619025015653,0.29210662489054917,290.4,-0.2850550964187327
2024-10-18,ZENITH,Energy,207.74,1072272,0.0005779790000963736,-0.013908007784687149,0.2842891596578821,290.4,-0.28464187327823687
2024-10-21,ZENITH,Energy,200.02,844604,-0.03716183691152397,-0.050552997579152326,0.29823213013589045,290.4,-0.31122589531680434
2024-10-22,ZENITH,Energy,197.48,1071704,-0.012698730126987412,-0.0626097688327718,0.2994222002819139,290.4,-0.3199724517906336
2024-10-23,ZENITH,Energy,196.45,1501197,-0.005215718047397178,-0.06749893197892454,0.2891997200380597,290.4,-0.3235192837465565
2024-10-24,ZENITH,Energy,197.92,862569,0.007482820055993988,-0.06052119428490066,0.2865660776883563,290.4,-0.31845730027548214
2024-10-25,ZENITH,Energy,194.66,1723961,-0.016471301535974092,-0.07599563298049083,0.28901984384344276,290.4,-0.3296831955922864
2024-10-28,ZENITH,Energy,192.53,658743,-0.010942155553272381,-0.08610623249632132,0.2707361270430425,290.4,-0.3370179063360881
2024-10-29,ZENITH,Energy,193.54,1232008,0.00524593569833276,-0.08131200455688992,0.27399149497257824,290.4,-0.3335399449035812
2024-10-30,ZENITH,Energy,190.03,839598,-0.018135785884054956,-0.09797313333649782,0.2769748500333267,290.4,-0.3456267217630854
2024-10-31,ZENITH,Energy,187.65,1439929,-0.012524338262379642,-0.10927042293634592,0.2773728177703659,290.4,-0.35382231404958675
2024-11-01,ZENITH,Energy,190.49,2125787,0.015134559019451155,-0.09578962358190524,0.2670352492438014,290.4,-0.34404269972451784
2024-11-04,ZENITH,Energy,197.02,2238823,0.03428001469893438,-0.06479327858736394,0.302264190411803,290.4,-0.32155647382920105
2024-11-05,ZENITH,Energy,196.53,1355425,-0.0024870571515582807,-0.06711919115203857,0.30221786890488034,290.4,-0.32324380165289246
2024-11-06,ZENITH,Energy,195.71,2079435,-0.004172390983564811,-0.07101153462761645,0.2615977343682218,290.4,-0.3260674931129476
2024-11-07,ZENITH,Energy,196.41,1252471,0.003576720658116539,-0.06768880239236708,0.2590441528487452,290.4,-0.3236570247933884
2024-11-08,ZENITH,Energy,193.48,1214655,-0.014917774044091447,-0.081596810177054,0.2552986921459252,290.4,-0.3337465564738292
2024-11-11,ZENITH,Energy,192.28,1549842,-0.0062021914409757795,-0.08729292258033872,0.24996281994729277,290.4,-0.3378787878787878
2024-11-12,ZENITH,Energy,192.16,1427614,-0.0006240898689411356,-0.08786253382066722,0.24275905358945146,290.4,-0.33829201101928374
2024-11-13,ZENITH,Energy,193.21,794696,0.005464196502914298,-0.08287843546779305,0.2458415855860102,290.4,-0.3346763085399448
2024-11-14,ZENITH,Energy,193.47,1037051,0.0013456860410951954,-0.08164427778041472,0.22982453177613177,290.4,-0.3337809917355371
2024-11-15,ZENITH,Energy,193.5,2388379,0.00015506280043409149,-0.08150187497033268,0.2256662154635357,290.4,-0.33367768595041314
2024-11-18,ZENITH,Energy,191.31,831476,-0.01131782945736437,-0.09189728010632736,0.2268815930405256,290.4,-0.3412190082644627
2024-11-19,ZENITH,Energy,189.06,1387220,-0.011761016151795478,-0.10257749086248624,0.19461375819237098,290.4,-0.34896694214876023
2024-11-20,ZENITH,Energy,191.1,2450993,0.010790225325293612,-0.0928940997769021,0.19627240072115476,290.4,-0.3419421487603306
2024-11-21,ZENITH,Energy,191.21,828575,0.0005756148613291767,-0.09237195613993432,0.19591232014131657,290.4,-0.3415633608815426
2024-11-22,ZENITH,Energy,195.43,1554750,0.022069975419695576,-0.07234062752171633,0.2100765851214651,290.4,-0.32703168044077124
2024-11-25,ZENITH,Energy,196.58,2234411,0.005884459908918727,-0.0668818531352352,0.20283754380402982,290.4,-0.3230716253443525
2024-11-26,ZENITH,Energy,197.26,1153757,0.0034591514904871445,-0.06365405610670738,0.198653284872477,290.4,-0.32073002754820934
2024-11-27,ZENITH,Energy,199.79,1196198,0.012825712257933608,-0.05164475245644873,0.20228585236541524,290.4,-0.31201790633608817
2024-11-28,ZENITH,Energy,201.29,1411945,0.007507883277441341,-0.04452461195234281,0.18990166745038026,290.4,-0.30685261707988976
2024-11-29,ZENITH,Energy,202.27,1186428,0.004868597545829578,-0.039872786822993445,0.1815782082625275,290.4,-0.3034779614325068
2024-12-02,ZENITH,Energy,205.54,862686,0.01616651011024861,-0.02435088052404255,0.1824344362159338,290.4,-0.29221763085399444
2024-12-03,ZENITH,Energy,209.06,1465398,0.017125620317213208,-0.0076422841410739295,0.15358961613557914,290.4,-0.28009641873278235
2024-12-04,ZENITH,Energy,212.22,905937,0.015115277910647595,0.0073574785209091775,0.15789321455833716,290.4,-0.2692148760330578
2024-12-05,ZENITH,Energy,214.8,1335752,0.012157195363302398,0.01960412018797153,0.15775292793096593,290.4,-0.2603305785123966
2024-12-06,ZENITH,Energy,220.57,1001556,0.026862197392923504,0.04699292732709903,0.17566257261526874,290.4,-0.240461432506887
2024-12-09,ZENITH,Energy,227.64,1148772,0.03205331640748965,0.08055252290311832,0.18179446510782923,290.4,-0.21611570247933887
2024-12-10,ZENITH,Energy,224.21,846014,-0.015067650676506616,0.06427113495039616,0.1926870101252978,290.4,-0.22792699724517895
2024-12-11,ZENITH,Energy,227.77,966007,0.015877971544534075,0.08116960174680754,0.1924946635420331,290.4,-0.2156680440771349
2024-12-12,ZENITH,Energy,228.49,1363674,0.003161083549194421,0.08458726918877835,0.1930712655692676,290.4,-0.21318870523415967
2024-12-13,ZENITH,Energy,229.8,1159827,0.0057332924854478495,0.09080552522903074,0.19173421069212315,290.4,-0.20867768595041314
2024-12-16,ZENITH,Energy,233.12,1277661,0.014447345517841548,0.10656476954478511,0.19047492664582588,290.4,-0.1972451790633608
2024-12-17,ZENITH,Energy,235.23,1212995,0.009051132463967049,0.11658043385389405,0.17561805858032226,290.4,-0.18997933884297513
2024-12-18,ZENITH,Energy,237.97,1181557,0.011648174127449673,0.12958655717472745,0.15687988942385825,290.4,-0.18054407713498621
2024-12-19,ZENITH,Energy,231.42,814226,-0.027524477875362496,0.09849527697346483,0.20613203040974123,290.4,-0.20309917355371898
2024-12-20,ZENITH,Energy,229.28,612343,-0.009247256071212462,0.08833720985427385,0.21399191381522567,290.4,-0.21046831955922862
2024-12-23,ZENITH,Energy,230.71,566954,0.006236915561758538,0.09512507713485485,0.20855281055968114,290.4,-0.20554407713498613
2024-12-24,ZENITH,Energy,227.34,965553,-0.014607082484504375,0.07912849480229678,0.22278683194772977,290.4,-0.2171487603305784
2024-12-25,ZENITH,Energy,227.39,1835797,0.00021993489926974696,0.07936583281910026,0.22372354282420587,290.4,-0.21697658402203857
2024-12-26,ZENITH,Energy,231.03,544682,0.0160077400061569,0.09664404044239738,0.22505553487205623,290.4,-0.2044421487603305
2024-12-27,ZENITH,Energy,227.02,1050404,-0.01735705319655456,0.07760953149475425,0.2403635158084773,290.4,-0.218250688705234
2024-12-30,ZENITH,Energy,230.37,1013604,0.0147564091269492,0.09351117862059088,0.2422857236520108,290.4,-0.20671487603305783
2024-12-31,ZENITH,Energy,227.39,1455764,-0.012935712115292874,0.07936583281910026,0.24828979671827092,290.4,-0.21697658402203857
