date,ticker,sector,close,volume
2022-01-03,AURORA,Consumer,183.22,1073110.0
2022-01-03,NOVA,Technology,326.81,1942852.0
2022-01-03,ORBIT,Financials,140.12,960875.0
2022-01-03,PRISM,Healthcare,252.13,452671.0
2022-01-03,ZENITH,Energy,210.67,1356269.0
2022-01-04,AURORA,Consumer,182.54,702232.0
2022-01-04,NOVA,Technology,325.36,1264048.0
2022-01-04,ORBIT,Financials,138.09,1898541.0
2022-01-04,PRISM,Healthcare,247.74,780835.0
2022-01-04,ZENITH,Energy,210.94,839798.0
2022-01-05,AURORA,Consumer,185.32,1006080.0
2022-01-05,NOVA,Technology,329.09,1018789.0
2022-01-05,ORBIT,Financials,141.69,1007815.0
2022-01-05,PRISM,Healthcare,250.28,507895.0
2022-01-05,ZENITH,Energy,214.15,1021980.0
2022-01-06,AURORA,Consumer,188.84,518902.0
2022-01-06,NOVA,Technology,340.56,3283592.0
2022-01-06,ORBIT,Financials,141.39,1720860.0
2022-01-06,PRISM,Healthcare,252.93,429225.0
2022-01-06,ZENITH,Energy,218.26,1604763.0
2022-01-07,AURORA,Consumer,187.35,882666.0
2022-01-07,NOVA,Technology,352.02,1154000.0
2022-01-07,ORBIT,Financials,146.04,1447675.0
2022-01-07,PRISM,Healthcare,255.97,505764.0
2022-01-07,ZENITH,Energy,219.87,1819885.0
2022-01-10,AURORA,Consumer,183.71,933066.0
2022-01-10,NOVA,Technology,348.65,881168.0
2022-01-10,ORBIT,Financials,144.48,1053395.0
2022-01-10,PRISM,Healthcare,252.17,970237.0
2022-01-10,ZENITH,Energy,215.76,1149061.0
2022-01-11,AURORA,Consumer,186.59,743965.0
2022-01-11,NOVA,Technology,349.41,1349001.0
2022-01-11,ORBIT,Financials,143.75,991531.0
2022-01-11,PRISM,Healthcare,254.89,512230.0
2022-01-11,ZENITH,Energy,218.6,2134403.0
2022-01-12,AURORA,Consumer,185.79,1020517.0
2022-01-12,NOVA,Technology,348.01,583063.0
2022-01-12,ORBIT,Financials,141.76,1063511.0
2022-01-12,PRISM,Healthcare,254.59,839108.0
2022-01-12,ZENITH,Energy,213.33,1238860.0
2022-01-13,AURORA,Consumer,186.35,999995.0
2022-01-13,NOVA,Technology,347.79,1150483.0
2022-01-13,ORBIT,Financials,142.36,1606776.0
2022-01-13,PRISM,Healthcare,254.11,508902.0
2022-01-13,ZENITH,Energy,208.36,1183911.0
2022-01-14,AURORA,Consumer,188.5,1087027.0
2022-01-14,NOVA,Technology,351.36,829418.0
2022-01-14,ORBIT,Financials,143.07,1285262.0
2022-01-14,PRISM,Healthcare,249.05,729222.0
2022-01-14,ZENITH,Energy,208.58,1675006.0
2022-01-17,AURORA,Consumer,191.87,1146964.0
2022-01-17,NOVA,Technology,354.92,977442.0
2022-01-17,ORBIT,Financials,143.13,1607467.0
2022-01-17,PRISM,Healthcare,248.0,912836.0
2022-01-17,ZENITH,Energy,205.48,1105607.0
2022-01-18,AURORA,Consumer,191.16,1004748.0
2022-01-18,NOVA,Technology,355.99,1495236.0
2022-01-18,ORBIT,Financials,138.04,965940.0
2022-01-18,PRISM,Healthcare,246.35,474370.0
2022-01-18,ZENITH,Energy,201.64,1557125.0
2022-01-19,AURORA,Consumer,190.68,1089822.0
2022-01-19,NOVA,Technology,367.47,847010.0
2022-01-19,ORBIT,Financials,136.7,1104241.0
2022-01-19,PRISM,Healthcare,247.26,997684.0
2022-01-19,ZENITH,Energy,198.86,1968877.0
2022-01-20,AURORA,Consumer,192.25,1684342.0
2022-01-20,NOVA,Technology,365.7,1298405.0
2022-01-20,ORBIT,Financials,137.04,429547.0
2022-01-20,PRISM,Healthcare,246.18,853360.0
2022-01-20,ZENITH,Energy,194.57,1127957.0
2022-01-21,AURORA,Consumer,187.88,1045109.0
2022-01-21,NOVA,Technology,355.94,1863479.0
2022-01-21,ORBIT,Financials,133.59,803817.0
2022-01-21,PRISM,Healthcare,246.09,923006.0
2022-01-21,ZENITH,Energy,193.73,1289489.0
2022-01-24,AURORA,Consumer,186.52,898143.0
2022-01-24,NOVA,Technology,361.62,887805.0
2022-01-24,ORBIT,Financials,135.32,906051.0
2022-01-24,PRISM,Healthcare,245.85,723940.0
2022-01-24,ZENITH,Energy,198.02,1305315.0
2022-01-25,AURORA,Consumer,187.5,881449.0
2022-01-25,NOVA,Technology,367.66,1235548.0
2022-01-25,ORBIT,Financials,135.44,540188.0
2022-01-25,PRISM,Healthcare,244.64,489493.0
2022-01-25,ZENITH,Energy,197.35,1174908.0
2022-01-26,AURORA,Consumer,191.42,942928.0
2022-01-26,NOVA,Technology,362.54,1229102.0
2022-01-26,ORBIT,Financials,136.57,775106.0
2022-01-26,PRISM,Healthcare,250.65,1115353.0
2022-01-26,ZENITH,Energy,199.94,1541626.0
2022-01-27,AURORA,Consumer,191.2,1135816.0
2022-01-27,NOVA,Technology,358.64,1739347.0
2022-01-27,ORBIT,Financials,139.95,1472483.0
2022-01-27,PRISM,Healthcare,252.3,1011579.0
2022-01-27,ZENITH,Energy,199.9,1023984.0
2022-01-28,AURORA,Consumer,191.02,707446.0
2022-01-28,NOVA,Technology,366.4,1293828.0
2022-01-28,ORBIT,Financials,138.1,1150963.0
2022-01-28,PRISM,Healthcare,251.62,364818.0
2022-01-28,ZENITH,Energy,196.53,1080274.0
2022-01-31,AURORA,Consumer,190.48,2439129.0
2022-01-31,NOVA,Technology,369.0,1624451.0
2022-01-31,ORBIT,Financials,140.71,1273555.0
2022-01-31,PRISM,Healthcare,252.08,773872.0
2022-01-31,ZENITH,Energy,199.29,1957237.0
2022-02-01,AURORA,Consumer,189.22,1245345.0
2022-02-01,NOVA,Technology,362.1,1463514.0
2022-02-01,ORBIT,Financials,140.3,937856.0
2022-02-01,PRISM,Healthcare,250.44,464163.0
2022-02-01,ZENITH,Energy,203.23,1858634.0
2022-02-02,AURORA,Consumer,192.55,1690109.0
2022-02-02,NOVA,Technology,374.07,1784724.0
2022-02-02,ORBIT,Financials,142.55,846924.0
2022-02-02,PRISM,Healthcare,249.64,895111.0
2022-02-02,ZENITH,Energy,201.01,2021539.0
2022-02-03,AURORA,Consumer,193.84,986538.0
2022-02-03,NOVA,Technology,373.36,2215762.0
2022-02-03,ORBIT,Financials,144.13,709420.0
2022-02-03,PRISM,Healthcare,252.81,761529.0
2022-02-03,ZENITH,Energy,196.06,1515574.0
2022-02-04,AURORA,Consumer,194.47,918579.0
2022-02-04,NOVA,Technology,377.28,565370.0
2022-02-04,ORBIT,Financials,146.67,937291.0
2022-02-04,PRISM,Healthcare,259.11,688336.0
2022-02-04,ZENITH,Energy,201.66,1244791.0
2022-02-07,AURORA,Consumer,196.16,924120.0
2022-02-07,NOVA,Technology,379.17,1767090.0
2022-02-07,ORBIT,Financials,148.54,783504.0
2022-02-07,PRISM,Healthcare,261.64,552179.0
2022-02-07,ZENITH,Energy,202.68,1163322.0
2022-02-08,AURORA,Consumer,194.51,1006371.0
2022-02-08,NOVA,Technology,371.62,1004799.0
2022-02-08,ORBIT,Financials,148.96,1112653.0
2022-02-08,PRISM,Healthcare,265.28,1201819.0
2022-02-08,ZENITH,Energy,203.45,2423068.0
2022-02-09,AURORA,Consumer,193.16,1268025.0
2022-02-09,NOVA,Technology,370.52,836675.0
2022-02-09,ORBIT,Financials,150.78,821940.0
2022-02-09,PRISM,Healthcare,266.63,537966.0
2022-02-09,ZENITH,Energy,205.1,946940.0
2022-02-10,AURORA,Consumer,190.65,911745.0
2022-02-10,NOVA,Technology,368.35,1103275.0
2022-02-10,ORBIT,Financials,148.06,984525.0
2022-02-10,PRISM,Healthcare,266.06,615238.0
2022-02-10,ZENITH,Energy,196.33,1516054.0
2022-02-11,AURORA,Consumer,,766891.0
2022-02-11,NOVA,Technology,358.93,1535874.0
2022-02-11,ORBIT,Financials,144.88,2073906.0
2022-02-11,PRISM,Healthcare,268.01,870819.0
2022-02-11,ZENITH,Energy,196.48,1017500.0
2022-02-14,AURORA,Consumer,194.1,825914.0
2022-02-14,NOVA,Technology,368.03,1854843.0
2022-02-14,ORBIT,Financials,145.18,1075210.0
2022-02-14,PRISM,Healthcare,268.72,1154355.0
2022-02-14,ZENITH,Energy,196.96,905822.0
2022-02-15,AURORA,Consumer,197.99,1160579.0
2022-02-15,NOVA,Technology,370.14,1313669.0
2022-02-15,ORBIT,Financials,146.01,1991032.0
2022-02-15,PRISM,Healthcare,270.65,517333.0
2022-02-15,ZENITH,Energy,197.48,2117296.0
2022-02-16,AURORA,Consumer,199.55,1271551.0
2022-02-16,NOVA,Technology,370.03,1069440.0
2022-02-16,ORBIT,Financials,145.16,2693618.0
2022-02-16,PRISM,Healthcare,271.78,790689.0
2022-02-16,ZENITH,Energy,200.82,808935.0
2022-02-17,AURORA,Consumer,201.42,1151880.0
2022-02-17,NOVA,Technology,370.45,1371137.0
2022-02-17,ORBIT,Financials,144.83,1111251.0
2022-02-17,PRISM,Healthcare,268.6,527222.0
2022-02-17,ZENITH,Energy,201.06,1315137.0
2022-02-18,AURORA,Consumer,204.67,740267.0
2022-02-18,NOVA,Technology,382.35,1564987.0
2022-02-18,ORBIT,Financials,146.88,1167551.0
2022-02-18,PRISM,Healthcare,271.71,669809.0
2022-02-18,ZENITH,Energy,202.71,1494832.0
2022-02-21,AURORA,Consumer,204.13,1798797.0
2022-02-21,NOVA,Technology,381.22,571836.0
2022-02-21,ORBIT,Financials,148.29,1037822.0
2022-02-21,PRISM,Healthcare,275.19,1017292.0
2022-02-21,ZENITH,Energy,204.21,1094351.0
2022-02-22,AURORA,Consumer,202.17,535321.0
2022-02-22,NOVA,Technology,376.06,1463433.0
2022-02-22,ORBIT,Financials,147.22,709117.0
2022-02-22,PRISM,Healthcare,277.24,569957.0
2022-02-22,ZENITH,Energy,206.36,1054641.0
2022-02-23,AURORA,Consumer,200.13,914648.0
2022-02-23,NOVA,Technology,376.64,721972.0
2022-02-23,ORBIT,Financials,145.95,766117.0
2022-02-23,PRISM,Healthcare,275.49,592655.0
2022-02-23,ZENITH,Energy,205.53,785653.0
2022-02-24,AURORA,Consumer,197.42,902845.0
2022-02-24,NOVA,Technology,368.45,839006.0
2022-02-24,ORBIT,Financials,146.77,882425.0
2022-02-24,PRISM,Healthcare,269.52,755696.0
2022-02-24,ZENITH,Energy,197.33,1029902.0
2022-02-25,AURORA,Consumer,196.54,1211347.0
2022-02-25,NOVA,Technology,359.81,1494966.0
2022-02-25,ORBIT,Financials,144.61,1216636.0
2022-02-25,PRISM,Healthcare,274.37,722208.0
2022-02-25,ZENITH,Energy,200.06,1114502.0
2022-02-28,AURORA,Consumer,197.77,1035478.0
2022-02-28,NOVA,Technology,366.16,2012617.0
2022-02-28,ORBIT,Financials,145.12,894587.0
2022-02-28,PRISM,Healthcare,279.22,676159.0
2022-02-28,ZENITH,Energy,199.1,935996.0
2022-03-01,AURORA,Consumer,198.91,1185222.0
2022-03-01,NOVA,Technology,366.24,1275620.0
2022-03-01,ORBIT,Financials,144.41,1417309.0
2022-03-01,PRISM,Healthcare,272.36,912940.0
2022-03-01,ZENITH,Energy,199.71,1380640.0
2022-03-02,AURORA,Consumer,195.44,902440.0
2022-03-02,NOVA,Technology,352.03,1529494.0
2022-03-02,ORBIT,Financials,140.53,544135.0
2022-03-02,PRISM,Healthcare,276.87,399049.0
2022-03-02,ZENITH,Energy,202.34,1489836.0
2022-03-03,AURORA,Consumer,193.06,1277741.0
2022-03-03,NOVA,Technology,352.94,1485238.0
2022-03-03,ORBIT,Financials,140.72,1389619.0
2022-03-03,PRISM,Healthcare,279.79,687467.0
2022-03-03,ZENITH,Energy,197.43,1507073.0
2022-03-04,AURORA,Consumer,191.15,903975.0
2022-03-04,NOVA,Technology,346.36,1148053.0
2022-03-04,ORBIT,Financials,141.09,1091906.0
2022-03-04,PRISM,Healthcare,275.54,710395.0
2022-03-04,ZENITH,Energy,196.45,1491274.0
2022-03-07,AURORA,Consumer,189.82,443224.0
2022-03-07,NOVA,Technology,342.44,1043132.0
2022-03-07,ORBIT,Financials,141.28,1214835.0
2022-03-07,PRISM,Healthcare,274.22,1593430.0
2022-03-07,ZENITH,Energy,197.01,1048649.0
2022-03-08,AURORA,Consumer,190.05,680357.0
2022-03-08,NOVA,Technology,346.1,2498953.0
2022-03-08,ORBIT,Financials,139.78,1866677.0
2022-03-08,PRISM,Healthcare,279.7,701585.0
2022-03-08,ZENITH,Energy,195.81,1390566.0
2022-03-09,AURORA,Consumer,187.93,873112.0
2022-03-09,NOVA,Technology,343.13,1641068.0
2022-03-09,ORBIT,Financials,136.31,1511584.0
2022-03-09,PRISM,Healthcare,278.8,595731.0
2022-03-09,ZENITH,Energy,197.03,975716.0
2022-03-10,AURORA,Consumer,188.06,1390574.0
2022-03-10,NOVA,Technology,348.26,2506276.0
2022-03-10,ORBIT,Financials,137.85,1218429.0
2022-03-10,PRISM,Healthcare,280.1,986056.0
2022-03-10,ZENITH,Energy,201.58,1042053.0
2022-03-11,AURORA,Consumer,189.15,882937.0
2022-03-11,NOVA,Technology,346.58,1006688.0
2022-03-11,ORBIT,Financials,138.67,1428036.0
2022-03-11,PRISM,Healthcare,279.69,564989.0
2022-03-11,ZENITH,Energy,195.78,1712568.0
2022-03-14,AURORA,Consumer,193.03,1040686.0
2022-03-14,NOVA,Technology,349.76,1485426.0
2022-03-14,ORBIT,Financials,140.61,686740.0
2022-03-14,PRISM,Healthcare,276.57,1352380.0
2022-03-14,ZENITH,Energy,195.39,1623032.0
2022-03-15,AURORA,Consumer,193.92,1055364.0
2022-03-15,NOVA,Technology,346.3,1243672.0
2022-03-15,ORBIT,Financials,143.01,929074.0
2022-03-15,PRISM,Healthcare,282.6,1225974.0
2022-03-15,ZENITH,Energy,194.81,715803.0
2022-03-16,AURORA,Consumer,194.78,741730.0
2022-03-16,NOVA,Technology,354.06,1030661.0
2022-03-16,ORBIT,Financials,143.9,1490878.0
2022-03-16,PRISM,Healthcare,283.83,369516.0
2022-03-16,ZENITH,Energy,197.88,823513.0
2022-03-17,AURORA,Consumer,192.68,1320834.0
2022-03-17,NOVA,Technology,341.21,1676868.0
2022-03-17,ORBIT,Financials,142.09,788022.0
2022-03-17,PRISM,Healthcare,280.5,858056.0
2022-03-17,ZENITH,Energy,195.93,575649.0
2022-03-18,AURORA,Consumer,188.99,704055.0
2022-03-18,NOVA,Technology,333.85,1203587.0
2022-03-18,ORBIT,Financials,137.12,1370737.0
2022-03-18,PRISM,Healthcare,277.47,575896.0
2022-03-18,ZENITH,Energy,191.67,1055844.0
2022-03-21,AURORA,Consumer,190.0,477676.0
2022-03-21,NOVA,Technology,334.32,970317.0
2022-03-21,ORBIT,Financials,137.83,686857.0
2022-03-21,PRISM,Healthcare,274.67,502284.0
2022-03-21,ZENITH,Energy,192.8,1505405.0
2022-03-22,AURORA,Consumer,188.66,1421941.0
2022-03-22,NOVA,Technology,333.56,1022898.0
2022-03-22,ORBIT,Financials,134.77,925656.0
2022-03-22,PRISM,Healthcare,272.41,911823.0
2022-03-22,ZENITH,Energy,194.57,1631599.0
2022-03-23,AURORA,Consumer,188.18,372513.0
2022-03-23,NOVA,Technology,325.82,895611.0
2022-03-23,ORBIT,Financials,132.49,1041040.0
2022-03-23,PRISM,Healthcare,267.98,1525775.0
2022-03-23,ZENITH,Energy,190.69,1448286.0
2022-03-24,AURORA,Consumer,187.82,1520876.0
2022-03-24,NOVA,Technology,330.04,2298950.0
2022-03-24,ORBIT,Financials,132.44,1814392.0
2022-03-24,PRISM,Healthcare,264.61,579118.0
2022-03-24,ZENITH,Energy,192.75,694160.0
2022-03-25,AURORA,Consumer,185.79,842145.0
2022-03-25,NOVA,Technology,330.93,1604162.0
2022-03-25,ORBIT,Financials,133.06,1229655.0
2022-03-25,PRISM,Healthcare,266.85,522139.0
2022-03-25,ZENITH,Energy,195.37,2795686.0
2022-03-28,AURORA,Consumer,186.55,670357.0
2022-03-28,NOVA,Technology,325.85,2008760.0
2022-03-28,ORBIT,Financials,132.4,1282046.0
2022-03-28,PRISM,Healthcare,263.81,533760.0
2022-03-28,ZENITH,Energy,196.93,964595.0
2022-03-29,AURORA,Consumer,187.84,1143650.0
2022-03-29,NOVA,Technology,327.23,1938168.0
2022-03-29,ORBIT,Financials,132.34,801531.0
2022-03-29,PRISM,Healthcare,261.83,1513753.0
2022-03-29,ZENITH,Energy,194.49,1678820.0
2022-03-30,AURORA,Consumer,190.74,946356.0
2022-03-30,NOVA,Technology,328.16,1104779.0
2022-03-30,ORBIT,Financials,131.04,934342.0
2022-03-30,PRISM,Healthcare,261.56,817684.0
2022-03-30,ZENITH,Energy,192.62,2563581.0
2022-03-31,AURORA,Consumer,192.94,860184.0
2022-03-31,NOVA,Technology,341.35,1077675.0
2022-03-31,ORBIT,Financials,131.28,1780194.0
2022-03-31,PRISM,Healthcare,263.84,567063.0
2022-03-31,ZENITH,Energy,196.78,1204568.0
2022-04-01,AURORA,Consumer,190.77,1268601.0
2022-04-01,NOVA,Technology,333.61,1705676.0
2022-04-01,ORBIT,Financials,132.08,1996055.0
2022-04-01,PRISM,Healthcare,262.49,998699.0
2022-04-01,ZENITH,Energy,192.68,1050359.0
2022-04-04,AURORA,Consumer,189.1,887067.0
2022-04-04,NOVA,Technology,332.0,1946476.0
2022-04-04,ORBIT,Financials,131.21,1066112.0
2022-04-04,PRISM,Healthcare,259.93,891999.0
2022-04-04,ZENITH,Energy,190.4,1087308.0
2022-04-05,AURORA,Consumer,193.77,636514.0
2022-04-05,NOVA,Technology,340.24,1644387.0
2022-04-05,ORBIT,Financials,133.86,747316.0
2022-04-05,PRISM,Healthcare,262.19,560151.0
2022-04-05,ZENITH,Energy,190.27,1469550.0
2022-04-06,AURORA,Consumer,194.94,717733.0
2022-04-06,NOVA,Technology,337.35,1814495.0
2022-04-06,ORBIT,Financials,134.54,1155877.0
2022-04-06,PRISM,Healthcare,263.69,498832.0
2022-04-06,ZENITH,Energy,191.48,1926722.0
2022-04-07,AURORA,Consumer,195.12,744610.0
2022-04-07,NOVA,Technology,338.6,1213629.0
2022-04-07,ORBIT,Financials,134.84,1049153.0
2022-04-07,PRISM,Healthcare,264.31,748001.0
2022-04-07,ZENITH,Energy,199.22,1878827.0
2022-04-08,AURORA,Consumer,194.92,2922414.0
2022-04-08,NOVA,Technology,346.47,1372708.0
2022-04-08,ORBIT,Financials,135.34,1094273.0
2022-04-08,PRISM,Healthcare,265.21,849356.0
2022-04-08,ZENITH,Energy,203.54,914339.0
2022-04-11,AURORA,Consumer,194.17,568827.0
2022-04-11,NOVA,Technology,339.23,1271854.0
2022-04-11,ORBIT,Financials,131.72,1014027.0
2022-04-11,PRISM,Healthcare,263.8,464684.0
2022-04-11,ZENITH,Energy,201.5,1711262.0
2022-04-12,AURORA,Consumer,196.89,907768.0
2022-04-12,NOVA,Technology,329.22,1250046.0
2022-04-12,ORBIT,Financials,130.71,885240.0
2022-04-12,PRISM,Healthcare,258.28,471045.0
2022-04-12,ZENITH,Energy,199.23,1457241.0
2022-04-13,AURORA,Consumer,196.43,750109.0
2022-04-13,NOVA,Technology,324.84,1935759.0
2022-04-13,ORBIT,Financials,131.83,1068949.0
2022-04-13,PRISM,Healthcare,262.94,593884.0
2022-04-13,ZENITH,Energy,201.23,1153501.0
2022-04-14,AURORA,Consumer,195.43,1417250.0
2022-04-14,NOVA,Technology,322.6,1900312.0
2022-04-14,ORBIT,Financials,129.7,2237595.0
2022-04-14,PRISM,Healthcare,262.7,428062.0
2022-04-14,ZENITH,Energy,203.25,1204533.0
2022-04-15,AURORA,Consumer,196.59,955221.0
2022-04-15,NOVA,Technology,328.15,1797114.0
2022-04-15,ORBIT,Financials,130.65,817290.0
2022-04-15,PRISM,Healthcare,263.74,968110.0
2022-04-15,ZENITH,Energy,204.8,1339375.0
2022-04-18,AURORA,Consumer,198.48,760938.0
2022-04-18,NOVA,Technology,323.88,2174800.0
2022-04-18,ORBIT,Financials,128.29,1223017.0
2022-04-18,PRISM,Healthcare,260.23,470089.0
2022-04-18,ZENITH,Energy,201.81,3627393.0
2022-04-19,AURORA,Consumer,198.54,912185.0
2022-04-19,NOVA,Technology,326.52,1322955.0
2022-04-19,ORBIT,Financials,130.6,2026492.0
2022-04-19,PRISM,Healthcare,265.05,765795.0
2022-04-19,ZENITH,Energy,200.99,752811.0
2022-04-20,AURORA,Consumer,201.61,1475892.0
2022-04-20,NOVA,Technology,325.89,1497309.0
2022-04-20,ORBIT,Financials,130.11,849885.0
2022-04-20,PRISM,Healthcare,266.71,506128.0
2022-04-20,ZENITH,Energy,203.49,987439.0
2022-04-21,AURORA,Consumer,201.24,565879.0
2022-04-21,NOVA,Technology,314.08,1915396.0
2022-04-21,ORBIT,Financials,126.77,2623735.0
2022-04-21,PRISM,Healthcare,269.32,755560.0
2022-04-21,ZENITH,Energy,201.02,906978.0
2022-04-22,AURORA,Consumer,198.96,977366.0
2022-04-22,NOVA,Technology,314.5,1568906.0
2022-04-22,ORBIT,Financials,125.96,747391.0
2022-04-22,PRISM,Healthcare,267.72,715144.0
2022-04-22,ZENITH,Energy,196.92,1833820.0
2022-04-25,AURORA,Consumer,201.02,1112065.0
2022-04-25,NOVA,Technology,314.07,1378084.0
2022-04-25,ORBIT,Financials,126.41,729060.0
2022-04-25,PRISM,Healthcare,265.27,822628.0
2022-04-25,ZENITH,Energy,199.21,1314868.0
2022-04-26,AURORA,Consumer,194.98,917805.0
2022-04-26,NOVA,Technology,299.19,1629197.0
2022-04-26,ORBIT,Financials,124.83,744468.0
2022-04-26,PRISM,Healthcare,259.59,1253329.0
2022-04-26,ZENITH,Energy,195.54,775267.0
2022-04-27,AURORA,Consumer,194.98,630436.0
2022-04-27,NOVA,Technology,298.19,917412.0
2022-04-27,ORBIT,Financials,125.06,769694.0
2022-04-27,PRISM,Healthcare,263.92,644850.0
2022-04-27,ZENITH,Energy,202.08,893534.0
2022-04-28,AURORA,Consumer,197.18,840035.0
2022-04-28,NOVA,Technology,294.98,2010286.0
2022-04-28,ORBIT,Financials,129.14,1412113.0
2022-04-28,PRISM,Healthcare,269.86,1043719.0
2022-04-28,ZENITH,Energy,207.12,1537578.0
2022-04-29,AURORA,Consumer,200.26,940222.0
2022-04-29,NOVA,Technology,297.85,803779.0
2022-04-29,ORBIT,Financials,130.84,526313.0
2022-04-29,PRISM,Healthcare,273.99,968389.0
2022-04-29,ZENITH,Energy,204.88,1225632.0
2022-05-02,AURORA,Consumer,198.32,1051639.0
2022-05-02,NOVA,Technology,296.6,1062828.0
2022-05-02,ORBIT,Financials,133.3,1194658.0
2022-05-02,PRISM,Healthcare,271.05,556712.0
2022-05-02,ZENITH,Energy,203.0,1544898.0
2022-05-03,AURORA,Consumer,199.0,1882678.0
2022-05-03,NOVA,Technology,302.36,1130639.0
2022-05-03,ORBIT,Financials,137.12,878213.0
2022-05-03,PRISM,Healthcare,271.53,656070.0
2022-05-03,ZENITH,Energy,205.75,1171423.0
2022-05-04,AURORA,Consumer,200.95,1406908.0
2022-05-04,NOVA,Technology,306.68,1957628.0
2022-05-04,ORBIT,Financials,138.65,1088593.0
2022-05-04,PRISM,Healthcare,270.08,2049265.0
2022-05-04,ZENITH,Energy,207.57,1121216.0
2022-05-05,AURORA,Consumer,201.54,778032.0
2022-05-05,NOVA,Technology,307.24,1516487.0
2022-05-05,ORBIT,Financials,142.58,831394.0
2022-05-05,PRISM,Healthcare,271.86,416441.0
2022-05-05,ZENITH,Energy,206.82,1447121.0
2022-05-06,AURORA,Consumer,202.32,653691.0
2022-05-06,NOVA,Technology,312.61,1634813.0
2022-05-06,ORBIT,Financials,146.26,1309514.0
2022-05-06,PRISM,Healthcare,275.66,454437.0
2022-05-06,ZENITH,Energy,207.32,1244413.0
2022-05-09,AURORA,Consumer,200.81,1129150.0
2022-05-09,NOVA,Technology,311.55,2136646.0
2022-05-09,ORBIT,Financials,145.08,1107370.0
2022-05-09,PRISM,Healthcare,275.32,547689.0
2022-05-09,ZENITH,Energy,205.06,1911733.0
2022-05-10,AURORA,Consumer,199.5,661225.0
2022-05-10,NOVA,Technology,320.59,2152755.0
2022-05-10,ORBIT,Financials,147.4,625570.0
2022-05-10,PRISM,Healthcare,273.51,515856.0
2022-05-10,ZENITH,Energy,209.0,710742.0
2022-05-11,AURORA,Consumer,198.51,931332.0
2022-05-11,NOVA,Technology,322.29,1434972.0
2022-05-11,ORBIT,Financials,147.57,687516.0
2022-05-11,PRISM,Healthcare,276.69,311846.0
2022-05-11,ZENITH,Energy,207.06,1696209.0
2022-05-12,AURORA,Consumer,202.11,1159074.0
2022-05-12,NOVA,Technology,330.5,1145697.0
2022-05-12,ORBIT,Financials,146.86,1958711.0
2022-05-12,PRISM,Healthcare,279.15,853780.0
2022-05-12,ZENITH,Energy,201.38,850722.0
2022-05-13,AURORA,Consumer,202.51,878482.0
2022-05-13,NOVA,Technology,329.09,2027772.0
2022-05-13,ORBIT,Financials,146.59,1685071.0
2022-05-13,PRISM,Healthcare,280.59,585651.0
2022-05-13,ZENITH,Energy,205.04,1964831.0
2022-05-16,AURORA,Consumer,197.69,886365.0
2022-05-16,NOVA,Technology,318.68,1042500.0
2022-05-16,ORBIT,Financials,146.4,1101512.0
2022-05-16,PRISM,Healthcare,278.7,707112.0
2022-05-16,ZENITH,Energy,202.2,896856.0
2022-05-17,AURORA,Consumer,196.21,780374.0
2022-05-17,NOVA,Technology,327.93,1787955.0
2022-05-17,ORBIT,Financials,149.43,1898854.0
2022-05-17,PRISM,Healthcare,281.89,717861.0
2022-05-17,ZENITH,Energy,203.55,2402678.0
2022-05-18,AURORA,Consumer,196.82,1087830.0
2022-05-18,NOVA,Technology,340.7,1159359.0
2022-05-18,ORBIT,Financials,154.36,1177326.0
2022-05-18,PRISM,Healthcare,284.91,974714.0
2022-05-18,ZENITH,Energy,209.16,1821933.0
2022-05-19,AURORA,Consumer,199.16,1338779.0
2022-05-19,NOVA,Technology,348.37,2579320.0
2022-05-19,ORBIT,Financials,153.72,2063221.0
2022-05-19,PRISM,Healthcare,285.04,839103.0
2022-05-19,ZENITH,Energy,207.66,1225954.0
2022-05-20,AURORA,Consumer,201.56,1034479.0
2022-05-20,NOVA,Technology,359.73,1410398.0
2022-05-20,ORBIT,Financials,156.03,1310166.0
2022-05-20,PRISM,Healthcare,287.28,668625.0
2022-05-20,ZENITH,Energy,211.93,918541.0
2022-05-23,AURORA,Consumer,205.7,504438.0
2022-05-23,NOVA,Technology,365.4,1723235.0
2022-05-23,ORBIT,Financials,157.66,1008760.0
2022-05-23,PRISM,Healthcare,290.78,1035928.0
2022-05-23,ZENITH,Energy,213.93,798125.0
2022-05-24,AURORA,Consumer,208.9,805285.0
2022-05-24,NOVA,Technology,374.84,1520468.0
2022-05-24,ORBIT,Financials,159.11,1075742.0
2022-05-24,PRISM,Healthcare,292.42,683904.0
2022-05-24,ZENITH,Energy,211.82,2108243.0
2022-05-25,AURORA,Consumer,215.01,644163.0
2022-05-25,NOVA,Technology,394.85,1348266.0
2022-05-25,ORBIT,Financials,159.74,1211221.0
2022-05-25,PRISM,Healthcare,296.65,561310.0
2022-05-25,ZENITH,Energy,211.84,1828969.0
2022-05-26,AURORA,Consumer,215.55,589579.0
2022-05-26,NOVA,Technology,392.37,1553346.0
2022-05-26,ORBIT,Financials,158.33,917975.0
2022-05-26,PRISM,Healthcare,292.35,1372720.0
2022-05-26,ZENITH,Energy,215.48,644327.0
2022-05-27,AURORA,Consumer,212.97,630677.0
2022-05-27,NOVA,Technology,391.15,1052265.0
2022-05-27,ORBIT,Financials,159.06,931935.0
2022-05-27,PRISM,Healthcare,294.23,761223.0
2022-05-27,ZENITH,Energy,214.08,2876409.0
2022-05-30,AURORA,Consumer,215.42,827406.0
2022-05-30,NOVA,Technology,395.16,1905383.0
2022-05-30,ORBIT,Financials,160.63,1231823.0
2022-05-30,PRISM,Healthcare,297.88,539101.0
2022-05-30,ZENITH,Energy,215.1,918868.0
2022-05-31,AURORA,Consumer,218.28,1881583.0
2022-05-31,NOVA,Technology,393.69,1090235.0
2022-05-31,ORBIT,Financials,163.65,1638154.0
2022-05-31,PRISM,Healthcare,303.29,711319.0
2022-05-31,ZENITH,Energy,217.71,1263372.0
2022-06-01,AURORA,Consumer,217.17,897245.0
2022-06-01,NOVA,Technology,396.99,1081559.0
2022-06-01,ORBIT,Financials,165.25,1151127.0
2022-06-01,PRISM,Healthcare,308.98,521642.0
2022-06-01,ZENITH,Energy,220.53,734515.0
2022-06-02,AURORA,Consumer,217.74,598942.0
2022-06-02,NOVA,Technology,401.19,1578077.0
2022-06-02,ORBIT,Financials,166.83,1522017.0
2022-06-02,PRISM,Healthcare,312.97,767451.0
2022-06-02,ZENITH,Energy,222.84,1465341.0
2022-06-03,AURORA,Consumer,217.46,1405388.0
2022-06-03,NOVA,Technology,391.94,1794082.0
2022-06-03,ORBIT,Financials,167.17,696884.0
2022-06-03,PRISM,Healthcare,312.72,713849.0
2022-06-03,ZENITH,Energy,218.1,1010931.0
2022-06-06,AURORA,Consumer,217.93,1319606.0
2022-06-06,NOVA,Technology,387.8,1663263.0
2022-06-06,ORBIT,Financials,167.33,765869.0
2022-06-06,PRISM,Healthcare,317.27,860220.0
2022-06-06,ZENITH,Energy,222.84,1623612.0
2022-06-07,AURORA,Consumer,220.91,882060.0
2022-06-07,NOVA,Technology,385.73,1417587.0
2022-06-07,ORBIT,Financials,166.07,749677.0
2022-06-07,PRISM,Healthcare,315.55,628254.0
2022-06-07,ZENITH,Energy,224.31,1169964.0
2022-06-08,AURORA,Consumer,217.76,737041.0
2022-06-08,NOVA,Technology,375.94,1019147.0
2022-06-08,ORBIT,Financials,170.21,1454689.0
2022-06-08,PRISM,Healthcare,313.57,1128585.0
2022-06-08,ZENITH,Energy,221.6,656038.0
2022-06-09,AURORA,Consumer,216.88,703367.0
2022-06-09,NOVA,Technology,386.87,1596303.0
2022-06-09,ORBIT,Financials,171.45,856307.0
2022-06-09,PRISM,Healthcare,314.4,487354.0
2022-06-09,ZENITH,Energy,225.58,1696970.0
2022-06-10,AURORA,Consumer,214.45,1204977.0
2022-06-10,NOVA,Technology,381.24,2153026.0
2022-06-10,ORBIT,Financials,170.86,983548.0
2022-06-10,PRISM,Healthcare,311.76,306973.0
2022-06-10,ZENITH,Energy,224.94,1171153.0
2022-06-13,AURORA,Consumer,212.85,1064809.0
2022-06-13,NOVA,Technology,386.58,1239526.0
2022-06-13,ORBIT,Financials,172.32,670624.0
2022-06-13,PRISM,Healthcare,312.24,905684.0
2022-06-13,ZENITH,Energy,222.04,1398971.0
2022-06-14,AURORA,Consumer,213.77,748458.0
2022-06-14,NOVA,Technology,380.95,1216444.0
2022-06-14,ORBIT,Financials,171.37,1688544.0
2022-06-14,PRISM,Healthcare,309.19,487059.0
2022-06-14,ZENITH,Energy,219.1,1519179.0
2022-06-15,AURORA,Consumer,214.29,1077949.0
2022-06-15,NOVA,Technology,371.6,2148827.0
2022-06-15,ORBIT,Financials,171.84,1503938.0
2022-06-15,PRISM,Healthcare,304.72,486711.0
2022-06-15,ZENITH,Energy,216.22,1045362.0
2022-06-16,AURORA,Consumer,211.63,1166775.0
2022-06-16,NOVA,Technology,361.84,1754981.0
2022-06-16,ORBIT,Financials,169.19,1220591.0
2022-06-16,PRISM,Healthcare,304.35,871368.0
2022-06-16,ZENITH,Energy,214.87,1362792.0
2022-06-17,AURORA,Consumer,209.23,1308840.0
2022-06-17,NOVA,Technology,367.34,1061487.0
2022-06-17,ORBIT,Financials,167.84,1474236.0
2022-06-17,PRISM,Healthcare,303.86,630159.0
2022-06-17,ZENITH,Energy,213.65,3799342.0
2022-06-20,AURORA,Consumer,210.47,1321494.0
2022-06-20,NOVA,Technology,361.45,1027162.0
2022-06-20,ORBIT,Financials,165.3,811292.0
2022-06-20,PRISM,Healthcare,300.34,730717.0
2022-06-20,ZENITH,Energy,205.62,1793305.0
2022-06-21,AURORA,Consumer,210.18,1602951.0
2022-06-21,NOVA,Technology,362.72,1052988.0
2022-06-21,ORBIT,Financials,165.18,1041882.0
2022-06-21,PRISM,Healthcare,302.62,816014.0
2022-06-21,ZENITH,Energy,210.1,1942474.0
2022-06-22,AURORA,Consumer,208.9,816053.0
2022-06-22,NOVA,Technology,355.97,1060108.0
2022-06-22,ORBIT,Financials,162.8,1018585.0
2022-06-22,PRISM,Healthcare,298.62,517975.0
2022-06-22,ZENITH,Energy,212.37,1159450.0
2022-06-23,AURORA,Consumer,212.17,1072860.0
2022-06-23,NOVA,Technology,368.79,907867.0
2022-06-23,ORBIT,Financials,163.7,1065090.0
2022-06-23,PRISM,Healthcare,298.27,667931.0
2022-06-23,ZENITH,Energy,217.95,860161.0
2022-06-24,AURORA,Consumer,213.86,963324.0
2022-06-24,NOVA,Technology,371.72,1003655.0
2022-06-24,ORBIT,Financials,162.35,1142308.0
2022-06-24,PRISM,Healthcare,297.91,807444.0
2022-06-24,ZENITH,Energy,213.6,1347741.0
2022-06-27,AURORA,Consumer,214.41,1654410.0
2022-06-27,NOVA,Technology,354.89,1288089.0
2022-06-27,ORBIT,Financials,160.79,669515.0
2022-06-27,PRISM,Healthcare,298.62,517049.0
2022-06-27,ZENITH,Energy,206.95,1252730.0
2022-06-28,AURORA,Consumer,214.52,820894.0
2022-06-28,NOVA,Technology,364.37,719507.0
2022-06-28,ORBIT,Financials,165.25,1017920.0
2022-06-28,PRISM,Healthcare,302.26,618854.0
2022-06-28,ZENITH,Energy,208.62,1022523.0
2022-06-29,AURORA,Consumer,216.92,1020131.0
2022-06-29,NOVA,Technology,366.09,2271924.0
2022-06-29,ORBIT,Financials,163.66,992453.0
2022-06-29,PRISM,Healthcare,300.16,703532.0
2022-06-29,ZENITH,Energy,207.83,1033929.0
2022-06-30,AURORA,Consumer,219.3,1010325.0
2022-06-30,NOVA,Technology,376.4,799002.0
2022-06-30,ORBIT,Financials,165.67,1240173.0
2022-06-30,PRISM,Healthcare,296.03,940621.0
2022-06-30,ZENITH,Energy,207.98,2063086.0
2022-07-01,AURORA,Consumer,218.78,568626.0
2022-07-01,NOVA,Technology,367.72,4059375.0
2022-07-01,ORBIT,Financials,165.18,664064.0
2022-07-01,PRISM,Healthcare,297.6,1109139.0
2022-07-01,ZENITH,Energy,212.9,1508592.0
2022-07-04,AURORA,Consumer,221.41,812903.0
2022-07-04,NOVA,Technology,369.14,1116119.0
2022-07-04,ORBIT,Financials,165.07,686446.0
2022-07-04,PRISM,Healthcare,297.42,663059.0
2022-07-04,ZENITH,Energy,211.95,1353542.0
2022-07-05,AURORA,Consumer,221.35,597864.0
2022-07-05,NOVA,Technology,366.39,1178703.0
2022-07-05,ORBIT,Financials,161.18,965773.0
2022-07-05,PRISM,Healthcare,292.01,535248.0
2022-07-05,ZENITH,Energy,214.1,1015859.0
2022-07-06,AURORA,Consumer,222.84,1029142.0
2022-07-06,NOVA,Technology,363.24,1373144.0
2022-07-06,ORBIT,Financials,165.84,781143.0
2022-07-06,PRISM,Healthcare,292.12,1391458.0
2022-07-06,ZENITH,Energy,211.01,1237627.0
2022-07-07,AURORA,Consumer,225.9,648295.0
2022-07-07,NOVA,Technology,364.46,985719.0
2022-07-07,ORBIT,Financials,164.43,1488110.0
2022-07-07,PRISM,Healthcare,289.0,957416.0
2022-07-07,ZENITH,Energy,209.91,1033753.0
2022-07-08,AURORA,Consumer,219.59,928099.0
2022-07-08,NOVA,Technology,354.06,1559107.0
2022-07-08,ORBIT,Financials,161.66,647964.0
2022-07-08,PRISM,Healthcare,288.23,607134.0
2022-07-08,ZENITH,Energy,210.06,1387723.0
2022-07-11,AURORA,Consumer,220.51,627278.0
2022-07-11,NOVA,Technology,349.68,2049414.0
2022-07-11,ORBIT,Financials,159.85,1083440.0
2022-07-11,PRISM,Healthcare,289.69,406179.0
2022-07-11,ZENITH,Energy,210.27,927355.0
2022-07-12,AURORA,Consumer,224.89,1241874.0
2022-07-12,NOVA,Technology,362.16,992660.0
2022-07-12,ORBIT,Financials,161.97,820624.0
2022-07-12,PRISM,Healthcare,294.11,937422.0
2022-07-12,ZENITH,Energy,212.85,1230912.0
2022-07-13,AURORA,Consumer,231.99,984098.0
2022-07-13,NOVA,Technology,372.21,1940590.0
2022-07-13,ORBIT,Financials,163.25,803364.0
2022-07-13,PRISM,Healthcare,292.35,1008215.0
2022-07-13,ZENITH,Energy,215.59,1849252.0
2022-07-14,AURORA,Consumer,231.89,729147.0
2022-07-14,NOVA,Technology,368.38,1199016.0
2022-07-14,ORBIT,Financials,163.38,2369796.0
2022-07-14,PRISM,Healthcare,291.02,916420.0
2022-07-14,ZENITH,Energy,210.19,1377778.0
2022-07-15,AURORA,Consumer,229.95,626940.0
2022-07-15,NOVA,Technology,359.33,1020835.0
2022-07-15,ORBIT,Financials,162.11,1550435.0
2022-07-15,PRISM,Healthcare,292.52,730452.0
2022-07-15,ZENITH,Energy,212.41,1598220.0
2022-07-18,AURORA,Consumer,232.86,1128171.0
2022-07-18,NOVA,Technology,359.99,1575842.0
2022-07-18,ORBIT,Financials,162.65,764291.0
2022-07-18,PRISM,Healthcare,291.82,608708.0
2022-07-18,ZENITH,Energy,209.16,1420853.0
2022-07-19,AURORA,Consumer,231.91,737151.0
2022-07-19,NOVA,Technology,356.91,1127902.0
2022-07-19,ORBIT,Financials,161.26,1396198.0
2022-07-19,PRISM,Healthcare,286.41,876187.0
2022-07-19,ZENITH,Energy,208.85,1386977.0
2022-07-20,AURORA,Consumer,232.8,1060404.0
2022-07-20,NOVA,Technology,362.67,1644673.0
2022-07-20,ORBIT,Financials,162.23,775532.0
2022-07-20,PRISM,Healthcare,286.94,343396.0
2022-07-20,ZENITH,Energy,204.67,776329.0
2022-07-21,AURORA,Consumer,228.97,370588.0
2022-07-21,NOVA,Technology,366.12,1817333.0
2022-07-21,ORBIT,Financials,163.96,1099866.0
2022-07-21,PRISM,Healthcare,286.41,889516.0
2022-07-21,ZENITH,Energy,200.31,964632.0
2022-07-22,AURORA,Consumer,228.39,989970.0
2022-07-22,NOVA,Technology,374.87,857873.0
2022-07-22,ORBIT,Financials,162.49,1202180.0
2022-07-22,PRISM,Healthcare,285.64,766742.0
2022-07-22,ZENITH,Energy,197.93,2064404.0
2022-07-25,AURORA,Consumer,224.64,591855.0
2022-07-25,NOVA,Technology,372.76,1457953.0
2022-07-25,ORBIT,Financials,162.25,948999.0
2022-07-25,PRISM,Healthcare,280.61,639307.0
2022-07-25,ZENITH,Energy,192.38,894854.0
2022-07-26,AURORA,Consumer,222.6,914708.0
2022-07-26,NOVA,Technology,364.65,1442960.0
2022-07-26,ORBIT,Financials,159.91,1181980.0
2022-07-26,PRISM,Healthcare,273.65,427914.0
2022-07-26,ZENITH,Energy,191.54,1374315.0
2022-07-27,AURORA,Consumer,218.49,1525969.0
2022-07-27,NOVA,Technology,349.81,1177284.0
2022-07-27,ORBIT,Financials,155.24,726819.0
2022-07-27,PRISM,Healthcare,268.59,694992.0
2022-07-27,ZENITH,Energy,188.0,947880.0
2022-07-28,AURORA,Consumer,217.82,1764527.0
2022-07-28,NOVA,Technology,351.18,1307429.0
2022-07-28,ORBIT,Financials,155.66,1483479.0
2022-07-28,PRISM,Healthcare,271.3,672311.0
2022-07-28,ZENITH,Energy,187.11,998353.0
2022-07-29,AURORA,Consumer,210.61,1023284.0
2022-07-29,NOVA,Technology,340.05,1849257.0
2022-07-29,ORBIT,Financials,154.45,1940832.0
2022-07-29,PRISM,Healthcare,270.55,496422.0
2022-07-29,ZENITH,Energy,187.95,1156963.0
2022-08-01,AURORA,Consumer,211.01,779202.0
2022-08-01,NOVA,Technology,332.41,1627460.0
2022-08-01,ORBIT,Financials,152.25,2280726.0
2022-08-01,PRISM,Healthcare,266.75,839220.0
2022-08-01,ZENITH,Energy,185.31,1047624.0
2022-08-02,AURORA,Consumer,208.84,1379191.0
2022-08-02,NOVA,Technology,330.53,1792299.0
2022-08-02,ORBIT,Financials,148.12,1549072.0
2022-08-02,PRISM,Healthcare,262.56,426790.0
2022-08-02,ZENITH,Energy,182.6,906692.0
2022-08-03,AURORA,Consumer,207.14,683615.0
2022-08-03,NOVA,Technology,317.79,1492769.0
2022-08-03,ORBIT,Financials,143.83,2661562.0
2022-08-03,PRISM,Healthcare,262.23,496972.0
2022-08-03,ZENITH,Energy,174.49,1965611.0
2022-08-04,AURORA,Consumer,207.61,891638.0
2022-08-04,NOVA,Technology,319.58,906822.0
2022-08-04,ORBIT,Financials,144.1,1422957.0
2022-08-04,PRISM,Healthcare,267.04,931162.0
2022-08-04,ZENITH,Energy,175.82,1365056.0
2022-08-05,AURORA,Consumer,206.94,793804.0
2022-08-05,NOVA,Technology,312.23,1114812.0
2022-08-05,ORBIT,Financials,145.09,1151294.0
2022-08-05,PRISM,Healthcare,266.79,667672.0
2022-08-05,ZENITH,Energy,180.41,2715102.0
2022-08-08,AURORA,Consumer,206.31,1071073.0
2022-08-08,NOVA,Technology,310.11,1369095.0
2022-08-08,ORBIT,Financials,145.02,738392.0
2022-08-08,PRISM,Healthcare,263.98,569902.0
2022-08-08,ZENITH,Energy,180.0,998956.0
2022-08-09,AURORA,Consumer,204.94,1051122.0
2022-08-09,NOVA,Technology,305.44,1551381.0
2022-08-09,ORBIT,Financials,144.15,805391.0
2022-08-09,PRISM,Healthcare,263.47,572436.0
2022-08-09,ZENITH,Energy,178.76,561380.0
2022-08-10,AURORA,Consumer,204.53,843575.0
2022-08-10,NOVA,Technology,310.61,1542780.0
2022-08-10,ORBIT,Financials,142.64,1519559.0
2022-08-10,PRISM,Healthcare,264.54,936935.0
2022-08-10,ZENITH,Energy,178.36,820677.0
2022-08-11,AURORA,Consumer,199.62,647258.0
2022-08-11,NOVA,Technology,298.91,1117383.0
2022-08-11,ORBIT,Financials,144.54,1312196.0
2022-08-11,PRISM,Healthcare,269.27,598968.0
2022-08-11,ZENITH,Energy,179.94,2559365.0
2022-08-12,AURORA,Consumer,201.74,755672.0
2022-08-12,NOVA,Technology,300.95,1033683.0
2022-08-12,ORBIT,Financials,141.46,663083.0
2022-08-12,PRISM,Healthcare,267.18,702386.0
2022-08-12,ZENITH,Energy,176.36,704480.0
2022-08-15,AURORA,Consumer,202.96,749564.0
2022-08-15,NOVA,Technology,289.5,935606.0
2022-08-15,ORBIT,Financials,137.51,1081907.0
2022-08-15,PRISM,Healthcare,265.45,984380.0
2022-08-15,ZENITH,Energy,173.61,1947884.0
2022-08-16,AURORA,Consumer,201.36,1184444.0
2022-08-16,NOVA,Technology,290.17,1780676.0
2022-08-16,ORBIT,Financials,140.63,1220538.0
2022-08-16,PRISM,Healthcare,269.71,496133.0
2022-08-16,ZENITH,Energy,179.44,2278288.0
2022-08-17,AURORA,Consumer,203.52,698220.0
2022-08-17,NOVA,Technology,301.66,1499387.0
2022-08-17,ORBIT,Financials,141.14,1143023.0
2022-08-17,PRISM,Healthcare,266.87,636268.0
2022-08-17,ZENITH,Energy,183.49,2014677.0
2022-08-18,AURORA,Consumer,203.77,2667007.0
2022-08-18,NOVA,Technology,306.14,757197.0
2022-08-18,ORBIT,Financials,141.9,1430987.0
2022-08-18,PRISM,Healthcare,270.07,417976.0
2022-08-18,ZENITH,Energy,186.9,1056381.0
2022-08-19,AURORA,Consumer,206.16,1024556.0
2022-08-19,NOVA,Technology,311.22,1800245.0
2022-08-19,ORBIT,Financials,143.98,1298106.0
2022-08-19,PRISM,Healthcare,272.57,1154026.0
2022-08-19,ZENITH,Energy,185.19,2171345.0
2022-08-22,AURORA,Consumer,205.37,909433.0
2022-08-22,NOVA,Technology,310.76,1367250.0
2022-08-22,ORBIT,Financials,141.92,1127188.0
2022-08-22,PRISM,Healthcare,267.7,1077824.0
2022-08-22,ZENITH,Energy,186.87,1827468.0
2022-08-23,AURORA,Consumer,208.08,918426.0
2022-08-23,NOVA,Technology,324.04,1344839.0
2022-08-23,ORBIT,Financials,143.71,1061748.0
2022-08-23,PRISM,Healthcare,276.72,573046.0
2022-08-23,ZENITH,Energy,188.2,876910.0
2022-08-24,AURORA,Consumer,204.76,911573.0
2022-08-24,NOVA,Technology,312.88,2362784.0
2022-08-24,ORBIT,Financials,140.83,772781.0
2022-08-24,PRISM,Healthcare,273.04,626041.0
2022-08-24,ZENITH,Energy,185.28,1443584.0
2022-08-25,AURORA,Consumer,201.27,591348.0
2022-08-25,NOVA,Technology,324.93,1165505.0
2022-08-25,ORBIT,Financials,140.51,1211007.0
2022-08-25,PRISM,Healthcare,275.04,746647.0
2022-08-25,ZENITH,Energy,189.59,660981.0
2022-08-26,AURORA,Consumer,203.88,1499713.0
2022-08-26,NOVA,Technology,331.97,1288488.0
2022-08-26,ORBIT,Financials,144.53,1096695.0
2022-08-26,PRISM,Healthcare,280.48,1337901.0
2022-08-26,ZENITH,Energy,188.48,1547169.0
2022-08-29,AURORA,Consumer,201.52,1489464.0
2022-08-29,NOVA,Technology,327.44,1150584.0
2022-08-29,ORBIT,Financials,145.44,1054073.0
2022-08-29,PRISM,Healthcare,280.26,457265.0
2022-08-29,ZENITH,Energy,186.79,1508393.0
2022-08-30,AURORA,Consumer,202.18,684577.0
2022-08-30,NOVA,Technology,338.79,1696824.0
2022-08-30,ORBIT,Financials,146.22,1021796.0
2022-08-30,PRISM,Healthcare,280.81,874924.0
2022-08-30,ZENITH,Energy,184.4,1549800.0
2022-08-31,AURORA,Consumer,199.51,741123.0
2022-08-31,NOVA,Technology,344.51,1165013.0
2022-08-31,ORBIT,Financials,143.64,754841.0
2022-08-31,PRISM,Healthcare,281.81,1078046.0
2022-08-31,ZENITH,Energy,182.71,682137.0
2022-09-01,AURORA,Consumer,201.8,1249552.0
2022-09-01,NOVA,Technology,350.72,1602803.0
2022-09-01,ORBIT,Financials,143.65,844581.0
2022-09-01,PRISM,Healthcare,284.59,635993.0
2022-09-01,ZENITH,Energy,187.39,973048.0
2022-09-02,AURORA,Consumer,201.36,1575315.0
2022-09-02,NOVA,Technology,357.3,715024.0
2022-09-02,ORBIT,Financials,144.36,1129873.0
2022-09-02,PRISM,Healthcare,285.56,672504.0
2022-09-02,ZENITH,Energy,188.96,1523877.0
2022-09-05,AURORA,Consumer,206.4,1319174.0
2022-09-05,NOVA,Technology,368.03,2292907.0
2022-09-05,ORBIT,Financials,150.78,846643.0
2022-09-05,PRISM,Healthcare,290.03,456232.0
2022-09-05,ZENITH,Energy,196.06,1168899.0
2022-09-06,AURORA,Consumer,205.86,1265803.0
2022-09-06,NOVA,Technology,370.82,893070.0
2022-09-06,ORBIT,Financials,152.49,831951.0
2022-09-06,PRISM,Healthcare,288.63,1020171.0
2022-09-06,ZENITH,Energy,195.88,762451.0
2022-09-07,AURORA,Consumer,202.36,1283633.0
2022-09-07,NOVA,Technology,369.67,851825.0
2022-09-07,ORBIT,Financials,152.88,807933.0
2022-09-07,PRISM,Healthcare,292.95,905683.0
2022-09-07,ZENITH,Energy,191.39,1010129.0
2022-09-08,AURORA,Consumer,199.73,630585.0
2022-09-08,NOVA,Technology,361.7,1132992.0
2022-09-08,ORBIT,Financials,154.76,1123055.0
2022-09-08,PRISM,Healthcare,293.56,776300.0
2022-09-08,ZENITH,Energy,192.82,826108.0
2022-09-09,AURORA,Consumer,201.61,468028.0
2022-09-09,NOVA,Technology,361.3,1314826.0
2022-09-09,ORBIT,Financials,156.44,973009.0
2022-09-09,PRISM,Healthcare,296.02,891236.0
2022-09-09,ZENITH,Energy,195.32,1944932.0
2022-09-12,AURORA,Consumer,198.75,560531.0
2022-09-12,NOVA,Technology,355.63,686139.0
2022-09-12,ORBIT,Financials,159.08,1273831.0
2022-09-12,PRISM,Healthcare,290.38,759286.0
2022-09-12,ZENITH,Energy,197.14,1055324.0
2022-09-13,AURORA,Consumer,199.29,1290858.0
2022-09-13,NOVA,Technology,346.9,2095831.0
2022-09-13,ORBIT,Financials,158.26,1056785.0
2022-09-13,PRISM,Healthcare,287.13,560458.0
2022-09-13,ZENITH,Energy,196.69,666659.0
2022-09-14,AURORA,Consumer,199.23,785486.0
2022-09-14,NOVA,Technology,345.88,1425616.0
2022-09-14,ORBIT,Financials,159.34,1630571.0
2022-09-14,PRISM,Healthcare,281.09,971659.0
2022-09-14,ZENITH,Energy,203.07,2406218.0
2022-09-15,AURORA,Consumer,196.46,721615.0
2022-09-15,NOVA,Technology,341.53,1291705.0
2022-09-15,ORBIT,Financials,157.48,1061490.0
2022-09-15,PRISM,Healthcare,283.31,794578.0
2022-09-15,ZENITH,Energy,201.19,800683.0
2022-09-16,AURORA,Consumer,197.87,776225.0
2022-09-16,NOVA,Technology,340.74,1111553.0
2022-09-16,ORBIT,Financials,159.05,1123869.0
2022-09-16,PRISM,Healthcare,284.09,717252.0
2022-09-16,ZENITH,Energy,202.68,1159892.0
2022-09-19,AURORA,Consumer,201.89,1398657.0
2022-09-19,NOVA,Technology,341.83,2238488.0
2022-09-19,ORBIT,Financials,161.93,1244675.0
2022-09-19,PRISM,Healthcare,286.86,454865.0
2022-09-19,ZENITH,Energy,204.18,1025125.0
2022-09-20,AURORA,Consumer,203.85,1043124.0
2022-09-20,NOVA,Technology,341.92,1342834.0
2022-09-20,ORBIT,Financials,163.33,890018.0
2022-09-20,PRISM,Healthcare,290.89,462276.0
2022-09-20,ZENITH,Energy,205.04,1319744.0
2022-09-21,AURORA,Consumer,205.25,1521718.0
2022-09-21,NOVA,Technology,333.01,1944896.0
2022-09-21,ORBIT,Financials,159.49,814798.0
2022-09-21,PRISM,Healthcare,283.79,608264.0
2022-09-21,ZENITH,Energy,203.75,925835.0
2022-09-22,AURORA,Consumer,208.32,834843.0
2022-09-22,NOVA,Technology,349.73,1248731.0
2022-09-22,ORBIT,Financials,161.88,1108064.0
2022-09-22,PRISM,Healthcare,284.47,585742.0
2022-09-22,ZENITH,Energy,208.08,1026225.0
2022-09-23,AURORA,Consumer,208.92,966924.0
2022-09-23,NOVA,Technology,364.07,701823.0
2022-09-23,ORBIT,Financials,164.93,1383905.0
2022-09-23,PRISM,Healthcare,284.04,495406.0
2022-09-23,ZENITH,Energy,210.93,812952.0
2022-09-26,AURORA,Consumer,211.84,924879.0
2022-09-26,NOVA,Technology,368.56,1704674.0
2022-09-26,ORBIT,Financials,167.65,1205876.0
2022-09-26,PRISM,Healthcare,282.36,586287.0
2022-09-26,ZENITH,Energy,207.66,1047114.0
2022-09-27,AURORA,Consumer,211.42,740965.0
2022-09-27,NOVA,Technology,372.38,1903365.0
2022-09-27,ORBIT,Financials,171.92,721734.0
2022-09-27,PRISM,Healthcare,284.41,537452.0
2022-09-27,ZENITH,Energy,210.23,1644661.0
2022-09-28,AURORA,Consumer,213.05,658898.0
2022-09-28,NOVA,Technology,364.74,2652829.0
2022-09-28,ORBIT,Financials,170.25,773307.0
2022-09-28,PRISM,Healthcare,282.06,616843.0
2022-09-28,ZENITH,Energy,208.01,793375.0
2022-09-29,AURORA,Consumer,213.45,715705.0
2022-09-29,NOVA,Technology,368.35,647451.0
2022-09-29,ORBIT,Financials,173.41,706804.0
2022-09-29,PRISM,Healthcare,284.4,780919.0
2022-09-29,ZENITH,Energy,206.72,633330.0
2022-09-30,AURORA,Consumer,218.39,805872.0
2022-09-30,NOVA,Technology,374.77,2076231.0
2022-09-30,ORBIT,Financials,175.68,816633.0
2022-09-30,PRISM,Healthcare,286.48,664072.0
2022-09-30,ZENITH,Energy,209.03,1211960.0
2022-10-03,AURORA,Consumer,217.92,624848.0
2022-10-03,NOVA,Technology,374.65,1660763.0
2022-10-03,ORBIT,Financials,177.27,1338348.0
2022-10-03,PRISM,Healthcare,286.34,1070965.0
2022-10-03,ZENITH,Energy,209.42,2389773.0
2022-10-04,AURORA,Consumer,218.84,1422146.0
2022-10-04,NOVA,Technology,366.86,942261.0
2022-10-04,ORBIT,Financials,180.94,776745.0
2022-10-04,PRISM,Healthcare,287.94,401933.0
2022-10-04,ZENITH,Energy,212.22,858255.0
2022-10-05,AURORA,Consumer,218.86,1099584.0
2022-10-05,NOVA,Technology,368.24,1593759.0
2022-10-05,ORBIT,Financials,180.4,625742.0
2022-10-05,PRISM,Healthcare,289.93,1085613.0
2022-10-05,ZENITH,Energy,214.69,1063538.0
2022-10-06,AURORA,Consumer,220.43,609923.0
2022-10-06,NOVA,Technology,360.79,1402619.0
2022-10-06,ORBIT,Financials,179.21,1641671.0
2022-10-06,PRISM,Healthcare,284.3,583398.0
2022-10-06,ZENITH,Energy,217.68,1251410.0
2022-10-07,AURORA,Consumer,223.35,861621.0
2022-10-07,NOVA,Technology,378.91,1841989.0
2022-10-07,ORBIT,Financials,182.13,1147359.0
2022-10-07,PRISM,Healthcare,286.38,977967.0
2022-10-07,ZENITH,Energy,219.39,1375457.0
2022-10-10,AURORA,Consumer,224.9,827243.0
2022-10-10,NOVA,Technology,382.07,1983373.0
2022-10-10,ORBIT,Financials,183.15,628590.0
2022-10-10,PRISM,Healthcare,290.9,876566.0
2022-10-10,ZENITH,Energy,220.55,2639949.0
2022-10-11,AURORA,Consumer,226.07,1320266.0
2022-10-11,NOVA,Technology,381.31,1306152.0
2022-10-11,ORBIT,Financials,185.45,774955.0
2022-10-11,PRISM,Healthcare,289.29,776889.0
2022-10-11,ZENITH,Energy,214.42,1769456.0
2022-10-12,AURORA,Consumer,221.34,857773.0
2022-10-12,NOVA,Technology,379.58,1171596.0
2022-10-12,ORBIT,Financials,182.57,966481.0
2022-10-12,PRISM,Healthcare,287.98,382278.0
2022-10-12,ZENITH,Energy,211.86,1215103.0
2022-10-13,AURORA,Consumer,222.75,1050044.0
2022-10-13,NOVA,Technology,383.95,2817445.0
2022-10-13,ORBIT,Financials,183.84,1162379.0
2022-10-13,PRISM,Healthcare,289.31,380524.0
2022-10-13,ZENITH,Energy,218.17,1856177.0
2022-10-14,AURORA,Consumer,223.67,673153.0
2022-10-14,NOVA,Technology,387.83,2786772.0
2022-10-14,ORBIT,Financials,185.17,1626043.0
2022-10-14,PRISM,Healthcare,294.61,740278.0
2022-10-14,ZENITH,Energy,221.06,1305117.0
2022-10-17,AURORA,Consumer,227.22,346117.0
2022-10-17,NOVA,Technology,382.68,1202103.0
2022-10-17,ORBIT,Financials,184.59,948042.0
2022-10-17,PRISM,Healthcare,297.61,1081120.0
2022-10-17,ZENITH,Energy,222.33,1207158.0
2022-10-18,AURORA,Consumer,228.66,1341296.0
2022-10-18,NOVA,Technology,386.82,1109614.0
2022-10-18,ORBIT,Financials,185.76,994845.0
2022-10-18,PRISM,Healthcare,298.96,1011290.0
2022-10-18,ZENITH,Energy,221.22,1072985.0
2022-10-19,AURORA,Consumer,225.64,603597.0
2022-10-19,NOVA,Technology,388.25,1550267.0
2022-10-19,ORBIT,Financials,186.17,1061184.0
2022-10-19,PRISM,Healthcare,295.39,601825.0
2022-10-19,ZENITH,Energy,215.91,952310.0
2022-10-20,AURORA,Consumer,229.03,2086389.0
2022-10-20,NOVA,Technology,377.02,1693085.0
2022-10-20,ORBIT,Financials,184.28,841584.0
2022-10-20,PRISM,Healthcare,295.34,590040.0
2022-10-20,ZENITH,Energy,216.3,789737.0
2022-10-21,AURORA,Consumer,228.93,964617.0
2022-10-21,NOVA,Technology,379.28,1301262.0
2022-10-21,ORBIT,Financials,187.04,748422.0
2022-10-21,PRISM,Healthcare,295.46,820628.0
2022-10-21,ZENITH,Energy,218.73,1180698.0
2022-10-24,AURORA,Consumer,224.58,1071544.0
2022-10-24,NOVA,Technology,374.52,1881497.0
2022-10-24,ORBIT,Financials,182.87,1116165.0
2022-10-24,PRISM,Healthcare,289.28,475077.0
2022-10-24,ZENITH,Energy,217.13,1157936.0
2022-10-25,AURORA,Consumer,226.64,679169.0
2022-10-25,NOVA,Technology,378.25,1782750.0
2022-10-25,ORBIT,Financials,186.86,1145585.0
2022-10-25,PRISM,Healthcare,291.54,333783.0
2022-10-25,ZENITH,Energy,220.01,1212625.0
2022-10-26,AURORA,Consumer,225.14,1242065.0
2022-10-26,NOVA,Technology,364.78,832088.0
2022-10-26,ORBIT,Financials,186.91,948830.0
2022-10-26,PRISM,Healthcare,288.13,515785.0
2022-10-26,ZENITH,Energy,220.2,1570980.0
2022-10-27,AURORA,Consumer,222.2,852762.0
2022-10-27,NOVA,Technology,372.44,918972.0
2022-10-27,ORBIT,Financials,192.55,1102771.0
2022-10-27,PRISM,Healthcare,291.94,970421.0
2022-10-27,ZENITH,Energy,216.38,936241.0
2022-10-28,AURORA,Consumer,217.18,1124412.0
2022-10-28,NOVA,Technology,370.16,911488.0
2022-10-28,ORBIT,Financials,188.77,1599725.0
2022-10-28,PRISM,Healthcare,292.65,1061771.0
2022-10-28,ZENITH,Energy,215.11,725468.0
2022-10-31,AURORA,Consumer,213.8,1047515.0
2022-10-31,NOVA,Technology,369.71,1252450.0
2022-10-31,ORBIT,Financials,186.75,555756.0
2022-10-31,PRISM,Healthcare,295.12,686273.0
2022-10-31,ZENITH,Energy,212.59,1501801.0
2022-11-01,AURORA,Consumer,217.21,1311404.0
2022-11-01,NOVA,Technology,372.03,1693029.0
2022-11-01,ORBIT,Financials,187.97,584109.0
2022-11-01,PRISM,Healthcare,296.23,756736.0
2022-11-01,ZENITH,Energy,214.4,896777.0
2022-11-02,AURORA,Consumer,217.44,601143.0
2022-11-02,NOVA,Technology,370.7,824115.0
2022-11-02,ORBIT,Financials,187.91,1962931.0
2022-11-02,PRISM,Healthcare,293.74,702217.0
2022-11-02,ZENITH,Energy,214.52,1309296.0
2022-11-03,AURORA,Consumer,219.89,673950.0
2022-11-03,NOVA,Technology,375.94,1249281.0
2022-11-03,ORBIT,Financials,188.64,952928.0
2022-11-03,PRISM,Healthcare,291.72,320183.0
2022-11-03,ZENITH,Energy,221.58,999497.0
2022-11-04,AURORA,Consumer,223.61,872425.0
2022-11-04,NOVA,Technology,374.51,903386.0
2022-11-04,ORBIT,Financials,192.49,943907.0
2022-11-04,PRISM,Healthcare,294.23,753197.0
2022-11-04,ZENITH,Energy,213.06,922135.0
2022-11-07,AURORA,Consumer,223.88,1008402.0
2022-11-07,NOVA,Technology,381.41,4586007.0
2022-11-07,ORBIT,Financials,194.0,536161.0
2022-11-07,PRISM,Healthcare,295.86,379247.0
2022-11-07,ZENITH,Energy,211.86,2074299.0
2022-11-08,AURORA,Consumer,225.31,1407908.0
2022-11-08,NOVA,Technology,373.36,1369290.0
2022-11-08,ORBIT,Financials,194.28,1536093.0
2022-11-08,PRISM,Healthcare,293.57,551570.0
2022-11-08,ZENITH,Energy,212.2,1817029.0
2022-11-09,AURORA,Consumer,230.51,772956.0
2022-11-09,NOVA,Technology,378.65,1419994.0
2022-11-09,ORBIT,Financials,196.6,1206755.0
2022-11-09,PRISM,Healthcare,297.25,588640.0
2022-11-09,ZENITH,Energy,213.99,1518486.0
2022-11-10,AURORA,Consumer,226.81,1536023.0
2022-11-10,NOVA,Technology,372.25,1433862.0
2022-11-10,ORBIT,Financials,194.88,839787.0
2022-11-10,PRISM,Healthcare,295.77,487809.0
2022-11-10,ZENITH,Energy,210.51,1252723.0
2022-11-11,AURORA,Consumer,224.11,1020875.0
2022-11-11,NOVA,Technology,371.19,1562807.0
2022-11-11,ORBIT,Financials,195.77,991632.0
2022-11-11,PRISM,Healthcare,299.4,806287.0
2022-11-11,ZENITH,Energy,218.69,1610354.0
2022-11-14,AURORA,Consumer,224.59,1206538.0
2022-11-14,NOVA,Technology,368.75,1233587.0
2022-11-14,ORBIT,Financials,194.5,640257.0
2022-11-14,PRISM,Healthcare,298.2,653762.0
2022-11-14,ZENITH,Energy,219.39,1062236.0
2022-11-15,AURORA,Consumer,223.57,419045.0
2022-11-15,NOVA,Technology,356.07,1792748.0
2022-11-15,ORBIT,Financials,187.08,607999.0
2022-11-15,PRISM,Healthcare,296.25,1362499.0
2022-11-15,ZENITH,Energy,214.2,2850089.0
2022-11-16,AURORA,Consumer,227.3,986088.0
2022-11-16,NOVA,Technology,365.96,1408450.0
2022-11-16,ORBIT,Financials,187.98,843240.0
2022-11-16,PRISM,Healthcare,297.87,512708.0
2022-11-16,ZENITH,Energy,216.99,675845.0
2022-11-17,AURORA,Consumer,225.03,1514262.0
2022-11-17,NOVA,Technology,376.08,1764039.0
2022-11-17,ORBIT,Financials,187.45,607250.0
2022-11-17,PRISM,Healthcare,302.79,527419.0
2022-11-17,ZENITH,Energy,216.29,1310876.0
2022-11-18,AURORA,Consumer,221.47,969407.0
2022-11-18,NOVA,Technology,376.11,835330.0
2022-11-18,ORBIT,Financials,187.77,1762811.0
2022-11-18,PRISM,Healthcare,299.49,423480.0
2022-11-18,ZENITH,Energy,215.58,1467650.0
2022-11-21,AURORA,Consumer,219.53,889883.0
2022-11-21,NOVA,Technology,378.44,1490570.0
2022-11-21,ORBIT,Financials,188.89,1121424.0
2022-11-21,PRISM,Healthcare,300.95,601371.0
2022-11-21,ZENITH,Energy,218.23,1636547.0
2022-11-22,AURORA,Consumer,220.9,639592.0
2022-11-22,NOVA,Technology,385.91,2120987.0
2022-11-22,ORBIT,Financials,188.06,769316.0
2022-11-22,PRISM,Healthcare,297.08,649489.0
2022-11-22,ZENITH,Energy,220.15,812839.0
2022-11-23,AURORA,Consumer,227.27,731001.0
2022-11-23,NOVA,Technology,390.79,1284555.0
2022-11-23,ORBIT,Financials,183.4,1115833.0
2022-11-23,PRISM,Healthcare,293.02,628474.0
2022-11-23,ZENITH,Energy,218.47,2446224.0
2022-11-24,AURORA,Consumer,225.87,1006997.0
2022-11-24,NOVA,Technology,383.53,1526770.0
2022-11-24,ORBIT,Financials,183.31,588923.0
2022-11-24,PRISM,Healthcare,290.1,619854.0
2022-11-24,ZENITH,Energy,212.22,770184.0
2022-11-25,AURORA,Consumer,227.0,796715.0
2022-11-25,NOVA,Technology,378.63,1234860.0
2022-11-25,ORBIT,Financials,180.05,931803.0
2022-11-25,PRISM,Healthcare,294.62,399904.0
2022-11-25,ZENITH,Energy,210.94,1185002.0
2022-11-28,AURORA,Consumer,226.51,856023.0
2022-11-28,NOVA,Technology,368.33,1217272.0
2022-11-28,ORBIT,Financials,180.34,1203284.0
2022-11-28,PRISM,Healthcare,297.82,641567.0
2022-11-28,ZENITH,Energy,210.88,1104093.0
2022-11-29,AURORA,Consumer,227.71,1212158.0
2022-11-29,NOVA,Technology,366.65,1392551.0
2022-11-29,ORBIT,Financials,177.9,639833.0
2022-11-29,PRISM,Healthcare,292.54,381265.0
2022-11-29,ZENITH,Energy,211.5,1073221.0
2022-11-30,AURORA,Consumer,226.22,801716.0
2022-11-30,NOVA,Technology,353.27,1185160.0
2022-11-30,ORBIT,Financials,175.54,816599.0
2022-11-30,PRISM,Healthcare,294.51,787728.0
2022-11-30,ZENITH,Energy,206.19,2075772.0
2022-12-01,AURORA,Consumer,220.99,2037381.0
2022-12-01,NOVA,Technology,334.92,1575224.0
2022-12-01,ORBIT,Financials,171.33,714985.0
2022-12-01,PRISM,Healthcare,290.59,874563.0
2022-12-01,ZENITH,Energy,206.28,635923.0
2022-12-02,AURORA,Consumer,221.18,720049.0
2022-12-02,NOVA,Technology,323.92,2649849.0
2022-12-02,ORBIT,Financials,168.86,1442039.0
2022-12-02,PRISM,Healthcare,286.85,891755.0
2022-12-02,ZENITH,Energy,207.2,1086005.0
2022-12-05,AURORA,Consumer,221.3,522204.0
2022-12-05,NOVA,Technology,322.93,667490.0
2022-12-05,ORBIT,Financials,168.71,1176643.0
2022-12-05,PRISM,Healthcare,287.12,873772.0
2022-12-05,ZENITH,Energy,205.71,1599014.0
2022-12-06,AURORA,Consumer,220.29,615138.0
2022-12-06,NOVA,Technology,318.32,2617378.0
2022-12-06,ORBIT,Financials,166.81,1101973.0
2022-12-06,PRISM,Healthcare,285.85,450576.0
2022-12-06,ZENITH,Energy,206.75,1745052.0
2022-12-07,AURORA,Consumer,220.39,871194.0
2022-12-07,NOVA,Technology,326.47,1363983.0
2022-12-07,ORBIT,Financials,168.08,1709885.0
2022-12-07,PRISM,Healthcare,283.01,1040363.0
2022-12-07,ZENITH,Energy,212.61,932005.0
2022-12-08,AURORA,Consumer,217.43,489595.0
2022-12-08,NOVA,Technology,320.77,1163897.0
2022-12-08,ORBIT,Financials,167.78,913117.0
2022-12-08,PRISM,Healthcare,285.3,804414.0
2022-12-08,ZENITH,Energy,204.5,1894390.0
2022-12-09,AURORA,Consumer,215.43,851166.0
2022-12-09,NOVA,Technology,324.31,835025.0
2022-12-09,ORBIT,Financials,168.33,1017073.0
2022-12-09,PRISM,Healthcare,288.43,1020314.0
2022-12-09,ZENITH,Energy,204.67,1504738.0
2022-12-12,AURORA,Consumer,214.56,1166790.0
2022-12-12,NOVA,Technology,319.45,880577.0
2022-12-12,ORBIT,Financials,168.18,1117485.0
2022-12-12,PRISM,Healthcare,293.17,681856.0
2022-12-12,ZENITH,Energy,205.78,988702.0
2022-12-13,AURORA,Consumer,215.08,1218766.0
2022-12-13,NOVA,Technology,321.35,1287589.0
2022-12-13,ORBIT,Financials,169.15,956857.0
2022-12-13,PRISM,Healthcare,294.08,665493.0
2022-12-13,ZENITH,Energy,209.69,935120.0
2022-12-14,AURORA,Consumer,220.01,1714175.0
2022-12-14,NOVA,Technology,321.61,1405314.0
2022-12-14,ORBIT,Financials,171.44,941374.0
2022-12-14,PRISM,Healthcare,290.05,378136.0
2022-12-14,ZENITH,Energy,215.37,851794.0
2022-12-15,AURORA,Consumer,222.26,677914.0
2022-12-15,NOVA,Technology,322.93,3208675.0
2022-12-15,ORBIT,Financials,173.05,1177259.0
2022-12-15,PRISM,Healthcare,289.79,1098327.0
2022-12-15,ZENITH,Energy,219.08,1043484.0
2022-12-16,AURORA,Consumer,220.68,1164723.0
2022-12-16,NOVA,Technology,318.34,1032974.0
2022-12-16,ORBIT,Financials,170.25,1350318.0
2022-12-16,PRISM,Healthcare,288.75,837506.0
2022-12-16,ZENITH,Energy,220.06,588749.0
2022-12-19,AURORA,Consumer,219.13,1361728.0
2022-12-19,NOVA,Technology,313.79,1295733.0
2022-12-19,ORBIT,Financials,165.96,1867162.0
2022-12-19,PRISM,Healthcare,291.34,597483.0
2022-12-19,ZENITH,Energy,223.83,1412875.0
2022-12-20,AURORA,Consumer,219.79,1127630.0
2022-12-20,NOVA,Technology,311.33,2365468.0
2022-12-20,ORBIT,Financials,167.43,673448.0
2022-12-20,PRISM,Healthcare,290.5,536026.0
2022-12-20,ZENITH,Energy,230.43,994030.0
2022-12-21,AURORA,Consumer,220.54,1687151.0
2022-12-21,NOVA,Technology,307.03,1020576.0
2022-12-21,ORBIT,Financials,172.24,545339.0
2022-12-21,PRISM,Healthcare,287.68,631215.0
2022-12-21,ZENITH,Energy,232.62,1942506.0
2022-12-22,AURORA,Consumer,223.35,1678026.0
2022-12-22,NOVA,Technology,316.13,849189.0
2022-12-22,ORBIT,Financials,176.74,709974.0
2022-12-22,PRISM,Healthcare,291.16,770179.0
2022-12-22,ZENITH,Energy,231.38,1490313.0
2022-12-23,AURORA,Consumer,226.13,660820.0
2022-12-23,NOVA,Technology,322.53,2080712.0
2022-12-23,ORBIT,Financials,176.34,910866.0
2022-12-23,PRISM,Healthcare,290.27,491551.0
2022-12-23,ZENITH,Energy,233.18,990705.0
2022-12-26,AURORA,Consumer,228.33,1413228.0
2022-12-26,NOVA,Technology,324.44,1799006.0
2022-12-26,ORBIT,Financials,181.05,1376880.0
2022-12-26,PRISM,Healthcare,293.14,718228.0
2022-12-26,ZENITH,Energy,239.63,1964088.0
2022-12-27,AURORA,Consumer,228.22,835290.0
2022-12-27,NOVA,Technology,325.12,1661263.0
2022-12-27,ORBIT,Financials,183.89,1261344.0
2022-12-27,PRISM,Healthcare,290.32,572596.0
2022-12-27,ZENITH,Energy,236.44,512506.0
2022-12-28,AURORA,Consumer,228.94,472913.0
2022-12-28,NOVA,Technology,323.22,2202217.0
2022-12-28,ORBIT,Financials,181.15,818144.0
2022-12-28,PRISM,Healthcare,286.72,617209.0
2022-12-28,ZENITH,Energy,231.09,807374.0
2022-12-29,AURORA,Consumer,229.13,1283312.0
2022-12-29,NOVA,Technology,323.25,1695207.0
2022-12-29,ORBIT,Financials,182.27,840128.0
2022-12-29,PRISM,Healthcare,288.13,459355.0
2022-12-29,ZENITH,Energy,237.08,684475.0
2022-12-30,AURORA,Consumer,232.05,962504.0
2022-12-30,NOVA,Technology,325.3,1332047.0
2022-12-30,ORBIT,Financials,185.26,838110.0
2022-12-30,PRISM,Healthcare,288.92,647459.0
2022-12-30,ZENITH,Energy,241.93,1398498.0
2023-01-02,AURORA,Consumer,,618167.0
2023-01-02,NOVA,Technology,314.11,1034300.0
2023-01-02,ORBIT,Financials,180.42,1094205.0
2023-01-02,PRISM,Healthcare,283.77,694319.0
2023-01-02,ZENITH,Energy,246.34,1304578.0
2023-01-03,AURORA,Consumer,227.7,612795.0
2023-01-03,NOVA,Technology,313.56,2095231.0
2023-01-03,ORBIT,Financials,181.2,1205065.0
2023-01-03,PRISM,Healthcare,284.4,606692.0
2023-01-03,ZENITH,Energy,245.85,1423772.0
2023-01-04,AURORA,Consumer,230.6,665241.0
2023-01-04,NOVA,Technology,315.47,1343491.0
2023-01-04,ORBIT,Financials,181.58,1144961.0
2023-01-04,PRISM,Healthcare,286.54,899575.0
2023-01-04,ZENITH,Energy,243.47,1553985.0
2023-01-05,AURORA,Consumer,230.08,1162130.0
2023-01-05,NOVA,Technology,307.5,1520127.0
2023-01-05,ORBIT,Financials,177.01,1034083.0
2023-01-05,PRISM,Healthcare,281.64,596841.0
2023-01-05,ZENITH,Energy,246.92,822233.0
2023-01-06,AURORA,Consumer,228.57,1671466.0
2023-01-06,NOVA,Technology,309.95,1454200.0
2023-01-06,ORBIT,Financials,180.05,921212.0
2023-01-06,PRISM,Healthcare,283.83,588634.0
2023-01-06,ZENITH,Energy,247.84,1755173.0
2023-01-09,AURORA,Consumer,230.67,1141832.0
2023-01-09,NOVA,Technology,301.38,1688355.0
2023-01-09,ORBIT,Financials,182.92,1429189.0
2023-01-09,PRISM,Healthcare,284.16,526864.0
2023-01-09,ZENITH,Energy,248.59,1553130.0
2023-01-10,AURORA,Consumer,226.41,1121735.0
2023-01-10,NOVA,Technology,302.79,1137809.0
2023-01-10,ORBIT,Financials,186.33,1047209.0
2023-01-10,PRISM,Healthcare,286.1,853736.0
2023-01-10,ZENITH,Energy,243.24,1438196.0
2023-01-11,AURORA,Consumer,225.48,782591.0
2023-01-11,NOVA,Technology,299.64,1190239.0
2023-01-11,ORBIT,Financials,185.63,1654103.0
2023-01-11,PRISM,Healthcare,285.47,670626.0
2023-01-11,ZENITH,Energy,242.12,1730195.0
2023-01-12,AURORA,Consumer,229.79,2345623.0
2023-01-12,NOVA,Technology,309.52,1371640.0
2023-01-12,ORBIT,Financials,188.4,1577015.0
2023-01-12,PRISM,Healthcare,288.19,1054333.0
2023-01-12,ZENITH,Energy,248.8,1003189.0
2023-01-13,AURORA,Consumer,231.23,600792.0
2023-01-13,NOVA,Technology,321.59,925216.0
2023-01-13,ORBIT,Financials,187.92,1933739.0
2023-01-13,PRISM,Healthcare,293.58,441951.0
2023-01-13,ZENITH,Energy,253.06,1807097.0
2023-01-16,AURORA,Consumer,233.1,1359190.0
2023-01-16,NOVA,Technology,327.76,1312512.0
2023-01-16,ORBIT,Financials,188.65,1058730.0
2023-01-16,PRISM,Healthcare,299.38,709349.0
2023-01-16,ZENITH,Energy,251.12,1042542.0
2023-01-17,AURORA,Consumer,234.46,968281.0
2023-01-17,NOVA,Technology,323.92,2268317.0
2023-01-17,ORBIT,Financials,189.25,1025015.0
2023-01-17,PRISM,Healthcare,299.12,929574.0
2023-01-17,ZENITH,Energy,244.53,1926640.0
2023-01-18,AURORA,Consumer,231.82,1284576.0
2023-01-18,NOVA,Technology,318.81,746781.0
2023-01-18,ORBIT,Financials,185.4,1251828.0
2023-01-18,PRISM,Healthcare,295.21,686343.0
2023-01-18,ZENITH,Energy,249.62,1007695.0
2023-01-19,AURORA,Consumer,234.96,1042475.0
2023-01-19,NOVA,Technology,330.1,1511453.0
2023-01-19,ORBIT,Financials,189.92,1494217.0
2023-01-19,PRISM,Healthcare,297.03,1299125.0
2023-01-19,ZENITH,Energy,255.42,1126556.0
2023-01-20,AURORA,Consumer,232.34,809781.0
2023-01-20,NOVA,Technology,335.38,856393.0
2023-01-20,ORBIT,Financials,191.09,1200767.0
2023-01-20,PRISM,Healthcare,298.89,917933.0
2023-01-20,ZENITH,Energy,253.72,1103895.0
2023-01-23,AURORA,Consumer,233.74,698975.0
2023-01-23,NOVA,Technology,336.21,1133974.0
2023-01-23,ORBIT,Financials,189.37,933700.0
2023-01-23,PRISM,Healthcare,301.02,1058678.0
2023-01-23,ZENITH,Energy,252.29,1219475.0
2023-01-24,AURORA,Consumer,239.36,1185617.0
2023-01-24,NOVA,Technology,341.67,2163986.0
2023-01-24,ORBIT,Financials,191.38,776034.0
2023-01-24,PRISM,Healthcare,304.49,1174088.0
2023-01-24,ZENITH,Energy,264.76,1443300.0
2023-01-25,AURORA,Consumer,240.74,1018172.0
2023-01-25,NOVA,Technology,332.22,1123713.0
2023-01-25,ORBIT,Financials,191.12,1054264.0
2023-01-25,PRISM,Healthcare,302.9,513940.0
2023-01-25,ZENITH,Energy,261.99,1075436.0
2023-01-26,AURORA,Consumer,237.45,1213932.0
2023-01-26,NOVA,Technology,318.71,1470481.0
2023-01-26,ORBIT,Financials,188.29,547409.0
2023-01-26,PRISM,Healthcare,304.41,518108.0
2023-01-26,ZENITH,Energy,260.11,718825.0
2023-01-27,AURORA,Consumer,235.99,1069835.0
2023-01-27,NOVA,Technology,322.05,1097336.0
2023-01-27,ORBIT,Financials,188.11,1025698.0
2023-01-27,PRISM,Healthcare,304.7,944706.0
2023-01-27,ZENITH,Energy,256.8,965035.0
2023-01-30,AURORA,Consumer,239.27,786816.0
2023-01-30,NOVA,Technology,329.67,1883460.0
2023-01-30,ORBIT,Financials,193.83,1122016.0
2023-01-30,PRISM,Healthcare,314.37,779671.0
2023-01-30,ZENITH,Energy,263.82,1730626.0
2023-01-31,AURORA,Consumer,236.6,824149.0
2023-01-31,NOVA,Technology,318.03,806541.0
2023-01-31,ORBIT,Financials,191.78,1100432.0
2023-01-31,PRISM,Healthcare,313.04,1257463.0
2023-01-31,ZENITH,Energy,252.88,1033300.0
2023-02-01,AURORA,Consumer,235.11,593517.0
2023-02-01,NOVA,Technology,322.4,802696.0
2023-02-01,ORBIT,Financials,196.24,685963.0
2023-02-01,PRISM,Healthcare,314.05,1141539.0
2023-02-01,ZENITH,Energy,254.92,1232865.0
2023-02-02,AURORA,Consumer,235.78,789896.0
2023-02-02,NOVA,Technology,320.11,1004067.0
2023-02-02,ORBIT,Financials,195.06,1217937.0
2023-02-02,PRISM,Healthcare,317.89,487619.0
2023-02-02,ZENITH,Energy,256.47,1096379.0
2023-02-03,AURORA,Consumer,234.96,1230724.0
2023-02-03,NOVA,Technology,310.01,3712345.0
2023-02-03,ORBIT,Financials,195.8,905218.0
2023-02-03,PRISM,Healthcare,320.02,482557.0
2023-02-03,ZENITH,Energy,260.05,715494.0
2023-02-06,AURORA,Consumer,229.56,810463.0
2023-02-06,NOVA,Technology,304.86,3023356.0
2023-02-06,ORBIT,Financials,192.06,1237716.0
2023-02-06,PRISM,Healthcare,313.9,526636.0
2023-02-06,ZENITH,Energy,255.15,1517413.0
2023-02-07,AURORA,Consumer,226.36,927509.0
2023-02-07,NOVA,Technology,295.23,1329873.0
2023-02-07,ORBIT,Financials,187.11,1002244.0
2023-02-07,PRISM,Healthcare,308.01,878379.0
2023-02-07,ZENITH,Energy,252.83,841197.0
2023-02-08,AURORA,Consumer,221.63,1009332.0
2023-02-08,NOVA,Technology,289.89,1699866.0
2023-02-08,ORBIT,Financials,191.34,2418144.0
2023-02-08,PRISM,Healthcare,306.21,1056589.0
2023-02-08,ZENITH,Energy,257.41,1197813.0
2023-02-09,AURORA,Consumer,221.6,711681.0
2023-02-09,NOVA,Technology,292.88,1595201.0
2023-02-09,ORBIT,Financials,190.26,822331.0
2023-02-09,PRISM,Healthcare,304.97,496447.0
2023-02-09,ZENITH,Energy,260.94,762675.0
2023-02-10,AURORA,Consumer,220.21,1289605.0
2023-02-10,NOVA,Technology,289.94,2929679.0
2023-02-10,ORBIT,Financials,189.34,1040152.0
2023-02-10,PRISM,Healthcare,300.56,501465.0
2023-02-10,ZENITH,Energy,259.61,1354631.0
2023-02-13,AURORA,Consumer,214.63,1038951.0
2023-02-13,NOVA,Technology,290.04,1629765.0
2023-02-13,ORBIT,Financials,191.97,1803809.0
2023-02-13,PRISM,Healthcare,298.09,1074197.0
2023-02-13,ZENITH,Energy,259.6,1170202.0
2023-02-14,AURORA,Consumer,216.48,640586.0
2023-02-14,NOVA,Technology,299.16,1462464.0
2023-02-14,ORBIT,Financials,192.21,437317.0
2023-02-14,PRISM,Healthcare,299.24,1266545.0
2023-02-14,ZENITH,Energy,259.12,981599.0
2023-02-15,AURORA,Consumer,217.97,1656031.0
2023-02-15,NOVA,Technology,296.19,754401.0
2023-02-15,ORBIT,Financials,189.8,1104350.0
2023-02-15,PRISM,Healthcare,301.49,1444912.0
2023-02-15,ZENITH,Energy,257.46,684529.0
2023-02-16,AURORA,Consumer,222.56,880053.0
2023-02-16,NOVA,Technology,304.07,2767373.0
2023-02-16,ORBIT,Financials,197.0,1406082.0
2023-02-16,PRISM,Healthcare,303.91,643684.0
2023-02-16,ZENITH,Energy,259.93,1054725.0
2023-02-17,AURORA,Consumer,220.9,1362809.0
2023-02-17,NOVA,Technology,309.25,1125081.0
2023-02-17,ORBIT,Financials,198.78,1233289.0
2023-02-17,PRISM,Healthcare,307.16,437702.0
2023-02-17,ZENITH,Energy,263.34,517375.0
2023-02-20,AURORA,Consumer,222.33,1062417.0
2023-02-20,NOVA,Technology,303.11,1222483.0
2023-02-20,ORBIT,Financials,195.18,788583.0
2023-02-20,PRISM,Healthcare,305.94,564660.0
2023-02-20,ZENITH,Energy,267.78,649990.0
2023-02-21,AURORA,Consumer,222.75,541518.0
2023-02-21,NOVA,Technology,297.19,1401278.0
2023-02-21,ORBIT,Financials,197.42,1494055.0
2023-02-21,PRISM,Healthcare,307.55,686632.0
2023-02-21,ZENITH,Energy,259.11,737620.0
2023-02-22,AURORA,Consumer,221.06,749566.0
2023-02-22,NOVA,Technology,290.07,1349069.0
2023-02-22,ORBIT,Financials,198.36,720696.0
2023-02-22,PRISM,Healthcare,302.89,367263.0
2023-02-22,ZENITH,Energy,263.07,1270891.0
2023-02-23,AURORA,Consumer,222.3,1031689.0
2023-02-23,NOVA,Technology,293.56,1508458.0
2023-02-23,ORBIT,Financials,199.7,1509324.0
2023-02-23,PRISM,Healthcare,298.01,880338.0
2023-02-23,ZENITH,Energy,267.91,1468208.0
2023-02-24,AURORA,Consumer,223.46,801912.0
2023-02-24,NOVA,Technology,287.76,1427040.0
2023-02-24,ORBIT,Financials,199.12,1253262.0
2023-02-24,PRISM,Healthcare,300.57,1298257.0
2023-02-24,ZENITH,Energy,271.81,1154129.0
2023-02-27,AURORA,Consumer,223.31,477997.0
2023-02-27,NOVA,Technology,291.91,1860801.0
2023-02-27,ORBIT,Financials,201.05,656053.0
2023-02-27,PRISM,Healthcare,295.15,942350.0
2023-02-27,ZENITH,Energy,270.19,1340797.0
2023-02-28,AURORA,Consumer,224.27,1163541.0
2023-02-28,NOVA,Technology,296.08,1209356.0
2023-02-28,ORBIT,Financials,203.48,763838.0
2023-02-28,PRISM,Healthcare,301.08,588683.0
2023-02-28,ZENITH,Energy,273.49,1421282.0
2023-03-01,AURORA,Consumer,228.61,652223.0
2023-03-01,NOVA,Technology,301.94,1107082.0
2023-03-01,ORBIT,Financials,205.46,680258.0
2023-03-01,PRISM,Healthcare,302.99,459361.0
2023-03-01,ZENITH,Energy,271.76,1032197.0
2023-03-02,AURORA,Consumer,224.37,268673.0
2023-03-02,NOVA,Technology,304.43,2318741.0
2023-03-02,ORBIT,Financials,207.25,1424713.0
2023-03-02,PRISM,Healthcare,303.79,1401467.0
2023-03-02,ZENITH,Energy,264.47,2022502.0
2023-03-03,AURORA,Consumer,225.69,1182197.0
2023-03-03,NOVA,Technology,305.22,1614518.0
2023-03-03,ORBIT,Financials,204.28,1706527.0
2023-03-03,PRISM,Healthcare,303.33,761842.0
2023-03-03,ZENITH,Energy,263.76,950529.0
2023-03-06,AURORA,Consumer,226.8,1649581.0
2023-03-06,NOVA,Technology,302.73,1483776.0
2023-03-06,ORBIT,Financials,203.64,788572.0
2023-03-06,PRISM,Healthcare,307.41,1427794.0
2023-03-06,ZENITH,Energy,273.3,985108.0
2023-03-07,AURORA,Consumer,228.31,859835.0
2023-03-07,NOVA,Technology,309.74,1971155.0
2023-03-07,ORBIT,Financials,209.28,1152681.0
2023-03-07,PRISM,Healthcare,313.08,923416.0
2023-03-07,ZENITH,Energy,273.78,1338031.0
2023-03-08,AURORA,Consumer,228.97,629975.0
2023-03-08,NOVA,Technology,309.25,2813250.0
2023-03-08,ORBIT,Financials,205.87,1228564.0
2023-03-08,PRISM,Healthcare,309.39,1825018.0
2023-03-08,ZENITH,Energy,272.72,1212591.0
2023-03-09,AURORA,Consumer,227.32,569992.0
2023-03-09,NOVA,Technology,306.21,1419966.0
2023-03-09,ORBIT,Financials,209.91,686436.0
2023-03-09,PRISM,Healthcare,307.88,457839.0
2023-03-09,ZENITH,Energy,270.49,2406920.0
2023-03-10,AURORA,Consumer,226.35,982598.0
2023-03-10,NOVA,Technology,311.36,1865474.0
2023-03-10,ORBIT,Financials,211.07,912780.0
2023-03-10,PRISM,Healthcare,306.82,1654387.0
2023-03-10,ZENITH,Energy,266.51,854019.0
2023-03-13,AURORA,Consumer,228.19,757860.0
2023-03-13,NOVA,Technology,322.01,1394674.0
2023-03-13,ORBIT,Financials,211.67,784907.0
2023-03-13,PRISM,Healthcare,312.15,586146.0
2023-03-13,ZENITH,Energy,270.68,1491728.0
2023-03-14,AURORA,Consumer,231.78,1198231.0
2023-03-14,NOVA,Technology,327.7,1494008.0
2023-03-14,ORBIT,Financials,213.54,1054897.0
2023-03-14,PRISM,Healthcare,318.36,475607.0
2023-03-14,ZENITH,Energy,270.79,556673.0
2023-03-15,AURORA,Consumer,233.73,1083538.0
2023-03-15,NOVA,Technology,332.78,1781469.0
2023-03-15,ORBIT,Financials,211.8,881247.0
2023-03-15,PRISM,Healthcare,320.7,636196.0
2023-03-15,ZENITH,Energy,267.09,1717617.0
2023-03-16,AURORA,Consumer,233.34,545417.0
2023-03-16,NOVA,Technology,332.47,1549991.0
2023-03-16,ORBIT,Financials,213.29,1287330.0
2023-03-16,PRISM,Healthcare,324.7,789423.0
2023-03-16,ZENITH,Energy,267.8,2081288.0
2023-03-17,AURORA,Consumer,234.14,1021096.0
2023-03-17,NOVA,Technology,326.97,924730.0
2023-03-17,ORBIT,Financials,207.97,1042720.0
2023-03-17,PRISM,Healthcare,321.21,761851.0
2023-03-17,ZENITH,Energy,265.94,2232502.0
2023-03-20,AURORA,Consumer,238.44,882511.0
2023-03-20,NOVA,Technology,329.23,987303.0
2023-03-20,ORBIT,Financials,212.0,1339858.0
2023-03-20,PRISM,Healthcare,323.44,490358.0
2023-03-20,ZENITH,Energy,262.95,801128.0
2023-03-21,AURORA,Consumer,237.51,621568.0
2023-03-21,NOVA,Technology,324.71,1095987.0
2023-03-21,ORBIT,Financials,207.31,1336282.0
2023-03-21,PRISM,Healthcare,321.89,632038.0
2023-03-21,ZENITH,Energy,259.86,1316030.0
2023-03-22,AURORA,Consumer,245.72,894566.0
2023-03-22,NOVA,Technology,328.77,1151558.0
2023-03-22,ORBIT,Financials,208.04,903692.0
2023-03-22,PRISM,Healthcare,324.3,918239.0
2023-03-22,ZENITH,Energy,261.92,1026989.0
2023-03-23,AURORA,Consumer,247.14,669232.0
2023-03-23,NOVA,Technology,331.7,1957669.0
2023-03-23,ORBIT,Financials,209.14,497577.0
2023-03-23,PRISM,Healthcare,328.22,897084.0
2023-03-23,ZENITH,Energy,264.04,1356940.0
2023-03-24,AURORA,Consumer,248.29,924822.0
2023-03-24,NOVA,Technology,341.11,882953.0
2023-03-24,ORBIT,Financials,213.64,737938.0
2023-03-24,PRISM,Healthcare,327.45,646843.0
2023-03-24,ZENITH,Energy,265.86,1098968.0
2023-03-27,AURORA,Consumer,248.1,1009197.0
2023-03-27,NOVA,Technology,337.05,1513498.0
2023-03-27,ORBIT,Financials,208.59,2114656.0
2023-03-27,PRISM,Healthcare,336.1,1080167.0
2023-03-27,ZENITH,Energy,261.03,1124502.0
2023-03-28,AURORA,Consumer,246.36,1181258.0
2023-03-28,NOVA,Technology,327.04,970136.0
2023-03-28,ORBIT,Financials,205.19,985131.0
2023-03-28,PRISM,Healthcare,332.07,669539.0
2023-03-28,ZENITH,Energy,258.99,1548534.0
2023-03-29,AURORA,Consumer,249.24,1246482.0
2023-03-29,NOVA,Technology,328.1,1013635.0
2023-03-29,ORBIT,Financials,203.16,1366109.0
2023-03-29,PRISM,Healthcare,329.03,532186.0
2023-03-29,ZENITH,Energy,261.4,878929.0
2023-03-30,AURORA,Consumer,251.21,410756.0
2023-03-30,NOVA,Technology,326.21,2594452.0
2023-03-30,ORBIT,Financials,206.05,1318289.0
2023-03-30,PRISM,Healthcare,333.16,884182.0
2023-03-30,ZENITH,Energy,262.57,996131.0
2023-03-31,AURORA,Consumer,246.56,597777.0
2023-03-31,NOVA,Technology,318.05,851861.0
2023-03-31,ORBIT,Financials,207.95,1669165.0
2023-03-31,PRISM,Healthcare,331.45,592671.0
2023-03-31,ZENITH,Energy,262.58,1547106.0
2023-04-03,AURORA,Consumer,243.06,989202.0
2023-04-03,NOVA,Technology,330.87,945717.0
2023-04-03,ORBIT,Financials,203.95,1447509.0
2023-04-03,PRISM,Healthcare,330.98,737017.0
2023-04-03,ZENITH,Energy,262.77,2330780.0
2023-04-04,AURORA,Consumer,244.21,1921688.0
2023-04-04,NOVA,Technology,328.01,1454900.0
2023-04-04,ORBIT,Financials,205.52,696503.0
2023-04-04,PRISM,Healthcare,331.06,888113.0
2023-04-04,ZENITH,Energy,263.6,1725782.0
2023-04-05,AURORA,Consumer,243.57,984193.0
2023-04-05,NOVA,Technology,326.06,1126515.0
2023-04-05,ORBIT,Financials,210.16,988442.0
2023-04-05,PRISM,Healthcare,332.92,631048.0
2023-04-05,ZENITH,Energy,257.21,1125760.0
2023-04-06,AURORA,Consumer,242.72,1374047.0
2023-04-06,NOVA,Technology,326.61,1933641.0
2023-04-06,ORBIT,Financials,210.23,1764520.0
2023-04-06,PRISM,Healthcare,334.62,532482.0
2023-04-06,ZENITH,Energy,248.74,2258633.0
2023-04-07,AURORA,Consumer,245.98,1045704.0
2023-04-07,NOVA,Technology,336.78,1708531.0
2023-04-07,ORBIT,Financials,209.27,1163773.0
2023-04-07,PRISM,Healthcare,334.04,968687.0
2023-04-07,ZENITH,Energy,249.73,1740842.0
2023-04-10,AURORA,Consumer,242.02,871759.0
2023-04-10,NOVA,Technology,323.63,1385544.0
2023-04-10,ORBIT,Financials,207.96,840341.0
2023-04-10,PRISM,Healthcare,334.81,1618242.0
2023-04-10,ZENITH,Energy,245.69,1397780.0
2023-04-11,AURORA,Consumer,245.92,618690.0
2023-04-11,NOVA,Technology,324.21,1037290.0
2023-04-11,ORBIT,Financials,210.89,960167.0
2023-04-11,PRISM,Healthcare,336.53,763193.0
2023-04-11,ZENITH,Energy,251.55,969468.0
2023-04-12,AURORA,Consumer,246.08,1394215.0
2023-04-12,NOVA,Technology,316.78,2049320.0
2023-04-12,ORBIT,Financials,211.52,645286.0
2023-04-12,PRISM,Healthcare,334.71,842839.0
2023-04-12,ZENITH,Energy,248.93,1250558.0
2023-04-13,AURORA,Consumer,250.13,726046.0
2023-04-13,NOVA,Technology,322.74,2703620.0
2023-04-13,ORBIT,Financials,217.06,1188085.0
2023-04-13,PRISM,Healthcare,336.12,704067.0
2023-04-13,ZENITH,Energy,254.19,1862277.0
2023-04-14,AURORA,Consumer,253.15,888458.0
2023-04-14,NOVA,Technology,330.77,972597.0
2023-04-14,ORBIT,Financials,214.13,1006504.0
2023-04-14,PRISM,Healthcare,336.06,829456.0
2023-04-14,ZENITH,Energy,260.55,1234577.0
2023-04-17,AURORA,Consumer,255.28,601045.0
2023-04-17,NOVA,Technology,335.4,1397451.0
2023-04-17,ORBIT,Financials,219.65,948892.0
2023-04-17,PRISM,Healthcare,343.2,725885.0
2023-04-17,ZENITH,Energy,264.95,1482147.0
2023-04-18,AURORA,Consumer,257.32,804882.0
2023-04-18,NOVA,Technology,333.27,1559239.0
2023-04-18,ORBIT,Financials,224.15,1915298.0
2023-04-18,PRISM,Healthcare,342.06,615592.0
2023-04-18,ZENITH,Energy,267.84,2044218.0
2023-04-19,AURORA,Consumer,259.04,1041019.0
2023-04-19,NOVA,Technology,335.76,1419406.0
2023-04-19,ORBIT,Financials,224.97,794836.0
2023-04-19,PRISM,Healthcare,342.89,1043027.0
2023-04-19,ZENITH,Energy,274.8,1444895.0
2023-04-20,AURORA,Consumer,257.86,1324326.0
2023-04-20,NOVA,Technology,339.48,1616330.0
2023-04-20,ORBIT,Financials,228.46,688513.0
2023-04-20,PRISM,Healthcare,345.73,699006.0
2023-04-20,ZENITH,Energy,283.24,741396.0
2023-04-21,AURORA,Consumer,258.48,886013.0
2023-04-21,NOVA,Technology,338.38,1885327.0
2023-04-21,ORBIT,Financials,232.81,1272015.0
2023-04-21,PRISM,Healthcare,346.2,955140.0
2023-04-21,ZENITH,Energy,276.96,1865989.0
2023-04-24,AURORA,Consumer,259.48,1478334.0
2023-04-24,NOVA,Technology,336.38,2002020.0
2023-04-24,ORBIT,Financials,235.23,2005143.0
2023-04-24,PRISM,Healthcare,345.72,1184934.0
2023-04-24,ZENITH,Energy,280.55,1170381.0
2023-04-25,AURORA,Consumer,255.65,980315.0
2023-04-25,NOVA,Technology,323.38,1614395.0
2023-04-25,ORBIT,Financials,229.32,1563763.0
2023-04-25,PRISM,Healthcare,342.8,1246070.0
2023-04-25,ZENITH,Energy,275.89,1658772.0
2023-04-26,AURORA,Consumer,254.81,842240.0
2023-04-26,NOVA,Technology,324.41,2643641.0
2023-04-26,ORBIT,Financials,230.52,1202728.0
2023-04-26,PRISM,Healthcare,345.65,486110.0
2023-04-26,ZENITH,Energy,272.33,1185655.0
2023-04-27,AURORA,Consumer,258.74,547170.0
2023-04-27,NOVA,Technology,323.79,1393087.0
2023-04-27,ORBIT,Financials,229.48,1348078.0
2023-04-27,PRISM,Healthcare,339.77,801386.0
2023-04-27,ZENITH,Energy,277.45,1578536.0
2023-04-28,AURORA,Consumer,265.54,414555.0
2023-04-28,NOVA,Technology,328.97,1303509.0
2023-04-28,ORBIT,Financials,227.55,1501851.0
2023-04-28,PRISM,Healthcare,344.26,927732.0
2023-04-28,ZENITH,Energy,286.34,1648475.0
2023-05-01,AURORA,Consumer,262.97,1113729.0
2023-05-01,NOVA,Technology,332.69,1136387.0
2023-05-01,ORBIT,Financials,227.59,1014453.0
2023-05-01,PRISM,Healthcare,348.17,514713.0
2023-05-01,ZENITH,Energy,283.84,1078662.0
2023-05-02,AURORA,Consumer,261.08,1160211.0
2023-05-02,NOVA,Technology,324.41,1394537.0
2023-05-02,ORBIT,Financials,229.19,930639.0
2023-05-02,PRISM,Healthcare,345.57,551683.0
2023-05-02,ZENITH,Energy,284.1,882215.0
2023-05-03,AURORA,Consumer,261.3,1395846.0
2023-05-03,NOVA,Technology,335.67,1376881.0
2023-05-03,ORBIT,Financials,233.23,766936.0
2023-05-03,PRISM,Healthcare,353.44,522631.0
2023-05-03,ZENITH,Energy,290.4,1405404.0
2023-05-04,AURORA,Consumer,252.43,527713.0
2023-05-04,NOVA,Technology,326.37,1784564.0
2023-05-04,ORBIT,Financials,230.82,858550.0
2023-05-04,PRISM,Healthcare,354.84,1256372.0
2023-05-04,ZENITH,Energy,288.72,1074973.0
2023-05-05,AURORA,Consumer,250.45,1035139.0
2023-05-05,NOVA,Technology,331.01,1023077.0
2023-05-05,ORBIT,Financials,225.39,1693550.0
2023-05-05,PRISM,Healthcare,353.97,938946.0
2023-05-05,ZENITH,Energy,281.47,547844.0
2023-05-08,AURORA,Consumer,250.58,540321.0
2023-05-08,NOVA,Technology,331.5,1551661.0
2023-05-08,ORBIT,Financials,222.99,577724.0
2023-05-08,PRISM,Healthcare,353.67,502960.0
2023-05-08,ZENITH,Energy,278.25,3666612.0
2023-05-09,AURORA,Consumer,253.7,884872.0
2023-05-09,NOVA,Technology,340.18,1646743.0
2023-05-09,ORBIT,Financials,228.31,507177.0
2023-05-09,PRISM,Healthcare,356.05,1018779.0
2023-05-09,ZENITH,Energy,280.77,3042343.0
2023-05-10,AURORA,Consumer,255.04,1449158.0
2023-05-10,NOVA,Technology,344.0,1417821.0
2023-05-10,ORBIT,Financials,227.32,1011907.0
2023-05-10,PRISM,Healthcare,354.71,760699.0
2023-05-10,ZENITH,Energy,276.24,1078987.0
2023-05-11,AURORA,Consumer,254.1,683759.0
2023-05-11,NOVA,Technology,337.75,1410062.0
2023-05-11,ORBIT,Financials,226.07,649214.0
2023-05-11,PRISM,Healthcare,352.12,993377.0
2023-05-11,ZENITH,Energy,271.16,1228214.0
2023-05-12,AURORA,Consumer,254.93,1242290.0
2023-05-12,NOVA,Technology,339.67,906761.0
2023-05-12,ORBIT,Financials,220.01,1402781.0
2023-05-12,PRISM,Healthcare,343.03,836968.0
2023-05-12,ZENITH,Energy,271.04,1067867.0
2023-05-15,AURORA,Consumer,255.71,1157444.0
2023-05-15,NOVA,Technology,327.84,1248445.0
2023-05-15,ORBIT,Financials,218.85,1051348.0
2023-05-15,PRISM,Healthcare,336.41,824780.0
2023-05-15,ZENITH,Energy,272.95,2306823.0
2023-05-16,AURORA,Consumer,252.09,953972.0
2023-05-16,NOVA,Technology,323.27,2204174.0
2023-05-16,ORBIT,Financials,217.49,2154472.0
2023-05-16,PRISM,Healthcare,332.43,1236342.0
2023-05-16,ZENITH,Energy,271.5,1058075.0
2023-05-17,AURORA,Consumer,253.56,621613.0
2023-05-17,NOVA,Technology,328.42,1036327.0
2023-05-17,ORBIT,Financials,219.66,1019128.0
2023-05-17,PRISM,Healthcare,328.7,1073638.0
2023-05-17,ZENITH,Energy,270.34,1778744.0
2023-05-18,AURORA,Consumer,251.68,922052.0
2023-05-18,NOVA,Technology,329.47,1194853.0
2023-05-18,ORBIT,Financials,219.48,824451.0
2023-05-18,PRISM,Healthcare,321.55,342457.0
2023-05-18,ZENITH,Energy,270.57,1038942.0
2023-05-19,AURORA,Consumer,255.29,939627.0
2023-05-19,NOVA,Technology,336.75,1185845.0
2023-05-19,ORBIT,Financials,218.86,1462436.0
2023-05-19,PRISM,Healthcare,322.53,1076850.0
2023-05-19,ZENITH,Energy,275.13,1006045.0
2023-05-22,AURORA,Consumer,259.05,922010.0
2023-05-22,NOVA,Technology,332.73,1611871.0
2023-05-22,ORBIT,Financials,218.63,977622.0
2023-05-22,PRISM,Healthcare,322.11,578699.0
2023-05-22,ZENITH,Energy,270.25,1867510.0
2023-05-23,AURORA,Consumer,261.2,1052949.0
2023-05-23,NOVA,Technology,344.46,937657.0
2023-05-23,ORBIT,Financials,221.53,882306.0
2023-05-23,PRISM,Healthcare,326.61,788175.0
2023-05-23,ZENITH,Energy,273.04,567350.0
2023-05-24,AURORA,Consumer,261.58,977157.0
2023-05-24,NOVA,Technology,348.53,2095865.0
2023-05-24,ORBIT,Financials,222.9,1311270.0
2023-05-24,PRISM,Healthcare,328.45,612615.0
2023-05-24,ZENITH,Energy,271.88,1468434.0
2023-05-25,AURORA,Consumer,264.39,637079.0
2023-05-25,NOVA,Technology,352.53,1223562.0
2023-05-25,ORBIT,Financials,220.12,1002822.0
2023-05-25,PRISM,Healthcare,325.41,593637.0
2023-05-25,ZENITH,Energy,275.93,1586219.0
2023-05-26,AURORA,Consumer,262.78,1115403.0
2023-05-26,NOVA,Technology,341.28,1167143.0
2023-05-26,ORBIT,Financials,214.48,1223687.0
2023-05-26,PRISM,Healthcare,322.21,609973.0
2023-05-26,ZENITH,Energy,269.15,1360641.0
2023-05-29,AURORA,Consumer,263.31,766834.0
2023-05-29,NOVA,Technology,338.74,1337872.0
2023-05-29,ORBIT,Financials,212.86,1000595.0
2023-05-29,PRISM,Healthcare,320.73,1209209.0
2023-05-29,ZENITH,Energy,265.83,1496233.0
2023-05-30,AURORA,Consumer,263.15,1099370.0
2023-05-30,NOVA,Technology,340.12,2027118.0
2023-05-30,ORBIT,Financials,214.83,1205105.0
2023-05-30,PRISM,Healthcare,322.21,1222454.0
2023-05-30,ZENITH,Energy,270.25,1822725.0
2023-05-31,AURORA,Consumer,264.43,525140.0
2023-05-31,NOVA,Technology,346.99,1817186.0
2023-05-31,ORBIT,Financials,219.55,582054.0
2023-05-31,PRISM,Healthcare,325.2,543094.0
2023-05-31,ZENITH,Energy,271.53,1018972.0
2023-06-01,AURORA,Consumer,263.55,1015307.0
2023-06-01,NOVA,Technology,345.44,1347837.0
2023-06-01,ORBIT,Financials,217.32,1513884.0
2023-06-01,PRISM,Healthcare,327.39,515912.0
2023-06-01,ZENITH,Energy,262.49,755281.0
2023-06-02,AURORA,Consumer,268.93,755562.0
2023-06-02,NOVA,Technology,344.5,1191772.0
2023-06-02,ORBIT,Financials,218.33,1588541.0
2023-06-02,PRISM,Healthcare,327.91,428889.0
2023-06-02,ZENITH,Energy,256.57,1211264.0
2023-06-05,AURORA,Consumer,267.63,1584521.0
2023-06-05,NOVA,Technology,345.71,686422.0
2023-06-05,ORBIT,Financials,217.2,912011.0
2023-06-05,PRISM,Healthcare,329.81,630483.0
2023-06-05,ZENITH,Energy,257.63,1275056.0
2023-06-06,AURORA,Consumer,264.21,661330.0
2023-06-06,NOVA,Technology,342.77,1747072.0
2023-06-06,ORBIT,Financials,217.33,2055387.0
2023-06-06,PRISM,Healthcare,322.74,698747.0
2023-06-06,ZENITH,Energy,257.54,1507012.0
2023-06-07,AURORA,Consumer,262.79,1345169.0
2023-06-07,NOVA,Technology,350.09,1625157.0
2023-06-07,ORBIT,Financials,220.32,1078474.0
2023-06-07,PRISM,Healthcare,323.91,1454658.0
2023-06-07,ZENITH,Energy,259.19,799278.0
2023-06-08,AURORA,Consumer,260.27,713984.0
2023-06-08,NOVA,Technology,350.96,1320748.0
2023-06-08,ORBIT,Financials,218.4,644395.0
2023-06-08,PRISM,Healthcare,318.57,404435.0
2023-06-08,ZENITH,Energy,255.96,1482367.0
2023-06-09,AURORA,Consumer,255.46,640475.0
2023-06-09,NOVA,Technology,359.39,1216319.0
2023-06-09,ORBIT,Financials,226.7,1070360.0
2023-06-09,PRISM,Healthcare,320.68,777366.0
2023-06-09,ZENITH,Energy,257.29,1528199.0
2023-06-12,AURORA,Consumer,253.75,529707.0
2023-06-12,NOVA,Technology,365.08,1163030.0
2023-06-12,ORBIT,Financials,229.82,1737433.0
2023-06-12,PRISM,Healthcare,320.01,532108.0
2023-06-12,ZENITH,Energy,258.14,1270782.0
2023-06-13,AURORA,Consumer,252.17,765127.0
2023-06-13,NOVA,Technology,366.54,1475713.0
2023-06-13,ORBIT,Financials,229.46,1426410.0
2023-06-13,PRISM,Healthcare,319.12,477855.0
2023-06-13,ZENITH,Energy,260.05,920926.0
2023-06-14,AURORA,Consumer,257.98,849036.0
2023-06-14,NOVA,Technology,380.65,1304802.0
2023-06-14,ORBIT,Financials,233.79,695018.0
2023-06-14,PRISM,Healthcare,319.94,376586.0
2023-06-14,ZENITH,Energy,259.85,2610621.0
2023-06-15,AURORA,Consumer,254.93,600714.0
2023-06-15,NOVA,Technology,380.54,1026709.0
2023-06-15,ORBIT,Financials,235.39,851730.0
2023-06-15,PRISM,Healthcare,317.76,615864.0
2023-06-15,ZENITH,Energy,259.49,955773.0
2023-06-16,AURORA,Consumer,254.91,397986.0
2023-06-16,NOVA,Technology,384.24,1546105.0
2023-06-16,ORBIT,Financials,234.19,1955851.0
2023-06-16,PRISM,Healthcare,319.7,431780.0
2023-06-16,ZENITH,Energy,261.92,944024.0
2023-06-19,AURORA,Consumer,250.09,666300.0
2023-06-19,NOVA,Technology,376.49,1971109.0
2023-06-19,ORBIT,Financials,233.24,1325084.0
2023-06-19,PRISM,Healthcare,321.01,916975.0
2023-06-19,ZENITH,Energy,259.41,1495985.0
2023-06-20,AURORA,Consumer,246.61,1449975.0
2023-06-20,NOVA,Technology,364.46,1960668.0
2023-06-20,ORBIT,Financials,228.75,1365890.0
2023-06-20,PRISM,Healthcare,315.12,534632.0
2023-06-20,ZENITH,Energy,255.67,1634424.0
2023-06-21,AURORA,Consumer,241.53,1324235.0
2023-06-21,NOVA,Technology,366.72,1263040.0
2023-06-21,ORBIT,Financials,231.65,1123846.0
2023-06-21,PRISM,Healthcare,313.35,586996.0
2023-06-21,ZENITH,Energy,246.35,1286601.0
2023-06-22,AURORA,Consumer,235.04,697585.0
2023-06-22,NOVA,Technology,362.45,873764.0
2023-06-22,ORBIT,Financials,232.03,1883135.0
2023-06-22,PRISM,Healthcare,309.93,762003.0
2023-06-22,ZENITH,Energy,243.52,1175493.0
2023-06-23,AURORA,Consumer,237.42,1060323.0
2023-06-23,NOVA,Technology,364.24,1564384.0
2023-06-23,ORBIT,Financials,232.92,631876.0
2023-06-23,PRISM,Healthcare,305.03,668050.0
2023-06-23,ZENITH,Energy,247.1,1325763.0
2023-06-26,AURORA,Consumer,236.71,1411325.0
2023-06-26,NOVA,Technology,364.15,1137303.0
2023-06-26,ORBIT,Financials,235.33,1409636.0
2023-06-26,PRISM,Healthcare,303.39,1388023.0
2023-06-26,ZENITH,Energy,243.87,812857.0
2023-06-27,AURORA,Consumer,240.17,1237737.0
2023-06-27,NOVA,Technology,365.15,1040530.0
2023-06-27,ORBIT,Financials,234.0,1287583.0
2023-06-27,PRISM,Healthcare,305.03,1294325.0
2023-06-27,ZENITH,Energy,243.17,1091806.0
2023-06-28,AURORA,Consumer,238.12,545526.0
2023-06-28,NOVA,Technology,360.65,1221818.0
2023-06-28,ORBIT,Financials,232.72,1350731.0
2023-06-28,PRISM,Healthcare,303.69,460179.0
2023-06-28,ZENITH,Energy,241.81,1317338.0
2023-06-29,AURORA,Consumer,243.38,544367.0
2023-06-29,NOVA,Technology,369.95,1443642.0
2023-06-29,ORBIT,Financials,233.53,2341633.0
2023-06-29,PRISM,Healthcare,303.36,932942.0
2023-06-29,ZENITH,Energy,241.46,903291.0
2023-06-30,AURORA,Consumer,236.25,894093.0
2023-06-30,NOVA,Technology,366.97,1505074.0
2023-06-30,ORBIT,Financials,230.05,878148.0
2023-06-30,PRISM,Healthcare,302.98,523681.0
2023-06-30,ZENITH,Energy,230.92,1834904.0
2023-07-03,AURORA,Consumer,235.28,886664.0
2023-07-03,NOVA,Technology,377.47,2056691.0
2023-07-03,ORBIT,Financials,235.23,1132393.0
2023-07-03,PRISM,Healthcare,308.15,490697.0
2023-07-03,ZENITH,Energy,231.49,1076620.0
2023-07-04,AURORA,Consumer,236.11,716251.0
2023-07-04,NOVA,Technology,374.64,1178636.0
2023-07-04,ORBIT,Financials,233.7,848787.0
2023-07-04,PRISM,Healthcare,309.54,790729.0
2023-07-04,ZENITH,Energy,231.44,1235425.0
2023-07-05,AURORA,Consumer,237.05,789341.0
2023-07-05,NOVA,Technology,367.02,1510832.0
2023-07-05,ORBIT,Financials,230.77,852378.0
2023-07-05,PRISM,Healthcare,304.02,481194.0
2023-07-05,ZENITH,Energy,231.62,1351189.0
2023-07-06,AURORA,Consumer,233.08,661416.0
2023-07-06,NOVA,Technology,363.19,1317999.0
2023-07-06,ORBIT,Financials,228.21,1104391.0
2023-07-06,PRISM,Healthcare,298.02,788978.0
2023-07-06,ZENITH,Energy,226.6,1588563.0
2023-07-07,AURORA,Consumer,228.81,1444668.0
2023-07-07,NOVA,Technology,365.64,742030.0
2023-07-07,ORBIT,Financials,233.7,899006.0
2023-07-07,PRISM,Healthcare,301.0,769124.0
2023-07-07,ZENITH,Energy,236.37,1552727.0
2023-07-10,AURORA,Consumer,230.7,660870.0
2023-07-10,NOVA,Technology,366.77,656993.0
2023-07-10,ORBIT,Financials,232.5,987747.0
2023-07-10,PRISM,Healthcare,300.63,561397.0
2023-07-10,ZENITH,Energy,236.96,2720224.0
2023-07-11,AURORA,Consumer,232.88,1042421.0
2023-07-11,NOVA,Technology,365.24,1098350.0
2023-07-11,ORBIT,Financials,233.33,1765517.0
2023-07-11,PRISM,Healthcare,301.59,735375.0
2023-07-11,ZENITH,Energy,234.2,1210338.0
2023-07-12,AURORA,Consumer,232.98,1395761.0
2023-07-12,NOVA,Technology,365.86,862106.0
2023-07-12,ORBIT,Financials,227.13,1066953.0
2023-07-12,PRISM,Healthcare,301.04,634637.0
2023-07-12,ZENITH,Energy,231.45,848737.0
2023-07-13,AURORA,Consumer,229.49,957268.0
2023-07-13,NOVA,Technology,369.89,1089246.0
2023-07-13,ORBIT,Financials,224.55,1354477.0
2023-07-13,PRISM,Healthcare,303.32,763277.0
2023-07-13,ZENITH,Energy,228.46,1564328.0
2023-07-14,AURORA,Consumer,229.22,734848.0
2023-07-14,NOVA,Technology,366.94,1608921.0
2023-07-14,ORBIT,Financials,225.83,762634.0
2023-07-14,PRISM,Healthcare,303.75,941456.0
2023-07-14,ZENITH,Energy,228.93,1119953.0
2023-07-17,AURORA,Consumer,229.18,824292.0
2023-07-17,NOVA,Technology,367.38,1452823.0
2023-07-17,ORBIT,Financials,224.97,891349.0
2023-07-17,PRISM,Healthcare,305.08,744763.0
2023-07-17,ZENITH,Energy,227.79,637489.0
2023-07-18,AURORA,Consumer,230.21,1162207.0
2023-07-18,NOVA,Technology,383.96,943760.0
2023-07-18,ORBIT,Financials,229.65,1424325.0
2023-07-18,PRISM,Healthcare,303.96,837669.0
2023-07-18,ZENITH,Energy,227.86,594408.0
2023-07-19,AURORA,Consumer,225.4,1766643.0
2023-07-19,NOVA,Technology,379.53,833246.0
2023-07-19,ORBIT,Financials,224.6,1106032.0
2023-07-19,PRISM,Healthcare,301.4,342129.0
2023-07-19,ZENITH,Energy,219.78,1447000.0
2023-07-20,AURORA,Consumer,229.15,1103412.0
2023-07-20,NOVA,Technology,380.99,1808654.0
2023-07-20,ORBIT,Financials,229.42,2452304.0
2023-07-20,PRISM,Healthcare,302.83,374907.0
2023-07-20,ZENITH,Energy,223.49,1842939.0
2023-07-21,AURORA,Consumer,229.77,883065.0
2023-07-21,NOVA,Technology,383.38,576938.0
2023-07-21,ORBIT,Financials,230.79,830082.0
2023-07-21,PRISM,Healthcare,298.47,604275.0
2023-07-21,ZENITH,Energy,224.41,782960.0
2023-07-24,AURORA,Consumer,229.37,552287.0
2023-07-24,NOVA,Technology,402.5,2135762.0
2023-07-24,ORBIT,Financials,235.9,988101.0
2023-07-24,PRISM,Healthcare,302.7,459505.0
2023-07-24,ZENITH,Energy,227.43,1202907.0
2023-07-25,AURORA,Consumer,231.05,983384.0
2023-07-25,NOVA,Technology,405.28,1263880.0
2023-07-25,ORBIT,Financials,230.46,1244765.0
2023-07-25,PRISM,Healthcare,298.73,653298.0
2023-07-25,ZENITH,Energy,224.06,2298001.0
2023-07-26,AURORA,Consumer,232.85,1198999.0
2023-07-26,NOVA,Technology,416.33,2122512.0
2023-07-26,ORBIT,Financials,234.34,1571379.0
2023-07-26,PRISM,Healthcare,301.45,1122369.0
2023-07-26,ZENITH,Energy,226.51,941490.0
2023-07-27,AURORA,Consumer,226.99,546193.0
2023-07-27,NOVA,Technology,409.69,1400423.0
2023-07-27,ORBIT,Financials,229.66,1577434.0
2023-07-27,PRISM,Healthcare,304.4,402417.0
2023-07-27,ZENITH,Energy,222.1,1694891.0
2023-07-28,AURORA,Consumer,225.9,1039035.0
2023-07-28,NOVA,Technology,398.54,1064021.0
2023-07-28,ORBIT,Financials,235.25,1625926.0
2023-07-28,PRISM,Healthcare,304.24,663991.0
2023-07-28,ZENITH,Energy,217.72,1237599.0
2023-07-31,AURORA,Consumer,228.01,797782.0
2023-07-31,NOVA,Technology,391.3,1263205.0
2023-07-31,ORBIT,Financials,232.21,1430307.0
2023-07-31,PRISM,Healthcare,306.11,743497.0
2023-07-31,ZENITH,Energy,217.5,2348193.0
2023-08-01,AURORA,Consumer,229.05,834107.0
2023-08-01,NOVA,Technology,399.56,1324667.0
2023-08-01,ORBIT,Financials,235.85,1235927.0
2023-08-01,PRISM,Healthcare,308.75,1586395.0
2023-08-01,ZENITH,Energy,213.31,1159177.0
2023-08-02,AURORA,Consumer,228.49,753279.0
2023-08-02,NOVA,Technology,398.96,1152489.0
2023-08-02,ORBIT,Financials,232.67,1151710.0
2023-08-02,PRISM,Healthcare,308.92,674690.0
2023-08-02,ZENITH,Energy,215.57,1275182.0
2023-08-03,AURORA,Consumer,222.28,1498620.0
2023-08-03,NOVA,Technology,395.7,1238363.0
2023-08-03,ORBIT,Financials,228.26,1364238.0
2023-08-03,PRISM,Healthcare,303.35,926687.0
2023-08-03,ZENITH,Energy,215.57,1397027.0
2023-08-04,AURORA,Consumer,222.71,805255.0
2023-08-04,NOVA,Technology,400.15,1499161.0
2023-08-04,ORBIT,Financials,229.13,949564.0
2023-08-04,PRISM,Healthcare,301.35,194696.0
2023-08-04,ZENITH,Energy,215.16,1091584.0
2023-08-07,AURORA,Consumer,217.75,424322.0
2023-08-07,NOVA,Technology,389.16,1112552.0
2023-08-07,ORBIT,Financials,222.44,1299853.0
2023-08-07,PRISM,Healthcare,295.97,552202.0
2023-08-07,ZENITH,Energy,210.92,1386649.0
2023-08-08,AURORA,Consumer,216.99,1215559.0
2023-08-08,NOVA,Technology,387.89,1332796.0
2023-08-08,ORBIT,Financials,221.73,746410.0
2023-08-08,PRISM,Healthcare,292.91,702032.0
2023-08-08,ZENITH,Energy,207.18,2155353.0
2023-08-09,AURORA,Consumer,213.4,626954.0
2023-08-09,NOVA,Technology,382.01,1535194.0
2023-08-09,ORBIT,Financials,217.45,510530.0
2023-08-09,PRISM,Healthcare,292.73,436263.0
2023-08-09,ZENITH,Energy,202.67,941824.0
2023-08-10,AURORA,Consumer,218.31,1304013.0
2023-08-10,NOVA,Technology,386.33,1078973.0
2023-08-10,ORBIT,Financials,212.83,1100096.0
2023-08-10,PRISM,Healthcare,295.47,461011.0
2023-08-10,ZENITH,Energy,202.78,1863714.0
2023-08-11,AURORA,Consumer,220.07,882198.0
2023-08-11,NOVA,Technology,392.49,1642090.0
2023-08-11,ORBIT,Financials,217.7,803256.0
2023-08-11,PRISM,Healthcare,296.13,890495.0
2023-08-11,ZENITH,Energy,200.28,1050064.0
2023-08-14,AURORA,Consumer,218.18,897378.0
2023-08-14,NOVA,Technology,395.53,1933983.0
2023-08-14,ORBIT,Financials,216.96,1969813.0
2023-08-14,PRISM,Healthcare,295.58,432011.0
2023-08-14,ZENITH,Energy,200.19,1613245.0
2023-08-15,AURORA,Consumer,216.51,661663.0
2023-08-15,NOVA,Technology,393.11,1335147.0
2023-08-15,ORBIT,Financials,215.26,1324731.0
2023-08-15,PRISM,Healthcare,296.08,396649.0
2023-08-15,ZENITH,Energy,195.48,1464084.0
2023-08-16,AURORA,Consumer,218.68,734741.0
2023-08-16,NOVA,Technology,392.16,1691800.0
2023-08-16,ORBIT,Financials,214.37,864828.0
2023-08-16,PRISM,Healthcare,298.18,481428.0
2023-08-16,ZENITH,Energy,195.73,1152201.0
2023-08-17,AURORA,Consumer,223.27,450593.0
2023-08-17,NOVA,Technology,395.2,1174211.0
2023-08-17,ORBIT,Financials,217.28,1001315.0
2023-08-17,PRISM,Healthcare,299.94,567407.0
2023-08-17,ZENITH,Energy,200.65,1444538.0
2023-08-18,AURORA,Consumer,226.26,493149.0
2023-08-18,NOVA,Technology,391.03,1708735.0
2023-08-18,ORBIT,Financials,208.72,1730090.0
2023-08-18,PRISM,Healthcare,295.89,984347.0
2023-08-18,ZENITH,Energy,204.2,726419.0
2023-08-21,AURORA,Consumer,221.31,938884.0
2023-08-21,NOVA,Technology,390.74,513561.0
2023-08-21,ORBIT,Financials,209.36,1181721.0
2023-08-21,PRISM,Healthcare,297.39,834379.0
2023-08-21,ZENITH,Energy,205.7,942219.0
2023-08-22,AURORA,Consumer,222.34,935881.0
2023-08-22,NOVA,Technology,388.46,2534536.0
2023-08-22,ORBIT,Financials,209.43,1502387.0
2023-08-22,PRISM,Healthcare,299.36,685073.0
2023-08-22,ZENITH,Energy,204.52,1730056.0
2023-08-23,AURORA,Consumer,220.31,994696.0
2023-08-23,NOVA,Technology,399.06,1436243.0
2023-08-23,ORBIT,Financials,209.39,1243364.0
2023-08-23,PRISM,Healthcare,298.7,453037.0
2023-08-23,ZENITH,Energy,197.78,1031512.0
2023-08-24,AURORA,Consumer,221.44,819900.0
2023-08-24,NOVA,Technology,395.86,1287652.0
2023-08-24,ORBIT,Financials,208.53,1395991.0
2023-08-24,PRISM,Healthcare,295.29,1357003.0
2023-08-24,ZENITH,Energy,198.15,1179329.0
2023-08-25,AURORA,Consumer,219.71,749316.0
2023-08-25,NOVA,Technology,384.3,2504748.0
2023-08-25,ORBIT,Financials,205.27,989942.0
2023-08-25,PRISM,Healthcare,294.91,560953.0
2023-08-25,ZENITH,Energy,192.86,1693740.0
2023-08-28,AURORA,Consumer,219.43,737665.0
2023-08-28,NOVA,Technology,386.66,910743.0
2023-08-28,ORBIT,Financials,207.54,1456830.0
2023-08-28,PRISM,Healthcare,292.56,451785.0
2023-08-28,ZENITH,Energy,192.72,971670.0
2023-08-29,AURORA,Consumer,222.06,1132320.0
2023-08-29,NOVA,Technology,378.53,1079792.0
2023-08-29,ORBIT,Financials,208.58,773941.0
2023-08-29,PRISM,Healthcare,295.09,507364.0
2023-08-29,ZENITH,Energy,194.35,1038877.0
2023-08-30,AURORA,Consumer,225.11,1072111.0
2023-08-30,NOVA,Technology,389.64,1171496.0
2023-08-30,ORBIT,Financials,210.58,827401.0
2023-08-30,PRISM,Healthcare,296.51,1036194.0
2023-08-30,ZENITH,Energy,198.13,927349.0
2023-08-31,AURORA,Consumer,225.32,773401.0
2023-08-31,NOVA,Technology,384.31,1598501.0
2023-08-31,ORBIT,Financials,207.14,1351960.0
2023-08-31,PRISM,Healthcare,293.25,677648.0
2023-08-31,ZENITH,Energy,200.49,1382334.0
2023-09-01,AURORA,Consumer,223.33,818956.0
2023-09-01,NOVA,Technology,388.57,2187333.0
2023-09-01,ORBIT,Financials,209.2,906106.0
2023-09-01,PRISM,Healthcare,295.98,722691.0
2023-09-01,ZENITH,Energy,197.98,1452247.0
2023-09-04,AURORA,Consumer,224.81,1376377.0
2023-09-04,NOVA,Technology,397.02,1166524.0
2023-09-04,ORBIT,Financials,210.99,1103292.0
2023-09-04,PRISM,Healthcare,298.18,357511.0
2023-09-04,ZENITH,Energy,201.68,594809.0
2023-09-05,AURORA,Consumer,223.2,1121620.0
2023-09-05,NOVA,Technology,403.36,1384708.0
2023-09-05,ORBIT,Financials,212.0,1131249.0
2023-09-05,PRISM,Healthcare,297.74,538957.0
2023-09-05,ZENITH,Energy,206.69,1264870.0
2023-09-06,AURORA,Consumer,223.27,1977757.0
2023-09-06,NOVA,Technology,403.36,1233544.0
2023-09-06,ORBIT,Financials,209.24,816922.0
2023-09-06,PRISM,Healthcare,294.66,1023560.0
2023-09-06,ZENITH,Energy,207.48,2036672.0
2023-09-07,AURORA,Consumer,221.25,489554.0
2023-09-07,NOVA,Technology,400.91,1618917.0
2023-09-07,ORBIT,Financials,204.18,1388656.0
2023-09-07,PRISM,Healthcare,288.33,438295.0
2023-09-07,ZENITH,Energy,210.9,1497003.0
2023-09-08,AURORA,Consumer,219.32,836672.0
2023-09-08,NOVA,Technology,399.63,2512399.0
2023-09-08,ORBIT,Financials,200.5,1250058.0
2023-09-08,PRISM,Healthcare,285.81,691584.0
2023-09-08,ZENITH,Energy,205.53,573587.0
2023-09-11,AURORA,Consumer,220.94,752215.0
2023-09-11,NOVA,Technology,403.69,1115586.0
2023-09-11,ORBIT,Financials,207.32,806759.0
2023-09-11,PRISM,Healthcare,286.78,387545.0
2023-09-11,ZENITH,Energy,205.87,1306293.0
2023-09-12,AURORA,Consumer,219.99,937552.0
2023-09-12,NOVA,Technology,416.75,2125262.0
2023-09-12,ORBIT,Financials,208.29,1467629.0
2023-09-12,PRISM,Healthcare,292.71,507074.0
2023-09-12,ZENITH,Energy,203.95,850197.0
2023-09-13,AURORA,Consumer,220.17,925429.0
2023-09-13,NOVA,Technology,424.17,1445520.0
2023-09-13,ORBIT,Financials,208.41,842786.0
2023-09-13,PRISM,Healthcare,293.25,1315076.0
2023-09-13,ZENITH,Energy,202.01,1685021.0
2023-09-14,AURORA,Consumer,219.59,713840.0
2023-09-14,NOVA,Technology,417.98,966339.0
2023-09-14,ORBIT,Financials,208.87,1383554.0
2023-09-14,PRISM,Healthcare,291.9,623244.0
2023-09-14,ZENITH,Energy,201.7,2206734.0
2023-09-15,AURORA,Consumer,221.11,1041081.0
2023-09-15,NOVA,Technology,413.34,1761386.0
2023-09-15,ORBIT,Financials,208.23,1019941.0
2023-09-15,PRISM,Healthcare,292.58,1103635.0
2023-09-15,ZENITH,Energy,204.47,1864148.0
2023-09-18,AURORA,Consumer,222.49,761250.0
2023-09-18,NOVA,Technology,414.65,1936905.0
2023-09-18,ORBIT,Financials,204.57,2551531.0
2023-09-18,PRISM,Healthcare,288.98,622227.0
2023-09-18,ZENITH,Energy,200.86,792105.0
2023-09-19,AURORA,Consumer,230.0,902531.0
2023-09-19,NOVA,Technology,433.92,952861.0
2023-09-19,ORBIT,Financials,207.8,886066.0
2023-09-19,PRISM,Healthcare,296.58,657173.0
2023-09-19,ZENITH,Energy,206.83,1165582.0
2023-09-20,AURORA,Consumer,229.64,1372505.0
2023-09-20,NOVA,Technology,419.55,880692.0
2023-09-20,ORBIT,Financials,211.15,1048953.0
2023-09-20,PRISM,Healthcare,300.08,910932.0
2023-09-20,ZENITH,Energy,214.04,1294804.0
2023-09-21,AURORA,Consumer,230.83,721992.0
2023-09-21,NOVA,Technology,428.28,2167821.0
2023-09-21,ORBIT,Financials,213.01,1164118.0
2023-09-21,PRISM,Healthcare,302.06,1189425.0
2023-09-21,ZENITH,Energy,215.6,1397853.0
2023-09-22,AURORA,Consumer,232.09,911644.0
2023-09-22,NOVA,Technology,430.38,1244091.0
2023-09-22,ORBIT,Financials,209.07,1643678.0
2023-09-22,PRISM,Healthcare,299.72,724641.0
2023-09-22,ZENITH,Energy,216.61,1193902.0
2023-09-25,AURORA,Consumer,226.86,1520438.0
2023-09-25,NOVA,Technology,424.93,1659768.0
2023-09-25,ORBIT,Financials,209.05,931111.0
2023-09-25,PRISM,Healthcare,298.13,1405628.0
2023-09-25,ZENITH,Energy,213.99,1259341.0
2023-09-26,AURORA,Consumer,226.62,1258140.0
2023-09-26,NOVA,Technology,428.5,1526071.0
2023-09-26,ORBIT,Financials,209.56,1425581.0
2023-09-26,PRISM,Healthcare,301.34,656023.0
2023-09-26,ZENITH,Energy,212.48,829091.0
2023-09-27,AURORA,Consumer,229.62,1337321.0
2023-09-27,NOVA,Technology,437.6,2564952.0
2023-09-27,ORBIT,Financials,209.96,709013.0
2023-09-27,PRISM,Healthcare,300.87,448896.0
2023-09-27,ZENITH,Energy,213.79,774049.0
2023-09-28,AURORA,Consumer,227.49,788618.0
2023-09-28,NOVA,Technology,446.72,773156.0
2023-09-28,ORBIT,Financials,211.7,758695.0
2023-09-28,PRISM,Healthcare,299.75,549715.0
2023-09-28,ZENITH,Energy,211.84,1063736.0
2023-09-29,AURORA,Consumer,226.86,1549110.0
2023-09-29,NOVA,Technology,454.21,915185.0
2023-09-29,ORBIT,Financials,210.34,1771734.0
2023-09-29,PRISM,Healthcare,295.39,654125.0
2023-09-29,ZENITH,Energy,212.25,2002505.0
2023-10-02,AURORA,Consumer,222.7,543113.0
2023-10-02,NOVA,Technology,464.77,1331439.0
2023-10-02,ORBIT,Financials,215.2,1401069.0
2023-10-02,PRISM,Healthcare,298.03,404289.0
2023-10-02,ZENITH,Energy,215.23,2148165.0
2023-10-03,AURORA,Consumer,221.15,2576139.0
2023-10-03,NOVA,Technology,462.64,991607.0
2023-10-03,ORBIT,Financials,217.73,1243113.0
2023-10-03,PRISM,Healthcare,296.58,673048.0
2023-10-03,ZENITH,Energy,214.47,1069295.0
2023-10-04,AURORA,Consumer,223.34,1352909.0
2023-10-04,NOVA,Technology,470.32,1440478.0
2023-10-04,ORBIT,Financials,217.73,1142687.0
2023-10-04,PRISM,Healthcare,297.51,582881.0
2023-10-04,ZENITH,Energy,215.04,1250524.0
2023-10-05,AURORA,Consumer,222.18,576475.0
2023-10-05,NOVA,Technology,461.79,2201826.0
2023-10-05,ORBIT,Financials,219.07,1306145.0
2023-10-05,PRISM,Healthcare,304.72,727682.0
2023-10-05,ZENITH,Energy,214.11,1423347.0
2023-10-06,AURORA,Consumer,222.47,1023925.0
2023-10-06,NOVA,Technology,457.62,2290810.0
2023-10-06,ORBIT,Financials,223.45,1350832.0
2023-10-06,PRISM,Healthcare,310.58,1111983.0
2023-10-06,ZENITH,Energy,213.38,1937718.0
2023-10-09,AURORA,Consumer,224.19,1046180.0
2023-10-09,NOVA,Technology,465.95,1282113.0
2023-10-09,ORBIT,Financials,223.4,983827.0
2023-10-09,PRISM,Healthcare,308.83,671457.0
2023-10-09,ZENITH,Energy,212.78,1673534.0
2023-10-10,AURORA,Consumer,221.25,865983.0
2023-10-10,NOVA,Technology,456.64,2040476.0
2023-10-10,ORBIT,Financials,218.33,890793.0
2023-10-10,PRISM,Healthcare,309.66,462164.0
2023-10-10,ZENITH,Energy,213.88,1777943.0
2023-10-11,AURORA,Consumer,219.86,508237.0
2023-10-11,NOVA,Technology,459.45,3329820.0
2023-10-11,ORBIT,Financials,218.49,459849.0
2023-10-11,PRISM,Healthcare,307.51,917686.0
2023-10-11,ZENITH,Energy,214.9,1140378.0
2023-10-12,AURORA,Consumer,221.45,945852.0
2023-10-12,NOVA,Technology,464.88,1758975.0
2023-10-12,ORBIT,Financials,225.37,714961.0
2023-10-12,PRISM,Healthcare,311.46,988689.0
2023-10-12,ZENITH,Energy,213.1,808787.0
2023-10-13,AURORA,Consumer,220.18,1317682.0
2023-10-13,NOVA,Technology,462.27,861749.0
2023-10-13,ORBIT,Financials,228.82,1182094.0
2023-10-13,PRISM,Healthcare,311.53,568375.0
2023-10-13,ZENITH,Energy,210.94,1743798.0
2023-10-16,AURORA,Consumer,223.18,809574.0
2023-10-16,NOVA,Technology,469.38,2789824.0
2023-10-16,ORBIT,Financials,231.77,1347095.0
2023-10-16,PRISM,Healthcare,314.66,471100.0
2023-10-16,ZENITH,Energy,210.0,973621.0
2023-10-17,AURORA,Consumer,228.88,925344.0
2023-10-17,NOVA,Technology,468.26,1821941.0
2023-10-17,ORBIT,Financials,239.01,653308.0
2023-10-17,PRISM,Healthcare,317.05,731243.0
2023-10-17,ZENITH,Energy,213.72,1867652.0
2023-10-18,AURORA,Consumer,226.67,1378742.0
2023-10-18,NOVA,Technology,463.98,1190746.0
2023-10-18,ORBIT,Financials,238.92,2320412.0
2023-10-18,PRISM,Healthcare,322.1,1118537.0
2023-10-18,ZENITH,Energy,213.71,1386661.0
2023-10-19,AURORA,Consumer,226.43,738432.0
2023-10-19,NOVA,Technology,465.07,1022659.0
2023-10-19,ORBIT,Financials,241.19,2306029.0
2023-10-19,PRISM,Healthcare,321.87,968242.0
2023-10-19,ZENITH,Energy,213.3,1014061.0
2023-10-20,AURORA,Consumer,226.1,1064884.0
2023-10-20,NOVA,Technology,458.78,973921.0
2023-10-20,ORBIT,Financials,240.53,1528558.0
2023-10-20,PRISM,Healthcare,320.42,397820.0
2023-10-20,ZENITH,Energy,208.24,1559631.0
2023-10-23,AURORA,Consumer,224.62,614377.0
2023-10-23,NOVA,Technology,460.94,1257782.0
2023-10-23,ORBIT,Financials,241.93,2026986.0
2023-10-23,PRISM,Healthcare,322.37,522052.0
2023-10-23,ZENITH,Energy,211.26,1824118.0
2023-10-24,AURORA,Consumer,226.29,1093494.0
2023-10-24,NOVA,Technology,464.71,1616757.0
2023-10-24,ORBIT,Financials,240.62,1040261.0
2023-10-24,PRISM,Healthcare,324.45,863057.0
2023-10-24,ZENITH,Energy,208.01,925417.0
2023-10-25,AURORA,Consumer,227.73,1127855.0
2023-10-25,NOVA,Technology,451.07,1338046.0
2023-10-25,ORBIT,Financials,237.94,1127408.0
2023-10-25,PRISM,Healthcare,323.71,1073026.0
2023-10-25,ZENITH,Energy,209.37,2462853.0
2023-10-26,AURORA,Consumer,225.92,599566.0
2023-10-26,NOVA,Technology,442.84,2305041.0
2023-10-26,ORBIT,Financials,238.04,864508.0
2023-10-26,PRISM,Healthcare,320.57,804542.0
2023-10-26,ZENITH,Energy,210.93,1447264.0
2023-10-27,AURORA,Consumer,225.69,1075249.0
2023-10-27,NOVA,Technology,448.55,1486537.0
2023-10-27,ORBIT,Financials,242.83,704192.0
2023-10-27,PRISM,Healthcare,326.09,958596.0
2023-10-27,ZENITH,Energy,211.72,1578954.0
2023-10-30,AURORA,Consumer,222.68,1431928.0
2023-10-30,NOVA,Technology,447.41,2154632.0
2023-10-30,ORBIT,Financials,246.35,1190060.0
2023-10-30,PRISM,Healthcare,325.35,643484.0
2023-10-30,ZENITH,Energy,210.71,747038.0
2023-10-31,AURORA,Consumer,220.86,948708.0
2023-10-31,NOVA,Technology,461.46,1355032.0
2023-10-31,ORBIT,Financials,245.41,1383523.0
2023-10-31,PRISM,Healthcare,324.77,592982.0
2023-10-31,ZENITH,Energy,210.47,1647786.0
2023-11-01,AURORA,Consumer,218.95,939092.0
2023-11-01,NOVA,Technology,460.04,648389.0
2023-11-01,ORBIT,Financials,247.35,1658897.0
2023-11-01,PRISM,Healthcare,323.47,790559.0
2023-11-01,ZENITH,Energy,213.57,957187.0
2023-11-02,AURORA,Consumer,217.84,1365119.0
2023-11-02,NOVA,Technology,476.29,1176023.0
2023-11-02,ORBIT,Financials,250.2,1085223.0
2023-11-02,PRISM,Healthcare,323.25,1217111.0
2023-11-02,ZENITH,Energy,211.5,1267695.0
2023-11-03,AURORA,Consumer,220.48,1121983.0
2023-11-03,NOVA,Technology,491.02,3536844.0
2023-11-03,ORBIT,Financials,251.65,688699.0
2023-11-03,PRISM,Healthcare,325.5,626037.0
2023-11-03,ZENITH,Energy,206.44,2026441.0
2023-11-06,AURORA,Consumer,217.67,971230.0
2023-11-06,NOVA,Technology,486.95,974805.0
2023-11-06,ORBIT,Financials,246.96,960531.0
2023-11-06,PRISM,Healthcare,316.44,953239.0
2023-11-06,ZENITH,Energy,203.65,1289100.0
2023-11-07,AURORA,Consumer,216.98,849407.0
2023-11-07,NOVA,Technology,483.22,1052480.0
2023-11-07,ORBIT,Financials,246.79,1490112.0
2023-11-07,PRISM,Healthcare,315.85,890150.0
2023-11-07,ZENITH,Energy,200.31,1176053.0
2023-11-08,AURORA,Consumer,215.13,819773.0
2023-11-08,NOVA,Technology,471.31,1223952.0
2023-11-08,ORBIT,Financials,252.46,518303.0
2023-11-08,PRISM,Healthcare,318.99,371706.0
2023-11-08,ZENITH,Energy,198.61,1246982.0
2023-11-09,AURORA,Consumer,216.96,408062.0
2023-11-09,NOVA,Technology,466.95,759181.0
2023-11-09,ORBIT,Financials,250.69,1168103.0
2023-11-09,PRISM,Healthcare,317.19,514796.0
2023-11-09,ZENITH,Energy,196.9,1069576.0
2023-11-10,AURORA,Consumer,217.55,612747.0
2023-11-10,NOVA,Technology,469.88,2327819.0
2023-11-10,ORBIT,Financials,248.38,829224.0
2023-11-10,PRISM,Healthcare,316.56,466930.0
2023-11-10,ZENITH,Energy,197.62,981771.0
2023-11-13,AURORA,Consumer,215.13,1406877.0
2023-11-13,NOVA,Technology,458.38,1525995.0
2023-11-13,ORBIT,Financials,247.66,1351411.0
2023-11-13,PRISM,Healthcare,320.41,1036919.0
2023-11-13,ZENITH,Energy,195.68,1595880.0
2023-11-14,AURORA,Consumer,217.96,783204.0
2023-11-14,NOVA,Technology,466.61,1417610.0
2023-11-14,ORBIT,Financials,247.93,1413386.0
2023-11-14,PRISM,Healthcare,319.64,528359.0
2023-11-14,ZENITH,Energy,196.02,955729.0
2023-11-15,AURORA,Consumer,215.5,1085584.0
2023-11-15,NOVA,Technology,466.09,1591991.0
2023-11-15,ORBIT,Financials,248.01,1892685.0
2023-11-15,PRISM,Healthcare,323.11,440343.0
2023-11-15,ZENITH,Energy,191.7,2316226.0
2023-11-16,AURORA,Consumer,215.63,1037887.0
2023-11-16,NOVA,Technology,473.0,1359797.0
2023-11-16,ORBIT,Financials,247.65,1053863.0
2023-11-16,PRISM,Healthcare,325.9,1091122.0
2023-11-16,ZENITH,Energy,192.91,1623955.0
2023-11-17,AURORA,Consumer,218.33,398415.0
2023-11-17,NOVA,Technology,480.82,1815399.0
2023-11-17,ORBIT,Financials,250.46,555617.0
2023-11-17,PRISM,Healthcare,328.13,409764.0
2023-11-17,ZENITH,Energy,196.2,742904.0
2023-11-20,AURORA,Consumer,215.11,1064547.0
2023-11-20,NOVA,Technology,470.4,3122677.0
2023-11-20,ORBIT,Financials,248.5,1194913.0
2023-11-20,PRISM,Healthcare,321.87,452524.0
2023-11-20,ZENITH,Energy,190.49,787354.0
2023-11-21,AURORA,Consumer,215.32,1282757.0
2023-11-21,NOVA,Technology,471.16,1286804.0
2023-11-21,ORBIT,Financials,245.09,747017.0
2023-11-21,PRISM,Healthcare,320.98,358679.0
2023-11-21,ZENITH,Energy,190.11,1042551.0
2023-11-22,AURORA,Consumer,215.36,825356.0
2023-11-22,NOVA,Technology,488.37,877824.0
2023-11-22,ORBIT,Financials,248.72,1270237.0
2023-11-22,PRISM,Healthcare,321.31,688485.0
2023-11-22,ZENITH,Energy,193.36,1346931.0
2023-11-23,AURORA,Consumer,217.48,1275733.0
2023-11-23,NOVA,Technology,491.81,1350907.0
2023-11-23,ORBIT,Financials,249.96,1350432.0
2023-11-23,PRISM,Healthcare,324.48,343898.0
2023-11-23,ZENITH,Energy,193.04,860082.0
2023-11-24,AURORA,Consumer,215.38,590439.0
2023-11-24,NOVA,Technology,485.49,1021469.0
2023-11-24,ORBIT,Financials,248.85,1382761.0
2023-11-24,PRISM,Healthcare,324.33,749454.0
2023-11-24,ZENITH,Energy,195.96,938033.0
2023-11-27,AURORA,Consumer,215.29,724213.0
2023-11-27,NOVA,Technology,481.68,2182188.0
2023-11-27,ORBIT,Financials,250.61,1474048.0
2023-11-27,PRISM,Healthcare,319.98,419168.0
2023-11-27,ZENITH,Energy,196.11,1079491.0
2023-11-28,AURORA,Consumer,215.53,984043.0
2023-11-28,NOVA,Technology,481.03,1571145.0
2023-11-28,ORBIT,Financials,253.91,1560117.0
2023-11-28,PRISM,Healthcare,318.86,529814.0
2023-11-28,ZENITH,Energy,200.97,859688.0
2023-11-29,AURORA,Consumer,212.27,840890.0
2023-11-29,NOVA,Technology,474.79,1092098.0
2023-11-29,ORBIT,Financials,253.58,827925.0
2023-11-29,PRISM,Healthcare,324.81,852688.0
2023-11-29,ZENITH,Energy,200.28,1738782.0
2023-11-30,AURORA,Consumer,213.23,1819105.0
2023-11-30,NOVA,Technology,474.96,2935534.0
2023-11-30,ORBIT,Financials,252.33,1499947.0
2023-11-30,PRISM,Healthcare,325.0,699431.0
2023-11-30,ZENITH,Energy,199.51,995360.0
2023-12-01,AURORA,Consumer,210.81,570558.0
2023-12-01,NOVA,Technology,481.59,1109683.0
2023-12-01,ORBIT,Financials,256.75,1553803.0
2023-12-01,PRISM,Healthcare,325.0,479406.0
2023-12-01,ZENITH,Energy,195.6,1573016.0
2023-12-04,AURORA,Consumer,211.17,901433.0
2023-12-04,NOVA,Technology,484.26,2455920.0
2023-12-04,ORBIT,Financials,257.11,781224.0
2023-12-04,PRISM,Healthcare,330.74,292361.0
2023-12-04,ZENITH,Energy,195.56,620888.0
2023-12-05,AURORA,Consumer,209.9,864419.0
2023-12-05,NOVA,Technology,489.07,1085231.0
2023-12-05,ORBIT,Financials,256.13,1598151.0
2023-12-05,PRISM,Healthcare,328.02,701900.0
2023-12-05,ZENITH,Energy,194.78,1272274.0
2023-12-06,AURORA,Consumer,207.37,1337238.0
2023-12-06,NOVA,Technology,489.78,816457.0
2023-12-06,ORBIT,Financials,258.6,1341768.0
2023-12-06,PRISM,Healthcare,326.85,683659.0
2023-12-06,ZENITH,Energy,192.83,1000497.0
2023-12-07,AURORA,Consumer,202.85,1565122.0
2023-12-07,NOVA,Technology,488.82,1434143.0
2023-12-07,ORBIT,Financials,267.99,2335765.0
2023-12-07,PRISM,Healthcare,333.57,774286.0
2023-12-07,ZENITH,Energy,196.65,1459403.0
2023-12-08,AURORA,Consumer,200.41,590366.0
2023-12-08,NOVA,Technology,508.9,1256574.0
2023-12-08,ORBIT,Financials,272.52,837012.0
2023-12-08,PRISM,Healthcare,334.55,701772.0
2023-12-08,ZENITH,Energy,202.87,596842.0
2023-12-11,AURORA,Consumer,202.91,1152816.0
2023-12-11,NOVA,Technology,511.61,2065196.0
2023-12-11,ORBIT,Financials,273.7,1433005.0
2023-12-11,PRISM,Healthcare,339.43,521947.0
2023-12-11,ZENITH,Energy,207.7,1949900.0
2023-12-12,AURORA,Consumer,204.05,967623.0
2023-12-12,NOVA,Technology,523.78,610667.0
2023-12-12,ORBIT,Financials,276.06,961174.0
2023-12-12,PRISM,Healthcare,344.04,599709.0
2023-12-12,ZENITH,Energy,210.07,785705.0
2023-12-13,AURORA,Consumer,203.84,1281244.0
2023-12-13,NOVA,Technology,512.55,1024706.0
2023-12-13,ORBIT,Financials,280.5,2401489.0
2023-12-13,PRISM,Healthcare,346.54,499948.0
2023-12-13,ZENITH,Energy,207.03,2048484.0
2023-12-14,AURORA,Consumer,199.23,936821.0
2023-12-14,NOVA,Technology,501.65,1931130.0
2023-12-14,ORBIT,Financials,275.15,1025898.0
2023-12-14,PRISM,Healthcare,339.55,506464.0
2023-12-14,ZENITH,Energy,196.68,1257634.0
2023-12-15,AURORA,Consumer,200.12,722555.0
2023-12-15,NOVA,Technology,496.08,1573257.0
2023-12-15,ORBIT,Financials,276.22,837140.0
2023-12-15,PRISM,Healthcare,336.95,852929.0
2023-12-15,ZENITH,Energy,199.43,1893915.0
2023-12-18,AURORA,Consumer,199.58,858176.0
2023-12-18,NOVA,Technology,500.79,954676.0
2023-12-18,ORBIT,Financials,277.77,1521327.0
2023-12-18,PRISM,Healthcare,332.35,835379.0
2023-12-18,ZENITH,Energy,199.35,1899550.0
2023-12-19,AURORA,Consumer,196.23,770384.0
2023-12-19,NOVA,Technology,494.09,909157.0
2023-12-19,ORBIT,Financials,276.87,1651190.0
2023-12-19,PRISM,Healthcare,331.48,551148.0
2023-12-19,ZENITH,Energy,196.09,879420.0
2023-12-20,AURORA,Consumer,195.52,1167988.0
2023-12-20,NOVA,Technology,482.46,1134219.0
2023-12-20,ORBIT,Financials,273.54,1518430.0
2023-12-20,PRISM,Healthcare,332.39,547303.0
2023-12-20,ZENITH,Energy,199.48,1414451.0
2023-12-21,AURORA,Consumer,195.62,455705.0
2023-12-21,NOVA,Technology,480.42,1649116.0
2023-12-21,ORBIT,Financials,274.38,909119.0
2023-12-21,PRISM,Healthcare,336.75,638492.0
2023-12-21,ZENITH,Energy,200.61,785113.0
2023-12-22,AURORA,Consumer,195.28,1048127.0
2023-12-22,NOVA,Technology,461.76,667375.0
2023-12-22,ORBIT,Financials,263.1,799729.0
2023-12-22,PRISM,Healthcare,329.98,532552.0
2023-12-22,ZENITH,Energy,198.64,1179636.0
2023-12-25,AURORA,Consumer,188.47,970483.0
2023-12-25,NOVA,Technology,440.31,1352280.0
2023-12-25,ORBIT,Financials,252.74,850245.0
2023-12-25,PRISM,Healthcare,327.8,876079.0
2023-12-25,ZENITH,Energy,197.79,1314161.0
2023-12-26,AURORA,Consumer,187.54,556077.0
2023-12-26,NOVA,Technology,424.74,1159606.0
2023-12-26,ORBIT,Financials,254.62,876140.0
2023-12-26,PRISM,Healthcare,333.14,788545.0
2023-12-26,ZENITH,Energy,192.51,1339165.0
2023-12-27,AURORA,Consumer,186.53,1014648.0
2023-12-27,NOVA,Technology,435.45,1089221.0
2023-12-27,ORBIT,Financials,255.94,1387020.0
2023-12-27,PRISM,Healthcare,333.88,615877.0
2023-12-27,ZENITH,Energy,193.32,2070440.0
2023-12-28,AURORA,Consumer,188.69,882727.0
2023-12-28,NOVA,Technology,437.88,1077955.0
2023-12-28,ORBIT,Financials,261.96,1149250.0
2023-12-28,PRISM,Healthcare,331.02,942307.0
2023-12-28,ZENITH,Energy,197.33,1092987.0
2023-12-29,AURORA,Consumer,186.42,859122.0
2023-12-29,NOVA,Technology,428.61,2077647.0
2023-12-29,ORBIT,Financials,258.42,888871.0
2023-12-29,PRISM,Healthcare,329.59,878990.0
2023-12-29,ZENITH,Energy,200.88,941859.0
2024-01-01,AURORA,Consumer,184.14,
2024-01-01,NOVA,Technology,423.26,2045740.0
2024-01-01,ORBIT,Financials,255.29,1652792.0
2024-01-01,PRISM,Healthcare,328.23,973784.0
2024-01-01,ZENITH,Energy,199.33,1928337.0
2024-01-02,AURORA,Consumer,183.62,856383.0
2024-01-02,NOVA,Technology,424.9,996326.0
2024-01-02,ORBIT,Financials,265.89,1227915.0
2024-01-02,PRISM,Healthcare,329.1,949108.0
2024-01-02,ZENITH,Energy,198.69,1008688.0
2024-01-03,AURORA,Consumer,181.2,611532.0
2024-01-03,NOVA,Technology,421.62,1784947.0
2024-01-03,ORBIT,Financials,263.34,1279089.0
2024-01-03,PRISM,Healthcare,330.1,540119.0
2024-01-03,ZENITH,Energy,194.51,1423148.0
2024-01-04,AURORA,Consumer,176.21,984203.0
2024-01-04,NOVA,Technology,418.56,1175570.0
2024-01-04,ORBIT,Financials,260.7,962882.0
2024-01-04,PRISM,Healthcare,325.57,499164.0
2024-01-04,ZENITH,Energy,195.07,1246077.0
2024-01-05,AURORA,Consumer,172.93,545568.0
2024-01-05,NOVA,Technology,410.08,1677595.0
2024-01-05,ORBIT,Financials,262.66,765925.0
2024-01-05,PRISM,Healthcare,323.92,772267.0
2024-01-05,ZENITH,Energy,192.84,3536657.0
2024-01-08,AURORA,Consumer,172.64,1187722.0
2024-01-08,NOVA,Technology,411.88,1481694.0
2024-01-08,ORBIT,Financials,261.53,1253340.0
2024-01-08,PRISM,Healthcare,323.43,739073.0
2024-01-08,ZENITH,Energy,192.95,1188370.0
2024-01-09,AURORA,Consumer,174.83,1042844.0
2024-01-09,NOVA,Technology,421.54,947991.0
2024-01-09,ORBIT,Financials,264.62,1043052.0
2024-01-09,PRISM,Healthcare,326.01,857705.0
2024-01-09,ZENITH,Energy,192.59,1403784.0
2024-01-10,AURORA,Consumer,179.26,1058100.0
2024-01-10,NOVA,Technology,422.2,1526272.0
2024-01-10,ORBIT,Financials,269.09,877764.0
2024-01-10,PRISM,Healthcare,327.27,697124.0
2024-01-10,ZENITH,Energy,201.82,941065.0
2024-01-11,AURORA,Consumer,176.3,1222559.0
2024-01-11,NOVA,Technology,419.72,1894340.0
2024-01-11,ORBIT,Financials,268.96,902805.0
2024-01-11,PRISM,Healthcare,326.59,664285.0
2024-01-11,ZENITH,Energy,196.62,1167612.0
2024-01-12,AURORA,Consumer,178.61,827147.0
2024-01-12,NOVA,Technology,430.81,1809222.0
2024-01-12,ORBIT,Financials,277.96,1486635.0
2024-01-12,PRISM,Healthcare,336.52,801657.0
2024-01-12,ZENITH,Energy,198.55,1266906.0
2024-01-15,AURORA,Consumer,180.66,1319231.0
2024-01-15,NOVA,Technology,425.25,1181200.0
2024-01-15,ORBIT,Financials,274.67,1141109.0
2024-01-15,PRISM,Healthcare,337.86,718884.0
2024-01-15,ZENITH,Energy,198.18,991563.0
2024-01-16,AURORA,Consumer,183.08,1095807.0
2024-01-16,NOVA,Technology,434.04,877926.0
2024-01-16,ORBIT,Financials,274.55,812682.0
2024-01-16,PRISM,Healthcare,336.48,328532.0
2024-01-16,ZENITH,Energy,207.82,2541529.0
2024-01-17,AURORA,Consumer,183.06,1048502.0
2024-01-17,NOVA,Technology,436.68,1813633.0
2024-01-17,ORBIT,Financials,278.38,1295908.0
2024-01-17,PRISM,Healthcare,338.5,347791.0
2024-01-17,ZENITH,Energy,213.47,1118385.0
2024-01-18,AURORA,Consumer,185.34,875697.0
2024-01-18,NOVA,Technology,439.2,1553699.0
2024-01-18,ORBIT,Financials,282.17,1321881.0
2024-01-18,PRISM,Healthcare,345.77,634841.0
2024-01-18,ZENITH,Energy,219.53,2238511.0
2024-01-19,AURORA,Consumer,184.74,1750057.0
2024-01-19,NOVA,Technology,440.5,1251463.0
2024-01-19,ORBIT,Financials,280.4,837581.0
2024-01-19,PRISM,Healthcare,352.07,480616.0
2024-01-19,ZENITH,Energy,218.33,1168908.0
2024-01-22,AURORA,Consumer,186.04,1049036.0
2024-01-22,NOVA,Technology,452.72,1065955.0
2024-01-22,ORBIT,Financials,279.15,873579.0
2024-01-22,PRISM,Healthcare,347.28,569450.0
2024-01-22,ZENITH,Energy,219.65,1316538.0
2024-01-23,AURORA,Consumer,184.18,680862.0
2024-01-23,NOVA,Technology,443.06,2070137.0
2024-01-23,ORBIT,Financials,278.38,1304198.0
2024-01-23,PRISM,Healthcare,349.6,923623.0
2024-01-23,ZENITH,Energy,221.34,809566.0
2024-01-24,AURORA,Consumer,183.98,531866.0
2024-01-24,NOVA,Technology,451.99,1057086.0
2024-01-24,ORBIT,Financials,279.59,1068054.0
2024-01-24,PRISM,Healthcare,350.73,695337.0
2024-01-24,ZENITH,Energy,220.46,1563765.0
2024-01-25,AURORA,Consumer,183.76,1209785.0
2024-01-25,NOVA,Technology,442.77,1571777.0
2024-01-25,ORBIT,Financials,279.36,870693.0
2024-01-25,PRISM,Healthcare,344.66,926532.0
2024-01-25,ZENITH,Energy,222.87,3468397.0
2024-01-26,AURORA,Consumer,187.15,1120673.0
2024-01-26,NOVA,Technology,443.09,1485863.0
2024-01-26,ORBIT,Financials,275.22,1058271.0
2024-01-26,PRISM,Healthcare,337.63,680281.0
2024-01-26,ZENITH,Energy,222.21,1665318.0
2024-01-29,AURORA,Consumer,182.62,992173.0
2024-01-29,NOVA,Technology,430.92,1295658.0
2024-01-29,ORBIT,Financials,267.16,1401560.0
2024-01-29,PRISM,Healthcare,337.14,774379.0
2024-01-29,ZENITH,Energy,220.11,1052381.0
2024-01-30,AURORA,Consumer,181.01,998701.0
2024-01-30,NOVA,Technology,428.15,1707672.0
2024-01-30,ORBIT,Financials,266.13,1164946.0
2024-01-30,PRISM,Healthcare,340.64,759324.0
2024-01-30,ZENITH,Energy,220.5,1618494.0
2024-01-31,AURORA,Consumer,180.44,659755.0
2024-01-31,NOVA,Technology,440.68,1186847.0
2024-01-31,ORBIT,Financials,268.87,994836.0
2024-01-31,PRISM,Healthcare,345.82,440704.0
2024-01-31,ZENITH,Energy,226.21,584896.0
2024-02-01,AURORA,Consumer,184.09,1237475.0
2024-02-01,NOVA,Technology,445.51,1042707.0
2024-02-01,ORBIT,Financials,266.62,1465702.0
2024-02-01,PRISM,Healthcare,346.01,673402.0
2024-02-01,ZENITH,Energy,229.83,1010999.0
2024-02-02,AURORA,Consumer,183.02,727461.0
2024-02-02,NOVA,Technology,444.46,1925346.0
2024-02-02,ORBIT,Financials,262.83,689824.0
2024-02-02,PRISM,Healthcare,343.91,1322984.0
2024-02-02,ZENITH,Energy,224.78,708896.0
2024-02-05,AURORA,Consumer,185.65,849494.0
2024-02-05,NOVA,Technology,445.31,1174174.0
2024-02-05,ORBIT,Financials,261.37,968371.0
2024-02-05,PRISM,Healthcare,340.96,463795.0
2024-02-05,ZENITH,Energy,224.69,1153469.0
2024-02-06,AURORA,Consumer,186.41,828401.0
2024-02-06,NOVA,Technology,459.24,2220084.0
2024-02-06,ORBIT,Financials,263.87,988267.0
2024-02-06,PRISM,Healthcare,344.14,711914.0
2024-02-06,ZENITH,Energy,224.53,2146468.0
2024-02-07,AURORA,Consumer,183.6,761573.0
2024-02-07,NOVA,Technology,450.78,1113664.0
2024-02-07,ORBIT,Financials,257.95,1713061.0
2024-02-07,PRISM,Healthcare,342.56,426814.0
2024-02-07,ZENITH,Energy,220.82,974533.0
2024-02-08,AURORA,Consumer,181.05,839118.0
2024-02-08,NOVA,Technology,445.73,2435840.0
2024-02-08,ORBIT,Financials,256.65,1155852.0
2024-02-08,PRISM,Healthcare,349.69,738557.0
2024-02-08,ZENITH,Energy,225.19,1108249.0
2024-02-09,AURORA,Consumer,181.48,1108835.0
2024-02-09,NOVA,Technology,449.29,1383472.0
2024-02-09,ORBIT,Financials,255.66,708207.0
2024-02-09,PRISM,Healthcare,348.8,479364.0
2024-02-09,ZENITH,Energy,219.61,1003452.0
2024-02-12,AURORA,Consumer,180.02,714895.0
2024-02-12,NOVA,Technology,458.67,1319048.0
2024-02-12,ORBIT,Financials,260.58,383963.0
2024-02-12,PRISM,Healthcare,340.75,531592.0
2024-02-12,ZENITH,Energy,216.91,1567558.0
2024-02-13,AURORA,Consumer,179.7,992631.0
2024-02-13,NOVA,Technology,446.66,1220877.0
2024-02-13,ORBIT,Financials,258.0,2797827.0
2024-02-13,PRISM,Healthcare,336.97,559999.0
2024-02-13,ZENITH,Energy,217.78,1476771.0
2024-02-14,AURORA,Consumer,181.44,1151995.0
2024-02-14,NOVA,Technology,453.93,1346025.0
2024-02-14,ORBIT,Financials,259.6,852690.0
2024-02-14,PRISM,Healthcare,337.61,992299.0
2024-02-14,ZENITH,Energy,220.71,1136684.0
2024-02-15,AURORA,Consumer,180.51,1273968.0
2024-02-15,NOVA,Technology,446.61,893423.0
2024-02-15,ORBIT,Financials,258.56,2230793.0
2024-02-15,PRISM,Healthcare,337.33,561882.0
2024-02-15,ZENITH,Energy,219.84,1555170.0
2024-02-16,AURORA,Consumer,178.59,971405.0
2024-02-16,NOVA,Technology,444.1,968407.0
2024-02-16,ORBIT,Financials,252.92,3017405.0
2024-02-16,PRISM,Healthcare,327.76,517493.0
2024-02-16,ZENITH,Energy,217.76,1411880.0
2024-02-19,AURORA,Consumer,177.29,394563.0
2024-02-19,NOVA,Technology,443.31,2335940.0
2024-02-19,ORBIT,Financials,248.41,680475.0
2024-02-19,PRISM,Healthcare,327.12,963822.0
2024-02-19,ZENITH,Energy,217.84,1638233.0
2024-02-20,AURORA,Consumer,179.25,1306117.0
2024-02-20,NOVA,Technology,442.53,2168958.0
2024-02-20,ORBIT,Financials,253.29,1397473.0
2024-02-20,PRISM,Healthcare,328.98,1067648.0
2024-02-20,ZENITH,Energy,221.31,1129571.0
2024-02-21,AURORA,Consumer,176.54,958806.0
2024-02-21,NOVA,Technology,436.93,1816341.0
2024-02-21,ORBIT,Financials,249.33,1541565.0
2024-02-21,PRISM,Healthcare,330.67,562348.0
2024-02-21,ZENITH,Energy,222.23,933192.0
2024-02-22,AURORA,Consumer,176.17,871556.0
2024-02-22,NOVA,Technology,432.66,1070217.0
2024-02-22,ORBIT,Financials,252.28,1466862.0
2024-02-22,PRISM,Healthcare,337.52,470646.0
2024-02-22,ZENITH,Energy,220.52,730102.0
2024-02-23,AURORA,Consumer,174.06,644603.0
2024-02-23,NOVA,Technology,427.65,1567344.0
2024-02-23,ORBIT,Financials,252.27,2269825.0
2024-02-23,PRISM,Healthcare,333.86,241750.0
2024-02-23,ZENITH,Energy,219.49,1178294.0
2024-02-26,AURORA,Consumer,173.44,1584518.0
2024-02-26,NOVA,Technology,422.77,1085176.0
2024-02-26,ORBIT,Financials,251.91,1268972.0
2024-02-26,PRISM,Healthcare,333.61,502370.0
2024-02-26,ZENITH,Energy,223.21,963110.0
2024-02-27,AURORA,Consumer,170.85,981513.0
2024-02-27,NOVA,Technology,422.96,2121499.0
2024-02-27,ORBIT,Financials,251.18,1042563.0
2024-02-27,PRISM,Healthcare,336.45,418574.0
2024-02-27,ZENITH,Energy,225.61,1050904.0
2024-02-28,AURORA,Consumer,174.1,1080090.0
2024-02-28,NOVA,Technology,427.79,1375299.0
2024-02-28,ORBIT,Financials,253.34,1572460.0
2024-02-28,PRISM,Healthcare,334.02,820200.0
2024-02-28,ZENITH,Energy,227.32,1090590.0
2024-02-29,AURORA,Consumer,175.21,1119703.0
2024-02-29,NOVA,Technology,435.11,1291788.0
2024-02-29,ORBIT,Financials,251.99,816295.0
2024-02-29,PRISM,Healthcare,333.96,559274.0
2024-02-29,ZENITH,Energy,229.17,1174282.0
2024-03-01,AURORA,Consumer,173.85,731200.0
2024-03-01,NOVA,Technology,423.38,1510711.0
2024-03-01,ORBIT,Financials,251.02,1005429.0
2024-03-01,PRISM,Healthcare,331.02,784712.0
2024-03-01,ZENITH,Energy,227.56,902882.0
2024-03-04,AURORA,Consumer,171.17,747226.0
2024-03-04,NOVA,Technology,413.6,1367896.0
2024-03-04,ORBIT,Financials,252.61,903490.0
2024-03-04,PRISM,Healthcare,334.08,886511.0
2024-03-04,ZENITH,Energy,226.01,1449304.0
2024-03-05,AURORA,Consumer,171.27,728433.0
2024-03-05,NOVA,Technology,417.9,1856677.0
2024-03-05,ORBIT,Financials,254.55,831690.0
2024-03-05,PRISM,Healthcare,339.55,637570.0
2024-03-05,ZENITH,Energy,228.87,1186552.0
2024-03-06,AURORA,Consumer,175.12,873206.0
2024-03-06,NOVA,Technology,426.67,1089432.0
2024-03-06,ORBIT,Financials,252.1,1327353.0
2024-03-06,PRISM,Healthcare,339.47,595859.0
2024-03-06,ZENITH,Energy,223.26,1262617.0
2024-03-07,AURORA,Consumer,177.17,959179.0
2024-03-07,NOVA,Technology,414.31,1237911.0
2024-03-07,ORBIT,Financials,251.65,1369858.0
2024-03-07,PRISM,Healthcare,336.35,645737.0
2024-03-07,ZENITH,Energy,222.55,1092611.0
2024-03-08,AURORA,Consumer,178.4,894685.0
2024-03-08,NOVA,Technology,415.67,828759.0
2024-03-08,ORBIT,Financials,253.0,1062396.0
2024-03-08,PRISM,Healthcare,345.64,843819.0
2024-03-08,ZENITH,Energy,220.6,772471.0
2024-03-11,AURORA,Consumer,177.68,1427662.0
2024-03-11,NOVA,Technology,417.46,1215125.0
2024-03-11,ORBIT,Financials,253.18,641635.0
2024-03-11,PRISM,Healthcare,346.59,1119584.0
2024-03-11,ZENITH,Energy,220.08,1308996.0
2024-03-12,AURORA,Consumer,173.26,739552.0
2024-03-12,NOVA,Technology,408.55,1304116.0
2024-03-12,ORBIT,Financials,250.38,1094768.0
2024-03-12,PRISM,Healthcare,346.19,724480.0
2024-03-12,ZENITH,Energy,216.92,1334976.0
2024-03-13,AURORA,Consumer,172.82,664603.0
2024-03-13,NOVA,Technology,409.6,2980412.0
2024-03-13,ORBIT,Financials,251.3,1170484.0
2024-03-13,PRISM,Healthcare,342.54,1428546.0
2024-03-13,ZENITH,Energy,214.76,1872543.0
2024-03-14,AURORA,Consumer,171.27,1409770.0
2024-03-14,NOVA,Technology,413.8,1666352.0
2024-03-14,ORBIT,Financials,251.14,730688.0
2024-03-14,PRISM,Healthcare,346.78,743774.0
2024-03-14,ZENITH,Energy,214.38,2136991.0
2024-03-15,AURORA,Consumer,167.51,791238.0
2024-03-15,NOVA,Technology,413.3,721192.0
2024-03-15,ORBIT,Financials,252.06,1503750.0
2024-03-15,PRISM,Healthcare,343.07,1206275.0
2024-03-15,ZENITH,Energy,217.28,2220514.0
2024-03-18,AURORA,Consumer,169.95,909733.0
2024-03-18,NOVA,Technology,407.52,1069173.0
2024-03-18,ORBIT,Financials,250.82,726693.0
2024-03-18,PRISM,Healthcare,342.08,1497634.0
2024-03-18,ZENITH,Energy,214.22,1315925.0
2024-03-19,AURORA,Consumer,168.91,1063876.0
2024-03-19,NOVA,Technology,410.86,1019872.0
2024-03-19,ORBIT,Financials,248.26,1627088.0
2024-03-19,PRISM,Healthcare,338.69,622009.0
2024-03-19,ZENITH,Energy,215.29,1510546.0
2024-03-20,AURORA,Consumer,167.37,698542.0
2024-03-20,NOVA,Technology,408.12,804709.0
2024-03-20,ORBIT,Financials,244.64,1031917.0
2024-03-20,PRISM,Healthcare,334.0,687479.0
2024-03-20,ZENITH,Energy,210.86,1574291.0
2024-03-21,AURORA,Consumer,165.02,801596.0
2024-03-21,NOVA,Technology,401.47,2625303.0
2024-03-21,ORBIT,Financials,244.04,999167.0
2024-03-21,PRISM,Healthcare,340.77,1036894.0
2024-03-21,ZENITH,Energy,209.36,2513461.0
2024-03-22,AURORA,Consumer,164.24,856662.0
2024-03-22,NOVA,Technology,404.23,966585.0
2024-03-22,ORBIT,Financials,247.44,901114.0
2024-03-22,PRISM,Healthcare,340.19,658446.0
2024-03-22,ZENITH,Energy,211.63,1236201.0
2024-03-25,AURORA,Consumer,165.81,544488.0
2024-03-25,NOVA,Technology,397.22,1878509.0
2024-03-25,ORBIT,Financials,244.99,925942.0
2024-03-25,PRISM,Healthcare,341.98,551851.0
2024-03-25,ZENITH,Energy,211.23,700693.0
2024-03-26,AURORA,Consumer,165.89,1086709.0
2024-03-26,NOVA,Technology,400.17,1430032.0
2024-03-26,ORBIT,Financials,246.13,777994.0
2024-03-26,PRISM,Healthcare,345.79,624808.0
2024-03-26,ZENITH,Energy,209.71,1156640.0
2024-03-27,AURORA,Consumer,165.03,1038604.0
2024-03-27,NOVA,Technology,389.47,1071699.0
2024-03-27,ORBIT,Financials,244.72,1428730.0
2024-03-27,PRISM,Healthcare,348.5,836653.0
2024-03-27,ZENITH,Energy,206.63,925640.0
2024-03-28,AURORA,Consumer,166.31,1177772.0
2024-03-28,NOVA,Technology,384.49,1259008.0
2024-03-28,ORBIT,Financials,242.99,877359.0
2024-03-28,PRISM,Healthcare,353.92,1044317.0
2024-03-28,ZENITH,Energy,206.05,1293168.0
2024-03-29,AURORA,Consumer,164.58,710917.0
2024-03-29,NOVA,Technology,367.44,1447062.0
2024-03-29,ORBIT,Financials,246.01,1013838.0
2024-03-29,PRISM,Healthcare,352.08,888353.0
2024-03-29,ZENITH,Energy,208.9,1194116.0
2024-04-01,AURORA,Consumer,165.78,1852802.0
2024-04-01,NOVA,Technology,366.25,1735960.0
2024-04-01,ORBIT,Financials,246.63,760148.0
2024-04-01,PRISM,Healthcare,352.98,806172.0
2024-04-01,ZENITH,Energy,210.15,1549078.0
2024-04-02,AURORA,Consumer,167.29,752905.0
2024-04-02,NOVA,Technology,372.17,965452.0
2024-04-02,ORBIT,Financials,249.4,1015734.0
2024-04-02,PRISM,Healthcare,355.19,695064.0
2024-04-02,ZENITH,Energy,213.45,1543431.0
2024-04-03,AURORA,Consumer,166.23,839994.0
2024-04-03,NOVA,Technology,375.93,1126577.0
2024-04-03,ORBIT,Financials,249.55,746441.0
2024-04-03,PRISM,Healthcare,352.22,578258.0
2024-04-03,ZENITH,Energy,215.75,1088139.0
2024-04-04,AURORA,Consumer,167.9,995389.0
2024-04-04,NOVA,Technology,384.86,1736797.0
2024-04-04,ORBIT,Financials,248.47,1332047.0
2024-04-04,PRISM,Healthcare,357.29,536242.0
2024-04-04,ZENITH,Energy,211.94,1352739.0
2024-04-05,AURORA,Consumer,166.78,952848.0
2024-04-05,NOVA,Technology,384.95,1222020.0
2024-04-05,ORBIT,Financials,246.84,1339283.0
2024-04-05,PRISM,Healthcare,358.04,481348.0
2024-04-05,ZENITH,Energy,203.29,1000692.0
2024-04-08,AURORA,Consumer,167.87,822468.0
2024-04-08,NOVA,Technology,393.51,1173642.0
2024-04-08,ORBIT,Financials,246.54,1001609.0
2024-04-08,PRISM,Healthcare,359.44,877602.0
2024-04-08,ZENITH,Energy,206.12,1280146.0
2024-04-09,AURORA,Consumer,165.9,1111465.0
2024-04-09,NOVA,Technology,389.79,1289751.0
2024-04-09,ORBIT,Financials,244.78,911076.0
2024-04-09,PRISM,Healthcare,355.54,728804.0
2024-04-09,ZENITH,Energy,204.04,1589853.0
2024-04-10,AURORA,Consumer,167.04,1598584.0
2024-04-10,NOVA,Technology,384.58,1231126.0
2024-04-10,ORBIT,Financials,245.09,1077348.0
2024-04-10,PRISM,Healthcare,363.21,673506.0
2024-04-10,ZENITH,Energy,205.01,1731956.0
2024-04-11,AURORA,Consumer,167.86,572034.0
2024-04-11,NOVA,Technology,387.67,1211713.0
2024-04-11,ORBIT,Financials,246.34,1302333.0
2024-04-11,PRISM,Healthcare,361.2,1381608.0
2024-04-11,ZENITH,Energy,200.55,886107.0
2024-04-12,AURORA,Consumer,166.87,762321.0
2024-04-12,NOVA,Technology,385.46,913489.0
2024-04-12,ORBIT,Financials,247.23,1189900.0
2024-04-12,PRISM,Healthcare,362.13,630449.0
2024-04-12,ZENITH,Energy,197.35,999955.0
2024-04-15,AURORA,Consumer,171.47,489939.0
2024-04-15,NOVA,Technology,380.04,1077597.0
2024-04-15,ORBIT,Financials,244.91,1489264.0
2024-04-15,PRISM,Healthcare,359.39,720244.0
2024-04-15,ZENITH,Energy,200.62,1032922.0
2024-04-16,AURORA,Consumer,170.05,1056663.0
2024-04-16,NOVA,Technology,378.95,1599784.0
2024-04-16,ORBIT,Financials,241.59,873950.0
2024-04-16,PRISM,Healthcare,355.4,870880.0
2024-04-16,ZENITH,Energy,202.46,900993.0
2024-04-17,AURORA,Consumer,172.06,957759.0
2024-04-17,NOVA,Technology,390.8,1202239.0
2024-04-17,ORBIT,Financials,246.0,558026.0
2024-04-17,PRISM,Healthcare,355.27,467555.0
2024-04-17,ZENITH,Energy,205.43,1195094.0
2024-04-18,AURORA,Consumer,167.83,2172472.0
2024-04-18,NOVA,Technology,384.05,1730836.0
2024-04-18,ORBIT,Financials,243.33,1531033.0
2024-04-18,PRISM,Healthcare,347.97,629500.0
2024-04-18,ZENITH,Energy,202.73,631116.0
2024-04-19,AURORA,Consumer,167.74,691482.0
2024-04-19,NOVA,Technology,377.5,805344.0
2024-04-19,ORBIT,Financials,239.11,1094834.0
2024-04-19,PRISM,Healthcare,343.52,819669.0
2024-04-19,ZENITH,Energy,200.16,927655.0
2024-04-22,AURORA,Consumer,165.71,775827.0
2024-04-22,NOVA,Technology,372.4,797861.0
2024-04-22,ORBIT,Financials,243.07,900636.0
2024-04-22,PRISM,Healthcare,339.93,459348.0
2024-04-22,ZENITH,Energy,198.2,964099.0
2024-04-23,AURORA,Consumer,162.36,1486517.0
2024-04-23,NOVA,Technology,369.28,1299239.0
2024-04-23,ORBIT,Financials,241.43,754487.0
2024-04-23,PRISM,Healthcare,331.32,1064829.0
2024-04-23,ZENITH,Energy,193.37,572149.0
2024-04-24,AURORA,Consumer,161.06,562485.0
2024-04-24,NOVA,Technology,366.23,1004246.0
2024-04-24,ORBIT,Financials,246.79,1233369.0
2024-04-24,PRISM,Healthcare,333.44,481476.0
2024-04-24,ZENITH,Energy,189.3,2306690.0
2024-04-25,AURORA,Consumer,161.61,944398.0
2024-04-25,NOVA,Technology,366.25,1468494.0
2024-04-25,ORBIT,Financials,246.58,974502.0
2024-04-25,PRISM,Healthcare,332.99,543577.0
2024-04-25,ZENITH,Energy,186.02,724780.0
2024-04-26,AURORA,Consumer,159.22,922298.0
2024-04-26,NOVA,Technology,370.27,1363544.0
2024-04-26,ORBIT,Financials,247.27,1330321.0
2024-04-26,PRISM,Healthcare,335.75,763121.0
2024-04-26,ZENITH,Energy,180.82,973095.0
2024-04-29,AURORA,Consumer,160.22,1334519.0
2024-04-29,NOVA,Technology,359.84,1183886.0
2024-04-29,ORBIT,Financials,244.45,723465.0
2024-04-29,PRISM,Healthcare,331.59,656655.0
2024-04-29,ZENITH,Energy,186.14,1709185.0
2024-04-30,AURORA,Consumer,161.91,851099.0
2024-04-30,NOVA,Technology,349.09,1140066.0
2024-04-30,ORBIT,Financials,241.81,1075542.0
2024-04-30,PRISM,Healthcare,331.08,1098662.0
2024-04-30,ZENITH,Energy,189.69,1171949.0
2024-05-01,AURORA,Consumer,163.36,725214.0
2024-05-01,NOVA,Technology,347.23,1887458.0
2024-05-01,ORBIT,Financials,245.04,1381888.0
2024-05-01,PRISM,Healthcare,330.35,790604.0
2024-05-01,ZENITH,Energy,185.72,1489047.0
2024-05-02,AURORA,Consumer,166.19,1103190.0
2024-05-02,NOVA,Technology,359.88,1780199.0
2024-05-02,ORBIT,Financials,248.34,1141677.0
2024-05-02,PRISM,Healthcare,327.7,918508.0
2024-05-02,ZENITH,Energy,185.33,1146363.0
2024-05-03,AURORA,Consumer,163.98,896713.0
2024-05-03,NOVA,Technology,348.3,2956425.0
2024-05-03,ORBIT,Financials,241.7,602673.0
2024-05-03,PRISM,Healthcare,321.63,648990.0
2024-05-03,ZENITH,Energy,187.96,1296560.0
2024-05-06,AURORA,Consumer,162.84,1181502.0
2024-05-06,NOVA,Technology,357.23,1997299.0
2024-05-06,ORBIT,Financials,241.48,1171622.0
2024-05-06,PRISM,Healthcare,326.16,662402.0
2024-05-06,ZENITH,Energy,187.72,1667117.0
2024-05-07,AURORA,Consumer,164.38,1002863.0
2024-05-07,NOVA,Technology,356.38,1521669.0
2024-05-07,ORBIT,Financials,244.11,979085.0
2024-05-07,PRISM,Healthcare,327.46,1217375.0
2024-05-07,ZENITH,Energy,192.11,1122460.0
2024-05-08,AURORA,Consumer,163.55,786755.0
2024-05-08,NOVA,Technology,344.99,954055.0
2024-05-08,ORBIT,Financials,240.94,318613.0
2024-05-08,PRISM,Healthcare,324.84,668081.0
2024-05-08,ZENITH,Energy,196.44,1298075.0
2024-05-09,AURORA,Consumer,162.66,947061.0
2024-05-09,NOVA,Technology,343.1,1206217.0
2024-05-09,ORBIT,Financials,238.82,2098272.0
2024-05-09,PRISM,Healthcare,319.0,668474.0
2024-05-09,ZENITH,Energy,192.72,1602836.0
2024-05-10,AURORA,Consumer,162.07,1151981.0
2024-05-10,NOVA,Technology,339.77,621214.0
2024-05-10,ORBIT,Financials,240.66,1560139.0
2024-05-10,PRISM,Healthcare,323.39,365687.0
2024-05-10,ZENITH,Energy,195.68,1213183.0
2024-05-13,AURORA,Consumer,159.44,851146.0
2024-05-13,NOVA,Technology,338.19,1826761.0
2024-05-13,ORBIT,Financials,242.78,1642782.0
2024-05-13,PRISM,Healthcare,325.8,411713.0
2024-05-13,ZENITH,Energy,197.3,953891.0
2024-05-14,AURORA,Consumer,162.59,801015.0
2024-05-14,NOVA,Technology,344.31,1105183.0
2024-05-14,ORBIT,Financials,247.52,885857.0
2024-05-14,PRISM,Healthcare,327.75,719742.0
2024-05-14,ZENITH,Energy,199.73,1481322.0
2024-05-15,AURORA,Consumer,164.43,1031106.0
2024-05-15,NOVA,Technology,344.43,993597.0
2024-05-15,ORBIT,Financials,244.01,2080825.0
2024-05-15,PRISM,Healthcare,331.57,803657.0
2024-05-15,ZENITH,Energy,203.86,1316923.0
2024-05-16,AURORA,Consumer,165.96,697887.0
2024-05-16,NOVA,Technology,340.41,2181830.0
2024-05-16,ORBIT,Financials,246.0,872354.0
2024-05-16,PRISM,Healthcare,333.66,835284.0
2024-05-16,ZENITH,Energy,207.31,1081576.0
2024-05-17,AURORA,Consumer,165.52,1400521.0
2024-05-17,NOVA,Technology,336.54,998159.0
2024-05-17,ORBIT,Financials,246.14,2543630.0
2024-05-17,PRISM,Healthcare,340.89,467107.0
2024-05-17,ZENITH,Energy,205.81,1891169.0
2024-05-20,AURORA,Consumer,164.93,1112940.0
2024-05-20,NOVA,Technology,329.39,1573641.0
2024-05-20,ORBIT,Financials,243.78,1001825.0
2024-05-20,PRISM,Healthcare,340.76,688165.0
2024-05-20,ZENITH,Energy,203.19,1334543.0
2024-05-21,AURORA,Consumer,159.35,656388.0
2024-05-21,NOVA,Technology,323.9,1795634.0
2024-05-21,ORBIT,Financials,237.58,1353732.0
2024-05-21,PRISM,Healthcare,345.7,388611.0
2024-05-21,ZENITH,Energy,199.94,1023207.0
2024-05-22,AURORA,Consumer,157.95,1497398.0
2024-05-22,NOVA,Technology,316.96,486950.0
2024-05-22,ORBIT,Financials,236.91,1616575.0
2024-05-22,PRISM,Healthcare,346.58,624839.0
2024-05-22,ZENITH,Energy,201.86,2484143.0
2024-05-23,AURORA,Consumer,160.37,752258.0
2024-05-23,NOVA,Technology,316.23,1516690.0
2024-05-23,ORBIT,Financials,238.27,876601.0
2024-05-23,PRISM,Healthcare,349.21,611681.0
2024-05-23,ZENITH,Energy,202.53,1937289.0
2024-05-24,AURORA,Consumer,160.57,822905.0
2024-05-24,NOVA,Technology,310.53,1802596.0
2024-05-24,ORBIT,Financials,237.63,1413276.0
2024-05-24,PRISM,Healthcare,352.43,428035.0
2024-05-24,ZENITH,Energy,202.1,1881538.0
2024-05-27,AURORA,Consumer,164.74,1143658.0
2024-05-27,NOVA,Technology,325.1,1979533.0
2024-05-27,ORBIT,Financials,236.77,1926828.0
2024-05-27,PRISM,Healthcare,351.22,476381.0
2024-05-27,ZENITH,Energy,205.26,916825.0
2024-05-28,AURORA,Consumer,165.34,644914.0
2024-05-28,NOVA,Technology,323.12,1982337.0
2024-05-28,ORBIT,Financials,234.04,1003196.0
2024-05-28,PRISM,Healthcare,348.65,711756.0
2024-05-28,ZENITH,Energy,203.96,1522234.0
2024-05-29,AURORA,Consumer,164.71,1041700.0
2024-05-29,NOVA,Technology,320.7,1616890.0
2024-05-29,ORBIT,Financials,231.68,1356060.0
2024-05-29,PRISM,Healthcare,342.82,642244.0
2024-05-29,ZENITH,Energy,204.35,981408.0
2024-05-30,AURORA,Consumer,165.73,710416.0
2024-05-30,NOVA,Technology,316.34,1454596.0
2024-05-30,ORBIT,Financials,230.53,1223208.0
2024-05-30,PRISM,Healthcare,341.95,570877.0
2024-05-30,ZENITH,Energy,203.26,1214067.0
2024-05-31,AURORA,Consumer,164.65,702954.0
2024-05-31,NOVA,Technology,313.67,1285045.0
2024-05-31,ORBIT,Financials,231.67,2092908.0
2024-05-31,PRISM,Healthcare,342.41,860379.0
2024-05-31,ZENITH,Energy,204.97,921515.0
2024-06-03,AURORA,Consumer,166.09,1059313.0
2024-06-03,NOVA,Technology,319.7,1671762.0
2024-06-03,ORBIT,Financials,233.16,1123190.0
2024-06-03,PRISM,Healthcare,339.95,981917.0
2024-06-03,ZENITH,Energy,205.32,1469900.0
2024-06-04,AURORA,Consumer,167.05,917253.0
2024-06-04,NOVA,Technology,325.35,809400.0
2024-06-04,ORBIT,Financials,228.72,888692.0
2024-06-04,PRISM,Healthcare,338.21,368059.0
2024-06-04,ZENITH,Energy,207.88,1008034.0
2024-06-05,AURORA,Consumer,170.56,794230.0
2024-06-05,NOVA,Technology,338.78,751859.0
2024-06-05,ORBIT,Financials,235.18,1111117.0
2024-06-05,PRISM,Healthcare,341.3,584054.0
2024-06-05,ZENITH,Energy,209.01,1731223.0
2024-06-06,AURORA,Consumer,169.94,1065094.0
2024-06-06,NOVA,Technology,337.17,1060559.0
2024-06-06,ORBIT,Financials,238.68,760399.0
2024-06-06,PRISM,Healthcare,344.46,1632444.0
2024-06-06,ZENITH,Energy,203.24,2967524.0
2024-06-07,AURORA,Consumer,167.0,1109977.0
2024-06-07,NOVA,Technology,332.8,2686360.0
2024-06-07,ORBIT,Financials,237.49,1387005.0
2024-06-07,PRISM,Healthcare,347.07,938338.0
2024-06-07,ZENITH,Energy,199.44,1798413.0
2024-06-10,AURORA,Consumer,169.19,827186.0
2024-06-10,NOVA,Technology,338.06,1113501.0
2024-06-10,ORBIT,Financials,243.38,839818.0
2024-06-10,PRISM,Healthcare,350.91,672770.0
2024-06-10,ZENITH,Energy,195.58,664597.0
2024-06-11,AURORA,Consumer,168.16,740313.0
2024-06-11,NOVA,Technology,344.47,1700053.0
2024-06-11,ORBIT,Financials,242.9,1132219.0
2024-06-11,PRISM,Healthcare,351.02,1155822.0
2024-06-11,ZENITH,Energy,196.11,1141122.0
2024-06-12,AURORA,Consumer,167.96,1157721.0
2024-06-12,NOVA,Technology,356.44,756916.0
2024-06-12,ORBIT,Financials,243.1,992651.0
2024-06-12,PRISM,Healthcare,355.91,753494.0
2024-06-12,ZENITH,Energy,193.2,968776.0
2024-06-13,AURORA,Consumer,169.96,1266406.0
2024-06-13,NOVA,Technology,349.68,1389539.0
2024-06-13,ORBIT,Financials,243.71,1057592.0
2024-06-13,PRISM,Healthcare,357.9,919058.0
2024-06-13,ZENITH,Energy,192.49,1332707.0
2024-06-14,AURORA,Consumer,173.14,1267116.0
2024-06-14,NOVA,Technology,359.31,1282223.0
2024-06-14,ORBIT,Financials,245.52,691731.0
2024-06-14,PRISM,Healthcare,353.88,461185.0
2024-06-14,ZENITH,Energy,190.2,1251775.0
2024-06-17,AURORA,Consumer,171.86,890750.0
2024-06-17,NOVA,Technology,349.21,936928.0
2024-06-17,ORBIT,Financials,246.37,1064663.0
2024-06-17,PRISM,Healthcare,357.57,325108.0
2024-06-17,ZENITH,Energy,189.09,1882286.0
2024-06-18,AURORA,Consumer,171.16,861982.0
2024-06-18,NOVA,Technology,352.28,1051812.0
2024-06-18,ORBIT,Financials,250.13,1478953.0
2024-06-18,PRISM,Healthcare,360.04,1157739.0
2024-06-18,ZENITH,Energy,195.14,2262946.0
2024-06-19,AURORA,Consumer,169.33,1090470.0
2024-06-19,NOVA,Technology,346.78,1661710.0
2024-06-19,ORBIT,Financials,257.49,1200906.0
2024-06-19,PRISM,Healthcare,358.15,585256.0
2024-06-19,ZENITH,Energy,199.82,1179504.0
2024-06-20,AURORA,Consumer,168.92,563658.0
2024-06-20,NOVA,Technology,358.67,831566.0
2024-06-20,ORBIT,Financials,262.58,1973714.0
2024-06-20,PRISM,Healthcare,364.28,1015971.0
2024-06-20,ZENITH,Energy,202.67,1799613.0
2024-06-21,AURORA,Consumer,169.62,765520.0
2024-06-21,NOVA,Technology,359.86,1458704.0
2024-06-21,ORBIT,Financials,264.67,1361484.0
2024-06-21,PRISM,Healthcare,364.95,563479.0
2024-06-21,ZENITH,Energy,206.03,547725.0
2024-06-24,AURORA,Consumer,170.33,1383780.0
2024-06-24,NOVA,Technology,357.54,1379524.0
2024-06-24,ORBIT,Financials,267.87,887555.0
2024-06-24,PRISM,Healthcare,364.79,794360.0
2024-06-24,ZENITH,Energy,207.83,960960.0
2024-06-25,AURORA,Consumer,172.16,1052076.0
2024-06-25,NOVA,Technology,358.08,2417580.0
2024-06-25,ORBIT,Financials,274.92,1512471.0
2024-06-25,PRISM,Healthcare,365.97,754767.0
2024-06-25,ZENITH,Energy,210.73,1510052.0
2024-06-26,AURORA,Consumer,172.57,918968.0
2024-06-26,NOVA,Technology,365.71,983785.0
2024-06-26,ORBIT,Financials,282.27,1113141.0
2024-06-26,PRISM,Healthcare,364.18,421163.0
2024-06-26,ZENITH,Energy,210.47,1371449.0
2024-06-27,AURORA,Consumer,170.16,908327.0
2024-06-27,NOVA,Technology,350.99,1902908.0
2024-06-27,ORBIT,Financials,281.24,1492746.0
2024-06-27,PRISM,Healthcare,361.99,526682.0
2024-06-27,ZENITH,Energy,210.48,1522488.0
2024-06-28,AURORA,Consumer,173.25,507073.0
2024-06-28,NOVA,Technology,359.66,1103323.0
2024-06-28,ORBIT,Financials,284.27,913916.0
2024-06-28,PRISM,Healthcare,367.87,430655.0
2024-06-28,ZENITH,Energy,207.1,1390620.0
2024-07-01,AURORA,Consumer,174.62,744584.0
2024-07-01,NOVA,Technology,357.92,1767807.0
2024-07-01,ORBIT,Financials,280.34,1325614.0
2024-07-01,PRISM,Healthcare,369.55,642440.0
2024-07-01,ZENITH,Energy,204.71,1955259.0
2024-07-02,AURORA,Consumer,175.99,1319871.0
2024-07-02,NOVA,Technology,359.94,939866.0
2024-07-02,ORBIT,Financials,284.21,1605550.0
2024-07-02,PRISM,Healthcare,370.3,922892.0
2024-07-02,ZENITH,Energy,203.12,1046852.0
2024-07-03,AURORA,Consumer,176.01,805102.0
2024-07-03,NOVA,Technology,356.16,1535996.0
2024-07-03,ORBIT,Financials,282.47,730325.0
2024-07-03,PRISM,Healthcare,373.57,533860.0
2024-07-03,ZENITH,Energy,197.64,1185704.0
2024-07-04,AURORA,Consumer,178.02,568063.0
2024-07-04,NOVA,Technology,358.98,1628832.0
2024-07-04,ORBIT,Financials,284.45,2074453.0
2024-07-04,PRISM,Healthcare,379.43,614330.0
2024-07-04,ZENITH,Energy,200.27,1606675.0
2024-07-05,AURORA,Consumer,179.91,1078922.0
2024-07-05,NOVA,Technology,348.54,1472558.0
2024-07-05,ORBIT,Financials,281.22,810292.0
2024-07-05,PRISM,Healthcare,372.16,955573.0
2024-07-05,ZENITH,Energy,203.43,1334272.0
2024-07-08,AURORA,Consumer,181.6,1190560.0
2024-07-08,NOVA,Technology,358.36,1705081.0
2024-07-08,ORBIT,Financials,282.89,1959216.0
2024-07-08,PRISM,Healthcare,378.5,1009618.0
2024-07-08,ZENITH,Energy,204.01,1629183.0
2024-07-09,AURORA,Consumer,180.05,462007.0
2024-07-09,NOVA,Technology,364.82,686162.0
2024-07-09,ORBIT,Financials,284.51,1301382.0
2024-07-09,PRISM,Healthcare,376.14,1228870.0
2024-07-09,ZENITH,Energy,198.72,1342481.0
2024-07-10,AURORA,Consumer,180.97,1211917.0
2024-07-10,NOVA,Technology,357.28,2085341.0
2024-07-10,ORBIT,Financials,285.24,1360512.0
2024-07-10,PRISM,Healthcare,374.52,452642.0
2024-07-10,ZENITH,Energy,202.73,3073525.0
2024-07-11,AURORA,Consumer,181.37,576300.0
2024-07-11,NOVA,Technology,359.58,550267.0
2024-07-11,ORBIT,Financials,285.23,654561.0
2024-07-11,PRISM,Healthcare,378.22,683271.0
2024-07-11,ZENITH,Energy,200.26,940605.0
2024-07-12,AURORA,Consumer,182.92,1201031.0
2024-07-12,NOVA,Technology,364.18,1309181.0
2024-07-12,ORBIT,Financials,286.31,511080.0
2024-07-12,PRISM,Healthcare,373.61,536734.0
2024-07-12,ZENITH,Energy,199.44,1220423.0
2024-07-15,AURORA,Consumer,180.7,711042.0
2024-07-15,NOVA,Technology,360.62,856692.0
2024-07-15,ORBIT,Financials,286.66,974783.0
2024-07-15,PRISM,Healthcare,372.27,497661.0
2024-07-15,ZENITH,Energy,197.05,869553.0
2024-07-16,AURORA,Consumer,180.61,598328.0
2024-07-16,NOVA,Technology,358.6,1384273.0
2024-07-16,ORBIT,Financials,283.95,1042251.0
2024-07-16,PRISM,Healthcare,376.25,665223.0
2024-07-16,ZENITH,Energy,202.41,1835179.0
2024-07-17,AURORA,Consumer,183.36,713277.0
2024-07-17,NOVA,Technology,364.1,1103697.0
2024-07-17,ORBIT,Financials,289.59,1459042.0
2024-07-17,PRISM,Healthcare,384.65,583420.0
2024-07-17,ZENITH,Energy,203.32,1101226.0
2024-07-18,AURORA,Consumer,177.19,665070.0
2024-07-18,NOVA,Technology,362.45,801132.0
2024-07-18,ORBIT,Financials,290.74,1855338.0
2024-07-18,PRISM,Healthcare,383.48,734101.0
2024-07-18,ZENITH,Energy,199.45,2378070.0
2024-07-19,AURORA,Consumer,177.6,616999.0
2024-07-19,NOVA,Technology,375.27,1507652.0
2024-07-19,ORBIT,Financials,296.29,990305.0
2024-07-19,PRISM,Healthcare,390.34,794859.0
2024-07-19,ZENITH,Energy,202.7,978843.0
2024-07-22,AURORA,Consumer,181.77,1592979.0
2024-07-22,NOVA,Technology,379.73,1181957.0
2024-07-22,ORBIT,Financials,300.02,1291832.0
2024-07-22,PRISM,Healthcare,392.11,861331.0
2024-07-22,ZENITH,Energy,204.25,1127546.0
2024-07-23,AURORA,Consumer,179.74,1589897.0
2024-07-23,NOVA,Technology,374.73,1857521.0
2024-07-23,ORBIT,Financials,296.4,1435647.0
2024-07-23,PRISM,Healthcare,391.51,729472.0
2024-07-23,ZENITH,Energy,204.52,2320521.0
2024-07-24,AURORA,Consumer,177.97,474089.0
2024-07-24,NOVA,Technology,380.54,1286642.0
2024-07-24,ORBIT,Financials,300.62,1081122.0
2024-07-24,PRISM,Healthcare,392.1,1161343.0
2024-07-24,ZENITH,Energy,207.52,1679844.0
2024-07-25,AURORA,Consumer,180.87,972604.0
2024-07-25,NOVA,Technology,383.26,1452060.0
2024-07-25,ORBIT,Financials,302.6,1148628.0
2024-07-25,PRISM,Healthcare,398.35,1703128.0
2024-07-25,ZENITH,Energy,202.43,1041824.0
2024-07-26,AURORA,Consumer,178.42,741444.0
2024-07-26,NOVA,Technology,370.63,1423403.0
2024-07-26,ORBIT,Financials,305.48,1001931.0
2024-07-26,PRISM,Healthcare,402.43,1014942.0
2024-07-26,ZENITH,Energy,202.78,1263720.0
2024-07-29,AURORA,Consumer,180.5,832289.0
2024-07-29,NOVA,Technology,382.16,1775138.0
2024-07-29,ORBIT,Financials,305.57,1022376.0
2024-07-29,PRISM,Healthcare,399.65,809878.0
2024-07-29,ZENITH,Energy,200.18,1218756.0
2024-07-30,AURORA,Consumer,180.21,781899.0
2024-07-30,NOVA,Technology,381.4,1566149.0
2024-07-30,ORBIT,Financials,307.49,904624.0
2024-07-30,PRISM,Healthcare,406.42,961030.0
2024-07-30,ZENITH,Energy,203.6,1278786.0
2024-07-31,AURORA,Consumer,180.34,718998.0
2024-07-31,NOVA,Technology,386.53,1133144.0
2024-07-31,ORBIT,Financials,308.37,989635.0
2024-07-31,PRISM,Healthcare,402.84,871658.0
2024-07-31,ZENITH,Energy,205.52,1363603.0
2024-08-01,AURORA,Consumer,179.38,875712.0
2024-08-01,NOVA,Technology,379.0,878251.0
2024-08-01,ORBIT,Financials,303.33,778488.0
2024-08-01,PRISM,Healthcare,398.55,774888.0
2024-08-01,ZENITH,Energy,201.31,1235596.0
2024-08-02,AURORA,Consumer,176.52,590176.0
2024-08-02,NOVA,Technology,374.8,1396571.0
2024-08-02,ORBIT,Financials,298.65,537534.0
2024-08-02,PRISM,Healthcare,398.64,1122893.0
2024-08-02,ZENITH,Energy,200.38,665086.0
2024-08-05,AURORA,Consumer,174.12,723971.0
2024-08-05,NOVA,Technology,377.18,1817967.0
2024-08-05,ORBIT,Financials,296.9,1745519.0
2024-08-05,PRISM,Healthcare,395.82,405967.0
2024-08-05,ZENITH,Energy,199.06,1472645.0
2024-08-06,AURORA,Consumer,175.75,660771.0
2024-08-06,NOVA,Technology,379.18,1765820.0
2024-08-06,ORBIT,Financials,300.98,1689866.0
2024-08-06,PRISM,Healthcare,396.15,775318.0
2024-08-06,ZENITH,Energy,197.79,1288644.0
2024-08-07,AURORA,Consumer,178.14,973743.0
2024-08-07,NOVA,Technology,385.23,1422189.0
2024-08-07,ORBIT,Financials,301.98,1107800.0
2024-08-07,PRISM,Healthcare,406.42,671941.0
2024-08-07,ZENITH,Energy,198.64,2047227.0
2024-08-08,AURORA,Consumer,178.53,755616.0
2024-08-08,NOVA,Technology,384.16,1659165.0
2024-08-08,ORBIT,Financials,305.05,596276.0
2024-08-08,PRISM,Healthcare,402.97,373003.0
2024-08-08,ZENITH,Energy,203.48,1011796.0
2024-08-09,AURORA,Consumer,178.65,695926.0
2024-08-09,NOVA,Technology,374.21,2266867.0
2024-08-09,ORBIT,Financials,302.38,1911935.0
2024-08-09,PRISM,Healthcare,405.19,767225.0
2024-08-09,ZENITH,Energy,206.04,951547.0
2024-08-12,AURORA,Consumer,181.27,1228149.0
2024-08-12,NOVA,Technology,367.47,998702.0
2024-08-12,ORBIT,Financials,303.85,1332268.0
2024-08-12,PRISM,Healthcare,405.69,814323.0
2024-08-12,ZENITH,Energy,209.57,1008323.0
2024-08-13,AURORA,Consumer,182.46,681388.0
2024-08-13,NOVA,Technology,367.19,1785706.0
2024-08-13,ORBIT,Financials,305.76,1026902.0
2024-08-13,PRISM,Healthcare,408.95,487673.0
2024-08-13,ZENITH,Energy,210.55,2031010.0
2024-08-14,AURORA,Consumer,184.34,993084.0
2024-08-14,NOVA,Technology,364.38,1521513.0
2024-08-14,ORBIT,Financials,306.07,1112001.0
2024-08-14,PRISM,Healthcare,410.25,948264.0
2024-08-14,ZENITH,Energy,208.56,632371.0
2024-08-15,AURORA,Consumer,185.36,851166.0
2024-08-15,NOVA,Technology,364.37,2320395.0
2024-08-15,ORBIT,Financials,307.14,1374636.0
2024-08-15,PRISM,Healthcare,416.08,800439.0
2024-08-15,ZENITH,Energy,210.85,1385412.0
2024-08-16,AURORA,Consumer,187.18,554879.0
2024-08-16,NOVA,Technology,380.85,1124147.0
2024-08-16,ORBIT,Financials,312.06,927426.0
2024-08-16,PRISM,Healthcare,428.32,983472.0
2024-08-16,ZENITH,Energy,221.02,859401.0
2024-08-19,AURORA,Consumer,186.55,1567197.0
2024-08-19,NOVA,Technology,371.28,1651486.0
2024-08-19,ORBIT,Financials,304.87,1742404.0
2024-08-19,PRISM,Healthcare,426.91,512229.0
2024-08-19,ZENITH,Energy,221.46,2475498.0
2024-08-20,AURORA,Consumer,188.07,514562.0
2024-08-20,NOVA,Technology,381.61,947850.0
2024-08-20,ORBIT,Financials,310.57,1025515.0
2024-08-20,PRISM,Healthcare,422.6,516871.0
2024-08-20,ZENITH,Energy,215.22,1875938.0
2024-08-21,AURORA,Consumer,188.12,1406036.0
2024-08-21,NOVA,Technology,381.35,1542866.0
2024-08-21,ORBIT,Financials,314.96,621306.0
2024-08-21,PRISM,Healthcare,420.07,564923.0
2024-08-21,ZENITH,Energy,220.34,1019572.0
2024-08-22,AURORA,Consumer,187.84,490022.0
2024-08-22,NOVA,Technology,370.61,1399110.0
2024-08-22,ORBIT,Financials,308.86,1253218.0
2024-08-22,PRISM,Healthcare,412.62,1048004.0
2024-08-22,ZENITH,Energy,220.86,995024.0
2024-08-23,AURORA,Consumer,187.91,969221.0
2024-08-23,NOVA,Technology,375.44,2090899.0
2024-08-23,ORBIT,Financials,305.27,589445.0
2024-08-23,PRISM,Healthcare,417.8,1025250.0
2024-08-23,ZENITH,Energy,220.37,825080.0
2024-08-26,AURORA,Consumer,188.8,832181.0
2024-08-26,NOVA,Technology,383.81,764731.0
2024-08-26,ORBIT,Financials,309.45,580441.0
2024-08-26,PRISM,Healthcare,422.69,532701.0
2024-08-26,ZENITH,Energy,224.39,2109556.0
2024-08-27,AURORA,Consumer,186.56,808190.0
2024-08-27,NOVA,Technology,380.02,1212679.0
2024-08-27,ORBIT,Financials,306.13,1104569.0
2024-08-27,PRISM,Healthcare,422.11,840855.0
2024-08-27,ZENITH,Energy,222.42,716329.0
2024-08-28,AURORA,Consumer,189.45,1432918.0
2024-08-28,NOVA,Technology,393.71,1215825.0
2024-08-28,ORBIT,Financials,310.95,761813.0
2024-08-28,PRISM,Healthcare,426.53,1165212.0
2024-08-28,ZENITH,Energy,228.1,959802.0
2024-08-29,AURORA,Consumer,188.74,930994.0
2024-08-29,NOVA,Technology,378.94,1793508.0
2024-08-29,ORBIT,Financials,303.62,1048510.0
2024-08-29,PRISM,Healthcare,423.88,871334.0
2024-08-29,ZENITH,Energy,216.9,2064331.0
2024-08-30,AURORA,Consumer,189.6,1095718.0
2024-08-30,NOVA,Technology,382.02,994301.0
2024-08-30,ORBIT,Financials,311.68,906219.0
2024-08-30,PRISM,Healthcare,429.55,966438.0
2024-08-30,ZENITH,Energy,214.52,1605552.0
2024-09-02,AURORA,Consumer,183.59,697034.0
2024-09-02,NOVA,Technology,380.91,3075551.0
2024-09-02,ORBIT,Financials,313.39,1232771.0
2024-09-02,PRISM,Healthcare,429.22,729055.0
2024-09-02,ZENITH,Energy,213.11,1063769.0
2024-09-03,AURORA,Consumer,183.61,1330882.0
2024-09-03,NOVA,Technology,374.01,1320888.0
2024-09-03,ORBIT,Financials,311.92,1345366.0
2024-09-03,PRISM,Healthcare,434.66,506557.0
2024-09-03,ZENITH,Energy,217.74,959437.0
2024-09-04,AURORA,Consumer,183.92,897282.0
2024-09-04,NOVA,Technology,377.92,2156773.0
2024-09-04,ORBIT,Financials,306.5,2077779.0
2024-09-04,PRISM,Healthcare,430.58,558834.0
2024-09-04,ZENITH,Energy,216.11,1195161.0
2024-09-05,AURORA,Consumer,186.14,639034.0
2024-09-05,NOVA,Technology,375.55,648603.0
2024-09-05,ORBIT,Financials,304.02,1248840.0
2024-09-05,PRISM,Healthcare,427.83,661373.0
2024-09-05,ZENITH,Energy,222.01,1305144.0
2024-09-06,AURORA,Consumer,188.4,751214.0
2024-09-06,NOVA,Technology,372.96,1725909.0
2024-09-06,ORBIT,Financials,309.33,920147.0
2024-09-06,PRISM,Healthcare,432.21,660071.0
2024-09-06,ZENITH,Energy,228.15,1587935.0
2024-09-09,AURORA,Consumer,189.62,763722.0
2024-09-09,NOVA,Technology,360.33,1722707.0
2024-09-09,ORBIT,Financials,302.81,909780.0
2024-09-09,PRISM,Healthcare,431.4,1198200.0
2024-09-09,ZENITH,Energy,228.71,727791.0
2024-09-10,AURORA,Consumer,187.89,848573.0
2024-09-10,NOVA,Technology,354.62,1288742.0
2024-09-10,ORBIT,Financials,291.49,1485615.0
2024-09-10,PRISM,Healthcare,428.79,848776.0
2024-09-10,ZENITH,Energy,224.97,794533.0
2024-09-11,AURORA,Consumer,191.09,1416676.0
2024-09-11,NOVA,Technology,360.68,1838659.0
2024-09-11,ORBIT,Financials,292.42,1554809.0
2024-09-11,PRISM,Healthcare,425.37,775097.0
2024-09-11,ZENITH,Energy,230.04,1433043.0
2024-09-12,AURORA,Consumer,188.84,1228354.0
2024-09-12,NOVA,Technology,359.67,1892460.0
2024-09-12,ORBIT,Financials,297.3,936024.0
2024-09-12,PRISM,Healthcare,436.24,1097792.0
2024-09-12,ZENITH,Energy,228.9,1683970.0
2024-09-13,AURORA,Consumer,188.84,989653.0
2024-09-13,NOVA,Technology,366.09,1560860.0
2024-09-13,ORBIT,Financials,300.62,992880.0
2024-09-13,PRISM,Healthcare,438.23,645526.0
2024-09-13,ZENITH,Energy,230.9,789992.0
2024-09-16,AURORA,Consumer,188.69,1424419.0
2024-09-16,NOVA,Technology,376.66,771869.0
2024-09-16,ORBIT,Financials,304.12,1600765.0
2024-09-16,PRISM,Healthcare,441.48,812477.0
2024-09-16,ZENITH,Energy,229.8,842699.0
2024-09-17,AURORA,Consumer,190.37,1384341.0
2024-09-17,NOVA,Technology,377.55,1089290.0
2024-09-17,ORBIT,Financials,300.25,800417.0
2024-09-17,PRISM,Healthcare,437.97,818310.0
2024-09-17,ZENITH,Energy,225.2,1320363.0
2024-09-18,AURORA,Consumer,190.9,798128.0
2024-09-18,NOVA,Technology,378.03,2501921.0
2024-09-18,ORBIT,Financials,293.32,1086955.0
2024-09-18,PRISM,Healthcare,430.43,1173179.0
2024-09-18,ZENITH,Energy,225.27,891494.0
2024-09-19,AURORA,Consumer,191.13,1095589.0
2024-09-19,NOVA,Technology,381.45,937754.0
2024-09-19,ORBIT,Financials,292.52,757852.0
2024-09-19,PRISM,Healthcare,429.42,715541.0
2024-09-19,ZENITH,Energy,228.74,1694000.0
2024-09-20,AURORA,Consumer,189.62,749085.0
2024-09-20,NOVA,Technology,380.58,1784774.0
2024-09-20,ORBIT,Financials,291.39,1363874.0
2024-09-20,PRISM,Healthcare,431.75,409184.0
2024-09-20,ZENITH,Energy,223.04,1578791.0
2024-09-23,AURORA,Consumer,189.68,1327231.0
2024-09-23,NOVA,Technology,389.14,1479518.0
2024-09-23,ORBIT,Financials,298.03,1131186.0
2024-09-23,PRISM,Healthcare,437.42,771212.0
2024-09-23,ZENITH,Energy,221.8,2182340.0
2024-09-24,AURORA,Consumer,188.3,671412.0
2024-09-24,NOVA,Technology,389.42,1001907.0
2024-09-24,ORBIT,Financials,298.94,1251703.0
2024-09-24,PRISM,Healthcare,440.68,793921.0
2024-09-24,ZENITH,Energy,215.88,1997542.0
2024-09-25,AURORA,Consumer,191.51,666833.0
2024-09-25,NOVA,Technology,392.75,868495.0
2024-09-25,ORBIT,Financials,294.7,1323178.0
2024-09-25,PRISM,Healthcare,433.18,1657643.0
2024-09-25,ZENITH,Energy,218.42,1888877.0
2024-09-26,AURORA,Consumer,190.89,2029733.0
2024-09-26,NOVA,Technology,388.38,1806321.0
2024-09-26,ORBIT,Financials,300.12,608647.0
2024-09-26,PRISM,Healthcare,431.8,487886.0
2024-09-26,ZENITH,Energy,218.36,1582806.0
2024-09-27,AURORA,Consumer,195.07,988079.0
2024-09-27,NOVA,Technology,391.68,2138460.0
2024-09-27,ORBIT,Financials,306.59,613376.0
2024-09-27,PRISM,Healthcare,446.71,715435.0
2024-09-27,ZENITH,Energy,223.34,989150.0
2024-09-30,AURORA,Consumer,193.22,1111189.0
2024-09-30,NOVA,Technology,379.02,1544003.0
2024-09-30,ORBIT,Financials,304.32,811745.0
2024-09-30,PRISM,Healthcare,443.01,550251.0
2024-09-30,ZENITH,Energy,222.02,1284423.0
2024-10-01,AURORA,Consumer,192.85,794968.0
2024-10-01,NOVA,Technology,382.11,956803.0
2024-10-01,ORBIT,Financials,300.01,1313622.0
2024-10-01,PRISM,Healthcare,443.77,855115.0
2024-10-01,ZENITH,Energy,220.76,1882871.0
2024-10-02,AURORA,Consumer,191.74,970352.0
2024-10-02,NOVA,Technology,368.16,2160406.0
2024-10-02,ORBIT,Financials,298.56,1168967.0
2024-10-02,PRISM,Healthcare,440.12,1361197.0
2024-10-02,ZENITH,Energy,218.42,1263472.0
2024-10-03,AURORA,Consumer,194.13,982969.0
2024-10-03,NOVA,Technology,374.16,1654617.0
2024-10-03,ORBIT,Financials,304.75,931009.0
2024-10-03,PRISM,Healthcare,441.18,663084.0
2024-10-03,ZENITH,Energy,223.56,1369552.0
2024-10-04,AURORA,Consumer,196.43,1007277.0
2024-10-04,NOVA,Technology,373.5,1172444.0
2024-10-04,ORBIT,Financials,306.96,1210554.0
2024-10-04,PRISM,Healthcare,451.8,452680.0
2024-10-04,ZENITH,Energy,224.16,1753403.0
2024-10-07,AURORA,Consumer,193.21,694272.0
2024-10-07,NOVA,Technology,385.09,1984245.0
2024-10-07,ORBIT,Financials,305.58,847533.0
2024-10-07,PRISM,Healthcare,450.21,725013.0
2024-10-07,ZENITH,Energy,222.05,1634571.0
2024-10-08,AURORA,Consumer,196.02,1143306.0
2024-10-08,NOVA,Technology,401.64,2813259.0
2024-10-08,ORBIT,Financials,310.88,2624082.0
2024-10-08,PRISM,Healthcare,452.21,467616.0
2024-10-08,ZENITH,Energy,230.07,1564377.0
2024-10-09,AURORA,Consumer,197.13,421221.0
2024-10-09,NOVA,Technology,398.74,1532573.0
2024-10-09,ORBIT,Financials,304.55,941320.0
2024-10-09,PRISM,Healthcare,450.95,489664.0
2024-10-09,ZENITH,Energy,225.09,1781174.0
2024-10-10,AURORA,Consumer,197.37,746433.0
2024-10-10,NOVA,Technology,408.21,1880852.0
2024-10-10,ORBIT,Financials,305.97,725048.0
2024-10-10,PRISM,Healthcare,440.68,293100.0
2024-10-10,ZENITH,Energy,220.29,2437396.0
2024-10-11,AURORA,Consumer,196.94,563477.0
2024-10-11,NOVA,Technology,420.88,2180373.0
2024-10-11,ORBIT,Financials,307.52,1341625.0
2024-10-11,PRISM,Healthcare,438.85,439562.0
2024-10-11,ZENITH,Energy,215.81,1033956.0
2024-10-14,AURORA,Consumer,199.76,680263.0
2024-10-14,NOVA,Technology,425.9,1687647.0
2024-10-14,ORBIT,Financials,307.82,1192139.0
2024-10-14,PRISM,Healthcare,442.8,914708.0
2024-10-14,ZENITH,Energy,218.37,1397176.0
2024-10-15,AURORA,Consumer,197.77,951011.0
2024-10-15,NOVA,Technology,423.36,918600.0
2024-10-15,ORBIT,Financials,309.07,762159.0
2024-10-15,PRISM,Healthcare,438.31,774079.0
2024-10-15,ZENITH,Energy,217.66,2977937.0
2024-10-16,AURORA,Consumer,194.41,871672.0
2024-10-16,NOVA,Technology,408.35,1068534.0
2024-10-16,ORBIT,Financials,306.36,1243874.0
2024-10-16,PRISM,Healthcare,433.04,759531.0
2024-10-16,ZENITH,Energy,211.1,1648159.0
2024-10-17,AURORA,Consumer,192.43,1070185.0
2024-10-17,NOVA,Technology,406.36,1474691.0
2024-10-17,ORBIT,Financials,304.62,1810623.0
2024-10-17,PRISM,Healthcare,432.76,592222.0
2024-10-17,ZENITH,Energy,207.62,1640954.0
2024-10-18,AURORA,Consumer,194.99,689197.0
2024-10-18,NOVA,Technology,409.81,1295157.0
2024-10-18,ORBIT,Financials,312.5,1261832.0
2024-10-18,PRISM,Healthcare,432.42,1005908.0
2024-10-18,ZENITH,Energy,207.74,1072272.0
2024-10-21,AURORA,Consumer,191.91,686863.0
2024-10-21,NOVA,Technology,407.85,1149080.0
2024-10-21,ORBIT,Financials,310.4,1200312.0
2024-10-21,PRISM,Healthcare,432.91,885090.0
2024-10-21,ZENITH,Energy,200.02,844604.0
2024-10-22,AURORA,Consumer,194.11,940576.0
2024-10-22,NOVA,Technology,413.91,963220.0
2024-10-22,ORBIT,Financials,309.72,1456327.0
2024-10-22,PRISM,Healthcare,428.02,864911.0
2024-10-22,ZENITH,Energy,197.48,1071704.0
2024-10-23,AURORA,Consumer,196.36,1083737.0
2024-10-23,NOVA,Technology,408.83,895416.0
2024-10-23,ORBIT,Financials,315.42,778787.0
2024-10-23,PRISM,Healthcare,429.4,474126.0
2024-10-23,ZENITH,Energy,196.45,1501197.0
2024-10-24,AURORA,Consumer,196.32,979948.0
2024-10-24,NOVA,Technology,412.7,1523814.0
2024-10-24,ORBIT,Financials,315.95,1086211.0
2024-10-24,PRISM,Healthcare,428.93,598839.0
2024-10-24,ZENITH,Energy,197.92,862569.0
2024-10-25,AURORA,Consumer,194.37,932689.0
2024-10-25,NOVA,Technology,415.17,1564334.0
2024-10-25,ORBIT,Financials,316.11,1115784.0
2024-10-25,PRISM,Healthcare,428.22,731357.0
2024-10-25,ZENITH,Energy,194.66,1723961.0
2024-10-28,AURORA,Consumer,194.47,598016.0
2024-10-28,NOVA,Technology,418.32,2193980.0
2024-10-28,ORBIT,Financials,313.48,746588.0
2024-10-28,PRISM,Healthcare,430.56,506489.0
2024-10-28,ZENITH,Energy,192.53,658743.0
2024-10-29,AURORA,Consumer,194.58,436606.0
2024-10-29,NOVA,Technology,422.23,1271466.0
2024-10-29,ORBIT,Financials,308.37,641378.0
2024-10-29,PRISM,Healthcare,436.15,1094517.0
2024-10-29,ZENITH,Energy,193.54,1232008.0
2024-10-30,AURORA,Consumer,194.84,719427.0
2024-10-30,NOVA,Technology,419.5,2279726.0
2024-10-30,ORBIT,Financials,304.29,1320414.0
2024-10-30,PRISM,Healthcare,437.24,845418.0
2024-10-30,ZENITH,Energy,190.03,839598.0
2024-10-31,AURORA,Consumer,195.56,1287940.0
2024-10-31,NOVA,Technology,423.08,2106340.0
2024-10-31,ORBIT,Financials,302.11,899677.0
2024-10-31,PRISM,Healthcare,437.31,815152.0
2024-10-31,ZENITH,Energy,187.65,1439929.0
2024-11-01,AURORA,Consumer,193.96,938176.0
2024-11-01,NOVA,Technology,429.54,1500748.0
2024-11-01,ORBIT,Financials,302.03,1021157.0
2024-11-01,PRISM,Healthcare,440.71,578648.0
2024-11-01,ZENITH,Energy,190.49,2125787.0
2024-11-04,AURORA,Consumer,192.75,841021.0
2024-11-04,NOVA,Technology,427.56,1273415.0
2024-11-04,ORBIT,Financials,304.33,1633885.0
2024-11-04,PRISM,Healthcare,436.74,837025.0
2024-11-04,ZENITH,Energy,197.02,2238823.0
2024-11-05,AURORA,Consumer,193.34,942222.0
2024-11-05,NOVA,Technology,425.55,654422.0
2024-11-05,ORBIT,Financials,304.32,1149637.0
2024-11-05,PRISM,Healthcare,443.65,709197.0
2024-11-05,ZENITH,Energy,196.53,1355425.0
2024-11-06,AURORA,Consumer,193.43,954906.0
2024-11-06,NOVA,Technology,424.4,1777670.0
2024-11-06,ORBIT,Financials,307.31,664019.0
2024-11-06,PRISM,Healthcare,445.2,1362044.0
2024-11-06,ZENITH,Energy,195.71,2079435.0
2024-11-07,AURORA,Consumer,196.58,960064.0
2024-11-07,NOVA,Technology,436.85,1292411.0
2024-11-07,ORBIT,Financials,316.51,987973.0
2024-11-07,PRISM,Healthcare,455.94,605277.0
2024-11-07,ZENITH,Energy,196.41,1252471.0
2024-11-08,AURORA,Consumer,194.57,850310.0
2024-11-08,NOVA,Technology,428.83,988710.0
2024-11-08,ORBIT,Financials,316.9,1408010.0
2024-11-08,PRISM,Healthcare,454.25,777775.0
2024-11-08,ZENITH,Energy,193.48,1214655.0
2024-11-11,AURORA,Consumer,195.32,571340.0
2024-11-11,NOVA,Technology,425.72,2114225.0
2024-11-11,ORBIT,Financials,318.44,545675.0
2024-11-11,PRISM,Healthcare,451.34,874770.0
2024-11-11,ZENITH,Energy,192.28,1549842.0
2024-11-12,AURORA,Consumer,194.24,1905919.0
2024-11-12,NOVA,Technology,430.18,2086700.0
2024-11-12,ORBIT,Financials,317.27,1299622.0
2024-11-12,PRISM,Healthcare,450.01,469753.0
2024-11-12,ZENITH,Energy,192.16,1427614.0
2024-11-13,AURORA,Consumer,192.73,1202268.0
2024-11-13,NOVA,Technology,431.81,1659311.0
2024-11-13,ORBIT,Financials,314.53,1304040.0
2024-11-13,PRISM,Healthcare,456.05,1016048.0
2024-11-13,ZENITH,Energy,193.21,794696.0
2024-11-14,AURORA,Consumer,192.26,519624.0
2024-11-14,NOVA,Technology,431.55,1511106.0
2024-11-14,ORBIT,Financials,317.64,660248.0
2024-11-14,PRISM,Healthcare,449.17,923359.0
2024-11-14,ZENITH,Energy,193.47,1037051.0
2024-11-15,AURORA,Consumer,188.09,1068767.0
2024-11-15,NOVA,Technology,419.2,1265880.0
2024-11-15,ORBIT,Financials,310.04,764622.0
2024-11-15,PRISM,Healthcare,441.46,830283.0
2024-11-15,ZENITH,Energy,193.5,2388379.0
2024-11-18,AURORA,Consumer,186.78,952161.0
2024-11-18,NOVA,Technology,415.94,1388272.0
2024-11-18,ORBIT,Financials,314.93,1254602.0
2024-11-18,PRISM,Healthcare,435.48,913900.0
2024-11-18,ZENITH,Energy,191.31,831476.0
2024-11-19,AURORA,Consumer,185.55,689935.0
2024-11-19,NOVA,Technology,423.82,1381501.0
2024-11-19,ORBIT,Financials,314.44,1246079.0
2024-11-19,PRISM,Healthcare,431.5,433439.0
2024-11-19,ZENITH,Energy,189.06,1387220.0
2024-11-20,AURORA,Consumer,185.04,749167.0
2024-11-20,NOVA,Technology,421.52,1759903.0
2024-11-20,ORBIT,Financials,310.49,1352762.0
2024-11-20,PRISM,Healthcare,425.82,966523.0
2024-11-20,ZENITH,Energy,191.1,2450993.0
2024-11-21,AURORA,Consumer,185.88,990949.0
2024-11-21,NOVA,Technology,434.48,937988.0
2024-11-21,ORBIT,Financials,309.54,883937.0
2024-11-21,PRISM,Healthcare,423.21,582381.0
2024-11-21,ZENITH,Energy,191.21,828575.0
2024-11-22,AURORA,Consumer,186.66,1056344.0
2024-11-22,NOVA,Technology,434.96,1433504.0
2024-11-22,ORBIT,Financials,307.69,1382929.0
2024-11-22,PRISM,Healthcare,423.64,684864.0
2024-11-22,ZENITH,Energy,195.43,1554750.0
2024-11-25,AURORA,Consumer,188.5,993174.0
2024-11-25,NOVA,Technology,432.28,1562847.0
2024-11-25,ORBIT,Financials,304.35,820347.0
2024-11-25,PRISM,Healthcare,424.48,987386.0
2024-11-25,ZENITH,Energy,196.58,2234411.0
2024-11-26,AURORA,Consumer,191.29,1141191.0
2024-11-26,NOVA,Technology,454.66,1457529.0
2024-11-26,ORBIT,Financials,310.82,1540311.0
2024-11-26,PRISM,Healthcare,429.35,1185151.0
2024-11-26,ZENITH,Energy,197.26,1153757.0
2024-11-27,AURORA,Consumer,190.22,605046.0
2024-11-27,NOVA,Technology,462.18,1653641.0
2024-11-27,ORBIT,Financials,315.43,587014.0
2024-11-27,PRISM,Healthcare,426.26,446641.0
2024-11-27,ZENITH,Energy,199.79,1196198.0
2024-11-28,AURORA,Consumer,193.39,938648.0
2024-11-28,NOVA,Technology,461.0,707116.0
2024-11-28,ORBIT,Financials,324.53,927574.0
2024-11-28,PRISM,Healthcare,431.35,589387.0
2024-11-28,ZENITH,Energy,201.29,1411945.0
2024-11-29,AURORA,Consumer,191.98,1143971.0
2024-11-29,NOVA,Technology,471.12,3206959.0
2024-11-29,ORBIT,Financials,324.28,757510.0
2024-11-29,PRISM,Healthcare,433.12,622007.0
2024-11-29,ZENITH,Energy,202.27,1186428.0
2024-12-02,AURORA,Consumer,191.53,1145070.0
2024-12-02,NOVA,Technology,471.85,769097.0
2024-12-02,ORBIT,Financials,324.23,1643001.0
2024-12-02,PRISM,Healthcare,430.78,907041.0
2024-12-02,ZENITH,Energy,205.54,862686.0
2024-12-03,AURORA,Consumer,194.05,722764.0
2024-12-03,NOVA,Technology,466.59,1300069.0
2024-12-03,ORBIT,Financials,325.14,984682.0
2024-12-03,PRISM,Healthcare,431.18,464598.0
2024-12-03,ZENITH,Energy,209.06,1465398.0
2024-12-04,AURORA,Consumer,196.36,703046.0
2024-12-04,NOVA,Technology,465.41,1438565.0
2024-12-04,ORBIT,Financials,329.0,2899481.0
2024-12-04,PRISM,Healthcare,427.24,503085.0
2024-12-04,ZENITH,Energy,212.22,905937.0
2024-12-05,AURORA,Consumer,194.35,849186.0
2024-12-05,NOVA,Technology,466.19,1400439.0
2024-12-05,ORBIT,Financials,329.85,709252.0
2024-12-05,PRISM,Healthcare,421.07,862458.0
2024-12-05,ZENITH,Energy,214.8,1335752.0
2024-12-06,AURORA,Consumer,199.05,979524.0
2024-12-06,NOVA,Technology,477.64,2168312.0
2024-12-06,ORBIT,Financials,337.71,1252516.0
2024-12-06,PRISM,Healthcare,430.16,893386.0
2024-12-06,ZENITH,Energy,220.57,1001556.0
2024-12-09,AURORA,Consumer,200.15,740194.0
2024-12-09,NOVA,Technology,477.62,2489625.0
2024-12-09,ORBIT,Financials,342.91,987116.0
2024-12-09,PRISM,Healthcare,429.56,750243.0
2024-12-09,ZENITH,Energy,227.64,1148772.0
2024-12-10,AURORA,Consumer,202.92,708675.0
2024-12-10,NOVA,Technology,459.79,1618726.0
2024-12-10,ORBIT,Financials,330.66,1294415.0
2024-12-10,PRISM,Healthcare,432.16,987407.0
2024-12-10,ZENITH,Energy,224.21,846014.0
2024-12-11,AURORA,Consumer,205.97,331460.0
2024-12-11,NOVA,Technology,467.33,2591899.0
2024-12-11,ORBIT,Financials,337.77,1121530.0
2024-12-11,PRISM,Healthcare,438.07,621321.0
2024-12-11,ZENITH,Energy,227.77,966007.0
2024-12-12,AURORA,Consumer,209.27,1208417.0
2024-12-12,NOVA,Technology,461.18,1218893.0
2024-12-12,ORBIT,Financials,340.03,540347.0
2024-12-12,PRISM,Healthcare,434.01,501227.0
2024-12-12,ZENITH,Energy,228.49,1363674.0
2024-12-13,AURORA,Consumer,211.46,1108557.0
2024-12-13,NOVA,Technology,463.12,1012720.0
2024-12-13,ORBIT,Financials,341.58,899491.0
2024-12-13,PRISM,Healthcare,437.88,836199.0
2024-12-13,ZENITH,Energy,229.8,1159827.0
2024-12-16,AURORA,Consumer,209.28,903457.0
2024-12-16,NOVA,Technology,467.19,1649580.0
2024-12-16,ORBIT,Financials,341.12,1028646.0
2024-12-16,PRISM,Healthcare,430.36,720914.0
2024-12-16,ZENITH,Energy,233.12,1277661.0
2024-12-17,AURORA,Consumer,210.12,854746.0
2024-12-17,NOVA,Technology,469.23,1859539.0
2024-12-17,ORBIT,Financials,340.64,1061602.0
2024-12-17,PRISM,Healthcare,432.24,751004.0
2024-12-17,ZENITH,Energy,235.23,1212995.0
2024-12-18,AURORA,Consumer,212.01,1383382.0
2024-12-18,NOVA,Technology,473.48,787367.0
2024-12-18,ORBIT,Financials,341.27,1358480.0
2024-12-18,PRISM,Healthcare,432.86,562181.0
2024-12-18,ZENITH,Energy,237.97,1181557.0
2024-12-19,AURORA,Consumer,213.55,370931.0
2024-12-19,NOVA,Technology,471.78,862721.0
2024-12-19,ORBIT,Financials,340.51,824579.0
2024-12-19,PRISM,Healthcare,436.43,692360.0
2024-12-19,ZENITH,Energy,231.42,814226.0
2024-12-20,AURORA,Consumer,212.64,960151.0
2024-12-20,NOVA,Technology,443.12,1150218.0
2024-12-20,ORBIT,Financials,330.55,1766354.0
2024-12-20,PRISM,Healthcare,432.3,1180181.0
2024-12-20,ZENITH,Energy,229.28,612343.0
2024-12-23,AURORA,Consumer,210.26,889301.0
2024-12-23,NOVA,Technology,441.43,1183114.0
2024-12-23,ORBIT,Financials,328.76,764314.0
2024-12-23,PRISM,Healthcare,423.27,1168328.0
2024-12-23,ZENITH,Energy,230.71,566954.0
2024-12-24,AURORA,Consumer,211.08,1183280.0
2024-12-24,NOVA,Technology,440.57,1299330.0
2024-12-24,ORBIT,Financials,323.59,1102981.0
2024-12-24,PRISM,Healthcare,422.77,945044.0
2024-12-24,ZENITH,Energy,227.34,965553.0
2024-12-25,AURORA,Consumer,217.8,762802.0
2024-12-25,NOVA,Technology,442.5,1522318.0
2024-12-25,ORBIT,Financials,322.33,669723.0
2024-12-25,PRISM,Healthcare,423.55,528325.0
2024-12-25,ZENITH,Energy,227.39,1835797.0
2024-12-26,AURORA,Consumer,215.6,429518.0
2024-12-26,NOVA,Technology,444.63,1302758.0
2024-12-26,ORBIT,Financials,319.07,725385.0
2024-12-26,PRISM,Healthcare,423.88,447918.0
2024-12-26,ZENITH,Energy,231.03,544682.0
2024-12-27,AURORA,Consumer,214.58,999826.0
2024-12-27,NOVA,Technology,427.52,1197901.0
2024-12-27,ORBIT,Financials,308.9,2724141.0
2024-12-27,PRISM,Healthcare,420.8,1145927.0
2024-12-27,ZENITH,Energy,227.02,1050404.0
2024-12-30,AURORA,Consumer,217.14,592097.0
2024-12-30,NOVA,Technology,429.9,2635172.0
2024-12-30,ORBIT,Financials,313.73,1084719.0
2024-12-30,PRISM,Healthcare,420.02,679661.0
2024-12-30,ZENITH,Energy,230.37,1013604.0
2024-12-31,AURORA,Consumer,219.08,976758.0
2024-12-31,NOVA,Technology,439.56,937884.0
2024-12-31,ORBIT,Financials,317.42,990631.0
2024-12-31,PRISM,Healthcare,414.07,550058.0
2024-12-31,ZENITH,Energy,227.39,1455764.0
2022-05-23,AURORA,Consumer,205.7,504438.0
2024-04-22,AURORA,Consumer,165.71,775827.0
