invoice_id,date,time,branch,city,customer_type,gender,category,product,unit_price,quantity,discount_pct,payment_method,rating,cost_price
INV-2024-00001,2024-03-13,14:40,C,Bengaluru,Normal,Male,Electronics,Smart Watch,4278.65,5,0.0,UPI,6.9,2952.27
INV-2024-00002,2024-02-12,19:07,A,Delhi,Member,Female,Groceries,Breakfast Cereal,359.52,3,0.0,Card,9.3,294.81
INV-2024-00003,2024-03-20,19:09,C,Bengaluru,Normal,Female,Sports,Dumbbell Set,2554.66,3,0.1,Cash,8.4,1634.98
INV-2024-00004,2024-03-06,17:46,A,Delhi,Member,Female,Clothing,T-Shirt,767.02,2,0.05,Cash,7.9,467.88
INV-2024-00005,2024-01-10,16:19,A,Delhi,Normal,Female,Electronics,Smart Watch,3861.58,5,0.1,UPI,8.9,2664.49
INV-2024-00006,2024-03-30,18:01,B,Mumbai,Normal,Male,Groceries,Breakfast Cereal,352.11,3,0.05,Cash,9.7,288.73
INV-2024-00007,2024-03-12,17:33,C,Bengaluru,Normal,Male,Electronics,Smart Watch,4228.68,3,0.1,UPI,7.1,2917.79
INV-2024-00008,2024-03-14,12:00,B,Mumbai,Member,Female,Electronics,Power Bank,1593.29,4,0.05,UPI,7.4,1099.37
INV-2024-00009,2024-01-13,21:05,B,Mumbai,Normal,Female,Sports,Dumbbell Set,2481.71,3,0.05,UPI,7.5,1588.29
INV-2024-00010,2024-02-13,20:13,B,Mumbai,Member,Female,Clothing,Sports Shoes,2407.49,4,0.1,Cash,5.0,1468.57
INV-2024-00011,2024-02-06,13:54,C,Bengaluru,Normal,Female,Personal Care,Trimmer,1875.45,3,0.15,UPI,7.9,1087.76
INV-2024-00012,2024-03-25,18:04,B,Mumbai,Normal,Female,Groceries,Breakfast Cereal,362.32,2,0.05,Card,9.1,297.1
INV-2024-00013,2024-03-02,20:34,C,Bengaluru,Member,Female,Home & Kitchen,Storage Set,737.74,3,0.15000000000000002,Cash,10.0,486.91
INV-2024-00014,2024-03-17,17:27,C,Bengaluru,Member,Female,Home & Kitchen,Mixer Grinder,3244.4,4,0.0,Card,8.1,2141.3
INV-2024-00015,2024-02-12,16:53,A,Delhi,Normal,Male,Personal Care,Shampoo,441.72,2,0.1,Card,5.1,256.2
INV-2024-00016,2024-01-23,19:49,C,Bengaluru,Member,Male,Groceries,Breakfast Cereal,394.54,4,0.15,UPI,9.5,323.52
INV-2024-00017,2024-02-23,21:56,B,Mumbai,Normal,Female,Clothing,T-Shirt,839.87,1,0.15,Cash,7.0,512.32
INV-2024-00018,2024-01-07,18:31,B,Mumbai,Normal,Male,Home & Kitchen,Bedsheet,955.83,5,0.05,Cash,,630.85
INV-2024-00019,2024-03-17,13:14,A,Delhi,Normal,Male,Groceries,Cooking Oil,797.14,7,0.05,UPI,7.4,653.65
INV-2024-00020,2024-03-01,12:10,C,Bengaluru,Normal,Female,Groceries,Cooking Oil,764.56,6,0.05,UPI,8.3,626.94
INV-2024-00021,2024-03-11,17:10,B,Mumbai,Normal,Male,Groceries,Breakfast Cereal,396.1,5,0.0,UPI,8.6,324.8
INV-2024-00022,2024-02-04,18:29,A,Delhi,Member,Male,Electronics,Bluetooth Speaker,2932.24,4,0.15,Card,9.6,2023.25
INV-2024-00023,2024-03-29,14:39,C,Bengaluru,Member,Male,Clothing,Jeans,1849.47,2,0.05,UPI,8.2,1128.18
INV-2024-00024,2024-03-23,15:53,A,Delhi,Normal,Female,Personal Care,Skin Care Kit,1152.91,2,0.1,UPI,7.8,668.69
INV-2024-00025,2024-03-13,18:21,A,Delhi,Normal,Female,Clothing,T-Shirt,784.35,5,0.05,Card,9.7,478.45
INV-2024-00026,2024-01-20,15:50,B,Mumbai,Normal,Female,Sports,Fitness Band,1402.55,4,0.1,Card,9.3,897.63
INV-2024-00027,2024-02-15,13:14,A,Delhi,Normal,Female,Electronics,Power Bank,1588.52,1,0.0,UPI,6.1,1096.08
INV-2024-00028,2024-01-05,20:16,B,Mumbai,Member,Male,Clothing,Jacket,3217.74,1,0.05,UPI,5.6,1962.82
INV-2024-00029,2024-01-16,16:48,C,Bengaluru,Member,Female,Electronics,Bluetooth Speaker,2863.12,3,0.1,UPI,7.4,1975.55
INV-2024-00030,2024-03-05,13:47,B,Mumbai,Member,Female,Electronics,Earbuds,2045.67,1,0.0,UPI,7.8,1411.51
INV-2024-00031,2024-03-10,20:48,A,Delhi,Normal,Male,Groceries,Cooking Oil,784.68,2,0.1,UPI,8.3,643.44
INV-2024-00032,2024-03-29,17:24,A,Delhi,Member,Female,Electronics,Power Bank,1488.86,3,0.15,UPI,8.0,1027.31
INV-2024-00033,2024-02-02,09:16,B,Mumbai,Normal,Male,Electronics,Earbuds,2216.48,1,0.0,UPI,8.3,1529.37
INV-2024-00034,2024-02-06,12:56,A,Delhi,Member,Male,Electronics,Power Bank,1615.73,3,0.2,UPI,6.5,1114.85
INV-2024-00035,2024-02-15,12:25,B,Mumbai,Normal,Female,Clothing,Jacket,3070.39,2,0.2,Cash,8.8,1872.94
INV-2024-00036,2024-01-20,18:42,A,Delhi,Normal,Female,Clothing,Jacket,2876.22,1,0.05,Card,9.3,1754.49
INV-2024-00037,2024-01-14,10:00,A,Delhi,Normal,Male,Sports,Cricket Bat,2027.19,3,0.1,Card,10.0,1297.4
INV-2024-00038,2024-02-16,16:33,C,Bengaluru,Normal,Male,Electronics,Bluetooth Speaker,2684.63,1,0.0,UPI,7.5,1852.39
INV-2024-00039,2024-01-23,15:10,A,Delhi,Member,Female,Personal Care,Trimmer,1793.74,4,0.15000000000000002,Cash,8.3,1040.37
INV-2024-00040,2024-03-04,13:20,A,Delhi,Member,Female,Clothing,T-Shirt,747.96,6,0.2,Card,8.9,456.26
INV-2024-00041,2024-02-12,16:17,B,Mumbai,Member,Male,Groceries,Breakfast Cereal,399.43,5,0.1,Card,8.3,327.53
INV-2024-00042,2024-03-17,17:36,A,Delhi,Member,Male,Personal Care,Skin Care Kit,1208.38,1,0.0,Card,8.1,700.86
INV-2024-00043,2024-03-07,16:18,B,Mumbai,Normal,Male,Personal Care,Skin Care Kit,1290.94,1,0.1,Card,8.9,748.75
INV-2024-00044,2024-02-01,17:44,A,Delhi,Normal,Male,Groceries,Cooking Oil,763.83,1,0.0,Card,7.2,626.34
INV-2024-00045,2024-03-17,15:42,C,Bengaluru,Member,Female,Groceries,Breakfast Cereal,384.3,3,0.0,UPI,8.5,315.13
INV-2024-00046,2024-03-15,10:36,A,Delhi,Normal,Male,Personal Care,Skin Care Kit,1292.11,1,0.0,UPI,6.5,749.42
INV-2024-00047,2024-02-08,18:38,A,Delhi,Normal,Male,Electronics,Smart Watch,4303.18,3,0.05,Cash,6.4,2969.19
INV-2024-00048,2024-01-29,19:53,A,Delhi,Normal,Female,Groceries,Rice 5kg,585.45,2,0.1,Card,9.4,480.07
INV-2024-00049,2024-03-05,16:14,C,Bengaluru,Member,Male,Groceries,Rice 5kg,572.01,3,0.05,Card,9.2,469.05
INV-2024-00050,2024-01-14,17:54,A,Delhi,Normal,Male,Personal Care,Skin Care Kit,1124.93,1,0.0,Card,7.1,652.46
INV-2024-00051,2024-01-20,20:12,B,Mumbai,Normal,Female,Groceries,Breakfast Cereal,408.25,5,0.15,UPI,9.5,334.77
INV-2024-00052,2024-01-01,13:15,A,Delhi,Normal,Male,Groceries,Dry Fruits,976.75,4,0.2,UPI,5.9,800.94
INV-2024-00053,2024-03-14,18:18,A,Delhi,Normal,Female,Sports,Dumbbell Set,2362.85,3,0.05,UPI,6.8,1512.22
INV-2024-00054,2024-03-03,13:19,A,Delhi,Member,Female,Electronics,Bluetooth Speaker,2883.6,1,0.0,Cash,6.4,1989.68
INV-2024-00055,2024-03-07,19:02,C,Bengaluru,Normal,Female,Electronics,Smart Watch,3920.0,4,0.0,Cash,7.7,2704.8
INV-2024-00056,2024-03-13,18:49,B,Mumbai,Normal,Female,Electronics,Power Bank,1379.28,1,0.15,UPI,5.2,951.7
INV-2024-00057,2024-02-14,20:19,A,Delhi,Member,Male,Electronics,Power Bank,1413.27,6,0.05,Card,8.9,975.16
INV-2024-00058,2024-02-24,21:11,A,Delhi,Normal,Female,Electronics,Earbuds,2369.5,3,0.1,Cash,6.3,1634.95
INV-2024-00059,2024-01-14,14:00,B,Mumbai,Normal,Male,Groceries,Dry Fruits,886.24,2,0.05,UPI,9.6,726.72
INV-2024-00060,2024-01-12,18:11,A,Delhi,Normal,Male,Groceries,Cooking Oil,738.69,2,0.1,Card,7.7,605.73
INV-2024-00061,2024-03-04,16:55,B,Mumbai,Normal,Female,Sports,Fitness Band,1217.84,1,0.0,Card,6.0,779.42
INV-2024-00062,2024-02-15,15:35,A,Delhi,Normal,Male,Personal Care,Trimmer,1847.53,1,0.0,Card,7.9,1071.57
INV-2024-00063,2024-02-24,13:08,C,Bengaluru,Normal,Female,Home & Kitchen,Mixer Grinder,3266.99,2,0.1,UPI,10.0,2156.21
INV-2024-00064,2024-03-12,15:07,C,Bengaluru,Member,Female,Electronics,Earbuds,2346.48,3,0.05,Card,6.5,1619.07
INV-2024-00065,2024-03-01,21:48,C,Bengaluru,Normal,Female,Groceries,Cooking Oil,731.52,1,0.05,UPI,6.2,599.85
INV-2024-00066,2024-02-23,11:02,A,Delhi,Normal,Male,Clothing,T-Shirt,764.24,2,0.05,Cash,6.4,466.19
INV-2024-00067,2024-02-23,18:57,B,Mumbai,Normal,Female,Electronics,Bluetooth Speaker,2791.6,4,0.1,UPI,7.0,1926.2
INV-2024-00068,2024-01-31,13:02,A,Delhi,Member,Female,Home & Kitchen,Cookware Set,2241.69,2,0.1,Card,8.9,1479.52
INV-2024-00069,2024-01-04,18:29,B,Mumbai,Normal,Female,Clothing,Jacket,2771.79,2,0.05,UPI,6.7,1690.79
INV-2024-00070,2024-02-12,09:43,A,Delhi,Member,Male,Sports,Yoga Mat,961.84,5,0.1,UPI,8.3,615.58
INV-2024-00071,2024-01-22,14:44,A,Delhi,Member,Male,Electronics,Earbuds,2305.03,3,0.0,UPI,6.0,1590.47
INV-2024-00072,2024-02-10,14:30,A,Delhi,Normal,Male,Personal Care,Trimmer,1858.49,1,0.0,Cash,6.5,1077.92
INV-2024-00073,2024-03-19,12:31,A,Delhi,Normal,Male,Groceries,Breakfast Cereal,397.97,2,0.0,UPI,8.8,326.34
INV-2024-00074,2024-01-24,16:06,A,Delhi,Member,Female,Electronics,Smart Watch,4112.85,2,0.0,UPI,7.0,2837.87
INV-2024-00075,2024-01-06,18:35,A,Delhi,Member,Male,Clothing,Sports Shoes,2656.02,2,0.1,UPI,7.1,1620.17
INV-2024-00076,2024-01-28,16:25,A,Delhi,Normal,Male,Clothing,Jacket,3174.75,1,0.2,UPI,8.2,1936.6
INV-2024-00077,2024-01-30,14:32,C,Bengaluru,Member,Male,Home & Kitchen,Storage Set,646.25,6,0.05,UPI,6.8,426.52
INV-2024-00078,2024-03-03,19:41,B,Mumbai,Member,Female,Electronics,Earbuds,2308.95,4,0.1,Card,7.5,1593.18
INV-2024-00079,2024-02-23,10:39,A,Delhi,Normal,Female,Electronics,Bluetooth Speaker,2852.75,1,0.0,Cash,7.0,1968.4
INV-2024-00080,2024-03-14,12:20,B,Mumbai,Member,Male,Personal Care,Shampoo,479.48,4,0.05,Card,8.7,278.1
INV-2024-00081,2024-03-03,15:14,A,Delhi,Normal,Female,Sports,Dumbbell Set,2537.48,1,0.0,UPI,7.8,1623.99
INV-2024-00082,2024-02-09,18:52,A,Delhi,Normal,Female,Groceries,Rice 5kg,625.88,4,0.0,Cash,7.4,513.22
INV-2024-00083,2024-03-16,19:56,C,Bengaluru,Member,Male,Home & Kitchen,Cookware Set,2317.7,1,0.1,Card,7.8,1529.68
INV-2024-00084,2024-01-17,16:18,C,Bengaluru,Member,Male,Groceries,Cooking Oil,831.3,2,0.05,Card,7.0,681.67
INV-2024-00085,2024-01-03,18:42,C,Bengaluru,Normal,Male,Groceries,Cooking Oil,753.17,3,0.1,Card,7.3,617.6
INV-2024-00086,2024-01-10,15:48,B,Mumbai,Normal,Male,Electronics,Smart Watch,4044.11,2,0.15,Card,7.4,2790.44
INV-2024-00087,2024-03-09,14:29,C,Bengaluru,Normal,Male,Clothing,Jacket,3233.13,3,0.2,Card,9.3,1972.21
INV-2024-00088,2024-02-14,17:10,B,Mumbai,Normal,Female,Clothing,Sports Shoes,2451.4,1,0.15,UPI,7.5,1495.35
INV-2024-00089,2024-01-17,09:50,B,Mumbai,Member,Male,Electronics,Power Bank,1569.83,3,0.05,UPI,9.5,1083.18
INV-2024-00090,2024-02-18,13:53,B,Mumbai,Normal,Male,Groceries,Cooking Oil,852.9,2,0.0,Cash,9.3,699.38
INV-2024-00091,2024-01-16,19:20,B,Mumbai,Member,Female,Clothing,Jeans,1803.12,3,0.1,Cash,9.1,1099.9
INV-2024-00092,2024-03-06,16:58,C,Bengaluru,Normal,Female,Electronics,Power Bank,1561.83,2,0.15,UPI,7.1,1077.66
INV-2024-00093,2024-02-13,18:23,C,Bengaluru,Member,Male,Groceries,Dry Fruits,983.82,4,0.05,UPI,8.4,806.73
INV-2024-00094,2024-02-07,15:46,A,Delhi,Normal,Male,Clothing,Jacket,2780.38,1,0.1,Cash,8.7,1696.03
INV-2024-00095,2024-01-30,17:26,A,Delhi,Member,Female,Sports,Yoga Mat,847.68,1,0.05,UPI,5.7,542.52
INV-2024-00096,2024-03-01,17:19,B,Mumbai,Normal,Male,Clothing,Jeans,1701.06,2,0.1,Card,8.0,1037.65
INV-2024-00097,2024-02-05,17:27,C,Bengaluru,Normal,Male,Groceries,Dry Fruits,902.84,3,0.15,Card,9.4,740.33
INV-2024-00098,2024-01-09,13:35,A,Delhi,Normal,Female,Groceries,Cooking Oil,730.62,3,0.1,UPI,8.1,599.11
INV-2024-00099,2024-01-13,19:21,B,Mumbai,Member,Female,Home & Kitchen,Cookware Set,2285.06,2,0.0,UPI,8.7,1508.14
INV-2024-00100,2024-03-29,20:52,A,Delhi,Member,Female,Groceries,Dry Fruits,906.11,1,0.2,Card,7.7,743.01
INV-2024-00101,2024-03-24,19:36,A,Delhi,Member,Female,Groceries,Breakfast Cereal,352.84,4,0.15,UPI,10.0,289.33
INV-2024-00102,2024-03-07,21:11,A,Delhi,Member,Male,Clothing,T-Shirt,811.82,1,0.1,Card,9.5,495.21
INV-2024-00103,2024-01-27,16:17,A,Delhi,Member,Female,Groceries,Cooking Oil,734.49,3,0.15,Card,8.3,602.28
INV-2024-00104,2024-03-29,21:44,C,Bengaluru,Normal,Male,Groceries,Breakfast Cereal,394.0,4,0.1,Card,8.3,323.08
INV-2024-00105,2024-03-13,19:30,C,Bengaluru,Member,Male,Clothing,Jacket,3099.58,1,0.15000000000000002,Cash,7.5,1890.74
INV-2024-00106,2024-03-08,14:34,A,Delhi,Normal,Female,Clothing,Jacket,2970.79,4,0.1,Cash,8.3,1812.18
INV-2024-00107,2024-02-13,19:05,B,Mumbai,Member,Male,Clothing,T-Shirt,800.47,1,0.0,UPI,5.7,488.29
INV-2024-00108,2024-01-28,12:15,A,Delhi,Normal,Male,Groceries,Cooking Oil,758.23,3,0.2,Card,8.3,621.75
INV-2024-00109,2024-01-10,21:39,B,Mumbai,Normal,Female,Groceries,Rice 5kg,619.14,4,0.1,Card,9.1,507.69
INV-2024-00110,2024-03-24,13:05,C,Bengaluru,Normal,Female,Sports,Cricket Bat,2146.2,5,0.05,Card,7.5,1373.57
INV-2024-00111,2024-02-14,17:19,A,Delhi,Member,Female,Electronics,Smart Watch,3944.79,4,0.1,UPI,7.5,2721.91
INV-2024-00112,2024-01-21,18:10,A,Delhi,Member,Female,Groceries,Dry Fruits,894.91,4,0.15000000000000002,UPI,9.6,733.83
INV-2024-00113,2024-01-31,19:25,A,Delhi,Normal,Male,Groceries,Breakfast Cereal,351.49,3,0.1,UPI,9.3,288.22
INV-2024-00114,2024-02-25,17:56,B,Mumbai,Normal,Female,Groceries,Breakfast Cereal,376.34,3,0.05,Card,9.2,308.6
INV-2024-00115,2024-01-18,17:40,B,Mumbai,Normal,Female,Groceries,Cooking Oil,815.97,2,0.2,UPI,5.2,669.1
INV-2024-00116,2024-03-20,13:22,B,Mumbai,Normal,Female,Groceries,Breakfast Cereal,354.55,2,0.1,Card,5.7,290.73
INV-2024-00117,2024-03-11,14:56,A,Delhi,Normal,Female,Groceries,Rice 5kg,590.61,2,0.1,Cash,9.1,484.3
INV-2024-00118,2024-03-08,16:00,C,Bengaluru,Member,Male,Groceries,Rice 5kg,667.06,3,0.15000000000000002,Cash,8.4,546.99
INV-2024-00119,2024-02-11,17:15,A,Delhi,Normal,Female,Sports,Dumbbell Set,2547.01,5,0.05,UPI,6.5,1630.09
INV-2024-00120,2024-03-01,17:08,C,Bengaluru,Normal,Male,Electronics,Power Bank,1574.05,3,0.0,Cash,7.3,1086.09
INV-2024-00121,2024-02-25,15:28,C,Bengaluru,Member,Female,Clothing,T-Shirt,819.51,2,0.0,Cash,8.1,499.9
INV-2024-00122,2024-03-02,17:55,A,Delhi,Normal,Female,Groceries,Cooking Oil,793.97,1,0.15,UPI,5.9,651.06
INV-2024-00123,2024-01-09,16:15,A,Delhi,Normal,Male,Clothing,T-Shirt,758.81,1,0.0,UPI,6.5,462.87
INV-2024-00124,2024-02-10,14:12,A,Delhi,Normal,Female,Personal Care,Shampoo,480.92,5,0.05,Card,6.1,278.93
INV-2024-00125,2024-01-05,14:56,A,Delhi,Member,Female,Sports,Yoga Mat,876.69,1,0.05,UPI,6.1,561.08
INV-2024-00126,2024-02-17,17:08,C,Bengaluru,Member,Male,Groceries,Rice 5kg,584.23,2,0.0,UPI,6.6,479.07
INV-2024-00127,2024-02-02,11:34,A,Delhi,Member,Female,Groceries,Rice 5kg,667.58,6,0.0,UPI,8.1,547.42
INV-2024-00128,2024-01-15,15:00,A,Delhi,Member,Female,Groceries,Rice 5kg,594.3,2,0.05,Card,7.1,487.33
INV-2024-00129,2024-01-11,12:09,B,Mumbai,Member,Female,Electronics,Power Bank,1510.58,3,0.15,UPI,7.7,1042.3
INV-2024-00130,2024-02-26,20:13,A,Delhi,Member,Male,Home & Kitchen,Storage Set,717.22,3,0.15000000000000002,Card,9.1,473.37
INV-2024-00131,2024-01-18,15:38,B,Mumbai,Member,Female,Groceries,Breakfast Cereal,376.5,2,0.05,Cash,7.6,308.73
INV-2024-00132,2024-03-25,15:15,A,Delhi,Member,Male,Clothing,Jacket,3021.63,3,0.15000000000000002,Cash,6.6,1843.19
INV-2024-00133,2024-02-25,21:57,B,Mumbai,Normal,Female,Groceries,Cooking Oil,741.81,1,0.1,Card,7.9,608.28
INV-2024-00134,2024-02-04,16:10,B,Mumbai,Normal,Male,Sports,Fitness Band,1279.59,1,0.0,UPI,7.1,818.94
INV-2024-00135,2024-02-26,14:22,A,Delhi,Normal,Female,Groceries,Rice 5kg,631.61,5,0.05,UPI,8.2,517.92
INV-2024-00136,2024-01-03,15:50,A,Delhi,Member,Male,Home & Kitchen,Bedsheet,1063.77,3,0.1,Card,7.3,702.09
INV-2024-00137,2024-03-28,18:54,A,Delhi,Normal,Female,Groceries,Cooking Oil,831.43,2,0.15,Card,7.0,681.77
INV-2024-00138,2024-02-16,16:35,C,Bengaluru,Member,Female,Groceries,Breakfast Cereal,410.19,4,0.2,Card,7.1,336.36
INV-2024-00139,2024-03-14,16:54,C,Bengaluru,Normal,Male,Personal Care,Perfume,1476.29,2,0.05,Card,7.4,856.25
INV-2024-00140,2024-01-09,15:23,B,Mumbai,Member,Female,Personal Care,Perfume,1647.71,1,0.05,UPI,8.4,955.67
INV-2024-00141,2024-02-17,09:26,B,Mumbai,Normal,Male,Clothing,Jeans,1784.87,1,0.15,UPI,6.8,1088.77
INV-2024-00142,2024-02-17,09:23,B,Mumbai,Member,Male,Personal Care,Shampoo,482.19,2,0.05,UPI,6.8,279.67
INV-2024-00143,2024-03-26,18:33,B,Mumbai,Normal,Female,Home & Kitchen,Mixer Grinder,3102.32,3,0.15,Cash,6.4,2047.53
INV-2024-00144,2024-02-24,16:06,A,Delhi,Member,Female,Personal Care,Perfume,1684.93,2,0.05,UPI,8.4,977.26
INV-2024-00145,2024-02-15,19:10,A,Delhi,Member,Female,Personal Care,Perfume,1663.24,3,0.0,UPI,8.3,964.68
INV-2024-00146,2024-01-27,11:41,A,Delhi,Member,Male,Electronics,Bluetooth Speaker,2606.95,3,0.05,UPI,6.6,1798.8
INV-2024-00147,2024-02-03,19:20,A,Delhi,Member,Female,Electronics,Smart Watch,3842.74,2,0.1,Card,6.5,2651.49
INV-2024-00148,2024-02-20,19:04,A,Delhi,Member,Female,Home & Kitchen,Bedsheet,1051.45,4,0.1,Card,5.3,693.96
INV-2024-00149,2024-02-12,19:51,A,Delhi,Member,Female,Groceries,Cooking Oil,833.76,1,0.0,UPI,9.0,683.68
INV-2024-00150,2024-01-03,14:16,C,Bengaluru,Normal,Male,Sports,Fitness Band,1301.46,3,0.1,Card,8.0,832.93
INV-2024-00151,2024-03-17,19:59,B,Mumbai,Normal,Female,Home & Kitchen,Bedsheet,983.77,1,0.0,Card,5.0,649.29
INV-2024-00152,2024-03-23,20:21,B,Mumbai,Member,Female,Electronics,Bluetooth Speaker,3020.36,1,0.05,UPI,9.1,2084.05
INV-2024-00153,2024-01-14,16:35,C,Bengaluru,Member,Male,Electronics,Bluetooth Speaker,2786.36,3,0.1,UPI,8.5,1922.59
INV-2024-00154,2024-02-23,20:07,B,Mumbai,Member,Male,Electronics,Earbuds,2114.06,4,0.1,Cash,7.5,1458.7
INV-2024-00155,2024-01-12,17:51,B,Mumbai,Normal,Female,Home & Kitchen,Mixer Grinder,3141.47,1,0.1,Card,7.9,2073.37
INV-2024-00156,2024-03-04,10:55,A,Delhi,Normal,Female,Personal Care,Skin Care Kit,1116.57,4,0.05,Card,7.7,647.61
INV-2024-00157,2024-01-28,13:07,A,Delhi,Normal,Female,Personal Care,Trimmer,1979.83,5,0.1,Cash,7.5,1148.3
INV-2024-00158,2024-03-03,20:04,B,Mumbai,Member,Female,Electronics,Bluetooth Speaker,2792.8,2,0.15000000000000002,Card,9.2,1927.03
INV-2024-00159,2024-03-09,16:58,C,Bengaluru,Member,Female,Clothing,Sports Shoes,2412.64,2,0.1,UPI,9.3,1471.71
INV-2024-00160,2024-03-12,20:10,C,Bengaluru,Member,Male,Clothing,T-Shirt,763.85,2,0.0,Cash,9.4,465.95
INV-2024-00161,2024-01-11,13:09,C,Bengaluru,Normal,Female,Groceries,Dry Fruits,928.62,2,0.1,Card,6.3,761.47
INV-2024-00162,2024-03-24,09:46,C,Bengaluru,Normal,Female,Electronics,Bluetooth Speaker,2841.79,2,0.0,Cash,6.8,1960.84
INV-2024-00163,2024-01-23,12:22,A,Delhi,Normal,Female,Electronics,Power Bank,1507.33,4,0.0,Card,7.7,1040.06
INV-2024-00164,2024-01-04,17:10,B,Mumbai,Member,Male,Groceries,Dry Fruits,878.53,2,0.0,Cash,9.0,720.39
INV-2024-00165,2024-02-23,13:34,B,Mumbai,Normal,Male,Groceries,Dry Fruits,921.83,3,0.0,UPI,7.4,755.9
INV-2024-00166,2024-02-06,09:22,B,Mumbai,Normal,Female,Groceries,Dry Fruits,974.39,6,0.15,UPI,7.2,799.0
INV-2024-00167,2024-03-17,16:02,C,Bengaluru,Member,Male,Clothing,Jeans,1698.63,1,0.05,Cash,7.4,1036.16
INV-2024-00168,2024-03-16,10:54,A,Delhi,Normal,Male,Groceries,Rice 5kg,593.99,3,0.05,UPI,8.7,487.07
INV-2024-00169,2024-02-01,14:47,A,Delhi,Normal,Male,Clothing,Sports Shoes,2414.39,1,0.1,Cash,6.9,1472.78
INV-2024-00170,2024-03-28,16:06,A,Delhi,Member,Male,Sports,Cricket Bat,1845.11,4,0.1,UPI,7.1,1180.87
INV-2024-00171,2024-01-29,18:23,B,Mumbai,Member,Female,Electronics,Power Bank,1589.52,2,0.0,UPI,5.5,1096.77
INV-2024-00172,2024-02-19,11:17,C,Bengaluru,Member,Male,Groceries,Breakfast Cereal,383.52,4,0.1,UPI,5.9,314.49
INV-2024-00173,2024-01-26,16:46,A,Delhi,Normal,Female,Clothing,Jacket,3078.76,1,0.05,UPI,7.9,1878.04
INV-2024-00174,2024-03-26,14:59,B,Mumbai,Member,Male,Electronics,Power Bank,1447.14,3,0.2,UPI,6.3,998.53
INV-2024-00175,2024-01-17,18:15,C,Bengaluru,Normal,Female,Home & Kitchen,Cookware Set,2587.14,3,0.0,Cash,6.6,1707.51
INV-2024-00176,2024-01-05,17:39,C,Bengaluru,Member,Male,Electronics,Smart Watch,3783.21,4,0.05,UPI,10.0,2610.41
INV-2024-00177,2024-02-12,18:04,B,Mumbai,Member,Female,Personal Care,Trimmer,1951.27,6,0.15000000000000002,Cash,7.9,1131.74
INV-2024-00178,2024-03-31,18:53,A,Delhi,Normal,Female,Clothing,T-Shirt,860.11,1,0.0,UPI,6.5,524.67
INV-2024-00179,2024-03-23,18:37,C,Bengaluru,Normal,Male,Groceries,Cooking Oil,754.33,2,0.1,Cash,8.6,618.55
INV-2024-00180,2024-03-10,14:40,B,Mumbai,Member,Male,Groceries,Rice 5kg,591.76,2,0.0,Cash,8.8,485.24
INV-2024-00181,2024-03-23,13:37,C,Bengaluru,Member,Male,Electronics,Smart Watch,3887.64,2,0.0,UPI,7.5,2682.47
INV-2024-00182,2024-03-23,13:41,A,Delhi,Member,Female,Groceries,Rice 5kg,669.08,2,0.0,UPI,8.7,548.65
INV-2024-00183,2024-02-19,12:50,C,Bengaluru,Member,Male,Groceries,Rice 5kg,627.37,5,0.1,Cash,6.8,514.44
INV-2024-00184,2024-02-01,19:04,B,Mumbai,Member,Female,Groceries,Rice 5kg,600.8,2,0.05,Card,8.0,492.66
INV-2024-00185,2024-03-13,19:06,A,Delhi,Member,Female,Electronics,Earbuds,2282.44,4,0.15,Cash,8.0,1574.88
INV-2024-00186,2024-03-03,19:28,A,Delhi,Normal,Male,Home & Kitchen,Mixer Grinder,3246.33,3,0.05,Card,9.2,2142.58
INV-2024-00187,2024-02-06,12:26,A,Delhi,Member,Male,Sports,Fitness Band,1229.86,2,0.0,Cash,8.6,787.11
INV-2024-00188,2024-01-10,17:11,A,Delhi,Normal,Male,Clothing,T-Shirt,804.51,2,0.0,UPI,7.6,490.75
INV-2024-00189,2024-03-10,16:48,A,Delhi,Normal,Male,Groceries,Dry Fruits,909.97,5,0.0,Card,6.3,746.18
INV-2024-00190,2024-01-27,13:07,B,Mumbai,Member,Male,Electronics,Power Bank,1387.82,1,0.1,Cash,6.5,957.6
INV-2024-00191,2024-03-26,16:11,B,Mumbai,Member,Male,Electronics,Bluetooth Speaker,3018.19,2,0.15,Card,6.9,2082.55
INV-2024-00192,2024-01-25,14:55,B,Mumbai,Member,Female,Clothing,Jeans,1859.28,1,0.1,UPI,7.1,1134.16
INV-2024-00193,2024-01-13,11:00,A,Delhi,Member,Male,Groceries,Breakfast Cereal,405.31,2,0.05,Cash,9.5,332.35
INV-2024-00194,2024-03-17,16:44,A,Delhi,Normal,Female,Groceries,Dry Fruits,922.01,1,0.0,Card,8.6,756.05
INV-2024-00195,2024-01-16,10:45,B,Mumbai,Member,Female,Personal Care,Perfume,1575.62,3,0.1,Card,6.9,913.86
INV-2024-00196,2024-01-19,16:40,B,Mumbai,Normal,Male,Clothing,T-Shirt,799.08,1,0.0,Card,8.4,487.44
INV-2024-00197,2024-02-27,16:39,B,Mumbai,Member,Male,Groceries,Cooking Oil,801.83,4,0.0,Card,6.5,657.5
INV-2024-00198,2024-03-21,12:49,A,Delhi,Member,Female,Groceries,Dry Fruits,939.22,3,0.05,UPI,7.2,770.16
INV-2024-00199,2024-01-20,18:08,C,Bengaluru,Member,Male,Clothing,Jeans,1928.41,1,0.1,UPI,8.8,1176.33
INV-2024-00200,2024-01-31,19:30,C,Bengaluru,Member,Female,Groceries,Breakfast Cereal,376.51,3,0.1,UPI,8.0,308.74
INV-2024-00201,2024-03-13,13:35,B,Mumbai,Normal,Male,Home & Kitchen,Mixer Grinder,3226.93,2,0.1,Card,7.8,2129.77
INV-2024-00202,2024-03-30,18:51,C,Bengaluru,Member,Male,Groceries,Dry Fruits,941.2,2,0.1,Card,7.5,771.78
INV-2024-00203,2024-02-18,16:30,C,Bengaluru,Normal,Male,Electronics,Bluetooth Speaker,2968.45,1,0.0,Cash,5.6,2048.23
INV-2024-00204,2024-01-15,16:40,A,Delhi,Member,Male,Electronics,Earbuds,2309.8,2,0.1,UPI,8.7,1593.76
INV-2024-00205,2024-01-02,16:09,A,Delhi,Normal,Male,Groceries,Dry Fruits,982.93,1,0.0,Card,6.7,806.0
INV-2024-00206,2024-01-23,15:15,B,Mumbai,Member,Male,Home & Kitchen,Cookware Set,2536.55,1,0.1,Cash,7.1,1674.12
INV-2024-00207,2024-01-14,18:48,B,Mumbai,Normal,Male,Clothing,Jacket,3115.04,1,0.1,UPI,5.1,1900.17
INV-2024-00208,2024-03-05,18:51,A,Delhi,Member,Female,Groceries,Cooking Oil,756.59,3,0.0,UPI,7.6,620.4
INV-2024-00209,2024-01-13,14:37,B,Mumbai,Member,Male,Electronics,Smart Watch,3976.67,2,0.15,Cash,6.0,2743.9
INV-2024-00210,2024-02-18,14:13,A,Delhi,Member,Female,Sports,Fitness Band,1386.17,1,0.0,Cash,10.0,887.15
INV-2024-00211,2024-03-06,12:21,B,Mumbai,Member,Male,Home & Kitchen,Cookware Set,2290.81,3,0.05,UPI,7.0,1511.93
INV-2024-00212,2024-02-25,18:26,C,Bengaluru,Normal,Male,Electronics,Smart Watch,4019.33,1,0.05,UPI,5.7,2773.34
INV-2024-00213,2024-01-20,16:30,B,Mumbai,Normal,Male,Groceries,Breakfast Cereal,387.87,4,0.15,UPI,7.8,318.05
INV-2024-00214,2024-03-15,19:35,A,Delhi,Member,Male,Groceries,Dry Fruits,1010.15,4,0.0,Card,5.5,828.32
INV-2024-00215,2024-03-08,13:09,A,Delhi,Member,Female,Groceries,Rice 5kg,667.64,5,0.2,Card,9.0,547.46
INV-2024-00216,2024-03-10,17:49,A,Delhi,Normal,Female,Electronics,Smart Watch,3786.97,1,0.1,UPI,8.0,2613.01
INV-2024-00217,2024-01-14,14:30,B,Mumbai,Member,Male,Sports,Dumbbell Set,2480.11,2,0.05,UPI,7.7,1587.27
INV-2024-00218,2024-01-13,12:08,A,Delhi,Normal,Female,Clothing,Jeans,1669.93,2,0.1,Card,7.0,1018.66
INV-2024-00219,2024-03-25,18:56,A,Delhi,Member,Male,Groceries,Dry Fruits,978.79,6,0.0,Cash,7.8,802.61
INV-2024-00220,2024-02-09,19:17,A,Delhi,Normal,Male,Clothing,Sports Shoes,2414.27,1,0.05,UPI,7.7,1472.7
INV-2024-00221,2024-01-30,20:45,C,Bengaluru,Member,Female,Clothing,Sports Shoes,2501.46,1,0.15000000000000002,UPI,6.5,1525.89
INV-2024-00222,2024-02-17,13:33,A,Delhi,Member,Female,Clothing,Sports Shoes,2369.13,2,0.2,Cash,6.2,1445.17
INV-2024-00223,2024-03-03,19:03,A,Delhi,Member,Male,Clothing,Jacket,3205.06,2,0.1,Cash,7.3,1955.09
INV-2024-00224,2024-03-28,11:53,A,Delhi,Normal,Female,Clothing,Jacket,2789.2,1,0.05,Card,7.3,1701.41
INV-2024-00225,2024-01-29,12:18,C,Bengaluru,Normal,Female,Groceries,Rice 5kg,606.74,3,0.05,UPI,9.1,497.53
INV-2024-00226,2024-03-25,12:37,C,Bengaluru,Member,Male,Home & Kitchen,Storage Set,699.47,1,0.0,UPI,7.3,461.65
INV-2024-00227,2024-01-03,09:40,A,Delhi,Normal,Male,Electronics,Earbuds,2224.5,5,0.05,UPI,8.5,1534.9
INV-2024-00228,2024-02-23,15:52,C,Bengaluru,Member,Female,Home & Kitchen,Mixer Grinder,3125.95,1,0.1,UPI,6.8,2063.13
INV-2024-00229,2024-03-01,11:03,C,Bengaluru,Member,Female,Electronics,Bluetooth Speaker,2983.06,6,0.05,UPI,8.2,2058.31
INV-2024-00230,2024-01-11,17:17,A,Delhi,Member,Female,Electronics,Power Bank,1485.16,2,0.0,UPI,7.5,1024.76
INV-2024-00231,2024-01-14,16:48,C,Bengaluru,Member,Female,Groceries,Breakfast Cereal,376.21,2,0.1,UPI,8.8,308.49
INV-2024-00232,2024-02-10,17:15,B,Mumbai,Normal,Female,Groceries,Breakfast Cereal,378.74,1,0.0,Card,7.9,310.57
INV-2024-00233,2024-03-29,16:52,B,Mumbai,Member,Female,Home & Kitchen,Bedsheet,943.83,3,0.05,UPI,7.4,622.93
INV-2024-00234,2024-02-26,21:52,C,Bengaluru,Normal,Male,Groceries,Breakfast Cereal,372.82,4,0.15,Card,7.5,305.71
INV-2024-00235,2024-03-26,21:43,C,Bengaluru,Member,Female,Electronics,Smart Watch,4181.33,1,0.0,Card,6.5,2885.12
INV-2024-00236,2024-03-15,18:26,C,Bengaluru,Normal,Male,Groceries,Dry Fruits,913.87,7,0.1,Card,10.0,749.37
INV-2024-00237,2024-02-15,21:20,A,Delhi,Normal,Female,Home & Kitchen,Bedsheet,964.12,1,0.0,UPI,8.2,636.32
INV-2024-00238,2024-03-14,20:20,B,Mumbai,Member,Female,Clothing,Jacket,3063.39,1,0.05,UPI,6.2,1868.67
INV-2024-00239,2024-01-02,15:36,C,Bengaluru,Member,Male,Electronics,Bluetooth Speaker,2647.1,1,0.15000000000000002,Card,6.0,1826.5
INV-2024-00240,2024-01-12,10:49,A,Delhi,Member,Male,Home & Kitchen,Cookware Set,2233.72,2,0.15,Card,5.2,1474.26
INV-2024-00241,2024-03-17,18:54,C,Bengaluru,Normal,Female,Electronics,Power Bank,1521.94,5,0.15,Cash,6.9,1050.14
INV-2024-00242,2024-03-15,20:04,A,Delhi,Normal,Female,Clothing,T-Shirt,835.31,2,0.2,UPI,8.4,509.54
INV-2024-00243,2024-01-24,18:01,B,Mumbai,Normal,Female,Sports,Fitness Band,1240.06,3,0.0,Card,9.2,793.64
INV-2024-00244,2024-02-21,11:11,A,Delhi,Normal,Female,Home & Kitchen,Storage Set,747.11,2,0.0,Cash,6.2,493.09
INV-2024-00245,2024-02-27,15:26,B,Mumbai,Member,Male,Groceries,Rice 5kg,608.51,4,0.1,Card,7.1,498.98
INV-2024-00246,2024-03-21,14:09,A,Delhi,Normal,Female,Groceries,Rice 5kg,642.55,3,0.1,Cash,9.6,526.89
INV-2024-00247,2024-02-27,19:21,B,Mumbai,Normal,Male,Electronics,Earbuds,2250.36,5,0.0,Cash,6.4,1552.75
INV-2024-00248,2024-02-10,16:21,B,Mumbai,Normal,Male,Clothing,T-Shirt,841.19,1,0.1,UPI,6.3,513.13
INV-2024-00249,2024-02-06,21:48,C,Bengaluru,Normal,Female,Electronics,Power Bank,1463.51,4,0.0,UPI,6.6,1009.82
INV-2024-00250,2024-02-11,17:44,A,Delhi,Normal,Male,Clothing,Jacket,2851.17,3,0.0,UPI,9.7,1739.21
INV-2024-00251,2024-03-02,19:44,A,Delhi,Normal,Female,Electronics,Bluetooth Speaker,2618.35,2,0.0,Cash,7.5,1806.66
INV-2024-00252,2024-03-21,16:40,A,Delhi,Member,Female,Electronics,Bluetooth Speaker,2575.22,1,0.1,Cash,8.7,1776.9
INV-2024-00253,2024-02-14,18:52,A,Delhi,Member,Female,Sports,Fitness Band,1262.3,1,0.05,Cash,9.9,807.87
INV-2024-00254,2024-01-25,17:01,A,Delhi,Member,Male,Groceries,Rice 5kg,587.11,4,0.0,Card,7.3,481.43
INV-2024-00255,2024-01-24,11:32,B,Mumbai,Member,Female,Electronics,Smart Watch,3772.23,1,0.2,UPI,9.7,2602.84
INV-2024-00256,2024-03-10,14:40,A,Delhi,Normal,Female,Groceries,Cooking Oil,770.17,5,0.0,UPI,9.1,631.54
INV-2024-00257,2024-03-16,15:45,A,Delhi,Normal,Male,Personal Care,Shampoo,452.57,6,0.0,Card,8.6,262.49
INV-2024-00258,2024-01-11,16:58,B,Mumbai,Normal,Male,Groceries,Rice 5kg,587.87,1,0.0,UPI,7.2,482.05
INV-2024-00259,2024-01-07,15:40,A,Delhi,Normal,Female,Groceries,Cooking Oil,758.04,1,0.0,UPI,6.4,621.59
INV-2024-00260,2024-02-26,19:08,A,Delhi,Normal,Male,Personal Care,Skin Care Kit,1291.51,1,0.0,Card,6.5,749.08
INV-2024-00261,2024-01-15,18:23,A,Delhi,Normal,Male,Home & Kitchen,Bedsheet,966.17,3,0.2,UPI,5.1,637.67
INV-2024-00262,2024-03-17,18:35,A,Delhi,Normal,Male,Personal Care,Shampoo,454.35,2,0.15,UPI,9.4,263.52
INV-2024-00263,2024-01-31,10:54,B,Mumbai,Normal,Male,Personal Care,Shampoo,464.02,2,0.1,UPI,8.5,269.13
INV-2024-00264,2024-01-15,19:37,A,Delhi,Member,Male,Clothing,Jeans,1744.82,2,0.1,UPI,7.3,1064.34
INV-2024-00265,2024-03-25,14:44,C,Bengaluru,Member,Male,Clothing,Jeans,1675.55,2,0.05,UPI,6.3,1022.09
INV-2024-00266,2024-01-17,19:02,B,Mumbai,Member,Female,Home & Kitchen,Cookware Set,2294.42,3,0.1,UPI,5.7,1514.32
INV-2024-00267,2024-01-29,15:53,B,Mumbai,Normal,Female,Electronics,Bluetooth Speaker,2983.45,1,0.0,Card,8.5,2058.58
INV-2024-00268,2024-01-16,13:00,B,Mumbai,Member,Male,Groceries,Dry Fruits,1000.51,5,0.1,UPI,6.5,820.42
INV-2024-00269,2024-01-12,17:30,C,Bengaluru,Member,Male,Clothing,T-Shirt,782.77,4,0.1,UPI,8.1,477.49
INV-2024-00270,2024-01-03,20:04,A,Delhi,Normal,Male,Electronics,Bluetooth Speaker,2814.41,1,0.05,UPI,5.7,1941.94
INV-2024-00271,2024-01-06,19:54,C,Bengaluru,Member,Male,Electronics,Smart Watch,4022.23,3,0.0,Cash,8.9,2775.34
INV-2024-00272,2024-01-18,21:36,C,Bengaluru,Normal,Male,Electronics,Smart Watch,3805.96,1,0.1,UPI,8.0,2626.11
INV-2024-00273,2024-01-06,20:45,A,Delhi,Member,Female,Electronics,Smart Watch,3885.45,3,0.15000000000000002,UPI,8.3,2680.96
INV-2024-00274,2024-02-26,21:40,C,Bengaluru,Member,Male,Personal Care,Skin Care Kit,1176.12,5,0.15000000000000002,Card,6.1,682.15
INV-2024-00275,2024-03-05,21:40,A,Delhi,Member,Male,Personal Care,Shampoo,440.56,1,0.2,UPI,7.5,255.52
INV-2024-00276,2024-02-08,10:08,B,Mumbai,Member,Female,Clothing,T-Shirt,854.2,3,0.05,UPI,5.4,521.06
INV-2024-00277,2024-02-01,19:21,C,Bengaluru,Normal,Male,Clothing,Jacket,2866.3,2,0.0,Card,7.9,1748.44
INV-2024-00278,2024-02-18,16:05,C,Bengaluru,Normal,Male,Home & Kitchen,Storage Set,725.57,1,0.15,Cash,7.6,478.88
INV-2024-00279,2024-03-21,11:49,B,Mumbai,Member,Female,Groceries,Breakfast Cereal,389.7,2,0.1,Card,7.3,319.55
INV-2024-00280,2024-03-19,18:33,B,Mumbai,Normal,Female,Home & Kitchen,Bedsheet,1039.75,1,0.15,Card,7.0,686.23
INV-2024-00281,2024-01-05,13:31,C,Bengaluru,Member,Female,Home & Kitchen,Cookware Set,2531.62,3,0.0,UPI,5.5,1670.87
INV-2024-00282,2024-01-19,19:41,A,Delhi,Normal,Male,Electronics,Power Bank,1458.91,2,0.1,UPI,7.7,1006.65
INV-2024-00283,2024-01-24,15:30,B,Mumbai,Member,Male,Personal Care,Trimmer,1887.54,3,0.0,UPI,7.9,1094.77
INV-2024-00284,2024-01-25,09:47,C,Bengaluru,Normal,Female,Electronics,Bluetooth Speaker,2942.66,1,0.0,Card,8.0,2030.44
INV-2024-00285,2024-02-24,18:36,A,Delhi,Normal,Female,Groceries,Cooking Oil,817.24,2,0.1,Card,7.6,670.14
INV-2024-00286,2024-02-10,16:07,A,Delhi,Member,Male,Groceries,Dry Fruits,921.36,4,0.1,Cash,8.5,755.52
INV-2024-00287,2024-01-06,19:02,A,Delhi,Member,Female,Clothing,Jeans,1804.11,3,0.05,Card,6.8,1100.51
INV-2024-00288,2024-02-06,19:50,B,Mumbai,Member,Male,Electronics,Earbuds,2186.64,4,0.0,Card,7.5,1508.78
INV-2024-00289,2024-02-20,17:08,C,Bengaluru,Member,Female,Groceries,Breakfast Cereal,396.85,3,0.0,UPI,5.7,325.42
INV-2024-00290,2024-01-11,12:44,A,Delhi,Normal,Male,Electronics,Earbuds,2331.8,4,0.1,UPI,6.8,1608.94
INV-2024-00291,2024-03-18,13:14,A,Delhi,Normal,Female,Groceries,Dry Fruits,979.3,3,0.05,Cash,8.8,803.03
INV-2024-00292,2024-01-06,15:15,A,Delhi,Normal,Female,Electronics,Power Bank,1488.38,2,0.1,UPI,8.5,1026.98
INV-2024-00293,2024-03-25,14:32,A,Delhi,Normal,Male,Clothing,Sports Shoes,2498.02,1,0.0,UPI,8.0,1523.79
INV-2024-00294,2024-01-11,15:17,B,Mumbai,Normal,Female,Home & Kitchen,Mixer Grinder,3560.5,2,0.0,Card,8.6,2349.93
INV-2024-00295,2024-03-18,17:09,B,Mumbai,Normal,Female,Groceries,Breakfast Cereal,371.86,2,0.15,Cash,8.1,304.93
INV-2024-00296,2024-03-24,20:06,B,Mumbai,Normal,Male,Clothing,Jacket,3037.71,2,0.05,Cash,9.2,1853.0
INV-2024-00297,2024-03-30,10:07,B,Mumbai,Member,Male,Groceries,Rice 5kg,655.44,4,0.1,UPI,8.1,537.46
INV-2024-00298,2024-03-15,19:07,A,Delhi,Member,Male,Clothing,Jacket,3187.71,6,0.15000000000000002,Cash,7.6,1944.5
INV-2024-00299,2024-03-13,12:09,A,Delhi,Normal,Male,Personal Care,Trimmer,1784.89,2,0.0,Cash,7.1,1035.24
INV-2024-00300,2024-03-02,16:17,A,Delhi,Member,Female,Sports,Yoga Mat,903.13,6,0.05,UPI,7.6,578.0
INV-2024-00301,2024-03-13,19:30,B,Mumbai,Normal,Male,Groceries,Cooking Oil,743.76,2,0.0,Cash,8.1,609.88
INV-2024-00302,2024-01-14,15:24,A,Delhi,Member,Male,Clothing,Sports Shoes,2414.55,1,0.15,UPI,7.7,1472.88
INV-2024-00303,2024-02-21,17:10,C,Bengaluru,Normal,Female,Electronics,Earbuds,2324.31,1,0.0,Card,8.4,1603.77
INV-2024-00304,2024-02-19,13:05,C,Bengaluru,Normal,Male,Electronics,Bluetooth Speaker,2604.8,3,0.0,Card,8.7,1797.31
INV-2024-00305,2024-03-20,18:22,A,Delhi,Normal,Male,Sports,Cricket Bat,1902.33,2,0.0,UPI,5.6,1217.49
INV-2024-00306,2024-02-14,17:58,A,Delhi,Member,Male,Sports,Yoga Mat,964.02,1,0.0,UPI,8.2,616.97
INV-2024-00307,2024-02-07,15:51,A,Delhi,Member,Male,Electronics,Smart Watch,3882.45,1,0.1,UPI,7.4,2678.89
INV-2024-00308,2024-03-02,15:38,C,Bengaluru,Member,Female,Groceries,Cooking Oil,783.05,2,0.05,UPI,6.0,642.1
INV-2024-00309,2024-01-27,15:36,B,Mumbai,Normal,Female,Clothing,Jeans,1886.71,3,0.15,UPI,6.3,1150.89
INV-2024-00310,2024-01-14,09:05,B,Mumbai,Member,Male,Groceries,Rice 5kg,627.0,3,0.2,Card,7.6,514.14
INV-2024-00311,2024-02-16,16:20,B,Mumbai,Normal,Female,Groceries,Breakfast Cereal,409.83,2,0.05,UPI,7.8,336.06
INV-2024-00312,2024-02-10,18:02,B,Mumbai,Normal,Male,Groceries,Rice 5kg,596.44,3,0.0,Cash,5.9,489.08
INV-2024-00313,2024-01-24,16:11,B,Mumbai,Member,Female,Electronics,Bluetooth Speaker,3018.34,2,0.1,Card,7.5,2082.65
INV-2024-00314,2024-02-06,14:08,B,Mumbai,Member,Male,Electronics,Power Bank,1558.96,1,0.05,UPI,7.8,1075.68
INV-2024-00315,2024-02-05,16:32,B,Mumbai,Member,Female,Electronics,Smart Watch,3772.46,3,0.05,Card,7.7,2603.0
INV-2024-00316,2024-02-02,16:27,B,Mumbai,Normal,Male,Groceries,Rice 5kg,577.85,1,0.1,Cash,8.4,473.84
INV-2024-00317,2024-02-07,19:38,A,Delhi,Member,Female,Clothing,Sports Shoes,2684.33,5,0.0,Cash,8.9,1637.44
INV-2024-00318,2024-03-05,20:25,A,Delhi,Normal,Male,Electronics,Power Bank,1494.73,1,0.1,UPI,6.5,1031.36
INV-2024-00319,2024-01-30,11:42,B,Mumbai,Normal,Female,Electronics,Power Bank,1385.81,1,0.1,Card,9.9,956.21
INV-2024-00320,2024-03-27,18:02,C,Bengaluru,Member,Female,Electronics,Earbuds,2117.52,4,0.1,Cash,7.9,1461.09
INV-2024-00321,2024-03-24,20:30,C,Bengaluru,Member,Male,Clothing,Sports Shoes,2695.33,5,0.15000000000000002,Card,7.8,1644.15
INV-2024-00322,2024-02-16,16:16,C,Bengaluru,Member,Male,Clothing,Sports Shoes,2334.61,3,0.05,UPI,7.4,1424.11
INV-2024-00323,2024-02-02,12:09,C,Bengaluru,Normal,Female,Home & Kitchen,Storage Set,702.52,2,0.1,Card,9.4,463.66
INV-2024-00324,2024-02-21,17:22,C,Bengaluru,Member,Male,Groceries,Rice 5kg,595.18,3,0.05,Card,8.1,488.05
INV-2024-00325,2024-03-19,15:44,A,Delhi,Member,Female,Groceries,Breakfast Cereal,403.15,4,0.05,Card,9.8,330.58
INV-2024-00326,2024-03-03,19:43,B,Mumbai,Normal,Female,Sports,Dumbbell Set,2472.29,4,0.15,UPI,8.3,1582.27
INV-2024-00327,2024-03-15,18:30,B,Mumbai,Member,Female,Sports,Yoga Mat,878.72,4,0.05,Card,6.7,562.38
INV-2024-00328,2024-02-21,18:52,A,Delhi,Normal,Female,Home & Kitchen,Cookware Set,2320.73,1,0.0,UPI,7.4,1531.68
INV-2024-00329,2024-03-01,12:52,B,Mumbai,Normal,Female,Home & Kitchen,Mixer Grinder,3102.84,1,0.15,UPI,8.5,2047.87
INV-2024-00330,2024-01-29,18:19,A,Delhi,Normal,Female,Clothing,Sports Shoes,2521.74,1,0.1,UPI,6.1,1538.26
INV-2024-00331,2024-03-09,21:31,A,Delhi,Normal,Male,Electronics,Earbuds,2097.61,3,0.0,UPI,7.9,1447.35
INV-2024-00332,2024-01-21,13:32,A,Delhi,Member,Male,Sports,Cricket Bat,2007.9,2,0.2,UPI,8.4,1285.06
INV-2024-00333,2024-03-06,12:06,B,Mumbai,Normal,Male,Electronics,Power Bank,1405.24,2,0.05,UPI,8.1,969.62
INV-2024-00334,2024-03-20,16:18,C,Bengaluru,Normal,Female,Clothing,Sports Shoes,2624.07,4,0.15,Card,6.0,1600.68
INV-2024-00335,2024-01-14,14:41,C,Bengaluru,Member,Female,Groceries,Rice 5kg,617.23,3,0.05,Card,6.3,506.13
INV-2024-00336,2024-02-28,17:44,B,Mumbai,Member,Female,Electronics,Earbuds,2358.72,3,0.15,Card,5.4,1627.52
INV-2024-00337,2024-01-10,19:34,A,Delhi,Member,Male,Sports,Cricket Bat,2081.32,2,0.05,Card,7.0,1332.04
INV-2024-00338,2024-03-09,09:53,A,Delhi,Normal,Female,Sports,Cricket Bat,2051.71,1,0.2,Cash,8.8,1313.09
INV-2024-00339,2024-01-09,17:26,B,Mumbai,Member,Female,Electronics,Smart Watch,4240.52,3,0.15,Cash,7.3,2925.96
INV-2024-00340,2024-03-26,12:35,B,Mumbai,Normal,Male,Electronics,Smart Watch,3774.74,3,0.0,Card,6.4,2604.57
INV-2024-00341,2024-01-14,10:18,C,Bengaluru,Member,Female,Electronics,Power Bank,1451.68,6,0.0,UPI,7.5,1001.66
INV-2024-00342,2024-03-28,16:59,B,Mumbai,Member,Female,Groceries,Cooking Oil,820.7,3,0.0,Cash,7.8,672.97
INV-2024-00343,2024-03-15,17:15,C,Bengaluru,Member,Female,Clothing,Jacket,2874.38,4,0.1,UPI,5.8,1753.37
INV-2024-00344,2024-02-26,13:51,A,Delhi,Normal,Male,Groceries,Cooking Oil,846.16,3,0.05,Card,8.3,693.85
INV-2024-00345,2024-03-13,17:36,C,Bengaluru,Normal,Male,Clothing,Jacket,2966.91,3,0.1,Cash,9.6,1809.82
INV-2024-00346,2024-03-15,12:49,B,Mumbai,Normal,Male,Sports,Dumbbell Set,2300.48,1,0.05,Card,8.2,1472.31
INV-2024-00347,2024-03-27,21:41,B,Mumbai,Normal,Female,Groceries,Dry Fruits,888.19,2,0.0,UPI,7.6,728.32
INV-2024-00348,2024-01-26,19:09,C,Bengaluru,Member,Female,Groceries,Cooking Oil,759.24,1,0.0,Cash,7.7,622.58
INV-2024-00349,2024-02-26,14:24,C,Bengaluru,Member,Male,Electronics,Power Bank,1481.71,1,0.1,Card,7.8,1022.38
INV-2024-00350,2024-01-10,10:12,B,Mumbai,Normal,Female,Clothing,Jeans,1883.18,3,0.15,Card,7.6,1148.74
INV-2024-00351,2024-02-28,13:23,A,Delhi,Normal,Female,Personal Care,Skin Care Kit,1122.26,3,0.0,Cash,6.7,650.91
INV-2024-00352,2024-01-18,17:39,C,Bengaluru,Normal,Female,Groceries,Dry Fruits,1019.74,2,0.05,UPI,8.7,836.19
INV-2024-00353,2024-02-24,18:08,C,Bengaluru,Member,Female,Personal Care,Shampoo,473.77,1,0.1,Card,10.0,274.79
INV-2024-00354,2024-02-24,20:40,A,Delhi,Member,Female,Groceries,Dry Fruits,964.26,3,0.0,UPI,6.0,790.69
INV-2024-00355,2024-02-15,16:53,B,Mumbai,Normal,Female,Sports,Fitness Band,1365.12,5,0.0,UPI,8.5,873.68
INV-2024-00356,2024-02-20,17:43,B,Mumbai,Member,Male,Electronics,Power Bank,1497.6,2,0.2,Card,7.4,1033.34
INV-2024-00357,2024-03-12,18:09,C,Bengaluru,Member,Female,Electronics,Earbuds,2318.83,3,0.15000000000000002,UPI,7.7,1599.99
INV-2024-00358,2024-03-15,15:25,A,Delhi,Member,Male,Groceries,Cooking Oil,828.7,3,0.0,Card,7.1,679.53
INV-2024-00359,2024-02-17,19:58,A,Delhi,Normal,Female,Electronics,Smart Watch,3910.78,3,0.0,UPI,7.0,2698.44
INV-2024-00360,2024-02-27,18:36,B,Mumbai,Member,Female,Electronics,Power Bank,1597.33,4,0.0,Card,8.7,1102.16
INV-2024-00361,2024-03-26,17:24,A,Delhi,Member,Female,Personal Care,Shampoo,459.27,2,0.2,Cash,6.4,266.38
INV-2024-00362,2024-01-13,21:20,B,Mumbai,Normal,Male,Groceries,Rice 5kg,624.76,2,0.05,UPI,4.5,512.3
INV-2024-00363,2024-01-12,17:37,A,Delhi,Normal,Male,Groceries,Dry Fruits,1002.63,3,0.05,Card,9.2,822.16
INV-2024-00364,2024-01-09,17:33,C,Bengaluru,Member,Male,Clothing,T-Shirt,798.11,3,0.0,Card,7.7,486.85
INV-2024-00365,2024-03-03,12:57,B,Mumbai,Normal,Female,Clothing,T-Shirt,748.61,2,0.0,Card,7.6,456.65
INV-2024-00366,2024-02-10,20:07,C,Bengaluru,Normal,Female,Electronics,Earbuds,2225.17,1,0.05,Cash,7.1,1535.37
INV-2024-00367,2024-03-13,14:44,B,Mumbai,Normal,Male,Clothing,T-Shirt,755.83,2,0.2,Cash,8.4,461.06
INV-2024-00368,2024-03-04,15:42,C,Bengaluru,Normal,Female,Personal Care,Perfume,1527.8,1,0.1,Cash,6.9,886.12
INV-2024-00369,2024-02-03,12:22,B,Mumbai,Member,Female,Sports,Fitness Band,1239.77,2,0.0,Cash,10.0,793.45
INV-2024-00370,2024-03-23,17:19,B,Mumbai,Member,Female,Electronics,Earbuds,2262.67,3,0.0,UPI,10.0,1561.24
INV-2024-00371,2024-03-12,18:30,A,Delhi,Member,Male,Electronics,Power Bank,1474.48,3,0.0,Cash,6.7,1017.39
INV-2024-00372,2024-01-27,17:15,B,Mumbai,Normal,Male,Groceries,Dry Fruits,897.47,2,0.0,UPI,4.7,735.93
INV-2024-00373,2024-02-05,18:56,A,Delhi,Normal,Male,Clothing,Jacket,3151.16,2,0.0,Cash,9.6,1922.21
INV-2024-00374,2024-02-01,18:44,B,Mumbai,Normal,Male,Groceries,Cooking Oil,809.4,4,0.1,Card,7.0,663.71
INV-2024-00375,2024-01-16,12:25,B,Mumbai,Member,Male,Personal Care,Perfume,1720.46,2,0.05,Card,9.8,997.87
INV-2024-00376,2024-01-15,17:38,B,Mumbai,Normal,Male,Home & Kitchen,Bedsheet,1032.28,1,0.0,Card,5.7,681.3
INV-2024-00377,2024-03-26,18:46,C,Bengaluru,Normal,Male,Groceries,Breakfast Cereal,356.85,3,0.15,Card,7.4,292.62
INV-2024-00378,2024-02-12,15:33,A,Delhi,Normal,Male,Groceries,Breakfast Cereal,355.43,3,0.0,UPI,6.5,291.45
INV-2024-00379,2024-02-07,13:34,C,Bengaluru,Member,Male,Clothing,Sports Shoes,2627.23,1,0.2,Card,8.5,1602.61
INV-2024-00380,2024-03-09,14:57,A,Delhi,Normal,Female,Sports,Yoga Mat,834.93,3,0.1,UPI,7.6,534.36
INV-2024-00381,2024-02-23,19:54,B,Mumbai,Normal,Male,Groceries,Breakfast Cereal,394.72,2,0.1,Card,4.2,323.67
INV-2024-00382,2024-03-26,10:53,B,Mumbai,Normal,Female,Clothing,T-Shirt,744.49,2,0.0,Card,9.1,454.14
INV-2024-00383,2024-03-13,09:58,B,Mumbai,Member,Female,Groceries,Breakfast Cereal,378.95,6,0.1,Card,10.0,310.74
INV-2024-00384,2024-02-16,12:00,A,Delhi,Member,Male,Personal Care,Trimmer,1971.48,1,0.0,Card,7.7,1143.46
INV-2024-00385,2024-02-06,21:05,A,Delhi,Normal,Male,Electronics,Power Bank,1501.4,2,0.05,UPI,7.2,1035.97
INV-2024-00386,2024-03-31,19:25,A,Delhi,Member,Female,Groceries,Breakfast Cereal,350.35,3,0.0,UPI,7.7,287.29
INV-2024-00387,2024-03-08,18:43,C,Bengaluru,Member,Female,Personal Care,Trimmer,1908.06,2,0.1,UPI,6.1,1106.67
INV-2024-00388,2024-03-28,19:06,C,Bengaluru,Normal,Male,Sports,Dumbbell Set,2552.01,1,0.1,UPI,7.5,1633.29
INV-2024-00389,2024-01-13,19:19,B,Mumbai,Normal,Female,Electronics,Bluetooth Speaker,2693.08,3,0.1,UPI,5.9,1858.23
INV-2024-00390,2024-03-19,10:20,A,Delhi,Normal,Female,Electronics,Bluetooth Speaker,2862.33,1,0.0,UPI,5.6,1975.01
INV-2024-00391,2024-03-01,19:35,B,Mumbai,Normal,Male,Sports,Cricket Bat,2059.78,2,0.15,UPI,4.9,1318.26
INV-2024-00392,2024-01-13,21:57,C,Bengaluru,Member,Male,Electronics,Power Bank,1452.13,4,0.0,UPI,8.7,1001.97
INV-2024-00393,2024-02-26,13:18,B,Mumbai,Member,Male,Groceries,Rice 5kg,646.33,2,0.1,Card,9.5,529.99
INV-2024-00394,2024-03-05,17:45,C,Bengaluru,Normal,Male,Groceries,Cooking Oil,829.02,6,0.1,Cash,9.9,679.8
INV-2024-00395,2024-01-02,17:09,B,Mumbai,Member,Male,Electronics,Earbuds,2275.68,2,0.15000000000000002,UPI,7.0,1570.22
INV-2024-00396,2024-02-14,15:32,C,Bengaluru,Normal,Female,Clothing,Jeans,1935.17,1,0.0,UPI,6.3,1180.45
INV-2024-00397,2024-03-17,16:41,A,Delhi,Member,Male,Groceries,Cooking Oil,793.37,1,0.0,Card,8.0,650.56
INV-2024-00398,2024-01-30,18:57,A,Delhi,Normal,Male,Personal Care,Shampoo,437.79,2,0.1,Card,7.5,253.92
INV-2024-00399,2024-02-14,17:32,A,Delhi,Member,Male,Groceries,Dry Fruits,997.92,3,0.1,Card,6.6,818.29
INV-2024-00400,2024-02-12,17:11,A,Delhi,Member,Male,Groceries,Rice 5kg,602.07,2,0.05,UPI,8.3,493.7
INV-2024-00401,2024-01-31,19:11,A,Delhi,Normal,Male,Electronics,Bluetooth Speaker,2790.97,3,0.0,UPI,6.5,1925.77
INV-2024-00402,2024-03-25,19:49,B,Mumbai,Normal,Female,Home & Kitchen,Bedsheet,1015.14,4,0.0,Cash,6.9,669.99
INV-2024-00403,2024-03-13,20:32,A,Delhi,Member,Female,Clothing,Jacket,3155.75,4,0.1,Card,8.7,1925.01
INV-2024-00404,2024-01-12,15:19,B,Mumbai,Normal,Male,Electronics,Bluetooth Speaker,2584.5,5,0.15,Card,8.9,1783.3
INV-2024-00405,2024-03-31,18:39,B,Mumbai,Normal,Male,Groceries,Cooking Oil,844.67,2,0.0,UPI,8.0,692.63
INV-2024-00406,2024-03-22,19:11,A,Delhi,Member,Male,Clothing,Sports Shoes,2573.79,6,0.0,Card,5.9,1570.01
INV-2024-00407,2024-01-29,17:39,C,Bengaluru,Normal,Female,Groceries,Breakfast Cereal,357.29,1,0.05,UPI,7.6,292.98
INV-2024-00408,2024-03-18,19:37,A,Delhi,Member,Male,Groceries,Dry Fruits,879.6,3,0.2,Card,7.4,721.27
INV-2024-00409,2024-01-11,16:58,B,Mumbai,Member,Male,Groceries,Rice 5kg,608.99,2,0.05,Card,8.0,499.37
INV-2024-00410,2024-03-31,19:54,B,Mumbai,Member,Female,Electronics,Smart Watch,3896.51,2,0.0,UPI,10.0,2688.59
INV-2024-00411,2024-03-03,16:09,C,Bengaluru,Normal,Male,Electronics,Smart Watch,3769.46,3,0.05,Card,7.3,2600.93
INV-2024-00412,2024-03-02,11:53,C,Bengaluru,Member,Male,Home & Kitchen,Bedsheet,1067.0,5,0.05,Card,,704.22
INV-2024-00413,2024-01-10,21:32,A,Delhi,Member,Female,Personal Care,Shampoo,440.3,2,0.05,UPI,7.0,255.37
INV-2024-00414,2024-03-23,13:32,A,Delhi,Member,Male,Home & Kitchen,Cookware Set,2490.48,1,0.0,UPI,5.9,1643.72
INV-2024-00415,2024-01-04,14:59,C,Bengaluru,Normal,Male,Groceries,Dry Fruits,876.08,2,0.0,Card,5.8,718.39
INV-2024-00416,2024-01-25,17:45,C,Bengaluru,Member,Female,Electronics,Bluetooth Speaker,2968.12,1,0.15000000000000002,UPI,9.9,2048.0
INV-2024-00417,2024-01-15,13:16,B,Mumbai,Normal,Male,Electronics,Earbuds,2233.97,1,0.2,Card,6.8,1541.44
INV-2024-00418,2024-03-13,11:08,A,Delhi,Member,Male,Home & Kitchen,Bedsheet,1059.75,5,0.0,UPI,9.1,699.43
INV-2024-00419,2024-01-20,16:39,B,Mumbai,Member,Male,Electronics,Smart Watch,3946.78,2,0.05,Card,8.7,2723.28
INV-2024-00420,2024-03-24,16:48,A,Delhi,Normal,Female,Home & Kitchen,Bedsheet,1063.93,1,0.05,UPI,9.1,702.19
INV-2024-00421,2024-03-03,19:46,B,Mumbai,Member,Female,Electronics,Bluetooth Speaker,2808.57,2,0.0,UPI,6.8,1937.91
INV-2024-00422,2024-01-04,18:30,C,Bengaluru,Normal,Female,Personal Care,Perfume,1538.7,4,0.0,UPI,7.3,892.45
INV-2024-00423,2024-01-01,20:59,C,Bengaluru,Member,Female,Sports,Dumbbell Set,2563.68,2,0.1,Card,7.0,1640.76
INV-2024-00424,2024-01-06,21:26,B,Mumbai,Normal,Male,Electronics,Power Bank,1519.06,3,0.15,UPI,9.3,1048.15
INV-2024-00425,2024-02-27,18:42,B,Mumbai,Normal,Female,Home & Kitchen,Cookware Set,2229.79,1,0.0,UPI,9.5,1471.66
INV-2024-00426,2024-03-15,15:13,C,Bengaluru,Normal,Female,Electronics,Earbuds,2053.74,1,0.0,UPI,7.0,1417.08
INV-2024-00427,2024-01-24,14:30,C,Bengaluru,Member,Female,Sports,Cricket Bat,2151.28,3,0.15,Card,8.5,1376.82
INV-2024-00428,2024-03-19,18:06,A,Delhi,Normal,Female,Electronics,Power Bank,1542.91,1,0.0,UPI,8.3,1064.61
INV-2024-00429,2024-01-06,12:53,C,Bengaluru,Member,Male,Personal Care,Shampoo,415.71,4,0.05,Cash,7.9,241.11
INV-2024-00430,2024-03-15,09:56,A,Delhi,Member,Female,Clothing,T-Shirt,737.4,1,0.2,Cash,6.0,449.81
INV-2024-00431,2024-03-26,12:47,B,Mumbai,Member,Male,Electronics,Bluetooth Speaker,2741.29,2,0.2,Cash,7.3,1891.49
INV-2024-00432,2024-03-13,16:53,A,Delhi,Normal,Male,Clothing,Sports Shoes,2692.73,6,0.1,Cash,7.1,1642.57
INV-2024-00433,2024-03-06,20:46,A,Delhi,Member,Male,Sports,Cricket Bat,1971.9,3,0.15000000000000002,UPI,7.4,1262.02
INV-2024-00434,2024-03-18,18:43,C,Bengaluru,Member,Male,Home & Kitchen,Mixer Grinder,3064.23,2,0.0,UPI,6.6,2022.39
INV-2024-00435,2024-01-05,17:30,B,Mumbai,Normal,Male,Personal Care,Shampoo,448.78,1,0.0,UPI,6.0,260.29
INV-2024-00436,2024-01-21,18:54,A,Delhi,Normal,Male,Electronics,Smart Watch,3925.42,1,0.0,Cash,8.9,2708.54
INV-2024-00437,2024-01-13,18:31,A,Delhi,Member,Male,Electronics,Power Bank,1511.24,1,0.15000000000000002,Card,7.0,1042.76
INV-2024-00438,2024-02-18,15:08,B,Mumbai,Normal,Male,Sports,Dumbbell Set,2695.69,2,0.1,UPI,7.1,1725.24
INV-2024-00439,2024-03-10,20:31,A,Delhi,Normal,Female,Groceries,Rice 5kg,615.21,6,0.2,Cash,7.2,504.47
INV-2024-00440,2024-03-01,10:40,A,Delhi,Member,Female,Clothing,Jeans,1726.27,1,0.05,Cash,6.6,1053.02
INV-2024-00441,2024-03-19,17:34,A,Delhi,Normal,Female,Electronics,Earbuds,2202.33,2,0.1,UPI,7.9,1519.61
INV-2024-00442,2024-01-16,13:26,C,Bengaluru,Member,Female,Home & Kitchen,Mixer Grinder,3473.65,2,0.0,UPI,7.3,2292.61
INV-2024-00443,2024-03-09,15:03,B,Mumbai,Normal,Male,Personal Care,Shampoo,456.19,1,0.0,UPI,7.1,264.59
INV-2024-00444,2024-01-20,18:14,C,Bengaluru,Member,Male,Groceries,Dry Fruits,943.59,2,0.05,Card,8.8,773.74
INV-2024-00445,2024-01-27,19:32,B,Mumbai,Member,Male,Clothing,T-Shirt,843.58,5,0.15,UPI,7.0,514.58
INV-2024-00446,2024-03-07,20:20,B,Mumbai,Member,Female,Electronics,Power Bank,1380.01,3,0.0,Cash,9.3,952.21
INV-2024-00447,2024-03-30,21:03,A,Delhi,Member,Male,Home & Kitchen,Cookware Set,2542.42,1,0.1,Card,6.6,1678.0
INV-2024-00448,2024-02-28,21:30,A,Delhi,Member,Female,Groceries,Cooking Oil,816.91,3,0.15000000000000002,UPI,7.6,669.87
INV-2024-00449,2024-01-06,15:44,A,Delhi,Normal,Female,Clothing,T-Shirt,837.89,1,0.0,UPI,5.6,511.11
INV-2024-00450,2024-02-28,10:46,A,Delhi,Normal,Male,Home & Kitchen,Bedsheet,1031.19,3,0.0,UPI,7.4,680.59
INV-2024-00451,2024-01-05,18:39,C,Bengaluru,Member,Male,Clothing,Jeans,1939.43,1,0.05,UPI,8.5,1183.05
INV-2024-00452,2024-03-22,11:11,C,Bengaluru,Normal,Male,Personal Care,Perfume,1557.44,3,0.1,Card,7.2,903.32
INV-2024-00453,2024-03-07,17:52,A,Delhi,Member,Male,Groceries,Breakfast Cereal,362.67,3,0.0,Cash,8.8,297.39
INV-2024-00454,2024-01-18,13:29,A,Delhi,Normal,Female,Clothing,Sports Shoes,2595.44,4,0.0,UPI,8.7,1583.22
INV-2024-00455,2024-01-10,13:44,B,Mumbai,Member,Female,Clothing,T-Shirt,740.62,1,0.15000000000000002,Card,7.5,451.78
INV-2024-00456,2024-01-19,20:38,C,Bengaluru,Normal,Female,Electronics,Earbuds,2138.98,1,0.0,UPI,8.3,1475.9
INV-2024-00457,2024-03-30,17:13,B,Mumbai,Normal,Male,Groceries,Cooking Oil,775.27,2,0.15,UPI,7.1,635.72
INV-2024-00458,2024-02-14,20:18,A,Delhi,Normal,Male,Sports,Fitness Band,1234.07,5,0.1,Card,9.0,789.8
INV-2024-00459,2024-03-14,19:59,A,Delhi,Member,Male,Groceries,Breakfast Cereal,406.13,5,0.2,UPI,6.3,333.03
INV-2024-00460,2024-03-01,13:34,C,Bengaluru,Member,Female,Personal Care,Trimmer,1837.03,3,0.05,UPI,8.4,1065.48
INV-2024-00461,2024-02-24,13:18,A,Delhi,Member,Male,Clothing,T-Shirt,823.02,2,0.1,UPI,8.1,502.04
INV-2024-00462,2024-01-15,18:24,A,Delhi,Normal,Male,Sports,Yoga Mat,835.5,4,0.1,UPI,6.7,534.72
INV-2024-00463,2024-03-27,14:06,C,Bengaluru,Member,Female,Groceries,Cooking Oil,791.3,1,0.15000000000000002,UPI,6.3,648.87
INV-2024-00464,2024-01-30,19:09,B,Mumbai,Member,Female,Clothing,T-Shirt,850.53,5,0.2,Cash,8.4,518.82
INV-2024-00465,2024-02-25,20:58,C,Bengaluru,Member,Female,Sports,Dumbbell Set,2523.46,4,0.2,Cash,6.7,1615.01
INV-2024-00466,2024-03-07,13:20,A,Delhi,Normal,Female,Electronics,Earbuds,2338.94,2,0.2,Card,7.5,1613.87
INV-2024-00467,2024-03-02,17:32,C,Bengaluru,Normal,Female,Home & Kitchen,Cookware Set,2466.89,3,0.2,UPI,9.3,1628.15
INV-2024-00468,2024-03-27,13:42,A,Delhi,Normal,Female,Home & Kitchen,Mixer Grinder,3253.17,5,0.0,UPI,10.0,2147.09
INV-2024-00469,2024-01-15,15:57,B,Mumbai,Normal,Female,Home & Kitchen,Cookware Set,2207.5,2,0.05,Card,4.4,1456.95
INV-2024-00470,2024-02-18,19:50,A,Delhi,Member,Male,Electronics,Earbuds,2274.73,1,0.1,Card,5.7,1569.56
INV-2024-00471,2024-02-09,20:45,C,Bengaluru,Normal,Male,Groceries,Cooking Oil,816.5,3,0.1,UPI,7.3,669.53
INV-2024-00472,2024-02-16,12:45,C,Bengaluru,Member,Female,Clothing,Jacket,2962.68,6,0.05,UPI,8.3,1807.23
INV-2024-00473,2024-01-13,21:29,A,Delhi,Member,Female,Sports,Yoga Mat,838.14,3,0.2,Cash,8.6,536.41
INV-2024-00474,2024-01-14,15:10,B,Mumbai,Member,Female,Sports,Yoga Mat,833.5,6,0.0,Card,8.9,533.44
INV-2024-00475,2024-01-28,18:55,A,Delhi,Member,Male,Groceries,Rice 5kg,653.72,2,0.15000000000000002,UPI,6.5,536.05
INV-2024-00476,2024-01-31,20:56,C,Bengaluru,Member,Male,Groceries,Breakfast Cereal,372.48,2,0.1,UPI,6.7,305.43
INV-2024-00477,2024-02-11,17:21,B,Mumbai,Normal,Male,Sports,Yoga Mat,956.94,3,0.05,UPI,8.3,612.44
INV-2024-00478,2024-02-28,15:33,A,Delhi,Normal,Male,Groceries,Cooking Oil,769.53,2,0.0,UPI,5.6,631.01
INV-2024-00479,2024-03-01,17:49,A,Delhi,Normal,Male,Electronics,Earbuds,2242.6,4,0.05,UPI,5.5,1547.39
INV-2024-00480,2024-02-10,13:20,B,Mumbai,Normal,Female,Groceries,Cooking Oil,813.78,2,0.0,UPI,8.4,667.3
INV-2024-00481,2024-02-10,11:41,B,Mumbai,Normal,Female,Sports,Cricket Bat,2021.92,3,0.15,UPI,8.0,1294.03
INV-2024-00482,2024-01-22,20:30,A,Delhi,Member,Male,Home & Kitchen,Storage Set,732.74,3,0.0,UPI,7.0,483.61
INV-2024-00483,2024-02-26,13:54,B,Mumbai,Normal,Female,Sports,Fitness Band,1199.65,1,0.05,Card,5.1,767.78
INV-2024-00484,2024-02-01,18:22,B,Mumbai,Member,Female,Groceries,Breakfast Cereal,386.51,6,0.2,Cash,9.6,316.94
INV-2024-00485,2024-01-04,19:24,C,Bengaluru,Member,Female,Clothing,T-Shirt,752.66,1,0.05,Cash,8.3,459.12
INV-2024-00486,2024-02-10,17:13,A,Delhi,Normal,Male,Clothing,T-Shirt,853.38,1,0.15,UPI,7.7,520.56
INV-2024-00487,2024-02-16,20:57,C,Bengaluru,Member,Female,Electronics,Earbuds,2160.74,1,0.0,UPI,8.3,1490.91
INV-2024-00488,2024-01-23,18:50,B,Mumbai,Member,Male,Home & Kitchen,Bedsheet,977.7,3,0.05,Cash,8.3,645.28
INV-2024-00489,2024-02-24,18:57,C,Bengaluru,Member,Female,Home & Kitchen,Bedsheet,1074.89,1,0.0,UPI,6.7,709.43
INV-2024-00490,2024-02-24,16:44,C,Bengaluru,Member,Male,Groceries,Breakfast Cereal,359.79,3,0.1,UPI,8.4,295.03
INV-2024-00491,2024-03-07,09:44,C,Bengaluru,Member,Male,Groceries,Breakfast Cereal,349.75,4,0.1,UPI,9.9,286.8
INV-2024-00492,2024-03-02,18:27,C,Bengaluru,Member,Female,Electronics,Smart Watch,4251.55,6,0.1,UPI,8.7,2933.57
INV-2024-00493,2024-03-03,14:32,C,Bengaluru,Normal,Male,Electronics,Smart Watch,4027.26,1,0.05,Cash,6.9,2778.81
INV-2024-00494,2024-02-01,16:41,B,Mumbai,Normal,Female,Electronics,Bluetooth Speaker,2611.03,3,0.0,Card,6.2,1801.61
INV-2024-00495,2024-03-14,12:06,B,Mumbai,Normal,Female,Personal Care,Shampoo,438.57,3,0.05,Card,5.8,254.37
INV-2024-00496,2024-02-22,20:01,A,Delhi,Normal,Male,Electronics,Earbuds,2207.96,1,0.1,UPI,6.1,1523.49
INV-2024-00497,2024-02-11,16:09,A,Delhi,Normal,Male,Personal Care,Skin Care Kit,1291.35,2,0.0,UPI,8.9,748.98
INV-2024-00498,2024-02-29,16:25,B,Mumbai,Member,Female,Electronics,Power Bank,1579.68,3,0.1,Card,7.5,1089.98
INV-2024-00499,2024-02-05,15:06,A,Delhi,Member,Female,Clothing,Jeans,1817.98,2,0.2,UPI,7.9,1108.97
INV-2024-00500,2024-02-19,18:03,B,Mumbai,Normal,Male,Home & Kitchen,Cookware Set,2400.45,4,0.2,Cash,7.9,1584.3
INV-2024-00501,2024-03-10,20:49,A,Delhi,Normal,Female,Sports,Fitness Band,1299.03,3,0.1,UPI,7.4,831.38
INV-2024-00502,2024-03-22,11:56,C,Bengaluru,Member,Male,Personal Care,Perfume,1718.4,3,0.05,Card,9.9,996.67
INV-2024-00503,2024-03-25,09:57,B,Mumbai,Member,Male,Groceries,Dry Fruits,937.91,4,0.15,UPI,7.1,769.09
INV-2024-00504,2024-02-18,19:18,A,Delhi,Member,Male,Home & Kitchen,Bedsheet,936.73,3,0.0,UPI,6.7,618.24
INV-2024-00505,2024-02-20,21:58,A,Delhi,Member,Male,Electronics,Power Bank,1599.55,2,0.2,Cash,7.9,1103.69
INV-2024-00506,2024-03-15,17:30,B,Mumbai,Normal,Female,Clothing,Jacket,3143.85,2,0.0,UPI,8.2,1917.75
INV-2024-00507,2024-02-01,19:47,B,Mumbai,Member,Male,Groceries,Dry Fruits,991.59,4,0.0,UPI,7.2,813.1
INV-2024-00508,2024-03-18,16:42,A,Delhi,Normal,Male,Personal Care,Skin Care Kit,1204.13,3,0.15,Card,7.6,698.4
INV-2024-00509,2024-02-17,17:01,C,Bengaluru,Member,Male,Electronics,Bluetooth Speaker,2682.68,3,0.1,UPI,8.5,1851.05
INV-2024-00510,2024-01-12,17:30,C,Bengaluru,Member,Female,Clothing,Sports Shoes,2341.33,2,0.15,Cash,4.6,1428.21
INV-2024-00511,2024-01-08,18:08,C,Bengaluru,Normal,Male,Groceries,Cooking Oil,731.61,1,0.1,Card,6.4,599.92
INV-2024-00512,2024-03-18,14:06,C,Bengaluru,Member,Male,Groceries,Breakfast Cereal,370.39,2,0.0,Card,7.6,303.72
INV-2024-00513,2024-01-06,19:39,B,Mumbai,Normal,Male,Home & Kitchen,Bedsheet,942.35,4,0.1,UPI,8.6,621.95
INV-2024-00514,2024-01-28,13:18,A,Delhi,Normal,Male,Personal Care,Trimmer,2019.95,2,0.05,Card,8.7,1171.57
INV-2024-00515,2024-02-03,21:56,C,Bengaluru,Member,Male,Clothing,Jacket,3057.41,1,0.05,UPI,7.6,1865.02
INV-2024-00516,2024-01-18,12:00,C,Bengaluru,Member,Male,Clothing,Jeans,1806.07,3,0.05,UPI,7.9,1101.7
INV-2024-00517,2024-02-01,16:46,B,Mumbai,Normal,Male,Electronics,Power Bank,1391.21,2,0.05,Card,8.0,959.93
INV-2024-00518,2024-03-10,12:13,C,Bengaluru,Member,Male,Groceries,Breakfast Cereal,356.59,4,0.05,Card,7.7,292.4
INV-2024-00519,2024-01-02,13:43,C,Bengaluru,Normal,Male,Electronics,Bluetooth Speaker,2597.15,2,0.1,UPI,7.8,1792.03
INV-2024-00520,2024-03-17,18:30,B,Mumbai,Member,Female,Personal Care,Skin Care Kit,1178.35,1,0.0,UPI,7.0,683.44
INV-2024-00521,2024-03-20,15:03,A,Delhi,Member,Male,Sports,Yoga Mat,919.84,2,0.1,Cash,8.5,588.7
INV-2024-00522,2024-02-06,16:20,A,Delhi,Member,Male,Electronics,Earbuds,2121.11,1,0.05,UPI,8.6,1463.57
INV-2024-00523,2024-01-16,20:27,B,Mumbai,Normal,Female,Clothing,Jeans,1938.74,2,0.0,Card,5.9,1182.63
INV-2024-00524,2024-02-27,12:40,C,Bengaluru,Normal,Female,Home & Kitchen,Mixer Grinder,3491.93,4,0.1,Card,5.8,2304.67
INV-2024-00525,2024-01-13,15:01,C,Bengaluru,Normal,Female,Groceries,Rice 5kg,618.98,1,0.0,UPI,7.9,507.56
INV-2024-00526,2024-02-05,15:16,B,Mumbai,Member,Female,Electronics,Power Bank,1388.4,1,0.05,Card,6.7,958.0
INV-2024-00527,2024-03-28,09:47,B,Mumbai,Member,Female,Electronics,Power Bank,1388.58,2,0.0,Card,8.8,958.12
INV-2024-00528,2024-03-31,15:30,C,Bengaluru,Normal,Female,Home & Kitchen,Bedsheet,954.78,2,0.0,Card,7.2,630.15
INV-2024-00529,2024-03-13,19:16,B,Mumbai,Member,Male,Home & Kitchen,Mixer Grinder,3124.9,3,0.1,UPI,10.0,2062.43
INV-2024-00530,2024-01-31,18:51,C,Bengaluru,Normal,Female,Home & Kitchen,Storage Set,735.8,4,0.05,UPI,7.5,485.63
INV-2024-00531,2024-03-05,11:23,A,Delhi,Normal,Male,Electronics,Earbuds,2163.3,3,0.0,Cash,6.8,1492.68
INV-2024-00532,2024-03-07,18:04,A,Delhi,Normal,Male,Clothing,Jacket,2845.27,3,0.1,Cash,6.1,1735.61
INV-2024-00533,2024-02-08,14:35,A,Delhi,Normal,Male,Groceries,Cooking Oil,810.13,1,0.1,Cash,6.2,664.31
INV-2024-00534,2024-03-02,17:19,C,Bengaluru,Normal,Female,Personal Care,Skin Care Kit,1129.1,3,0.05,UPI,7.3,654.88
INV-2024-00535,2024-01-02,09:12,C,Bengaluru,Normal,Male,Electronics,Bluetooth Speaker,2969.37,5,0.1,Card,8.9,2048.87
INV-2024-00536,2024-01-21,19:56,A,Delhi,Normal,Male,Sports,Cricket Bat,1961.96,5,0.1,Card,7.2,1255.65
INV-2024-00537,2024-02-20,12:52,C,Bengaluru,Normal,Male,Personal Care,Perfume,1613.23,1,0.2,UPI,6.7,935.67
INV-2024-00538,2024-01-17,18:38,C,Bengaluru,Member,Male,Electronics,Smart Watch,4062.39,1,0.0,Card,8.0,2803.05
INV-2024-00539,2024-01-17,12:47,C,Bengaluru,Member,Male,Clothing,Sports Shoes,2372.74,2,0.0,UPI,7.5,1447.37
INV-2024-00540,2024-03-18,17:12,B,Mumbai,Normal,Female,Electronics,Smart Watch,3736.88,2,0.0,Card,7.8,2578.45
INV-2024-00541,2024-03-31,09:52,A,Delhi,Normal,Male,Clothing,T-Shirt,823.34,4,0.0,Cash,7.7,502.24
INV-2024-00542,2024-02-23,10:01,B,Mumbai,Member,Male,Clothing,T-Shirt,835.25,1,0.15000000000000002,UPI,9.4,509.5
INV-2024-00543,2024-03-18,14:07,A,Delhi,Member,Female,Groceries,Dry Fruits,926.36,5,0.0,UPI,8.5,759.62
INV-2024-00544,2024-03-31,17:26,A,Delhi,Member,Female,Personal Care,Trimmer,1827.28,2,0.1,Cash,8.5,1059.82
INV-2024-00545,2024-01-15,15:24,C,Bengaluru,Member,Female,Home & Kitchen,Cookware Set,2576.64,3,0.05,Card,7.7,1700.58
INV-2024-00546,2024-02-13,21:08,C,Bengaluru,Normal,Female,Groceries,Rice 5kg,663.01,1,0.0,Card,7.4,543.67
INV-2024-00547,2024-02-08,16:41,A,Delhi,Normal,Male,Home & Kitchen,Cookware Set,2399.44,2,0.0,Card,5.5,1583.63
INV-2024-00548,2024-01-08,17:40,B,Mumbai,Member,Female,Groceries,Rice 5kg,606.97,3,0.0,UPI,7.1,497.72
INV-2024-00549,2024-03-11,19:32,C,Bengaluru,Member,Male,Sports,Fitness Band,1201.66,1,0.0,Card,7.8,769.06
INV-2024-00550,2024-02-12,17:34,B,Mumbai,Normal,Female,Clothing,Sports Shoes,2689.63,1,0.1,Cash,7.8,1640.67
INV-2024-00551,2024-02-15,20:08,A,Delhi,Member,Female,Electronics,Bluetooth Speaker,2862.72,6,0.15,Card,5.7,1975.28
INV-2024-00552,2024-01-15,17:00,B,Mumbai,Member,Female,Electronics,Smart Watch,4116.83,2,0.1,Cash,7.4,2840.61
INV-2024-00553,2024-01-19,19:39,B,Mumbai,Normal,Male,Personal Care,Skin Care Kit,1277.39,6,0.0,Card,8.1,740.89
INV-2024-00554,2024-03-24,15:49,A,Delhi,Member,Male,Home & Kitchen,Mixer Grinder,3279.17,4,0.15,Card,6.4,2164.25
INV-2024-00555,2024-01-05,15:02,A,Delhi,Member,Female,Groceries,Cooking Oil,778.46,2,0.1,UPI,5.8,638.34
INV-2024-00556,2024-01-24,20:55,C,Bengaluru,Normal,Male,Clothing,T-Shirt,739.33,6,0.1,Cash,9.2,450.99
INV-2024-00557,2024-01-29,15:47,A,Delhi,Normal,Male,Groceries,Rice 5kg,591.85,3,0.1,Card,8.0,485.32
INV-2024-00558,2024-02-17,10:07,C,Bengaluru,Normal,Female,Home & Kitchen,Bedsheet,976.72,2,0.0,UPI,5.2,644.64
INV-2024-00559,2024-02-26,16:15,C,Bengaluru,Normal,Female,Electronics,Smart Watch,3763.23,2,0.1,Card,6.1,2596.63
INV-2024-00560,2024-02-17,14:23,B,Mumbai,Normal,Female,Groceries,Rice 5kg,642.84,2,0.05,UPI,8.3,527.13
INV-2024-00561,2024-01-09,16:22,C,Bengaluru,Member,Male,Personal Care,Trimmer,1794.26,4,0.05,Cash,8.9,1040.67
INV-2024-00562,2024-01-25,19:57,C,Bengaluru,Member,Female,Clothing,T-Shirt,771.11,3,0.2,Card,7.4,470.38
INV-2024-00563,2024-03-18,16:35,A,Delhi,Normal,Female,Groceries,Rice 5kg,613.59,3,0.1,Card,8.5,503.14
INV-2024-00564,2024-03-01,15:43,A,Delhi,Member,Female,Electronics,Bluetooth Speaker,2808.9,2,0.0,Cash,9.1,1938.14
INV-2024-00565,2024-03-02,15:06,A,Delhi,Member,Female,Groceries,Rice 5kg,609.81,3,0.2,UPI,5.7,500.04
INV-2024-00566,2024-03-04,12:10,B,Mumbai,Member,Female,Groceries,Cooking Oil,824.56,2,0.2,UPI,7.3,676.14
INV-2024-00567,2024-03-12,18:59,C,Bengaluru,Normal,Male,Groceries,Dry Fruits,944.54,3,0.1,UPI,6.7,774.52
INV-2024-00568,2024-01-06,14:08,B,Mumbai,Member,Female,Clothing,T-Shirt,792.22,6,0.05,Cash,4.4,483.25
INV-2024-00569,2024-02-05,20:24,A,Delhi,Normal,Male,Clothing,Sports Shoes,2342.74,1,0.05,Cash,7.5,1429.07
INV-2024-00570,2024-02-21,15:47,A,Delhi,Normal,Male,Sports,Yoga Mat,834.14,3,0.0,Card,8.2,533.85
INV-2024-00571,2024-02-03,17:23,A,Delhi,Normal,Male,Home & Kitchen,Cookware Set,2324.2,1,0.15,Card,9.0,1533.97
INV-2024-00572,2024-03-19,14:17,B,Mumbai,Member,Male,Sports,Yoga Mat,879.51,2,0.0,UPI,9.9,562.89
INV-2024-00573,2024-02-16,13:42,C,Bengaluru,Normal,Female,Groceries,Dry Fruits,939.34,5,0.05,Card,10.0,770.26
INV-2024-00574,2024-03-12,19:09,B,Mumbai,Normal,Male,Personal Care,Shampoo,417.71,4,0.15,Card,7.3,242.27
INV-2024-00575,2024-03-19,14:02,C,Bengaluru,Member,Female,Clothing,T-Shirt,795.98,6,0.2,UPI,8.7,485.55
INV-2024-00576,2024-02-18,16:33,B,Mumbai,Member,Female,Personal Care,Skin Care Kit,1133.76,1,0.2,Cash,7.5,657.58
INV-2024-00577,2024-03-24,13:05,C,Bengaluru,Member,Female,Clothing,Jacket,3163.97,2,0.05,Card,7.1,1930.02
INV-2024-00578,2024-02-26,12:33,A,Delhi,Normal,Female,Electronics,Smart Watch,3894.65,4,0.15,Card,7.9,2687.31
INV-2024-00579,2024-03-19,17:08,B,Mumbai,Normal,Female,Groceries,Cooking Oil,802.79,2,0.05,Card,3.4,658.29
INV-2024-00580,2024-02-03,17:49,B,Mumbai,Normal,Female,Clothing,T-Shirt,735.62,1,0.0,Card,8.3,448.73
INV-2024-00581,2024-02-18,09:23,C,Bengaluru,Normal,Male,Clothing,T-Shirt,779.44,2,0.1,UPI,5.3,475.46
INV-2024-00582,2024-02-21,14:38,B,Mumbai,Member,Male,Sports,Yoga Mat,936.83,2,0.05,Cash,7.4,599.57
INV-2024-00583,2024-01-11,18:46,C,Bengaluru,Member,Female,Home & Kitchen,Mixer Grinder,3562.26,1,0.2,UPI,7.3,2351.09
INV-2024-00584,2024-02-09,16:25,B,Mumbai,Normal,Male,Groceries,Cooking Oil,757.1,4,0.05,Cash,7.7,620.82
INV-2024-00585,2024-03-25,17:12,C,Bengaluru,Normal,Male,Clothing,T-Shirt,820.47,4,0.15,Card,8.1,500.49
INV-2024-00586,2024-03-01,12:42,B,Mumbai,Normal,Male,Groceries,Breakfast Cereal,371.26,3,0.1,Cash,10.0,304.43
INV-2024-00587,2024-01-18,21:24,C,Bengaluru,Normal,Male,Clothing,Sports Shoes,2526.43,1,0.0,Card,8.8,1541.12
INV-2024-00588,2024-02-03,16:26,B,Mumbai,Normal,Male,Electronics,Earbuds,2183.0,3,0.0,UPI,7.8,1506.27
INV-2024-00589,2024-01-20,20:31,A,Delhi,Normal,Male,Home & Kitchen,Cookware Set,2479.94,2,0.1,Card,7.1,1636.76
INV-2024-00590,2024-01-03,19:20,C,Bengaluru,Member,Male,Groceries,Cooking Oil,749.42,2,0.1,Cash,5.3,614.52
INV-2024-00591,2024-03-25,13:16,A,Delhi,Normal,Male,Electronics,Earbuds,2218.77,3,0.0,UPI,8.2,1530.95
INV-2024-00592,2024-02-13,17:04,A,Delhi,Normal,Female,Electronics,Bluetooth Speaker,2897.23,2,0.1,Cash,10.0,1999.09
INV-2024-00593,2024-01-31,17:44,A,Delhi,Normal,Male,Clothing,Jacket,2949.42,5,0.2,Card,8.8,1799.15
INV-2024-00594,2024-02-27,21:09,A,Delhi,Member,Male,Electronics,Earbuds,2245.14,3,0.05,Card,6.4,1549.15
INV-2024-00595,2024-01-01,17:11,C,Bengaluru,Member,Male,Clothing,Jacket,2843.48,4,0.05,UPI,8.4,1734.52
INV-2024-00596,2024-01-28,10:08,C,Bengaluru,Normal,Male,Groceries,Breakfast Cereal,380.54,1,0.05,UPI,6.6,312.04
INV-2024-00597,2024-03-07,20:38,C,Bengaluru,Normal,Female,Clothing,T-Shirt,765.23,4,0.0,Cash,5.6,466.79
INV-2024-00598,2024-03-01,14:26,B,Mumbai,Normal,Male,Sports,Dumbbell Set,2509.03,3,0.1,UPI,6.8,1605.78
INV-2024-00599,2024-03-30,15:06,A,Delhi,Member,Female,Clothing,T-Shirt,821.37,3,0.1,Card,7.6,501.04
INV-2024-00600,2024-02-29,11:33,A,Delhi,Normal,Male,Clothing,Sports Shoes,2560.75,1,0.1,UPI,7.0,1562.06
INV-2024-00601,2024-02-16,11:08,B,Mumbai,Member,Male,Clothing,Jacket,3154.82,1,0.1,UPI,6.8,1924.44
INV-2024-00602,2024-03-12,11:46,A,Delhi,Normal,Female,Clothing,Sports Shoes,2496.32,3,0.15,Card,7.7,1522.76
INV-2024-00603,2024-03-24,15:31,A,Delhi,Normal,Male,Clothing,T-Shirt,799.87,5,0.0,UPI,7.2,487.92
INV-2024-00604,2024-03-08,10:41,B,Mumbai,Member,Female,Sports,Yoga Mat,912.71,1,0.05,Card,8.8,584.13
INV-2024-00605,2024-03-29,13:44,C,Bengaluru,Normal,Male,Sports,Fitness Band,1332.51,5,0.0,UPI,6.7,852.81
INV-2024-00606,2024-03-13,19:38,A,Delhi,Normal,Female,Groceries,Cooking Oil,745.26,2,0.1,Cash,7.1,611.11
INV-2024-00607,2024-03-21,16:25,B,Mumbai,Member,Male,Clothing,Jacket,3082.21,1,0.2,UPI,6.2,1880.15
INV-2024-00608,2024-01-12,18:55,B,Mumbai,Member,Male,Electronics,Smart Watch,4153.02,1,0.05,Cash,9.3,2865.58
INV-2024-00609,2024-03-09,17:16,C,Bengaluru,Normal,Female,Personal Care,Perfume,1622.19,1,0.05,UPI,9.2,940.87
INV-2024-00610,2024-02-12,12:01,C,Bengaluru,Member,Female,Clothing,Jeans,1682.51,4,0.05,UPI,7.4,1026.33
INV-2024-00611,2024-02-23,16:03,B,Mumbai,Member,Male,Home & Kitchen,Bedsheet,929.44,1,0.05,UPI,10.0,613.43
INV-2024-00612,2024-03-03,19:07,C,Bengaluru,Normal,Female,Groceries,Cooking Oil,835.44,4,0.1,Card,8.5,685.06
INV-2024-00613,2024-03-29,18:05,C,Bengaluru,Member,Female,Groceries,Dry Fruits,996.31,2,0.2,Card,9.9,816.97
INV-2024-00614,2024-03-30,12:17,A,Delhi,Normal,Male,Sports,Cricket Bat,1846.84,3,0.0,Card,7.0,1181.98
INV-2024-00615,2024-01-29,19:23,B,Mumbai,Normal,Female,Clothing,Jeans,1912.48,3,0.1,Cash,8.6,1166.61
INV-2024-00616,2024-03-09,16:19,A,Delhi,Normal,Male,Personal Care,Shampoo,418.58,2,0.1,UPI,9.6,242.78
INV-2024-00617,2024-03-11,14:17,B,Mumbai,Normal,Male,Home & Kitchen,Storage Set,652.59,3,0.1,Card,8.7,430.71
INV-2024-00618,2024-02-04,18:46,A,Delhi,Member,Female,Clothing,Jeans,1803.83,1,0.15000000000000002,Card,7.3,1100.34
INV-2024-00619,2024-01-13,20:12,A,Delhi,Member,Male,Clothing,Jeans,1668.02,1,0.0,UPI,9.0,1017.49
INV-2024-00620,2024-01-05,17:03,B,Mumbai,Member,Female,Groceries,Breakfast Cereal,391.57,1,0.15000000000000002,Card,5.8,321.09
INV-2024-00621,2024-03-13,21:22,B,Mumbai,Member,Male,Groceries,Cooking Oil,838.57,1,0.0,Card,9.6,687.63
INV-2024-00622,2024-02-17,16:23,A,Delhi,Normal,Male,Groceries,Rice 5kg,592.67,2,0.05,Cash,9.0,485.99
INV-2024-00623,2024-03-30,21:10,B,Mumbai,Normal,Female,Electronics,Smart Watch,3797.18,1,0.1,Card,7.9,2620.05
INV-2024-00624,2024-02-15,14:23,A,Delhi,Member,Male,Personal Care,Shampoo,420.68,1,0.1,Card,10.0,243.99
INV-2024-00625,2024-03-30,10:30,A,Delhi,Normal,Male,Clothing,T-Shirt,789.22,1,0.15,UPI,7.6,481.42
INV-2024-00626,2024-02-10,13:02,C,Bengaluru,Normal,Female,Sports,Fitness Band,1367.26,2,0.0,UPI,5.9,875.05
INV-2024-00627,2024-03-14,13:07,B,Mumbai,Member,Female,Groceries,Dry Fruits,1013.1,5,0.2,UPI,9.2,830.74
INV-2024-00628,2024-01-09,19:32,C,Bengaluru,Normal,Male,Personal Care,Shampoo,429.28,5,0.1,Card,6.0,248.98
INV-2024-00629,2024-02-23,14:42,B,Mumbai,Normal,Female,Clothing,T-Shirt,816.13,1,0.15,UPI,7.3,497.84
INV-2024-00630,2024-03-15,20:33,B,Mumbai,Member,Male,Groceries,Cooking Oil,738.9,4,0.0,UPI,6.9,605.9
INV-2024-00631,2024-03-25,16:30,A,Delhi,Normal,Female,Personal Care,Shampoo,434.01,4,0.0,Card,7.7,251.73
INV-2024-00632,2024-03-17,17:54,A,Delhi,Normal,Male,Home & Kitchen,Bedsheet,1049.98,1,0.0,Card,5.4,692.99
INV-2024-00633,2024-01-04,18:59,C,Bengaluru,Normal,Female,Electronics,Smart Watch,3765.03,3,0.05,UPI,8.9,2597.87
INV-2024-00634,2024-02-06,09:08,C,Bengaluru,Member,Male,Groceries,Dry Fruits,983.86,1,0.0,UPI,9.9,806.77
INV-2024-00635,2024-01-06,11:06,B,Mumbai,Normal,Male,Clothing,Sports Shoes,2303.85,1,0.0,Card,9.5,1405.35
INV-2024-00636,2024-01-12,15:49,C,Bengaluru,Member,Female,Sports,Cricket Bat,1883.86,2,0.0,UPI,9.0,1205.67
INV-2024-00637,2024-03-04,18:22,B,Mumbai,Normal,Female,Electronics,Earbuds,2129.97,1,0.0,Cash,7.1,1469.68
INV-2024-00638,2024-03-08,10:19,C,Bengaluru,Normal,Male,Electronics,Smart Watch,3745.09,5,0.0,UPI,7.6,2584.11
INV-2024-00639,2024-03-13,21:10,A,Delhi,Member,Male,Home & Kitchen,Bedsheet,944.96,5,0.0,Card,7.7,623.67
INV-2024-00640,2024-03-20,20:43,A,Delhi,Normal,Female,Home & Kitchen,Storage Set,701.55,3,0.15,Card,8.5,463.02
INV-2024-00641,2024-03-10,18:39,A,Delhi,Normal,Female,Clothing,Jeans,1858.13,6,0.05,Card,7.6,1133.46
INV-2024-00642,2024-03-15,15:50,A,Delhi,Member,Male,Groceries,Breakfast Cereal,399.02,4,0.15000000000000002,Cash,7.2,327.2
INV-2024-00643,2024-01-06,17:57,A,Delhi,Member,Female,Groceries,Cooking Oil,821.04,5,0.15,Card,8.5,673.25
INV-2024-00644,2024-01-24,21:30,A,Delhi,Member,Female,Home & Kitchen,Cookware Set,2525.47,3,0.15000000000000002,Card,7.2,1666.81
INV-2024-00645,2024-02-29,18:08,B,Mumbai,Normal,Male,Electronics,Earbuds,2072.16,6,0.0,Card,4.9,1429.79
INV-2024-00646,2024-03-20,15:48,B,Mumbai,Member,Female,Sports,Fitness Band,1272.66,2,0.2,Cash,6.5,814.5
INV-2024-00647,2024-01-01,16:26,C,Bengaluru,Normal,Female,Electronics,Earbuds,2102.06,1,0.0,UPI,6.5,1450.42
INV-2024-00648,2024-02-19,15:00,C,Bengaluru,Member,Male,Groceries,Cooking Oil,797.2,2,0.15,Card,9.0,653.7
INV-2024-00649,2024-03-05,15:02,A,Delhi,Normal,Female,Groceries,Breakfast Cereal,350.12,2,0.0,Card,8.0,287.1
INV-2024-00650,2024-01-04,15:53,A,Delhi,Member,Male,Groceries,Breakfast Cereal,394.86,4,0.0,UPI,7.2,323.79
INV-2024-00651,2024-02-09,19:06,C,Bengaluru,Normal,Male,Clothing,T-Shirt,799.48,1,0.15,UPI,8.4,487.68
INV-2024-00652,2024-03-23,14:41,A,Delhi,Normal,Female,Electronics,Smart Watch,4069.13,4,0.1,UPI,9.0,2807.7
INV-2024-00653,2024-03-04,13:34,A,Delhi,Member,Male,Electronics,Smart Watch,3980.75,2,0.15,UPI,7.7,2746.72
INV-2024-00654,2024-01-24,18:37,C,Bengaluru,Normal,Female,Home & Kitchen,Storage Set,721.55,2,0.05,UPI,8.8,476.22
INV-2024-00655,2024-03-19,09:21,A,Delhi,Member,Male,Groceries,Rice 5kg,570.4,3,0.1,Card,8.8,467.73
INV-2024-00656,2024-02-04,18:39,B,Mumbai,Normal,Male,Home & Kitchen,Bedsheet,929.19,1,0.1,Card,9.6,613.27
INV-2024-00657,2024-03-19,19:16,C,Bengaluru,Member,Female,Groceries,Dry Fruits,874.51,3,0.0,UPI,9.5,717.1
INV-2024-00658,2024-01-30,20:02,B,Mumbai,Member,Female,Home & Kitchen,Storage Set,678.4,5,0.15000000000000002,Cash,6.2,447.74
INV-2024-00659,2024-02-26,21:22,C,Bengaluru,Normal,Female,Groceries,Cooking Oil,780.44,1,0.0,Card,7.8,639.96
INV-2024-00660,2024-02-08,15:41,C,Bengaluru,Normal,Female,Electronics,Smart Watch,4155.23,1,0.0,Cash,9.3,2867.11
INV-2024-00661,2024-01-28,13:50,B,Mumbai,Normal,Female,Home & Kitchen,Mixer Grinder,3505.76,5,0.0,UPI,6.1,2313.8
INV-2024-00662,2024-03-22,18:50,A,Delhi,Member,Male,Home & Kitchen,Bedsheet,1076.9,3,0.1,Card,8.2,710.75
INV-2024-00663,2024-01-19,18:36,B,Mumbai,Member,Male,Personal Care,Shampoo,454.2,2,0.0,Cash,4.5,263.44
INV-2024-00664,2024-01-09,19:30,C,Bengaluru,Member,Female,Groceries,Rice 5kg,570.7,4,0.05,UPI,5.5,467.97
INV-2024-00665,2024-02-03,09:23,C,Bengaluru,Normal,Female,Personal Care,Trimmer,1930.65,5,0.0,Card,6.9,1119.78
INV-2024-00666,2024-03-08,15:58,A,Delhi,Normal,Male,Home & Kitchen,Cookware Set,2423.82,2,0.15,UPI,10.0,1599.72
INV-2024-00667,2024-03-16,18:33,C,Bengaluru,Normal,Female,Clothing,Jeans,1849.13,3,0.05,Card,7.1,1127.97
INV-2024-00668,2024-03-31,16:13,C,Bengaluru,Member,Male,Electronics,Bluetooth Speaker,2624.96,1,0.2,Card,6.4,1811.22
INV-2024-00669,2024-01-30,18:15,B,Mumbai,Member,Male,Clothing,Jeans,1874.82,4,0.1,Card,6.9,1143.64
INV-2024-00670,2024-02-10,17:11,B,Mumbai,Normal,Female,Electronics,Bluetooth Speaker,2772.39,3,0.05,Cash,9.2,1912.95
INV-2024-00671,2024-01-14,17:55,A,Delhi,Normal,Male,Personal Care,Perfume,1671.16,1,0.0,UPI,6.4,969.27
INV-2024-00672,2024-02-25,14:01,A,Delhi,Normal,Male,Clothing,Sports Shoes,2332.49,2,0.2,UPI,7.3,1422.82
INV-2024-00673,2024-03-31,16:25,A,Delhi,Normal,Female,Electronics,Earbuds,2172.91,4,0.0,Card,6.1,1499.31
INV-2024-00674,2024-03-07,13:29,A,Delhi,Normal,Male,Groceries,Rice 5kg,600.56,5,0.15,Card,7.3,492.46
INV-2024-00675,2024-02-26,10:02,C,Bengaluru,Member,Female,Clothing,Jacket,3138.19,5,0.0,Card,6.1,1914.3
INV-2024-00676,2024-02-08,21:10,B,Mumbai,Normal,Male,Clothing,Jeans,1858.01,1,0.1,UPI,7.4,1133.39
INV-2024-00677,2024-03-24,17:28,A,Delhi,Member,Female,Electronics,Power Bank,1395.1,2,0.15000000000000002,UPI,9.1,962.62
INV-2024-00678,2024-02-17,18:58,A,Delhi,Normal,Male,Personal Care,Skin Care Kit,1127.76,3,0.0,Card,9.0,654.1
INV-2024-00679,2024-01-14,20:27,C,Bengaluru,Member,Female,Groceries,Dry Fruits,991.22,3,0.15,UPI,10.0,812.8
INV-2024-00680,2024-02-05,11:46,C,Bengaluru,Normal,Female,Clothing,Sports Shoes,2518.74,4,0.0,UPI,6.6,1536.43
INV-2024-00681,2024-01-07,17:10,A,Delhi,Normal,Female,Sports,Dumbbell Set,2598.73,5,0.2,Cash,7.3,1663.19
INV-2024-00682,2024-01-21,17:57,B,Mumbai,Member,Male,Groceries,Dry Fruits,897.87,2,0.1,Card,8.9,736.25
INV-2024-00683,2024-01-02,12:57,C,Bengaluru,Normal,Female,Clothing,Jeans,1897.68,1,0.1,Card,5.7,1157.58
INV-2024-00684,2024-02-13,10:55,A,Delhi,Normal,Male,Clothing,Jacket,2948.16,5,0.1,Cash,8.8,1798.38
INV-2024-00685,2024-03-01,17:31,C,Bengaluru,Member,Female,Groceries,Breakfast Cereal,406.41,4,0.05,UPI,9.3,333.26
INV-2024-00686,2024-02-03,16:49,B,Mumbai,Normal,Female,Groceries,Dry Fruits,937.12,1,0.0,UPI,7.5,768.44
INV-2024-00687,2024-02-10,17:36,C,Bengaluru,Member,Female,Home & Kitchen,Mixer Grinder,3261.2,3,0.05,UPI,6.8,2152.39
INV-2024-00688,2024-03-28,18:04,C,Bengaluru,Normal,Male,Groceries,Rice 5kg,582.17,4,0.15,Cash,5.0,477.38
INV-2024-00689,2024-03-11,12:12,A,Delhi,Normal,Male,Home & Kitchen,Bedsheet,967.35,2,0.1,Card,6.5,638.45
INV-2024-00690,2024-02-22,16:26,C,Bengaluru,Normal,Male,Clothing,Jacket,2789.66,1,0.1,UPI,9.8,1701.69
INV-2024-00691,2024-01-29,11:59,B,Mumbai,Normal,Male,Groceries,Breakfast Cereal,368.41,5,0.2,Card,8.1,302.1
INV-2024-00692,2024-03-23,19:38,A,Delhi,Normal,Male,Sports,Cricket Bat,2070.91,1,0.0,UPI,7.1,1325.38
INV-2024-00693,2024-01-24,16:16,B,Mumbai,Normal,Female,Groceries,Breakfast Cereal,409.93,1,0.05,Card,7.0,336.14
INV-2024-00694,2024-02-02,13:01,A,Delhi,Member,Male,Groceries,Breakfast Cereal,384.52,3,0.1,UPI,9.0,315.31
INV-2024-00695,2024-03-24,19:29,C,Bengaluru,Normal,Male,Groceries,Dry Fruits,1006.74,2,0.1,Cash,5.4,825.53
INV-2024-00696,2024-02-20,11:04,A,Delhi,Normal,Male,Clothing,T-Shirt,847.37,3,0.05,UPI,6.4,516.9
INV-2024-00697,2024-03-10,21:40,A,Delhi,Normal,Female,Electronics,Power Bank,1541.59,3,0.05,Card,8.9,1063.7
INV-2024-00698,2024-02-26,18:36,A,Delhi,Normal,Female,Electronics,Power Bank,1420.68,3,0.0,UPI,7.8,980.27
INV-2024-00699,2024-03-03,19:59,B,Mumbai,Normal,Male,Sports,Cricket Bat,1850.37,2,0.15,UPI,6.4,1184.24
INV-2024-00700,2024-01-30,15:21,B,Mumbai,Normal,Female,Groceries,Cooking Oil,830.26,5,0.15,Card,7.0,680.81
INV-2024-00701,2024-01-25,14:25,A,Delhi,Member,Female,Personal Care,Trimmer,1888.66,3,0.1,Cash,9.2,1095.42
INV-2024-00702,2024-02-02,19:11,B,Mumbai,Member,Male,Personal Care,Perfume,1580.98,1,0.1,UPI,7.8,916.97
INV-2024-00703,2024-01-16,15:25,B,Mumbai,Member,Female,Groceries,Rice 5kg,616.53,3,0.15,UPI,5.0,505.55
INV-2024-00704,2024-03-21,10:52,C,Bengaluru,Member,Female,Sports,Cricket Bat,2006.38,4,0.05,Card,8.3,1284.08
INV-2024-00705,2024-01-29,11:18,C,Bengaluru,Normal,Male,Electronics,Earbuds,2044.67,3,0.0,UPI,7.7,1410.82
INV-2024-00706,2024-02-24,17:13,C,Bengaluru,Member,Female,Groceries,Dry Fruits,987.13,2,0.05,UPI,7.1,809.45
INV-2024-00707,2024-03-14,14:06,A,Delhi,Member,Male,Sports,Fitness Band,1322.11,2,0.15000000000000002,UPI,8.3,846.15
INV-2024-00708,2024-03-14,15:41,A,Delhi,Member,Male,Groceries,Rice 5kg,633.42,3,0.1,UPI,5.4,519.4
INV-2024-00709,2024-02-12,17:42,A,Delhi,Normal,Male,Personal Care,Perfume,1626.28,2,0.05,UPI,6.0,943.24
INV-2024-00710,2024-02-16,15:41,B,Mumbai,Normal,Female,Clothing,T-Shirt,761.68,2,0.1,UPI,9.1,464.62
INV-2024-00711,2024-03-31,12:41,C,Bengaluru,Member,Female,Electronics,Earbuds,2221.26,6,0.1,UPI,6.0,1532.67
INV-2024-00712,2024-03-04,19:06,C,Bengaluru,Normal,Female,Home & Kitchen,Storage Set,701.35,1,0.15,UPI,10.0,462.89
INV-2024-00713,2024-03-16,18:14,C,Bengaluru,Normal,Female,Groceries,Rice 5kg,572.66,2,0.2,UPI,9.3,469.58
INV-2024-00714,2024-03-24,18:28,A,Delhi,Member,Male,Groceries,Cooking Oil,802.13,5,0.05,Cash,8.5,657.75
INV-2024-00715,2024-03-14,09:25,B,Mumbai,Normal,Female,Sports,Fitness Band,1344.14,3,0.05,UPI,8.8,860.25
INV-2024-00716,2024-01-19,14:55,C,Bengaluru,Member,Female,Clothing,Jacket,2945.75,2,0.15000000000000002,Cash,10.0,1796.91
INV-2024-00717,2024-02-24,20:55,B,Mumbai,Member,Female,Clothing,Jeans,1788.18,4,0.2,Cash,9.7,1090.79
INV-2024-00718,2024-01-11,20:45,C,Bengaluru,Normal,Male,Groceries,Dry Fruits,907.16,2,0.05,Card,6.7,743.87
INV-2024-00719,2024-03-03,17:07,B,Mumbai,Normal,Female,Clothing,Jacket,3184.29,2,0.05,Card,8.2,1942.42
INV-2024-00720,2024-03-28,17:27,A,Delhi,Normal,Female,Groceries,Dry Fruits,895.21,2,0.0,UPI,6.0,734.07
INV-2024-00721,2024-02-19,18:15,C,Bengaluru,Normal,Female,Sports,Dumbbell Set,2637.77,1,0.05,Card,5.8,1688.17
INV-2024-00722,2024-02-11,19:54,C,Bengaluru,Member,Female,Clothing,T-Shirt,838.29,1,0.2,Cash,7.4,511.36
INV-2024-00723,2024-01-04,21:51,B,Mumbai,Member,Female,Clothing,Jacket,2824.5,2,0.05,Cash,8.1,1722.94
INV-2024-00724,2024-03-28,09:46,A,Delhi,Normal,Female,Sports,Fitness Band,1389.77,2,0.15,Cash,7.4,889.45
INV-2024-00725,2024-01-11,16:51,C,Bengaluru,Normal,Male,Clothing,T-Shirt,858.4,4,0.05,UPI,8.7,523.62
INV-2024-00726,2024-01-05,15:48,C,Bengaluru,Member,Female,Clothing,Jacket,3177.49,2,0.0,Card,7.2,1938.27
INV-2024-00727,2024-01-25,16:15,C,Bengaluru,Member,Male,Electronics,Earbuds,2101.13,1,0.05,UPI,6.7,1449.78
INV-2024-00728,2024-01-07,19:23,C,Bengaluru,Member,Male,Groceries,Dry Fruits,953.05,3,0.05,Card,10.0,781.5
INV-2024-00729,2024-02-14,21:11,B,Mumbai,Member,Female,Home & Kitchen,Bedsheet,1013.28,4,0.1,Card,7.1,668.76
INV-2024-00730,2024-02-19,18:02,C,Bengaluru,Member,Male,Groceries,Cooking Oil,811.13,5,0.0,UPI,6.2,665.13
INV-2024-00731,2024-02-01,15:27,B,Mumbai,Member,Female,Personal Care,Skin Care Kit,1228.16,2,0.05,UPI,8.5,712.33
INV-2024-00732,2024-01-06,11:54,B,Mumbai,Normal,Female,Home & Kitchen,Bedsheet,975.71,2,0.2,Card,8.4,643.97
INV-2024-00733,2024-01-12,19:16,A,Delhi,Normal,Female,Groceries,Cooking Oil,787.35,4,0.15,UPI,6.8,645.63
INV-2024-00734,2024-02-07,12:01,A,Delhi,Normal,Female,Home & Kitchen,Mixer Grinder,3399.65,1,0.0,UPI,7.3,2243.77
INV-2024-00735,2024-01-07,19:12,A,Delhi,Normal,Female,Home & Kitchen,Storage Set,664.17,1,0.0,Cash,6.6,438.35
INV-2024-00736,2024-03-06,18:35,A,Delhi,Normal,Male,Personal Care,Trimmer,1962.37,1,0.1,Card,8.1,1138.17
INV-2024-00737,2024-01-21,17:25,B,Mumbai,Normal,Female,Clothing,Sports Shoes,2546.63,1,0.0,UPI,9.8,1553.44
INV-2024-00738,2024-01-31,16:30,A,Delhi,Member,Female,Sports,Dumbbell Set,2558.07,3,0.05,UPI,5.5,1637.16
INV-2024-00739,2024-02-08,18:05,C,Bengaluru,Member,Male,Electronics,Earbuds,2201.96,1,0.0,UPI,7.6,1519.35
INV-2024-00740,2024-02-10,12:46,A,Delhi,Member,Female,Clothing,Sports Shoes,2508.34,2,0.05,Card,7.9,1530.09
INV-2024-00741,2024-01-01,14:28,A,Delhi,Member,Female,Electronics,Bluetooth Speaker,2602.74,3,0.15000000000000002,Cash,4.7,1795.89
INV-2024-00742,2024-01-12,18:35,B,Mumbai,Normal,Male,Home & Kitchen,Mixer Grinder,3076.55,4,0.0,Cash,7.4,2030.52
INV-2024-00743,2024-03-20,17:14,B,Mumbai,Member,Female,Groceries,Breakfast Cereal,378.43,2,0.1,UPI,8.3,310.31
INV-2024-00744,2024-01-01,17:16,B,Mumbai,Normal,Male,Clothing,T-Shirt,752.55,1,0.0,UPI,6.3,459.06
INV-2024-00745,2024-02-18,13:19,A,Delhi,Normal,Female,Electronics,Power Bank,1411.32,2,0.0,UPI,7.6,973.81
INV-2024-00746,2024-02-17,19:36,B,Mumbai,Member,Male,Electronics,Power Bank,1483.19,5,0.05,UPI,9.6,1023.4
INV-2024-00747,2024-02-03,18:33,B,Mumbai,Normal,Male,Electronics,Smart Watch,4089.97,3,0.15,Cash,7.6,2822.08
INV-2024-00748,2024-02-11,19:46,B,Mumbai,Member,Female,Personal Care,Skin Care Kit,1215.53,2,0.0,UPI,7.1,705.01
INV-2024-00749,2024-03-13,13:20,A,Delhi,Normal,Female,Electronics,Earbuds,2203.16,2,0.0,UPI,10.0,1520.18
INV-2024-00750,2024-03-18,17:02,C,Bengaluru,Normal,Female,Home & Kitchen,Cookware Set,2366.39,2,0.2,UPI,9.3,1561.82
INV-2024-00751,2024-01-27,13:30,A,Delhi,Normal,Female,Groceries,Dry Fruits,952.52,1,0.0,UPI,9.4,781.07
INV-2024-00752,2024-02-02,12:03,B,Mumbai,Member,Female,Sports,Yoga Mat,959.81,2,0.05,Cash,9.1,614.28
INV-2024-00753,2024-01-25,20:52,A,Delhi,Normal,Female,Groceries,Dry Fruits,997.57,4,0.0,UPI,9.0,818.01
INV-2024-00754,2024-02-16,14:03,A,Delhi,Normal,Female,Sports,Fitness Band,1329.92,1,0.1,Card,6.3,851.15
INV-2024-00755,2024-03-05,12:15,A,Delhi,Normal,Male,Groceries,Breakfast Cereal,392.32,2,0.0,Card,6.9,321.7
INV-2024-00756,2024-01-23,19:42,A,Delhi,Normal,Female,Personal Care,Shampoo,425.49,1,0.05,Card,9.5,246.78
INV-2024-00757,2024-02-02,11:30,A,Delhi,Member,Male,Groceries,Cooking Oil,823.97,5,0.1,Cash,7.8,675.66
INV-2024-00758,2024-03-26,11:06,B,Mumbai,Member,Female,Home & Kitchen,Storage Set,651.37,1,0.15000000000000002,UPI,8.0,429.9
INV-2024-00759,2024-01-06,15:50,B,Mumbai,Normal,Female,Home & Kitchen,Mixer Grinder,3483.37,3,0.0,UPI,9.4,2299.02
INV-2024-00760,2024-02-14,14:16,A,Delhi,Normal,Female,Electronics,Power Bank,1579.94,2,0.1,UPI,7.9,1090.16
INV-2024-00761,2024-03-08,20:01,A,Delhi,Member,Male,Home & Kitchen,Cookware Set,2457.63,2,0.0,Card,7.1,1622.04
INV-2024-00762,2024-01-15,15:21,C,Bengaluru,Normal,Female,Groceries,Breakfast Cereal,352.88,2,0.0,Cash,7.8,289.36
INV-2024-00763,2024-01-06,12:50,B,Mumbai,Normal,Male,Personal Care,Trimmer,1904.85,1,0.1,UPI,9.1,1104.81
INV-2024-00764,2024-01-14,12:06,A,Delhi,Member,Female,Home & Kitchen,Storage Set,753.58,1,0.1,Card,7.5,497.36
INV-2024-00765,2024-03-25,14:28,B,Mumbai,Normal,Female,Clothing,Sports Shoes,2642.87,1,0.05,Cash,8.1,1612.15
INV-2024-00766,2024-01-01,21:07,A,Delhi,Member,Male,Clothing,T-Shirt,786.82,3,0.05,UPI,8.1,479.96
INV-2024-00767,2024-01-20,19:47,A,Delhi,Normal,Male,Personal Care,Skin Care Kit,1112.61,3,0.1,UPI,8.6,645.31
INV-2024-00768,2024-01-04,19:29,A,Delhi,Normal,Male,Groceries,Dry Fruits,1002.73,1,0.15,Card,9.5,822.24
INV-2024-00769,2024-01-12,19:16,B,Mumbai,Member,Male,Groceries,Cooking Oil,752.6,3,0.05,Card,5.6,617.13
INV-2024-00770,2024-02-29,12:32,B,Mumbai,Member,Male,Personal Care,Trimmer,1881.4,3,0.05,Cash,9.3,1091.21
INV-2024-00771,2024-01-25,15:54,C,Bengaluru,Member,Female,Groceries,Rice 5kg,646.15,2,0.05,Cash,6.0,529.84
INV-2024-00772,2024-02-24,13:46,A,Delhi,Member,Female,Sports,Cricket Bat,2053.6,5,0.05,UPI,7.4,1314.3
INV-2024-00773,2024-02-26,12:42,A,Delhi,Normal,Female,Groceries,Dry Fruits,889.37,7,0.0,UPI,7.1,729.28
INV-2024-00774,2024-03-19,19:04,B,Mumbai,Member,Female,Electronics,Smart Watch,3772.86,2,0.15,Card,7.3,2603.27
INV-2024-00775,2024-01-01,14:29,B,Mumbai,Normal,Female,Groceries,Dry Fruits,976.0,6,0.0,UPI,6.1,800.32
INV-2024-00776,2024-03-19,18:29,B,Mumbai,Normal,Female,Electronics,Earbuds,2279.17,6,0.15,Card,8.8,1572.63
INV-2024-00777,2024-02-29,15:10,B,Mumbai,Member,Female,Clothing,T-Shirt,807.04,2,0.15,Card,6.5,492.29
INV-2024-00778,2024-01-17,19:39,A,Delhi,Normal,Male,Groceries,Dry Fruits,983.62,2,0.05,Cash,6.8,806.57
INV-2024-00779,2024-03-13,16:40,B,Mumbai,Normal,Female,Groceries,Dry Fruits,919.06,2,0.1,UPI,8.7,753.63
INV-2024-00780,2024-03-20,19:27,C,Bengaluru,Normal,Female,Groceries,Breakfast Cereal,385.84,2,0.15,Card,8.1,316.39
INV-2024-00781,2024-01-26,18:15,A,Delhi,Normal,Male,Electronics,Smart Watch,4199.22,4,0.05,UPI,7.8,2897.46
INV-2024-00782,2024-03-25,11:07,B,Mumbai,Normal,Female,Clothing,T-Shirt,813.59,3,0.05,UPI,6.2,496.29
INV-2024-00783,2024-02-14,17:52,A,Delhi,Normal,Female,Personal Care,Trimmer,1913.55,1,0.2,UPI,6.2,1109.86
INV-2024-00784,2024-02-27,13:27,B,Mumbai,Normal,Male,Electronics,Smart Watch,4296.12,2,0.15,Cash,5.2,2964.32
INV-2024-00785,2024-03-30,17:48,A,Delhi,Normal,Male,Personal Care,Skin Care Kit,1158.8,6,0.05,UPI,7.4,672.1
INV-2024-00786,2024-02-05,11:18,C,Bengaluru,Normal,Male,Electronics,Smart Watch,4107.0,3,0.1,UPI,8.0,2833.83
INV-2024-00787,2024-03-16,10:34,B,Mumbai,Normal,Female,Groceries,Rice 5kg,628.94,6,0.0,UPI,7.5,515.73
INV-2024-00788,2024-02-01,13:30,A,Delhi,Normal,Female,Groceries,Rice 5kg,606.28,1,0.0,Card,6.7,497.15
INV-2024-00789,2024-03-15,18:41,B,Mumbai,Member,Male,Clothing,T-Shirt,826.64,1,0.05,UPI,7.6,504.25
INV-2024-00790,2024-02-27,12:44,B,Mumbai,Member,Male,Home & Kitchen,Storage Set,721.67,2,0.05,Card,9.3,476.3
INV-2024-00791,2024-01-22,21:31,A,Delhi,Normal,Male,Clothing,T-Shirt,862.66,5,0.05,Card,8.9,526.22
INV-2024-00792,2024-02-10,15:02,B,Mumbai,Normal,Female,Groceries,Breakfast Cereal,366.97,3,0.1,UPI,5.9,300.92
INV-2024-00793,2024-02-01,16:07,A,Delhi,Normal,Male,Electronics,Earbuds,2207.85,4,0.0,UPI,8.1,1523.42
INV-2024-00794,2024-01-08,16:51,B,Mumbai,Normal,Female,Sports,Dumbbell Set,2504.25,4,0.05,UPI,8.1,1602.72
INV-2024-00795,2024-01-04,14:22,C,Bengaluru,Member,Female,Groceries,Rice 5kg,664.82,3,0.0,Card,10.0,545.15
INV-2024-00796,2024-02-04,10:47,A,Delhi,Member,Female,Groceries,Dry Fruits,931.28,1,0.15000000000000002,UPI,6.4,763.65
INV-2024-00797,2024-01-03,20:35,C,Bengaluru,Normal,Male,Clothing,Jeans,1936.49,2,0.0,UPI,6.2,1181.26
INV-2024-00798,2024-01-17,10:09,B,Mumbai,Normal,Male,Clothing,T-Shirt,767.78,2,0.0,UPI,7.3,468.35
INV-2024-00799,2024-03-09,18:27,A,Delhi,Member,Male,Groceries,Cooking Oil,839.75,2,0.15000000000000002,UPI,9.3,688.6
INV-2024-00800,2024-03-07,21:48,C,Bengaluru,Normal,Male,Sports,Cricket Bat,2062.59,3,0.05,UPI,8.0,1320.06
INV-2024-00801,2024-03-10,19:23,C,Bengaluru,Normal,Male,Groceries,Breakfast Cereal,388.24,4,0.1,Cash,7.8,318.36
INV-2024-00802,2024-02-01,16:21,C,Bengaluru,Normal,Female,Sports,Dumbbell Set,2373.04,1,0.0,UPI,7.5,1518.75
INV-2024-00803,2024-03-23,11:26,C,Bengaluru,Member,Male,Clothing,Jacket,3121.99,3,0.2,UPI,7.9,1904.41
INV-2024-00804,2024-02-26,14:10,C,Bengaluru,Member,Male,Clothing,Jeans,1804.26,2,0.05,UPI,10.0,1100.6
INV-2024-00805,2024-01-13,11:19,A,Delhi,Member,Female,Sports,Yoga Mat,901.46,4,0.05,UPI,7.1,576.93
INV-2024-00806,2024-01-15,20:18,A,Delhi,Member,Female,Electronics,Smart Watch,4227.43,1,0.15000000000000002,Card,10.0,2916.93
INV-2024-00807,2024-03-06,17:24,C,Bengaluru,Normal,Female,Electronics,Bluetooth Speaker,3018.88,1,0.0,UPI,6.2,2083.03
INV-2024-00808,2024-01-18,10:45,B,Mumbai,Normal,Male,Personal Care,Skin Care Kit,1178.11,1,0.15,Cash,9.0,683.3
INV-2024-00809,2024-02-18,15:13,A,Delhi,Member,Female,Clothing,Sports Shoes,2660.66,3,0.05,Card,5.9,1623.0
INV-2024-00810,2024-03-31,14:37,C,Bengaluru,Member,Female,Electronics,Power Bank,1552.34,2,0.15,Card,7.6,1071.11
INV-2024-00811,2024-01-01,17:03,A,Delhi,Normal,Female,Sports,Dumbbell Set,2580.3,2,0.05,UPI,7.3,1651.39
INV-2024-00812,2024-01-02,20:55,B,Mumbai,Member,Female,Groceries,Breakfast Cereal,392.18,1,0.05,UPI,8.5,321.59
INV-2024-00813,2024-03-31,18:57,A,Delhi,Normal,Male,Electronics,Smart Watch,3706.67,2,0.0,UPI,7.0,2557.6
INV-2024-00814,2024-02-25,19:07,B,Mumbai,Normal,Male,Sports,Yoga Mat,954.55,3,0.0,UPI,7.9,610.91
INV-2024-00815,2024-01-13,14:36,B,Mumbai,Member,Male,Electronics,Smart Watch,3926.88,2,0.05,Card,6.6,2709.55
INV-2024-00816,2024-03-23,17:25,B,Mumbai,Normal,Female,Electronics,Bluetooth Speaker,2621.37,3,0.1,UPI,6.9,1808.75
INV-2024-00817,2024-03-22,14:44,A,Delhi,Normal,Male,Groceries,Dry Fruits,926.1,4,0.05,UPI,7.0,759.4
INV-2024-00818,2024-02-21,18:59,C,Bengaluru,Member,Male,Sports,Dumbbell Set,2369.63,2,0.05,Cash,9.1,1516.56
INV-2024-00819,2024-02-29,18:28,C,Bengaluru,Normal,Female,Clothing,Jacket,3170.48,3,0.05,UPI,7.9,1933.99
INV-2024-00820,2024-01-28,10:46,A,Delhi,Normal,Male,Groceries,Dry Fruits,981.28,4,0.15,Card,10.0,804.65
INV-2024-00821,2024-01-06,12:58,A,Delhi,Normal,Male,Electronics,Earbuds,2051.61,1,0.1,UPI,9.2,1415.61
INV-2024-00822,2024-02-26,17:31,C,Bengaluru,Member,Female,Clothing,T-Shirt,848.71,2,0.2,UPI,7.0,517.71
INV-2024-00823,2024-01-30,15:55,B,Mumbai,Normal,Male,Personal Care,Perfume,1508.8,1,0.0,UPI,5.2,875.1
INV-2024-00824,2024-03-03,12:22,A,Delhi,Member,Male,Electronics,Smart Watch,4224.72,3,0.0,Cash,7.8,2915.06
INV-2024-00825,2024-03-18,15:38,B,Mumbai,Member,Female,Clothing,T-Shirt,821.33,1,0.05,UPI,8.5,501.01
INV-2024-00826,2024-01-02,18:20,C,Bengaluru,Normal,Female,Groceries,Cooking Oil,735.19,3,0.05,Card,9.8,602.86
INV-2024-00827,2024-02-26,12:36,B,Mumbai,Normal,Female,Personal Care,Perfume,1702.05,5,0.0,Cash,7.2,987.19
INV-2024-00828,2024-01-24,19:40,A,Delhi,Normal,Male,Home & Kitchen,Cookware Set,2407.75,3,0.15,UPI,6.4,1589.11
INV-2024-00829,2024-03-21,10:07,C,Bengaluru,Member,Female,Electronics,Bluetooth Speaker,2714.83,1,0.2,UPI,7.5,1873.23
INV-2024-00830,2024-01-26,17:12,C,Bengaluru,Member,Female,Groceries,Cooking Oil,749.07,1,0.0,Card,7.3,614.24
INV-2024-00831,2024-02-28,18:56,B,Mumbai,Normal,Female,Groceries,Cooking Oil,761.7,5,0.0,Card,7.5,624.59
INV-2024-00832,2024-02-23,18:56,A,Delhi,Normal,Male,Home & Kitchen,Mixer Grinder,3381.04,3,0.0,UPI,7.1,2231.49
INV-2024-00833,2024-02-08,19:08,A,Delhi,Member,Male,Electronics,Power Bank,1455.75,2,0.1,UPI,9.0,1004.47
INV-2024-00834,2024-03-05,18:29,A,Delhi,Normal,Male,Sports,Fitness Band,1305.89,4,0.0,UPI,8.2,835.77
INV-2024-00835,2024-03-09,13:06,A,Delhi,Member,Male,Groceries,Rice 5kg,597.08,1,0.1,UPI,7.6,489.61
INV-2024-00836,2024-02-24,18:29,A,Delhi,Normal,Male,Electronics,Power Bank,1605.93,2,0.1,Card,3.9,1108.09
INV-2024-00837,2024-03-11,13:09,A,Delhi,Normal,Female,Groceries,Breakfast Cereal,387.27,2,0.15,Cash,5.5,317.56
INV-2024-00838,2024-03-30,17:55,C,Bengaluru,Member,Male,Groceries,Breakfast Cereal,405.83,6,0.0,UPI,9.9,332.78
INV-2024-00839,2024-02-10,13:11,A,Delhi,Member,Male,Personal Care,Trimmer,1984.07,4,0.0,UPI,7.9,1150.76
INV-2024-00840,2024-02-19,13:19,B,Mumbai,Member,Male,Home & Kitchen,Storage Set,682.93,3,0.15000000000000002,UPI,7.9,450.73
INV-2024-00841,2024-01-02,11:22,A,Delhi,Member,Male,Electronics,Earbuds,2251.96,4,0.15000000000000002,Card,8.0,1553.85
INV-2024-00842,2024-03-15,18:12,B,Mumbai,Normal,Male,Clothing,Sports Shoes,2678.55,5,0.1,Cash,7.5,1633.92
INV-2024-00843,2024-02-20,14:38,A,Delhi,Member,Male,Electronics,Bluetooth Speaker,2588.12,1,0.05,Cash,8.4,1785.8
INV-2024-00844,2024-02-10,21:15,C,Bengaluru,Member,Male,Groceries,Rice 5kg,624.42,2,0.1,Card,7.1,512.02
INV-2024-00845,2024-01-10,18:13,B,Mumbai,Member,Male,Groceries,Breakfast Cereal,400.45,3,0.15000000000000002,Card,7.0,328.37
INV-2024-00846,2024-03-23,12:13,B,Mumbai,Normal,Male,Personal Care,Skin Care Kit,1127.16,2,0.1,Card,6.4,653.75
INV-2024-00847,2024-02-08,18:06,A,Delhi,Member,Male,Groceries,Cooking Oil,813.89,1,0.0,Cash,8.0,667.39
INV-2024-00848,2024-03-05,19:51,B,Mumbai,Member,Female,Groceries,Cooking Oil,838.11,1,0.15000000000000002,UPI,5.8,687.25
INV-2024-00849,2024-01-15,16:49,B,Mumbai,Normal,Female,Clothing,Sports Shoes,2386.27,1,0.05,UPI,5.1,1455.62
INV-2024-00850,2024-03-29,17:34,A,Delhi,Normal,Female,Personal Care,Skin Care Kit,1103.93,3,0.15,Card,8.7,640.28
INV-2024-00851,2024-01-18,11:44,B,Mumbai,Member,Male,Clothing,Jeans,1925.26,2,0.0,UPI,6.5,1174.41
INV-2024-00852,2024-01-20,13:00,B,Mumbai,Member,Female,Home & Kitchen,Cookware Set,2325.64,2,0.05,Card,9.4,1534.92
INV-2024-00853,2024-03-20,11:39,A,Delhi,Normal,Female,Personal Care,Shampoo,467.53,2,0.05,UPI,6.7,271.17
INV-2024-00854,2024-03-24,17:32,A,Delhi,Normal,Female,Groceries,Cooking Oil,764.96,3,0.15,UPI,8.8,627.27
INV-2024-00855,2024-01-21,13:44,C,Bengaluru,Member,Male,Groceries,Breakfast Cereal,390.9,6,0.05,UPI,8.2,320.54
INV-2024-00856,2024-02-15,14:24,B,Mumbai,Normal,Male,Clothing,Jeans,1706.47,1,0.05,Card,8.9,1040.95
INV-2024-00857,2024-03-09,19:03,B,Mumbai,Normal,Male,Groceries,Cooking Oil,773.05,4,0.1,Cash,7.7,633.9
INV-2024-00858,2024-03-22,20:38,B,Mumbai,Normal,Male,Groceries,Dry Fruits,988.75,2,0.15,UPI,7.4,810.78
INV-2024-00859,2024-02-07,18:41,A,Delhi,Member,Male,Personal Care,Perfume,1593.08,2,0.05,Card,8.0,923.99
INV-2024-00860,2024-02-19,17:46,B,Mumbai,Normal,Female,Home & Kitchen,Cookware Set,2315.22,1,0.05,Card,9.0,1528.05
INV-2024-00861,2024-03-10,09:26,A,Delhi,Normal,Female,Sports,Fitness Band,1296.87,2,0.1,UPI,6.1,830.0
INV-2024-00862,2024-03-09,15:24,C,Bengaluru,Member,Female,Groceries,Cooking Oil,739.88,1,0.0,Card,8.6,606.7
INV-2024-00863,2024-03-14,21:43,C,Bengaluru,Member,Female,Electronics,Earbuds,2093.19,3,0.0,Card,8.8,1444.3
INV-2024-00864,2024-02-24,12:53,A,Delhi,Normal,Female,Groceries,Cooking Oil,738.67,3,0.1,Card,8.1,605.71
INV-2024-00865,2024-01-11,11:18,A,Delhi,Member,Female,Sports,Fitness Band,1225.39,2,0.1,Card,7.8,784.25
INV-2024-00866,2024-03-24,18:17,B,Mumbai,Normal,Male,Sports,Yoga Mat,904.74,4,0.1,Card,7.4,579.03
INV-2024-00867,2024-03-20,12:22,C,Bengaluru,Member,Female,Home & Kitchen,Cookware Set,2295.75,3,0.0,UPI,8.2,1515.19
INV-2024-00868,2024-03-15,13:31,C,Bengaluru,Member,Female,Groceries,Rice 5kg,579.96,1,0.0,Card,8.4,475.57
INV-2024-00869,2024-01-11,19:05,A,Delhi,Normal,Male,Sports,Cricket Bat,2141.29,2,0.2,Cash,5.8,1370.43
INV-2024-00870,2024-01-21,11:12,B,Mumbai,Normal,Male,Electronics,Earbuds,2166.01,2,0.15,UPI,6.2,1494.55
INV-2024-00871,2024-03-10,13:08,C,Bengaluru,Normal,Male,Clothing,Jacket,2953.62,2,0.0,UPI,5.9,1801.71
INV-2024-00872,2024-01-03,15:27,A,Delhi,Member,Female,Home & Kitchen,Storage Set,673.23,2,0.1,UPI,8.7,444.33
INV-2024-00873,2024-03-30,18:19,A,Delhi,Normal,Male,Electronics,Bluetooth Speaker,2836.71,3,0.0,UPI,7.5,1957.33
INV-2024-00874,2024-02-06,18:46,C,Bengaluru,Member,Male,Home & Kitchen,Storage Set,664.73,1,0.0,UPI,7.7,438.72
INV-2024-00875,2024-03-08,11:38,C,Bengaluru,Normal,Male,Clothing,Jeans,1717.14,3,0.0,Cash,8.1,1047.46
INV-2024-00876,2024-03-22,14:43,B,Mumbai,Member,Female,Groceries,Dry Fruits,918.6,5,0.0,UPI,7.3,753.25
INV-2024-00877,2024-02-08,19:38,B,Mumbai,Normal,Female,Electronics,Smart Watch,3765.27,3,0.0,UPI,8.7,2598.04
INV-2024-00878,2024-02-01,14:16,A,Delhi,Normal,Male,Electronics,Bluetooth Speaker,2828.85,6,0.05,UPI,7.0,1951.91
INV-2024-00879,2024-02-28,10:32,B,Mumbai,Normal,Female,Electronics,Power Bank,1612.18,3,0.1,Cash,6.9,1112.4
INV-2024-00880,2024-02-25,17:02,A,Delhi,Normal,Male,Clothing,T-Shirt,765.9,4,0.05,Cash,7.2,467.2
INV-2024-00881,2024-02-10,20:40,A,Delhi,Member,Female,Groceries,Dry Fruits,934.29,4,0.0,Card,8.5,766.12
INV-2024-00882,2024-02-27,19:06,B,Mumbai,Member,Male,Groceries,Cooking Oil,839.65,3,0.2,Cash,8.7,688.51
INV-2024-00883,2024-03-26,14:07,B,Mumbai,Normal,Male,Groceries,Rice 5kg,594.44,4,0.1,Cash,5.6,487.44
INV-2024-00884,2024-02-15,14:53,C,Bengaluru,Normal,Male,Electronics,Earbuds,2123.63,2,0.0,UPI,6.4,1465.3
INV-2024-00885,2024-01-20,18:30,C,Bengaluru,Member,Female,Sports,Yoga Mat,856.51,1,0.1,Card,5.7,548.17
INV-2024-00886,2024-02-06,17:04,B,Mumbai,Normal,Female,Electronics,Bluetooth Speaker,3019.42,3,0.05,UPI,7.9,2083.4
INV-2024-00887,2024-02-08,17:20,B,Mumbai,Member,Female,Home & Kitchen,Storage Set,672.94,2,0.15,Cash,8.1,444.14
INV-2024-00888,2024-01-14,20:07,A,Delhi,Normal,Female,Groceries,Cooking Oil,849.12,1,0.0,Card,6.4,696.28
INV-2024-00889,2024-01-17,17:46,B,Mumbai,Normal,Female,Personal Care,Skin Care Kit,1173.96,1,0.0,Cash,7.2,680.9
INV-2024-00890,2024-03-05,16:02,A,Delhi,Normal,Male,Personal Care,Trimmer,1812.86,4,0.0,Card,5.3,1051.46
INV-2024-00891,2024-02-03,17:41,C,Bengaluru,Member,Female,Groceries,Cooking Oil,750.86,2,0.0,Cash,6.8,615.71
INV-2024-00892,2024-03-28,18:50,B,Mumbai,Member,Female,Groceries,Cooking Oil,800.76,2,0.1,UPI,7.5,656.62
INV-2024-00893,2024-01-25,12:59,A,Delhi,Member,Female,Clothing,Sports Shoes,2380.68,2,0.1,Card,7.3,1452.21
INV-2024-00894,2024-01-11,16:06,A,Delhi,Member,Female,Electronics,Smart Watch,3903.72,1,0.0,UPI,10.0,2693.57
INV-2024-00895,2024-03-11,21:55,B,Mumbai,Member,Male,Home & Kitchen,Storage Set,723.69,1,0.2,Card,9.8,477.64
INV-2024-00896,2024-03-22,19:58,A,Delhi,Member,Male,Clothing,Jacket,2875.89,1,0.0,UPI,6.9,1754.29
INV-2024-00897,2024-01-28,21:18,C,Bengaluru,Normal,Female,Clothing,Jeans,1879.96,1,0.0,Card,6.7,1146.78
INV-2024-00898,2024-01-21,09:08,B,Mumbai,Member,Female,Home & Kitchen,Storage Set,723.93,4,0.15,UPI,9.7,477.79
INV-2024-00899,2024-01-19,15:37,B,Mumbai,Normal,Female,Groceries,Breakfast Cereal,370.94,4,0.0,Card,5.6,304.17
INV-2024-00900,2024-02-20,19:32,A,Delhi,Member,Male,Groceries,Cooking Oil,817.54,1,0.05,Cash,5.7,670.38
INV-2024-00901,2024-02-15,11:48,A,Delhi,Member,Male,Groceries,Cooking Oil,795.52,1,0.0,Card,8.6,652.33
INV-2024-00902,2024-01-27,20:32,B,Mumbai,Normal,Female,Electronics,Power Bank,1532.14,3,0.0,Card,,1057.18
INV-2024-00903,2024-01-05,20:20,B,Mumbai,Member,Female,Personal Care,Skin Care Kit,1261.5,2,0.0,UPI,6.8,731.67
INV-2024-00904,2024-02-16,12:24,A,Delhi,Normal,Female,Home & Kitchen,Storage Set,725.56,1,0.05,Card,7.2,478.87
INV-2024-00905,2024-03-28,20:48,B,Mumbai,Member,Female,Personal Care,Shampoo,472.54,1,0.0,Card,7.1,274.07
INV-2024-00906,2024-03-03,21:18,B,Mumbai,Member,Female,Electronics,Smart Watch,3761.7,2,0.05,UPI,6.0,2595.57
INV-2024-00907,2024-02-17,12:57,B,Mumbai,Normal,Female,Groceries,Breakfast Cereal,360.84,4,0.0,Card,9.5,295.89
INV-2024-00908,2024-01-12,15:58,A,Delhi,Member,Female,Groceries,Rice 5kg,611.0,5,0.1,Card,6.9,501.02
INV-2024-00909,2024-01-26,20:24,B,Mumbai,Member,Male,Groceries,Breakfast Cereal,379.61,3,0.1,UPI,7.8,311.28
INV-2024-00910,2024-01-30,17:34,B,Mumbai,Normal,Female,Sports,Cricket Bat,1907.57,3,0.1,Card,6.9,1220.84
INV-2024-00911,2024-03-12,17:10,C,Bengaluru,Member,Male,Clothing,T-Shirt,761.51,3,0.15000000000000002,UPI,9.1,464.52
INV-2024-00912,2024-03-21,12:07,A,Delhi,Normal,Male,Electronics,Smart Watch,4295.44,5,0.0,UPI,5.5,2963.85
INV-2024-00913,2024-03-23,18:00,B,Mumbai,Member,Female,Home & Kitchen,Bedsheet,926.55,3,0.0,UPI,7.3,611.52
INV-2024-00914,2024-03-30,18:20,A,Delhi,Normal,Male,Electronics,Smart Watch,4179.24,2,0.05,Cash,8.0,2883.68
INV-2024-00915,2024-03-30,21:37,C,Bengaluru,Normal,Male,Electronics,Earbuds,2132.51,3,0.0,UPI,7.5,1471.43
INV-2024-00916,2024-03-28,17:39,C,Bengaluru,Normal,Female,Sports,Cricket Bat,2006.62,4,0.2,UPI,7.0,1284.24
INV-2024-00917,2024-01-08,18:26,A,Delhi,Normal,Female,Groceries,Breakfast Cereal,403.75,5,0.1,Cash,8.8,331.08
INV-2024-00918,2024-01-14,18:09,A,Delhi,Normal,Female,Electronics,Smart Watch,3791.06,4,0.0,UPI,8.7,2615.83
INV-2024-00919,2024-01-31,19:02,A,Delhi,Member,Female,Home & Kitchen,Bedsheet,1064.23,3,0.2,Card,7.7,702.39
INV-2024-00920,2024-02-23,16:27,B,Mumbai,Member,Female,Groceries,Breakfast Cereal,352.11,4,0.05,UPI,9.1,288.73
INV-2024-00921,2024-01-10,19:09,C,Bengaluru,Normal,Male,Electronics,Bluetooth Speaker,2905.8,3,0.1,Card,7.1,2005.0
INV-2024-00922,2024-03-19,16:33,A,Delhi,Member,Female,Personal Care,Skin Care Kit,1160.67,1,0.0,UPI,5.6,673.19
INV-2024-00923,2024-02-29,09:18,B,Mumbai,Normal,Female,Groceries,Cooking Oil,845.09,1,0.05,Card,7.1,692.97
INV-2024-00924,2024-02-22,13:51,A,Delhi,Member,Female,Personal Care,Shampoo,430.9,2,0.05,Cash,6.9,249.92
INV-2024-00925,2024-01-17,10:52,C,Bengaluru,Member,Female,Personal Care,Skin Care Kit,1220.09,2,0.15,UPI,5.8,707.65
INV-2024-00926,2024-01-26,12:40,A,Delhi,Normal,Male,Groceries,Rice 5kg,650.15,2,0.1,UPI,9.1,533.12
INV-2024-00927,2024-01-17,13:17,C,Bengaluru,Member,Female,Groceries,Breakfast Cereal,381.62,4,0.05,Cash,6.5,312.93
INV-2024-00928,2024-03-19,16:10,C,Bengaluru,Normal,Female,Clothing,T-Shirt,841.05,3,0.0,UPI,6.3,513.04
INV-2024-00929,2024-02-25,15:07,C,Bengaluru,Member,Female,Groceries,Dry Fruits,893.23,2,0.15,UPI,7.9,732.45
INV-2024-00930,2024-03-09,17:22,B,Mumbai,Member,Female,Clothing,T-Shirt,796.69,3,0.05,Card,8.7,485.98
INV-2024-00931,2024-01-30,18:40,A,Delhi,Member,Female,Groceries,Cooking Oil,733.31,3,0.0,Card,7.7,601.31
INV-2024-00932,2024-02-06,15:38,C,Bengaluru,Normal,Female,Groceries,Cooking Oil,776.63,2,0.0,UPI,6.4,636.84
INV-2024-00933,2024-02-09,19:59,A,Delhi,Normal,Female,Clothing,T-Shirt,790.35,3,0.05,UPI,7.5,482.11
INV-2024-00934,2024-03-11,13:49,A,Delhi,Normal,Female,Home & Kitchen,Storage Set,658.08,3,0.0,Cash,8.2,434.33
INV-2024-00935,2024-03-13,13:22,C,Bengaluru,Normal,Male,Groceries,Breakfast Cereal,374.89,3,0.15,Cash,6.2,307.41
INV-2024-00936,2024-01-21,18:13,A,Delhi,Member,Female,Clothing,Jacket,3136.0,3,0.0,Cash,7.3,1912.96
INV-2024-00937,2024-03-27,14:27,C,Bengaluru,Normal,Female,Clothing,T-Shirt,860.07,1,0.15,UPI,8.3,524.64
INV-2024-00938,2024-01-13,14:59,A,Delhi,Member,Female,Personal Care,Skin Care Kit,1288.74,1,0.05,Card,8.5,747.47
INV-2024-00939,2024-03-23,10:51,B,Mumbai,Member,Female,Sports,Cricket Bat,2075.5,3,0.1,UPI,8.1,1328.32
INV-2024-00940,2024-01-11,18:19,A,Delhi,Normal,Male,Personal Care,Skin Care Kit,1181.96,4,0.05,UPI,6.3,685.54
INV-2024-00941,2024-01-27,17:16,B,Mumbai,Normal,Female,Groceries,Cooking Oil,809.98,2,0.2,Card,7.7,664.18
INV-2024-00942,2024-03-19,15:07,C,Bengaluru,Normal,Female,Clothing,Sports Shoes,2547.72,2,0.15,UPI,8.7,1554.11
INV-2024-00943,2024-01-19,21:11,B,Mumbai,Member,Male,Electronics,Earbuds,2194.31,5,0.05,Cash,5.0,1514.07
INV-2024-00944,2024-02-10,18:04,C,Bengaluru,Member,Male,Electronics,Bluetooth Speaker,3019.55,4,0.1,Card,6.9,2083.49
INV-2024-00945,2024-02-13,19:53,B,Mumbai,Member,Male,Groceries,Rice 5kg,571.07,4,0.15,UPI,7.9,468.28
INV-2024-00946,2024-01-25,13:44,B,Mumbai,Member,Male,Electronics,Power Bank,1402.53,4,0.1,UPI,8.5,967.75
INV-2024-00947,2024-03-07,21:22,A,Delhi,Member,Male,Electronics,Earbuds,2237.71,1,0.05,UPI,8.4,1544.02
INV-2024-00948,2024-03-19,17:18,B,Mumbai,Normal,Female,Home & Kitchen,Bedsheet,1067.0,4,0.1,Card,4.7,704.22
INV-2024-00949,2024-03-21,10:29,A,Delhi,Normal,Female,Sports,Cricket Bat,1848.01,1,0.0,UPI,10.0,1182.73
INV-2024-00950,2024-02-03,09:19,B,Mumbai,Member,Female,Clothing,Jacket,2850.4,1,0.1,UPI,9.0,1738.74
INV-2024-00951,2024-02-21,11:03,C,Bengaluru,Member,Female,Groceries,Rice 5kg,616.49,5,0.05,UPI,8.3,505.52
INV-2024-00952,2024-01-25,12:58,B,Mumbai,Normal,Male,Clothing,Jeans,1831.61,1,0.1,UPI,4.6,1117.28
INV-2024-00953,2024-01-25,16:44,C,Bengaluru,Normal,Female,Home & Kitchen,Bedsheet,1063.75,1,0.1,UPI,5.8,702.07
INV-2024-00954,2024-01-17,15:50,C,Bengaluru,Normal,Male,Home & Kitchen,Cookware Set,2415.76,3,0.15,Card,6.1,1594.4
INV-2024-00955,2024-03-27,12:52,C,Bengaluru,Member,Female,Clothing,Sports Shoes,2655.17,2,0.05,Cash,9.8,1619.65
INV-2024-00956,2024-03-22,16:25,A,Delhi,Member,Male,Sports,Dumbbell Set,2561.21,2,0.05,UPI,9.5,1639.17
INV-2024-00957,2024-03-13,17:21,C,Bengaluru,Member,Male,Groceries,Dry Fruits,1002.1,2,0.1,UPI,7.5,821.72
INV-2024-00958,2024-02-19,18:43,A,Delhi,Normal,Female,Sports,Cricket Bat,1886.84,1,0.05,Cash,7.4,1207.58
INV-2024-00959,2024-02-17,10:38,A,Delhi,Normal,Female,Groceries,Cooking Oil,766.83,1,0.05,Card,7.2,628.8
INV-2024-00960,2024-02-20,17:01,A,Delhi,Member,Female,Clothing,Jeans,1854.47,3,0.2,Cash,8.1,1131.23
INV-2024-00961,2024-02-21,21:50,A,Delhi,Normal,Male,Clothing,Jeans,1898.64,2,0.15,UPI,8.0,1158.17
INV-2024-00962,2024-02-12,10:24,A,Delhi,Member,Female,Clothing,Jeans,1882.16,3,0.1,Card,7.1,1148.12
INV-2024-00963,2024-01-14,17:06,B,Mumbai,Normal,Male,Clothing,Sports Shoes,2603.52,1,0.1,UPI,9.2,1588.15
INV-2024-00964,2024-01-13,13:29,A,Delhi,Member,Female,Clothing,Jacket,3002.87,2,0.1,Cash,10.0,1831.75
INV-2024-00965,2024-03-28,17:26,A,Delhi,Member,Male,Groceries,Breakfast Cereal,375.46,5,0.15,Card,8.0,307.88
INV-2024-00966,2024-02-16,15:10,A,Delhi,Normal,Male,Groceries,Dry Fruits,927.52,1,0.1,Cash,7.4,760.57
INV-2024-00967,2024-03-28,20:41,A,Delhi,Normal,Female,Personal Care,Shampoo,425.34,2,0.15,UPI,7.5,246.7
INV-2024-00968,2024-01-17,18:33,A,Delhi,Normal,Female,Groceries,Cooking Oil,778.84,1,0.05,UPI,6.3,638.65
INV-2024-00969,2024-02-23,21:00,C,Bengaluru,Member,Male,Home & Kitchen,Cookware Set,2334.25,3,0.1,Card,6.6,1540.6
INV-2024-00970,2024-01-21,15:59,B,Mumbai,Normal,Male,Groceries,Dry Fruits,1002.92,3,0.0,Card,9.0,822.39
INV-2024-00971,2024-01-26,18:24,C,Bengaluru,Member,Female,Home & Kitchen,Cookware Set,2478.2,2,0.2,Card,7.2,1635.61
INV-2024-00972,2024-01-04,20:01,C,Bengaluru,Member,Female,Personal Care,Perfume,1720.27,4,0.15000000000000002,UPI,7.6,997.76
INV-2024-00973,2024-01-13,19:09,C,Bengaluru,Member,Female,Home & Kitchen,Storage Set,690.29,5,0.1,Card,9.1,455.59
INV-2024-00974,2024-03-25,12:17,A,Delhi,Member,Male,Personal Care,Skin Care Kit,1289.51,5,0.1,UPI,8.1,747.92
INV-2024-00975,2024-02-02,10:42,C,Bengaluru,Member,Male,Personal Care,Shampoo,465.21,1,0.2,UPI,7.6,269.82
INV-2024-00976,2024-02-28,13:14,A,Delhi,Member,Male,Groceries,Dry Fruits,910.78,3,0.05,Cash,8.0,746.84
INV-2024-00977,2024-02-15,16:57,B,Mumbai,Normal,Female,Sports,Fitness Band,1360.58,5,0.1,UPI,7.2,870.77
INV-2024-00978,2024-02-09,18:49,B,Mumbai,Member,Male,Groceries,Cooking Oil,819.05,2,0.0,UPI,5.5,671.62
INV-2024-00979,2024-02-21,18:14,B,Mumbai,Normal,Male,Home & Kitchen,Mixer Grinder,3481.26,2,0.15,Cash,6.5,2297.63
INV-2024-00980,2024-01-19,21:51,C,Bengaluru,Member,Male,Home & Kitchen,Bedsheet,967.59,1,0.15,Cash,8.5,638.61
INV-2024-00981,2024-03-31,12:03,B,Mumbai,Member,Male,Groceries,Rice 5kg,608.26,1,0.0,Cash,6.0,498.77
INV-2024-00982,2024-03-16,18:38,C,Bengaluru,Normal,Female,Home & Kitchen,Mixer Grinder,3278.67,3,0.05,UPI,7.8,2163.92
INV-2024-00983,2024-03-10,15:34,B,Mumbai,Member,Female,Groceries,Cooking Oil,737.46,3,0.05,Card,9.4,604.72
INV-2024-00984,2024-02-15,15:56,B,Mumbai,Member,Female,Clothing,Jeans,1807.35,5,0.1,Cash,9.5,1102.48
INV-2024-00985,2024-01-16,13:51,A,Delhi,Normal,Female,Sports,Cricket Bat,2148.97,3,0.05,UPI,6.6,1375.34
INV-2024-00986,2024-03-25,18:03,C,Bengaluru,Member,Male,Groceries,Rice 5kg,624.64,1,0.0,UPI,8.0,512.2
INV-2024-00987,2024-02-03,21:54,A,Delhi,Normal,Male,Clothing,Jeans,1862.93,3,0.15,Cash,10.0,1136.39
INV-2024-00988,2024-01-06,18:47,B,Mumbai,Member,Male,Groceries,Breakfast Cereal,405.16,4,0.1,UPI,7.5,332.23
INV-2024-00989,2024-02-03,19:54,A,Delhi,Member,Male,Groceries,Cooking Oil,789.78,3,0.15000000000000002,UPI,4.9,647.62
INV-2024-00990,2024-03-15,19:33,C,Bengaluru,Normal,Female,Groceries,Breakfast Cereal,383.47,1,0.15,Card,9.3,314.45
INV-2024-00991,2024-02-29,19:27,A,Delhi,Normal,Female,Personal Care,Trimmer,2026.91,2,0.05,UPI,7.0,1175.61
INV-2024-00992,2024-03-11,18:50,A,Delhi,Normal,Female,Home & Kitchen,Storage Set,730.04,5,0.15,Cash,8.0,481.83
INV-2024-00993,2024-03-14,18:32,C,Bengaluru,Normal,Female,Clothing,Jacket,3122.58,1,0.15,UPI,6.0,1904.77
INV-2024-00994,2024-01-21,15:31,A,Delhi,Member,Female,Personal Care,Perfume,1659.1,3,0.05,UPI,8.1,962.28
INV-2024-00995,2024-03-25,09:57,B,Mumbai,Normal,Female,Personal Care,Skin Care Kit,1172.16,4,0.0,Card,8.5,679.85
INV-2024-00996,2024-02-12,17:11,B,Mumbai,Normal,Male,Electronics,Power Bank,1392.66,1,0.1,UPI,7.8,960.94
INV-2024-00997,2024-03-02,09:36,B,Mumbai,Member,Male,Groceries,Cooking Oil,728.72,1,0.1,UPI,8.5,597.55
INV-2024-00998,2024-01-01,17:24,C,Bengaluru,Normal,Male,Groceries,Dry Fruits,968.34,1,0.0,Card,7.9,794.04
INV-2024-00999,2024-03-31,21:54,C,Bengaluru,Normal,Male,Clothing,Jacket,3089.24,3,0.05,UPI,8.4,1884.44
INV-2024-01000,2024-01-28,17:10,C,Bengaluru,Normal,Male,Groceries,Rice 5kg,604.07,3,0.0,UPI,6.0,495.34
INV-2024-01001,2024-01-07,12:52,B,Mumbai,Normal,Male,Clothing,Jeans,1816.54,1,0.0,Card,6.7,1108.09
INV-2024-01002,2024-02-14,21:55,B,Mumbai,Member,Male,Groceries,Cooking Oil,829.08,2,0.05,UPI,6.4,679.85
INV-2024-01003,2024-01-13,17:43,B,Mumbai,Normal,Male,Clothing,Jeans,1751.89,4,0.1,UPI,9.2,1068.65
INV-2024-01004,2024-01-16,17:57,A,Delhi,Member,Male,Electronics,Bluetooth Speaker,2630.28,1,0.0,UPI,7.1,1814.89
INV-2024-01005,2024-03-01,15:36,A,Delhi,Member,Female,Groceries,Rice 5kg,667.35,1,0.0,Card,10.0,547.23
INV-2024-01006,2024-02-08,12:05,C,Bengaluru,Normal,Female,Clothing,Sports Shoes,2480.88,1,0.2,Cash,7.8,1513.34
INV-2024-01007,2024-03-25,20:15,C,Bengaluru,Normal,Male,Clothing,Jeans,1838.99,5,0.15,UPI,8.6,1121.78
INV-2024-01008,2024-02-01,20:26,A,Delhi,Normal,Female,Electronics,Smart Watch,3949.82,2,0.05,UPI,5.2,2725.38
INV-2024-01009,2024-03-09,10:32,B,Mumbai,Member,Female,Clothing,Sports Shoes,2656.31,2,0.1,Card,6.9,1620.35
INV-2024-01010,2024-02-14,14:11,B,Mumbai,Member,Male,Electronics,Bluetooth Speaker,2970.0,5,0.2,UPI,8.6,2049.3
INV-2024-01011,2024-03-03,19:20,A,Delhi,Member,Female,Home & Kitchen,Mixer Grinder,3426.26,4,0.0,Cash,8.2,2261.33
INV-2024-01012,2024-02-27,16:24,C,Bengaluru,Member,Male,Clothing,Jacket,3094.81,2,0.0,Card,6.4,1887.83
INV-2024-01013,2024-02-15,18:02,C,Bengaluru,Member,Female,Personal Care,Shampoo,459.42,1,0.05,Card,7.7,266.46
INV-2024-01014,2024-03-28,18:42,B,Mumbai,Normal,Female,Groceries,Dry Fruits,960.88,6,0.1,UPI,5.2,787.92
INV-2024-01015,2024-02-03,17:34,A,Delhi,Normal,Female,Groceries,Breakfast Cereal,389.97,1,0.1,UPI,7.5,319.78
INV-2024-01016,2024-01-18,10:19,A,Delhi,Member,Female,Sports,Yoga Mat,947.76,2,0.1,Card,7.0,606.57
INV-2024-01017,2024-03-05,18:51,A,Delhi,Normal,Male,Home & Kitchen,Mixer Grinder,3199.49,4,0.0,Card,8.4,2111.66
INV-2024-01018,2024-03-19,21:53,A,Delhi,Normal,Male,Personal Care,Skin Care Kit,1277.69,2,0.0,Card,3.4,741.06
INV-2024-01019,2024-01-05,10:37,B,Mumbai,Normal,Male,Personal Care,Skin Care Kit,1286.5,5,0.1,Card,8.0,746.17
INV-2024-01020,2024-02-13,11:36,B,Mumbai,Member,Male,Clothing,T-Shirt,759.81,2,0.1,Card,8.3,463.48
INV-2024-01021,2024-03-23,13:53,A,Delhi,Member,Female,Sports,Cricket Bat,2131.07,1,0.0,Cash,9.8,1363.88
INV-2024-01022,2024-03-11,17:46,C,Bengaluru,Normal,Female,Sports,Fitness Band,1310.24,1,0.15,UPI,7.5,838.55
INV-2024-01023,2024-03-31,19:17,A,Delhi,Member,Female,Electronics,Bluetooth Speaker,2951.05,1,0.15000000000000002,Card,7.5,2036.22
INV-2024-01024,2024-02-21,17:59,C,Bengaluru,Normal,Male,Sports,Cricket Bat,1925.18,1,0.1,UPI,9.4,1232.12
INV-2024-01025,2024-03-03,18:13,B,Mumbai,Member,Male,Groceries,Rice 5kg,602.47,1,0.0,Card,8.8,494.03
INV-2024-01026,2024-01-31,16:43,A,Delhi,Normal,Male,Groceries,Cooking Oil,842.51,6,0.15,UPI,7.2,690.86
INV-2024-01027,2024-03-27,19:31,C,Bengaluru,Normal,Male,Groceries,Dry Fruits,1003.06,5,0.05,Card,9.1,822.51
INV-2024-01028,2024-02-05,14:00,A,Delhi,Member,Female,Sports,Fitness Band,1343.0,2,0.1,Card,8.4,859.52
INV-2024-01029,2024-03-10,13:58,C,Bengaluru,Normal,Female,Clothing,T-Shirt,826.17,2,0.1,UPI,6.6,503.96
INV-2024-01030,2024-02-09,18:48,A,Delhi,Normal,Male,Personal Care,Perfume,1696.46,2,0.05,Card,7.7,983.95
INV-2024-01031,2024-02-24,19:08,C,Bengaluru,Member,Male,Home & Kitchen,Mixer Grinder,3092.64,3,0.2,UPI,8.8,2041.14
INV-2024-01032,2024-03-08,14:59,A,Delhi,Member,Female,Electronics,Bluetooth Speaker,2804.6,4,0.1,UPI,7.4,1935.17
INV-2024-01033,2024-02-18,13:06,A,Delhi,Member,Male,Personal Care,Trimmer,1773.93,5,0.05,UPI,6.9,1028.88
INV-2024-01034,2024-03-24,18:51,C,Bengaluru,Normal,Male,Clothing,Jacket,2867.22,5,0.05,Cash,6.8,1749.0
INV-2024-01035,2024-02-10,19:05,C,Bengaluru,Member,Male,Sports,Dumbbell Set,2483.72,4,0.1,Card,8.2,1589.58
INV-2024-01036,2024-03-02,15:01,A,Delhi,Member,Male,Clothing,T-Shirt,758.01,3,0.0,UPI,10.0,462.39
INV-2024-01037,2024-02-03,10:02,B,Mumbai,Normal,Male,Clothing,Jacket,2867.27,4,0.0,UPI,5.7,1749.03
INV-2024-01038,2024-02-10,16:31,A,Delhi,Normal,Male,Home & Kitchen,Storage Set,658.42,1,0.1,UPI,6.2,434.56
INV-2024-01039,2024-02-12,17:30,A,Delhi,Normal,Male,Home & Kitchen,Storage Set,704.01,4,0.05,UPI,5.9,464.65
INV-2024-01040,2024-01-13,14:57,C,Bengaluru,Member,Female,Groceries,Cooking Oil,761.65,5,0.05,UPI,7.6,624.55
INV-2024-01041,2024-01-10,13:32,B,Mumbai,Member,Male,Groceries,Breakfast Cereal,369.03,3,0.1,UPI,7.8,302.6
INV-2024-01042,2024-03-04,13:49,A,Delhi,Normal,Male,Groceries,Breakfast Cereal,387.43,1,0.15,UPI,5.6,317.69
INV-2024-01043,2024-03-03,17:51,C,Bengaluru,Normal,Male,Groceries,Cooking Oil,833.46,4,0.1,Card,7.7,683.44
INV-2024-01044,2024-03-03,18:49,B,Mumbai,Member,Female,Electronics,Earbuds,2280.7,3,0.0,Card,7.7,1573.68
INV-2024-01045,2024-01-03,09:55,A,Delhi,Normal,Male,Electronics,Bluetooth Speaker,2914.81,2,0.0,UPI,6.4,2011.22
INV-2024-01046,2024-02-02,16:35,B,Mumbai,Normal,Male,Electronics,Power Bank,1402.65,4,0.1,UPI,9.2,967.83
INV-2024-01047,2024-01-20,15:52,A,Delhi,Normal,Female,Clothing,Jacket,3012.01,2,0.1,UPI,6.7,1837.33
INV-2024-01048,2024-03-13,13:36,A,Delhi,Member,Female,Groceries,Cooking Oil,820.83,1,0.05,Cash,8.9,673.08
INV-2024-01049,2024-03-20,16:36,A,Delhi,Member,Female,Clothing,Sports Shoes,2359.82,2,0.05,UPI,7.2,1439.49
INV-2024-01050,2024-01-25,20:32,A,Delhi,Normal,Male,Electronics,Smart Watch,3946.58,3,0.15,Card,5.9,2723.14
INV-2024-01051,2024-03-04,11:45,A,Delhi,Normal,Male,Electronics,Smart Watch,4120.26,4,0.0,Cash,8.1,2842.98
INV-2024-01052,2024-01-13,19:59,A,Delhi,Member,Male,Groceries,Breakfast Cereal,352.05,2,0.1,UPI,7.0,288.68
INV-2024-01053,2024-01-28,18:22,A,Delhi,Normal,Female,Electronics,Bluetooth Speaker,2862.82,2,0.0,Card,7.7,1975.35
INV-2024-01054,2024-01-14,13:01,A,Delhi,Normal,Female,Groceries,Dry Fruits,991.12,2,0.1,UPI,7.5,812.72
INV-2024-01055,2024-01-29,16:28,C,Bengaluru,Member,Female,Home & Kitchen,Cookware Set,2243.63,4,0.0,Card,8.1,1480.8
INV-2024-01056,2024-03-04,20:46,A,Delhi,Normal,Female,Electronics,Bluetooth Speaker,2931.86,1,0.1,Card,6.7,2022.98
INV-2024-01057,2024-03-24,16:25,C,Bengaluru,Normal,Female,Personal Care,Skin Care Kit,1173.85,3,0.0,Cash,8.1,680.83
INV-2024-01058,2024-01-21,21:14,A,Delhi,Member,Male,Groceries,Rice 5kg,649.65,4,0.1,Card,9.1,532.71
INV-2024-01059,2024-02-22,15:50,A,Delhi,Normal,Male,Groceries,Breakfast Cereal,351.16,5,0.05,Card,6.3,287.95
INV-2024-01060,2024-03-07,16:49,C,Bengaluru,Member,Male,Personal Care,Perfume,1517.52,1,0.2,Cash,8.4,880.16
INV-2024-01061,2024-03-28,15:06,A,Delhi,Normal,Female,Clothing,Sports Shoes,2621.63,2,0.0,UPI,9.6,1599.19
INV-2024-01062,2024-02-28,14:25,B,Mumbai,Member,Male,Sports,Cricket Bat,2124.91,2,0.15000000000000002,UPI,7.5,1359.94
INV-2024-01063,2024-01-26,18:51,C,Bengaluru,Normal,Male,Groceries,Breakfast Cereal,377.95,4,0.1,Cash,7.8,309.92
INV-2024-01064,2024-02-29,09:10,A,Delhi,Normal,Male,Groceries,Dry Fruits,995.63,1,0.15,UPI,6.1,816.42
INV-2024-01065,2024-02-01,15:34,C,Bengaluru,Member,Male,Clothing,T-Shirt,843.3,4,0.15000000000000002,Cash,7.4,514.41
INV-2024-01066,2024-03-30,11:48,C,Bengaluru,Normal,Female,Personal Care,Skin Care Kit,1207.59,6,0.0,Card,8.8,700.4
INV-2024-01067,2024-02-09,09:48,A,Delhi,Member,Male,Personal Care,Trimmer,1920.46,3,0.15,Card,7.7,1113.87
INV-2024-01068,2024-03-05,15:05,A,Delhi,Normal,Male,Clothing,Jacket,3156.72,2,0.1,UPI,7.6,1925.6
INV-2024-01069,2024-01-03,19:19,B,Mumbai,Member,Female,Clothing,Jeans,1829.91,3,0.1,Card,6.7,1116.25
INV-2024-01070,2024-02-09,18:44,A,Delhi,Member,Male,Groceries,Cooking Oil,752.94,2,0.05,Cash,9.6,617.41
INV-2024-01071,2024-03-21,16:31,A,Delhi,Normal,Male,Electronics,Bluetooth Speaker,2829.82,1,0.05,Card,7.8,1952.58
INV-2024-01072,2024-02-28,16:50,A,Delhi,Member,Male,Clothing,Jeans,1799.22,4,0.1,UPI,7.0,1097.52
INV-2024-01073,2024-02-13,20:45,B,Mumbai,Normal,Male,Groceries,Rice 5kg,580.96,2,0.0,UPI,6.2,476.39
INV-2024-01074,2024-03-26,13:02,C,Bengaluru,Normal,Male,Sports,Cricket Bat,1941.2,4,0.1,UPI,9.0,1242.37
INV-2024-01075,2024-03-19,17:14,C,Bengaluru,Member,Female,Electronics,Bluetooth Speaker,2623.61,3,0.0,Card,8.7,1810.29
INV-2024-01076,2024-02-02,14:50,A,Delhi,Normal,Male,Groceries,Cooking Oil,784.84,4,0.0,Card,8.3,643.57
INV-2024-01077,2024-02-22,13:27,A,Delhi,Normal,Female,Sports,Cricket Bat,1943.96,1,0.0,Card,6.7,1244.13
INV-2024-01078,2024-02-17,17:56,A,Delhi,Member,Male,Home & Kitchen,Storage Set,730.38,3,0.0,Card,9.6,482.05
INV-2024-01079,2024-03-01,13:18,C,Bengaluru,Normal,Female,Personal Care,Perfume,1541.29,3,0.1,Card,6.6,893.95
INV-2024-01080,2024-02-03,18:30,A,Delhi,Normal,Male,Electronics,Smart Watch,3880.67,2,0.05,UPI,8.8,2677.66
INV-2024-01081,2024-01-25,17:39,C,Bengaluru,Member,Female,Home & Kitchen,Cookware Set,2446.16,3,0.05,Card,6.9,1614.47
INV-2024-01082,2024-03-24,21:05,C,Bengaluru,Normal,Male,Personal Care,Skin Care Kit,1214.65,2,0.1,UPI,6.4,704.5
INV-2024-01083,2024-03-25,18:14,A,Delhi,Member,Female,Personal Care,Trimmer,1839.99,1,0.0,UPI,8.1,1067.19
INV-2024-01084,2024-03-18,09:01,A,Delhi,Member,Male,Electronics,Power Bank,1395.15,3,0.0,Cash,6.2,962.65
INV-2024-01085,2024-03-30,19:47,C,Bengaluru,Normal,Female,Electronics,Earbuds,2309.83,5,0.0,Cash,8.8,1593.78
INV-2024-01086,2024-03-10,11:46,B,Mumbai,Normal,Female,Electronics,Bluetooth Speaker,2978.31,2,0.1,UPI,9.1,2055.03
INV-2024-01087,2024-03-12,19:58,A,Delhi,Member,Male,Electronics,Earbuds,2163.38,3,0.0,UPI,6.7,1492.73
INV-2024-01088,2024-03-12,16:51,A,Delhi,Normal,Female,Clothing,Sports Shoes,2323.28,3,0.05,Card,6.1,1417.2
INV-2024-01089,2024-02-16,14:19,A,Delhi,Normal,Male,Clothing,Jeans,1821.27,1,0.0,Card,7.2,1110.97
INV-2024-01090,2024-02-14,17:33,A,Delhi,Member,Male,Electronics,Power Bank,1429.25,3,0.05,UPI,6.7,986.18
INV-2024-01091,2024-01-24,16:57,B,Mumbai,Member,Female,Clothing,Jacket,3188.15,3,0.0,UPI,5.7,1944.77
INV-2024-01092,2024-03-02,19:18,B,Mumbai,Member,Male,Electronics,Smart Watch,4115.97,4,0.1,Card,7.7,2840.02
INV-2024-01093,2024-01-29,20:17,C,Bengaluru,Member,Female,Groceries,Dry Fruits,879.54,2,0.05,Cash,8.2,721.22
INV-2024-01094,2024-01-26,13:06,B,Mumbai,Member,Male,Personal Care,Perfume,1536.53,2,0.1,UPI,8.9,891.19
INV-2024-01095,2024-02-25,14:49,A,Delhi,Normal,Male,Sports,Yoga Mat,850.79,2,0.0,Cash,6.2,544.51
INV-2024-01096,2024-02-10,20:10,A,Delhi,Member,Male,Groceries,Dry Fruits,895.38,4,0.15000000000000002,UPI,8.9,734.21
INV-2024-01097,2024-01-22,09:39,A,Delhi,Normal,Female,Electronics,Bluetooth Speaker,2969.36,2,0.05,Card,6.3,2048.86
INV-2024-01098,2024-03-16,13:39,C,Bengaluru,Normal,Male,Personal Care,Trimmer,1900.49,2,0.05,UPI,6.4,1102.28
INV-2024-01099,2024-03-20,15:42,A,Delhi,Normal,Female,Sports,Yoga Mat,959.94,2,0.05,Card,7.6,614.36
INV-2024-01100,2024-01-17,19:06,A,Delhi,Normal,Male,Personal Care,Shampoo,446.81,2,0.0,Card,6.7,259.15
INV-2024-01101,2024-01-01,10:49,A,Delhi,Normal,Male,Electronics,Earbuds,2101.56,1,0.0,Cash,7.7,1450.08
INV-2024-01102,2024-02-03,11:31,A,Delhi,Normal,Female,Clothing,Jeans,1716.73,1,0.0,UPI,5.6,1047.21
INV-2024-01103,2024-03-15,20:07,B,Mumbai,Member,Male,Personal Care,Shampoo,442.81,5,0.1,Card,8.9,256.83
INV-2024-01104,2024-03-18,21:21,A,Delhi,Normal,Male,Groceries,Cooking Oil,827.43,7,0.05,UPI,6.8,678.49
INV-2024-01105,2024-01-14,15:05,B,Mumbai,Normal,Male,Groceries,Breakfast Cereal,384.19,1,0.0,UPI,6.2,315.04
INV-2024-01106,2024-03-13,18:25,A,Delhi,Normal,Male,Clothing,Jacket,3003.47,4,0.05,Cash,7.8,1832.12
INV-2024-01107,2024-01-12,17:56,C,Bengaluru,Member,Female,Electronics,Bluetooth Speaker,2739.98,5,0.0,Card,7.7,1890.59
INV-2024-01108,2024-02-08,18:12,B,Mumbai,Member,Male,Personal Care,Trimmer,1929.17,2,0.15000000000000002,Card,7.5,1118.92
INV-2024-01109,2024-03-31,10:14,A,Delhi,Normal,Male,Personal Care,Shampoo,479.08,3,0.15,Card,9.2,277.87
INV-2024-01110,2024-01-20,21:21,A,Delhi,Member,Female,Clothing,Jacket,2907.12,2,0.05,Card,8.6,1773.34
INV-2024-01111,2024-01-16,11:04,A,Delhi,Normal,Male,Groceries,Breakfast Cereal,367.04,4,0.1,Card,7.5,300.97
INV-2024-01112,2024-02-11,10:32,B,Mumbai,Normal,Female,Electronics,Smart Watch,4119.63,2,0.0,UPI,8.0,2842.54
INV-2024-01113,2024-02-29,13:01,B,Mumbai,Member,Female,Home & Kitchen,Storage Set,659.74,3,0.05,UPI,7.2,435.43
INV-2024-01114,2024-03-26,13:45,C,Bengaluru,Member,Female,Clothing,Jeans,1741.95,2,0.05,Card,5.1,1062.59
INV-2024-01115,2024-03-30,18:37,C,Bengaluru,Member,Female,Groceries,Breakfast Cereal,405.64,4,0.05,UPI,8.8,332.62
INV-2024-01116,2024-01-07,09:02,B,Mumbai,Member,Male,Groceries,Rice 5kg,630.36,2,0.15,Card,7.3,516.9
INV-2024-01117,2024-01-14,13:19,A,Delhi,Normal,Male,Personal Care,Trimmer,1982.01,3,0.1,Cash,6.8,1149.57
INV-2024-01118,2024-03-14,21:10,C,Bengaluru,Normal,Male,Clothing,T-Shirt,840.1,2,0.0,Card,6.9,512.46
INV-2024-01119,2024-01-27,18:09,C,Bengaluru,Member,Female,Electronics,Earbuds,2033.04,2,0.1,UPI,8.5,1402.8
INV-2024-01120,2024-03-22,11:18,A,Delhi,Normal,Male,Sports,Fitness Band,1358.79,2,0.0,Cash,7.6,869.63
INV-2024-01121,2024-03-03,20:37,A,Delhi,Normal,Male,Electronics,Power Bank,1530.25,4,0.0,Cash,9.3,1055.87
INV-2024-01122,2024-01-12,16:00,C,Bengaluru,Member,Male,Groceries,Rice 5kg,652.47,3,0.1,Cash,4.6,535.03
INV-2024-01123,2024-03-17,13:51,C,Bengaluru,Normal,Female,Electronics,Earbuds,2348.81,3,0.0,Card,10.0,1620.68
INV-2024-01124,2024-01-18,15:41,C,Bengaluru,Normal,Male,Electronics,Smart Watch,3995.14,1,0.2,Card,8.6,2756.65
INV-2024-01125,2024-02-11,18:04,A,Delhi,Normal,Female,Clothing,Jacket,2783.62,2,0.05,Card,8.6,1698.01
INV-2024-01126,2024-02-23,18:15,A,Delhi,Member,Female,Groceries,Breakfast Cereal,380.65,6,0.0,UPI,7.8,312.13
INV-2024-01127,2024-02-18,09:28,B,Mumbai,Normal,Female,Personal Care,Trimmer,1886.23,1,0.1,Cash,8.7,1094.01
INV-2024-01128,2024-03-05,16:23,A,Delhi,Normal,Female,Clothing,T-Shirt,736.71,2,0.0,Card,5.6,449.39
INV-2024-01129,2024-03-03,15:53,C,Bengaluru,Member,Male,Home & Kitchen,Cookware Set,2208.95,3,0.1,Card,8.5,1457.91
INV-2024-01130,2024-03-31,19:59,C,Bengaluru,Normal,Female,Groceries,Dry Fruits,973.59,2,0.0,Cash,9.5,798.34
INV-2024-01131,2024-03-31,09:46,B,Mumbai,Member,Female,Electronics,Power Bank,1503.07,2,0.15000000000000002,Card,8.9,1037.12
INV-2024-01132,2024-02-19,19:52,B,Mumbai,Member,Male,Groceries,Breakfast Cereal,394.25,4,0.05,Cash,7.5,323.29
INV-2024-01133,2024-01-10,11:31,B,Mumbai,Member,Male,Home & Kitchen,Storage Set,664.48,2,0.15,UPI,5.2,438.56
INV-2024-01134,2024-03-09,20:48,B,Mumbai,Normal,Male,Groceries,Rice 5kg,668.34,1,0.1,UPI,5.5,548.04
INV-2024-01135,2024-03-30,10:39,A,Delhi,Normal,Female,Sports,Fitness Band,1243.34,5,0.05,Card,5.1,795.74
INV-2024-01136,2024-02-01,18:39,C,Bengaluru,Normal,Male,Sports,Cricket Bat,1975.75,1,0.1,Card,7.0,1264.48
INV-2024-01137,2024-02-14,11:55,A,Delhi,Normal,Male,Clothing,Jeans,1753.37,3,0.0,Cash,7.1,1069.56
INV-2024-01138,2024-02-11,12:10,A,Delhi,Normal,Female,Electronics,Power Bank,1606.61,4,0.0,Card,6.6,1108.56
INV-2024-01139,2024-01-06,18:22,B,Mumbai,Normal,Male,Electronics,Earbuds,2357.98,3,0.0,UPI,8.1,1627.01
INV-2024-01140,2024-03-04,11:53,A,Delhi,Normal,Male,Electronics,Earbuds,2326.64,3,0.1,UPI,8.5,1605.38
INV-2024-01141,2024-02-04,21:38,B,Mumbai,Member,Female,Electronics,Earbuds,2226.11,5,0.0,UPI,9.2,1536.02
INV-2024-01142,2024-03-14,13:15,B,Mumbai,Member,Female,Clothing,T-Shirt,832.8,1,0.0,Card,6.6,508.01
INV-2024-01143,2024-03-17,18:25,C,Bengaluru,Normal,Male,Electronics,Earbuds,2288.0,1,0.0,Cash,9.9,1578.72
INV-2024-01144,2024-03-17,10:48,B,Mumbai,Member,Male,Groceries,Cooking Oil,784.37,3,0.1,UPI,6.9,643.18
INV-2024-01145,2024-02-10,13:04,C,Bengaluru,Member,Male,Personal Care,Shampoo,424.14,1,0.1,UPI,8.8,246.0
INV-2024-01146,2024-02-02,17:12,C,Bengaluru,Member,Male,Groceries,Breakfast Cereal,395.12,5,0.05,UPI,6.8,324.0
INV-2024-01147,2024-03-10,19:05,A,Delhi,Normal,Female,Electronics,Bluetooth Speaker,2894.94,2,0.0,Card,5.9,1997.51
INV-2024-01148,2024-03-15,18:31,A,Delhi,Member,Male,Electronics,Earbuds,2283.29,1,0.15000000000000002,Cash,10.0,1575.47
INV-2024-01149,2024-02-17,16:48,C,Bengaluru,Normal,Female,Sports,Dumbbell Set,2343.11,4,0.15,Cash,8.7,1499.59
INV-2024-01150,2024-03-23,21:18,B,Mumbai,Member,Female,Groceries,Cooking Oil,806.94,1,0.05,Cash,7.5,661.69
INV-2024-01151,2024-01-15,18:43,B,Mumbai,Normal,Male,Home & Kitchen,Cookware Set,2550.9,6,0.05,UPI,9.8,1683.59
INV-2024-01152,2024-03-22,15:11,B,Mumbai,Member,Female,Clothing,Sports Shoes,2411.62,4,0.15,UPI,6.7,1471.09
INV-2024-01153,2024-01-10,11:19,B,Mumbai,Normal,Male,Groceries,Rice 5kg,591.06,2,0.0,Cash,7.7,484.67
INV-2024-01154,2024-01-16,18:32,A,Delhi,Member,Male,Home & Kitchen,Storage Set,662.57,6,0.0,UPI,8.4,437.3
INV-2024-01155,2024-02-21,18:04,B,Mumbai,Normal,Female,Groceries,Dry Fruits,966.91,2,0.05,Card,7.5,792.87
INV-2024-01156,2024-01-07,19:54,C,Bengaluru,Normal,Male,Personal Care,Perfume,1576.51,1,0.15,Cash,6.1,914.38
INV-2024-01157,2024-01-06,13:17,C,Bengaluru,Member,Female,Personal Care,Perfume,1547.96,4,0.15000000000000002,UPI,7.6,897.82
INV-2024-01158,2024-01-01,18:20,A,Delhi,Member,Female,Personal Care,Trimmer,2033.84,1,0.15,UPI,7.0,1179.63
INV-2024-01159,2024-02-12,13:43,A,Delhi,Member,Female,Sports,Fitness Band,1219.35,1,0.0,UPI,7.7,780.38
INV-2024-01160,2024-03-13,21:15,C,Bengaluru,Normal,Female,Personal Care,Perfume,1630.68,1,0.0,UPI,7.0,945.79
INV-2024-01161,2024-01-04,19:48,A,Delhi,Normal,Male,Clothing,Jacket,2791.72,2,0.0,Card,8.8,1702.95
INV-2024-01162,2024-03-03,18:17,C,Bengaluru,Normal,Male,Home & Kitchen,Mixer Grinder,3050.02,1,0.05,Card,7.9,2013.01
INV-2024-01163,2024-03-17,21:10,A,Delhi,Member,Female,Sports,Dumbbell Set,2523.86,3,0.1,UPI,7.8,1615.27
INV-2024-01164,2024-01-17,17:33,A,Delhi,Normal,Male,Groceries,Dry Fruits,970.56,5,0.05,Card,7.4,795.86
INV-2024-01165,2024-01-15,18:00,B,Mumbai,Normal,Female,Electronics,Power Bank,1516.11,3,0.05,Card,8.0,1046.12
INV-2024-01166,2024-03-20,20:26,B,Mumbai,Normal,Female,Personal Care,Perfume,1506.38,5,0.0,UPI,5.9,873.7
INV-2024-01167,2024-03-17,11:05,C,Bengaluru,Normal,Female,Sports,Cricket Bat,2120.74,2,0.2,UPI,6.0,1357.27
INV-2024-01168,2024-02-21,19:32,A,Delhi,Member,Male,Groceries,Cooking Oil,749.22,3,0.05,UPI,8.0,614.36
INV-2024-01169,2024-03-17,21:48,A,Delhi,Normal,Female,Personal Care,Shampoo,433.16,5,0.0,Cash,6.8,251.23
INV-2024-01170,2024-01-10,18:58,C,Bengaluru,Member,Female,Personal Care,Perfume,1710.66,1,0.0,Cash,6.6,992.18
INV-2024-01171,2024-02-08,18:18,B,Mumbai,Normal,Female,Personal Care,Shampoo,416.18,2,0.05,UPI,7.4,241.38
INV-2024-01172,2024-03-10,12:38,B,Mumbai,Member,Female,Groceries,Breakfast Cereal,392.35,3,0.2,Cash,9.4,321.73
INV-2024-01173,2024-01-26,21:31,B,Mumbai,Normal,Female,Home & Kitchen,Mixer Grinder,3509.66,4,0.1,Cash,5.7,2316.38
INV-2024-01174,2024-03-11,19:35,B,Mumbai,Member,Male,Home & Kitchen,Bedsheet,941.64,3,0.1,Card,6.3,621.48
INV-2024-01175,2024-02-18,20:05,A,Delhi,Normal,Male,Electronics,Earbuds,2139.27,3,0.1,Card,9.2,1476.1
INV-2024-01176,2024-03-11,09:32,B,Mumbai,Member,Female,Electronics,Earbuds,2313.27,2,0.1,UPI,6.2,1596.16
INV-2024-01177,2024-02-15,16:16,C,Bengaluru,Normal,Female,Clothing,Jacket,3009.44,2,0.1,UPI,7.1,1835.76
INV-2024-01178,2024-02-06,16:27,A,Delhi,Member,Male,Personal Care,Shampoo,439.6,1,0.05,Card,7.3,254.97
INV-2024-01179,2024-01-22,10:49,A,Delhi,Member,Female,Clothing,T-Shirt,844.99,2,0.05,UPI,4.9,515.44
INV-2024-01180,2024-01-21,19:22,B,Mumbai,Normal,Female,Electronics,Smart Watch,4307.23,2,0.15,UPI,9.3,2971.99
INV-2024-01181,2024-03-11,14:32,B,Mumbai,Normal,Female,Clothing,Sports Shoes,2495.2,2,0.1,UPI,6.9,1522.07
INV-2024-01182,2024-01-13,18:28,A,Delhi,Normal,Male,Home & Kitchen,Mixer Grinder,3380.51,2,0.15,UPI,5.7,2231.14
INV-2024-01183,2024-01-09,16:59,C,Bengaluru,Normal,Female,Electronics,Power Bank,1457.3,1,0.1,Card,9.9,1005.54
INV-2024-01184,2024-01-18,18:49,C,Bengaluru,Member,Male,Electronics,Power Bank,1469.95,2,0.1,UPI,7.0,1014.27
INV-2024-01185,2024-01-18,11:11,B,Mumbai,Member,Female,Personal Care,Perfume,1657.57,4,0.0,UPI,6.2,961.39
INV-2024-01186,2024-03-17,15:47,C,Bengaluru,Normal,Female,Home & Kitchen,Mixer Grinder,3112.15,5,0.0,Card,8.1,2054.02
INV-2024-01187,2024-02-09,15:59,A,Delhi,Member,Male,Home & Kitchen,Storage Set,700.4,5,0.1,Card,7.5,462.26
INV-2024-01188,2024-03-31,17:21,C,Bengaluru,Normal,Male,Home & Kitchen,Cookware Set,2570.57,6,0.0,Card,5.2,1696.58
INV-2024-01189,2024-01-14,18:27,A,Delhi,Normal,Female,Groceries,Cooking Oil,827.11,1,0.0,Cash,6.4,678.23
INV-2024-01190,2024-03-03,19:07,C,Bengaluru,Member,Female,Electronics,Bluetooth Speaker,2626.72,2,0.0,UPI,8.3,1812.44
INV-2024-01191,2024-02-13,17:07,B,Mumbai,Normal,Male,Home & Kitchen,Bedsheet,1055.23,3,0.05,UPI,7.0,696.45
INV-2024-01192,2024-02-08,11:30,A,Delhi,Member,Female,Clothing,Jeans,1887.86,1,0.0,UPI,8.3,1151.59
INV-2024-01193,2024-03-21,21:52,B,Mumbai,Member,Female,Groceries,Dry Fruits,949.51,5,0.05,UPI,6.3,778.6
INV-2024-01194,2024-03-30,21:13,B,Mumbai,Normal,Female,Groceries,Dry Fruits,954.82,2,0.15,Card,7.7,782.95
INV-2024-01195,2024-03-21,18:03,B,Mumbai,Normal,Male,Groceries,Dry Fruits,882.25,2,0.0,Card,7.7,723.45
INV-2024-01196,2024-01-20,11:54,A,Delhi,Member,Male,Electronics,Earbuds,2327.71,4,0.05,Cash,7.6,1606.12
INV-2024-01197,2024-01-22,17:43,C,Bengaluru,Normal,Female,Electronics,Power Bank,1449.22,3,0.15,UPI,7.9,999.96
INV-2024-01198,2024-03-03,15:10,C,Bengaluru,Normal,Male,Groceries,Breakfast Cereal,387.63,2,0.0,UPI,5.0,317.86
INV-2024-01199,2024-01-29,11:51,A,Delhi,Member,Male,Electronics,Earbuds,2244.96,4,0.1,Card,7.6,1549.02
INV-2024-01200,2024-03-09,09:27,B,Mumbai,Normal,Female,Home & Kitchen,Mixer Grinder,3321.08,1,0.1,UPI,10.0,2191.91
INV-2024-01201,2024-02-24,16:01,A,Delhi,Normal,Female,Electronics,Power Bank,1414.28,4,0.2,UPI,8.1,975.85
INV-2024-01202,2024-02-23,18:40,B,Mumbai,Member,Male,Clothing,T-Shirt,772.76,6,0.05,Card,7.9,471.38
INV-2024-01203,2024-03-17,17:47,B,Mumbai,Member,Male,Electronics,Smart Watch,3835.62,6,0.05,UPI,7.6,2646.58
INV-2024-01204,2024-03-08,21:38,B,Mumbai,Normal,Male,Home & Kitchen,Bedsheet,978.02,1,0.15,Cash,7.6,645.49
INV-2024-01205,2024-01-03,17:53,A,Delhi,Member,Female,Groceries,Rice 5kg,665.07,2,0.0,Card,7.9,545.36
INV-2024-01206,2024-01-06,19:47,B,Mumbai,Member,Female,Electronics,Smart Watch,4181.68,1,0.05,UPI,8.9,2885.36
INV-2024-01207,2024-02-27,15:39,A,Delhi,Member,Female,Electronics,Bluetooth Speaker,2648.63,2,0.05,Card,6.4,1827.55
INV-2024-01208,2024-02-17,17:09,B,Mumbai,Member,Male,Electronics,Smart Watch,3931.12,3,0.0,UPI,8.2,2712.47
INV-2024-01209,2024-01-27,11:11,C,Bengaluru,Normal,Male,Sports,Fitness Band,1298.06,3,0.05,Card,7.8,830.76
INV-2024-01210,2024-02-10,18:50,C,Bengaluru,Normal,Female,Sports,Fitness Band,1210.73,3,0.15,Cash,5.7,774.87
INV-2024-01211,2024-03-11,15:33,A,Delhi,Normal,Male,Clothing,Jeans,1798.8,3,0.1,UPI,7.5,1097.27
INV-2024-01212,2024-03-17,10:53,C,Bengaluru,Member,Female,Personal Care,Perfume,1646.49,1,0.2,Cash,8.5,954.96
INV-2024-01213,2024-02-24,20:58,A,Delhi,Normal,Male,Sports,Dumbbell Set,2505.68,2,0.1,Cash,6.6,1603.64
INV-2024-01214,2024-02-07,15:09,B,Mumbai,Normal,Male,Electronics,Earbuds,2108.55,3,0.0,UPI,7.6,1454.9
INV-2024-01215,2024-01-27,16:41,B,Mumbai,Normal,Female,Clothing,Sports Shoes,2479.84,2,0.05,Card,8.6,1512.7
INV-2024-01216,2024-02-20,18:54,B,Mumbai,Member,Male,Electronics,Bluetooth Speaker,2953.92,5,0.05,Card,8.6,2038.2
INV-2024-01217,2024-02-01,14:09,C,Bengaluru,Normal,Male,Personal Care,Shampoo,478.34,3,0.2,Card,7.5,277.44
INV-2024-01218,2024-02-24,18:45,B,Mumbai,Member,Female,Electronics,Earbuds,2193.89,4,0.05,UPI,7.7,1513.78
INV-2024-01219,2024-03-04,18:18,B,Mumbai,Member,Female,Personal Care,Shampoo,420.56,1,0.1,Card,6.7,243.92
INV-2024-01220,2024-01-07,15:03,B,Mumbai,Normal,Male,Clothing,T-Shirt,738.14,4,0.0,Cash,6.3,450.27
INV-2024-01221,2024-01-01,15:06,C,Bengaluru,Normal,Male,Electronics,Smart Watch,4090.96,1,0.05,UPI,6.2,2822.76
INV-2024-01222,2024-01-22,10:41,A,Delhi,Normal,Male,Sports,Dumbbell Set,2385.29,3,0.0,UPI,8.5,1526.59
INV-2024-01223,2024-03-23,11:15,B,Mumbai,Normal,Female,Clothing,Sports Shoes,2430.79,1,0.1,UPI,9.0,1482.78
INV-2024-01224,2024-03-02,16:47,C,Bengaluru,Normal,Female,Home & Kitchen,Cookware Set,2411.1,1,0.0,UPI,5.8,1591.33
INV-2024-01225,2024-01-18,16:53,B,Mumbai,Normal,Female,Groceries,Breakfast Cereal,395.47,2,0.0,UPI,6.4,324.29
INV-2024-01226,2024-03-23,19:06,A,Delhi,Normal,Female,Electronics,Power Bank,1617.56,3,0.1,UPI,8.4,1116.12
INV-2024-01227,2024-02-15,17:53,A,Delhi,Member,Female,Electronics,Bluetooth Speaker,2831.11,4,0.1,Cash,9.5,1953.47
INV-2024-01228,2024-02-16,19:13,C,Bengaluru,Normal,Male,Clothing,Jacket,2868.39,2,0.15,Cash,8.2,1749.72
INV-2024-01229,2024-03-26,12:50,B,Mumbai,Member,Female,Sports,Cricket Bat,2131.9,1,0.1,Cash,8.7,1364.42
INV-2024-01230,2024-01-07,09:43,B,Mumbai,Member,Male,Clothing,T-Shirt,849.14,6,0.1,UPI,7.2,517.98
INV-2024-01231,2024-01-22,19:44,C,Bengaluru,Normal,Female,Electronics,Power Bank,1393.22,1,0.0,UPI,6.5,961.32
INV-2024-01232,2024-02-25,14:34,C,Bengaluru,Member,Female,Groceries,Dry Fruits,1017.74,2,0.15000000000000002,Card,7.8,834.55
INV-2024-01233,2024-01-20,17:07,A,Delhi,Normal,Female,Clothing,T-Shirt,795.24,4,0.0,UPI,7.3,485.1
INV-2024-01234,2024-03-05,09:58,B,Mumbai,Normal,Male,Electronics,Bluetooth Speaker,2873.03,2,0.1,UPI,4.6,1982.39
INV-2024-01235,2024-01-22,20:47,A,Delhi,Member,Male,Electronics,Power Bank,1557.98,4,0.0,Card,8.8,1075.01
INV-2024-01236,2024-01-11,12:45,C,Bengaluru,Member,Male,Groceries,Cooking Oil,731.84,5,0.1,UPI,7.3,600.11
INV-2024-01237,2024-01-21,14:23,A,Delhi,Normal,Male,Personal Care,Skin Care Kit,1195.49,1,0.1,Cash,9.2,693.38
INV-2024-01238,2024-02-11,19:26,C,Bengaluru,Member,Female,Groceries,Dry Fruits,923.52,3,0.1,Cash,8.1,757.29
INV-2024-01239,2024-01-18,17:01,A,Delhi,Member,Female,Groceries,Dry Fruits,995.36,5,0.05,Cash,3.6,816.2
INV-2024-01240,2024-01-14,17:22,B,Mumbai,Member,Male,Personal Care,Perfume,1655.0,5,0.1,Card,8.7,959.9
INV-2024-01241,2024-03-20,14:31,C,Bengaluru,Normal,Male,Groceries,Cooking Oil,735.74,4,0.1,UPI,7.5,603.31
INV-2024-01242,2024-02-01,10:35,B,Mumbai,Normal,Male,Groceries,Cooking Oil,779.82,1,0.1,Card,8.3,639.45
INV-2024-01243,2024-02-05,14:16,B,Mumbai,Normal,Male,Groceries,Dry Fruits,932.02,2,0.15,UPI,7.9,764.26
INV-2024-01244,2024-01-06,18:06,A,Delhi,Normal,Male,Sports,Fitness Band,1232.57,3,0.0,UPI,3.7,788.84
INV-2024-01245,2024-02-05,13:56,C,Bengaluru,Member,Male,Home & Kitchen,Storage Set,713.41,1,0.05,Card,6.0,470.85
INV-2024-01246,2024-01-27,19:55,C,Bengaluru,Normal,Male,Clothing,T-Shirt,742.41,2,0.1,UPI,6.2,452.87
INV-2024-01247,2024-02-28,18:43,A,Delhi,Normal,Male,Groceries,Rice 5kg,606.03,1,0.0,Cash,8.2,496.94
INV-2024-01248,2024-01-21,11:43,A,Delhi,Normal,Female,Electronics,Bluetooth Speaker,2721.3,2,0.05,UPI,8.0,1877.7
INV-2024-01249,2024-03-23,12:30,A,Delhi,Member,Male,Clothing,T-Shirt,785.37,1,0.15,UPI,8.3,479.08
INV-2024-01250,2024-03-26,20:09,A,Delhi,Normal,Male,Clothing,Jacket,3108.64,4,0.0,Card,7.9,1896.27
INV-2024-01251,2024-01-11,19:12,B,Mumbai,Member,Female,Sports,Cricket Bat,1938.98,4,0.0,Card,8.9,1240.95
INV-2024-01252,2024-01-11,19:24,B,Mumbai,Normal,Female,Groceries,Cooking Oil,821.0,4,0.0,Card,7.1,673.22
INV-2024-01253,2024-01-12,17:18,A,Delhi,Member,Female,Clothing,Jacket,2911.75,4,0.05,UPI,8.4,1776.17
INV-2024-01254,2024-02-29,13:38,C,Bengaluru,Normal,Female,Personal Care,Perfume,1597.33,2,0.1,Card,9.1,926.45
INV-2024-01255,2024-01-13,18:19,A,Delhi,Normal,Male,Clothing,Jacket,2894.55,1,0.05,UPI,8.2,1765.68
INV-2024-01256,2024-03-19,17:26,B,Mumbai,Member,Male,Groceries,Cooking Oil,734.05,3,0.15,UPI,6.6,601.92
INV-2024-01257,2024-03-11,15:10,B,Mumbai,Normal,Female,Personal Care,Perfume,1520.69,3,0.05,Cash,7.9,882.0
INV-2024-01258,2024-03-17,14:23,A,Delhi,Member,Male,Groceries,Cooking Oil,841.99,2,0.05,Cash,6.1,690.43
INV-2024-01259,2024-02-20,20:42,A,Delhi,Member,Male,Sports,Yoga Mat,857.65,3,0.1,UPI,7.6,548.9
INV-2024-01260,2024-03-31,17:58,A,Delhi,Member,Female,Home & Kitchen,Storage Set,657.3,1,0.15,UPI,7.8,433.82
INV-2024-01261,2024-01-05,18:01,C,Bengaluru,Normal,Female,Personal Care,Perfume,1616.48,1,0.1,Card,7.4,937.56
INV-2024-01262,2024-02-09,12:16,B,Mumbai,Member,Male,Electronics,Bluetooth Speaker,2814.47,2,0.0,Cash,7.8,1941.98
INV-2024-01263,2024-02-02,20:31,B,Mumbai,Normal,Female,Clothing,Sports Shoes,2345.37,1,0.0,Cash,8.0,1430.68
INV-2024-01264,2024-03-27,16:36,A,Delhi,Normal,Male,Electronics,Bluetooth Speaker,2763.72,2,0.1,Card,8.3,1906.97
INV-2024-01265,2024-02-25,20:29,C,Bengaluru,Normal,Male,Home & Kitchen,Mixer Grinder,3059.88,1,0.1,Card,5.8,2019.52
INV-2024-01266,2024-03-16,09:32,A,Delhi,Normal,Male,Sports,Dumbbell Set,2300.81,5,0.05,UPI,9.1,1472.52
INV-2024-01267,2024-01-18,14:45,B,Mumbai,Member,Male,Personal Care,Shampoo,479.95,2,0.1,Cash,6.9,278.37
INV-2024-01268,2024-03-30,11:14,B,Mumbai,Member,Female,Electronics,Smart Watch,4038.97,2,0.1,UPI,8.0,2786.89
INV-2024-01269,2024-02-18,17:55,B,Mumbai,Member,Female,Personal Care,Skin Care Kit,1137.47,1,0.0,Cash,8.8,659.73
INV-2024-01270,2024-02-17,10:25,A,Delhi,Normal,Female,Clothing,Jeans,1857.23,3,0.0,UPI,6.5,1132.91
INV-2024-01271,2024-03-29,09:34,A,Delhi,Member,Male,Groceries,Cooking Oil,819.75,1,0.15,UPI,6.0,672.2
INV-2024-01272,2024-02-07,17:15,C,Bengaluru,Member,Male,Personal Care,Shampoo,469.21,2,0.05,UPI,8.3,272.14
INV-2024-01273,2024-02-08,18:37,B,Mumbai,Normal,Female,Clothing,Jacket,3050.16,2,0.1,UPI,8.1,1860.6
INV-2024-01274,2024-02-25,14:55,A,Delhi,Normal,Male,Clothing,Jacket,3111.98,3,0.05,UPI,8.8,1898.31
INV-2024-01275,2024-01-13,11:15,C,Bengaluru,Normal,Male,Clothing,Jeans,1932.24,2,0.0,UPI,5.8,1178.67
INV-2024-01276,2024-02-01,11:38,A,Delhi,Normal,Male,Clothing,Jeans,1824.78,1,0.1,UPI,6.6,1113.12
INV-2024-01277,2024-01-20,16:00,A,Delhi,Normal,Female,Clothing,Jacket,2967.43,3,0.05,Cash,8.9,1810.13
INV-2024-01278,2024-01-11,18:25,A,Delhi,Normal,Male,Personal Care,Shampoo,423.59,1,0.0,UPI,7.2,245.68
INV-2024-01279,2024-03-20,14:45,C,Bengaluru,Member,Male,Clothing,T-Shirt,759.81,1,0.0,UPI,6.9,463.48
INV-2024-01280,2024-02-26,11:08,A,Delhi,Member,Male,Groceries,Cooking Oil,807.85,5,0.05,Cash,6.9,662.44
INV-2024-01281,2024-02-05,16:36,A,Delhi,Member,Male,Clothing,T-Shirt,757.78,2,0.05,Card,8.8,462.25
INV-2024-01282,2024-02-10,16:50,A,Delhi,Normal,Female,Clothing,Sports Shoes,2460.54,6,0.0,Cash,7.9,1500.93
INV-2024-01283,2024-02-11,18:04,B,Mumbai,Member,Female,Personal Care,Trimmer,2023.78,2,0.05,Cash,9.3,1173.79
INV-2024-01284,2024-03-01,12:28,B,Mumbai,Member,Male,Electronics,Smart Watch,4217.84,2,0.0,UPI,7.6,2910.31
INV-2024-01285,2024-03-25,15:32,A,Delhi,Normal,Female,Electronics,Earbuds,2109.12,5,0.1,UPI,7.8,1455.29
INV-2024-01286,2024-03-26,18:48,B,Mumbai,Normal,Male,Electronics,Power Bank,1608.88,5,0.05,Cash,6.8,1110.13
INV-2024-01287,2024-02-08,13:54,C,Bengaluru,Normal,Male,Electronics,Power Bank,1588.07,5,0.0,Card,10.0,1095.77
INV-2024-01288,2024-02-02,15:09,A,Delhi,Normal,Female,Personal Care,Perfume,1484.74,4,0.05,Cash,7.0,861.15
INV-2024-01289,2024-02-13,14:44,B,Mumbai,Member,Female,Electronics,Power Bank,1411.68,1,0.0,UPI,5.9,974.06
INV-2024-01290,2024-02-24,17:27,B,Mumbai,Normal,Male,Groceries,Breakfast Cereal,392.76,3,0.05,Card,5.8,322.06
INV-2024-01291,2024-02-14,16:30,C,Bengaluru,Member,Female,Clothing,T-Shirt,768.59,2,0.15,UPI,8.2,468.84
INV-2024-01292,2024-03-03,15:33,B,Mumbai,Normal,Male,Sports,Fitness Band,1294.24,3,0.1,UPI,7.3,828.31
INV-2024-01293,2024-02-23,13:49,B,Mumbai,Normal,Male,Electronics,Earbuds,2358.51,3,0.15,Card,6.4,1627.37
INV-2024-01294,2024-02-01,13:40,B,Mumbai,Normal,Female,Clothing,Jeans,1666.3,3,0.0,UPI,7.9,1016.44
INV-2024-01295,2024-02-04,16:12,C,Bengaluru,Normal,Male,Home & Kitchen,Cookware Set,2505.79,1,0.05,Cash,8.1,1653.82
INV-2024-01296,2024-02-07,12:40,B,Mumbai,Normal,Male,Electronics,Smart Watch,4245.53,1,0.1,Cash,8.0,2929.42
INV-2024-01297,2024-01-10,15:32,B,Mumbai,Normal,Female,Home & Kitchen,Bedsheet,984.51,1,0.15,Cash,6.9,649.78
INV-2024-01298,2024-01-17,20:01,B,Mumbai,Normal,Female,Groceries,Rice 5kg,609.41,1,0.05,Card,6.6,499.72
INV-2024-01299,2024-03-09,19:25,B,Mumbai,Member,Female,Personal Care,Perfume,1488.32,2,0.0,Cash,7.1,863.23
INV-2024-01300,2024-02-08,15:58,B,Mumbai,Member,Female,Groceries,Rice 5kg,574.95,1,0.05,Card,9.1,471.46
INV-2024-01301,2024-01-22,18:56,A,Delhi,Member,Male,Clothing,T-Shirt,829.45,2,0.1,UPI,6.6,505.96
INV-2024-01302,2024-02-24,19:12,C,Bengaluru,Normal,Male,Personal Care,Skin Care Kit,1263.03,2,0.05,UPI,8.6,732.56
INV-2024-01303,2024-03-11,16:22,B,Mumbai,Member,Female,Groceries,Breakfast Cereal,376.35,6,0.15,Card,7.6,308.61
INV-2024-01304,2024-01-26,19:31,A,Delhi,Normal,Female,Electronics,Power Bank,1497.25,2,0.0,UPI,9.8,1033.1
INV-2024-01305,2024-03-17,20:31,C,Bengaluru,Member,Female,Home & Kitchen,Cookware Set,2387.8,2,0.0,UPI,7.6,1575.95
INV-2024-01306,2024-03-25,11:17,C,Bengaluru,Normal,Male,Home & Kitchen,Mixer Grinder,3466.14,4,0.1,Cash,7.6,2287.65
INV-2024-01307,2024-02-27,19:17,A,Delhi,Normal,Female,Clothing,Jacket,2921.88,5,0.15,UPI,6.6,1782.35
INV-2024-01308,2024-03-04,16:55,A,Delhi,Normal,Female,Electronics,Smart Watch,3680.87,2,0.0,Card,7.3,2539.8
INV-2024-01309,2024-01-06,16:50,A,Delhi,Member,Female,Home & Kitchen,Bedsheet,1070.02,1,0.2,Card,9.0,706.21
INV-2024-01310,2024-03-27,13:29,B,Mumbai,Normal,Male,Groceries,Breakfast Cereal,389.28,1,0.1,Card,7.5,319.21
INV-2024-01311,2024-02-08,16:15,C,Bengaluru,Normal,Female,Home & Kitchen,Bedsheet,1013.97,2,0.05,Cash,5.0,669.22
INV-2024-01312,2024-03-25,15:29,C,Bengaluru,Member,Female,Sports,Cricket Bat,1971.09,4,0.15,Cash,6.8,1261.5
INV-2024-01313,2024-02-25,15:29,A,Delhi,Normal,Female,Electronics,Bluetooth Speaker,2633.07,2,0.1,Card,7.4,1816.82
INV-2024-01314,2024-01-01,20:20,B,Mumbai,Member,Female,Personal Care,Skin Care Kit,1186.94,1,0.2,Card,8.9,688.43
INV-2024-01315,2024-01-05,20:46,B,Mumbai,Normal,Male,Sports,Cricket Bat,1976.95,5,0.05,Card,7.3,1265.25
INV-2024-01316,2024-03-05,14:03,C,Bengaluru,Normal,Male,Groceries,Cooking Oil,802.83,5,0.15,UPI,8.9,658.32
INV-2024-01317,2024-02-24,18:32,C,Bengaluru,Normal,Male,Sports,Dumbbell Set,2409.73,1,0.0,UPI,5.9,1542.23
INV-2024-01318,2024-01-03,11:40,A,Delhi,Member,Male,Electronics,Smart Watch,3880.53,4,0.1,Cash,7.8,2677.57
INV-2024-01319,2024-03-10,16:51,C,Bengaluru,Normal,Female,Groceries,Breakfast Cereal,402.09,1,0.0,UPI,8.8,329.71
INV-2024-01320,2024-03-19,17:55,B,Mumbai,Normal,Male,Clothing,Jeans,1712.46,4,0.15,Cash,6.9,1044.6
INV-2024-01321,2024-02-17,14:10,B,Mumbai,Normal,Female,Clothing,T-Shirt,851.59,1,0.2,Card,8.6,519.47
INV-2024-01322,2024-02-15,20:52,B,Mumbai,Member,Male,Clothing,Jeans,1689.88,5,0.05,Card,8.5,1030.83
INV-2024-01323,2024-01-01,09:55,A,Delhi,Normal,Male,Clothing,Jacket,2797.26,1,0.0,Cash,8.6,1706.33
INV-2024-01324,2024-03-14,18:00,C,Bengaluru,Member,Male,Home & Kitchen,Storage Set,746.66,2,0.1,Cash,7.9,492.8
INV-2024-01325,2024-02-02,16:23,B,Mumbai,Normal,Male,Groceries,Rice 5kg,658.92,1,0.05,Card,10.0,540.31
INV-2024-01326,2024-03-22,16:09,A,Delhi,Normal,Female,Sports,Fitness Band,1326.09,3,0.0,UPI,6.1,848.7
INV-2024-01327,2024-02-06,16:13,B,Mumbai,Normal,Female,Electronics,Smart Watch,3779.7,3,0.05,Card,7.5,2607.99
INV-2024-01328,2024-02-24,18:26,B,Mumbai,Normal,Female,Electronics,Smart Watch,3902.51,3,0.15,UPI,9.3,2692.73
INV-2024-01329,2024-01-27,14:22,B,Mumbai,Normal,Female,Electronics,Power Bank,1499.71,1,0.05,UPI,7.7,1034.8
INV-2024-01330,2024-01-17,13:32,B,Mumbai,Member,Female,Sports,Yoga Mat,870.71,1,0.05,UPI,8.6,557.25
INV-2024-01331,2024-03-13,19:29,C,Bengaluru,Member,Male,Clothing,Sports Shoes,2638.63,4,0.05,UPI,6.4,1609.56
INV-2024-01332,2024-02-17,18:20,B,Mumbai,Member,Male,Electronics,Smart Watch,4181.82,2,0.15000000000000002,Card,9.2,2885.46
INV-2024-01333,2024-02-21,19:00,C,Bengaluru,Normal,Female,Groceries,Breakfast Cereal,406.11,3,0.1,UPI,8.0,333.01
INV-2024-01334,2024-03-29,16:26,C,Bengaluru,Normal,Female,Electronics,Bluetooth Speaker,2947.93,2,0.0,UPI,7.6,2034.07
INV-2024-01335,2024-03-29,11:32,C,Bengaluru,Normal,Female,Clothing,T-Shirt,772.97,2,0.0,UPI,7.0,471.51
INV-2024-01336,2024-03-20,14:06,C,Bengaluru,Member,Female,Personal Care,Trimmer,2000.89,2,0.0,UPI,8.5,1160.52
INV-2024-01337,2024-01-19,20:45,A,Delhi,Member,Male,Electronics,Smart Watch,3922.95,1,0.2,Card,9.9,2706.84
INV-2024-01338,2024-02-26,10:53,B,Mumbai,Normal,Female,Electronics,Smart Watch,4138.8,1,0.0,Card,6.8,2855.77
INV-2024-01339,2024-03-22,18:38,B,Mumbai,Normal,Female,Home & Kitchen,Cookware Set,2376.67,1,0.0,UPI,6.6,1568.6
INV-2024-01340,2024-02-06,20:47,B,Mumbai,Normal,Female,Electronics,Bluetooth Speaker,2657.23,1,0.0,Cash,6.6,1833.49
INV-2024-01341,2024-01-11,18:29,B,Mumbai,Member,Female,Groceries,Dry Fruits,942.24,3,0.15000000000000002,UPI,9.1,772.64
INV-2024-01342,2024-03-16,12:40,A,Delhi,Normal,Male,Electronics,Power Bank,1448.79,1,0.05,UPI,7.2,999.67
INV-2024-01343,2024-02-16,15:06,A,Delhi,Normal,Male,Groceries,Breakfast Cereal,399.7,2,0.1,Card,7.7,327.75
INV-2024-01344,2024-02-24,20:54,A,Delhi,Normal,Female,Groceries,Rice 5kg,589.8,2,0.0,UPI,9.2,483.64
INV-2024-01345,2024-03-30,14:44,C,Bengaluru,Normal,Male,Clothing,Jeans,1734.82,1,0.05,UPI,8.2,1058.24
INV-2024-01346,2024-02-28,15:41,A,Delhi,Normal,Female,Electronics,Power Bank,1522.94,4,0.0,UPI,9.0,1050.83
INV-2024-01347,2024-02-11,15:24,B,Mumbai,Member,Female,Clothing,Sports Shoes,2688.92,2,0.05,UPI,7.8,1640.24
INV-2024-01348,2024-02-06,18:48,B,Mumbai,Member,Male,Home & Kitchen,Storage Set,673.2,3,0.0,UPI,8.2,444.31
INV-2024-01349,2024-02-10,16:24,C,Bengaluru,Normal,Female,Groceries,Rice 5kg,594.25,2,0.0,Card,4.8,487.29
INV-2024-01350,2024-01-13,15:02,B,Mumbai,Member,Female,Clothing,Sports Shoes,2438.09,1,0.2,Cash,7.0,1487.23
INV-2024-01351,2024-03-15,16:01,B,Mumbai,Normal,Male,Groceries,Breakfast Cereal,354.46,6,0.15,Card,8.0,290.66
INV-2024-01352,2024-03-18,19:57,A,Delhi,Normal,Male,Groceries,Dry Fruits,1013.79,2,0.0,Card,8.5,831.31
INV-2024-01353,2024-01-29,16:54,B,Mumbai,Normal,Female,Groceries,Cooking Oil,818.09,2,0.0,Card,10.0,670.83
INV-2024-01354,2024-01-31,09:37,C,Bengaluru,Member,Male,Personal Care,Shampoo,470.06,3,0.05,UPI,5.9,272.63
INV-2024-01355,2024-03-21,20:23,B,Mumbai,Member,Male,Home & Kitchen,Cookware Set,2450.74,2,0.15,Card,6.0,1617.49
INV-2024-01356,2024-01-03,13:36,A,Delhi,Normal,Male,Personal Care,Trimmer,1811.92,6,0.0,Cash,6.5,1050.91
INV-2024-01357,2024-02-20,15:29,A,Delhi,Member,Male,Electronics,Earbuds,2319.7,3,0.05,Card,7.8,1600.59
INV-2024-01358,2024-02-14,15:49,B,Mumbai,Member,Male,Groceries,Dry Fruits,914.71,4,0.0,UPI,9.8,750.06
INV-2024-01359,2024-03-06,18:45,C,Bengaluru,Normal,Male,Groceries,Cooking Oil,817.76,5,0.0,UPI,3.8,670.56
INV-2024-01360,2024-01-17,19:40,C,Bengaluru,Member,Male,Groceries,Cooking Oil,839.98,2,0.0,UPI,7.5,688.78
INV-2024-01361,2024-03-04,17:05,B,Mumbai,Normal,Male,Home & Kitchen,Mixer Grinder,3411.28,4,0.0,Card,5.0,2251.44
INV-2024-01362,2024-02-06,17:18,B,Mumbai,Normal,Male,Home & Kitchen,Cookware Set,2295.19,6,0.05,Card,7.3,1514.83
INV-2024-01363,2024-02-29,11:39,A,Delhi,Member,Female,Sports,Cricket Bat,1967.46,2,0.15,Card,7.8,1259.17
INV-2024-01364,2024-01-05,19:57,C,Bengaluru,Member,Female,Electronics,Earbuds,2307.68,2,0.0,Card,8.4,1592.3
INV-2024-01365,2024-02-14,18:44,B,Mumbai,Normal,Male,Home & Kitchen,Bedsheet,970.83,4,0.0,UPI,8.3,640.75
INV-2024-01366,2024-02-20,17:41,C,Bengaluru,Normal,Male,Electronics,Bluetooth Speaker,2913.03,2,0.0,UPI,6.6,2009.99
INV-2024-01367,2024-01-22,14:36,B,Mumbai,Normal,Female,Electronics,Earbuds,2291.32,2,0.1,Card,10.0,1581.01
INV-2024-01368,2024-01-14,20:30,B,Mumbai,Member,Female,Clothing,Jacket,2870.03,4,0.0,UPI,10.0,1750.72
INV-2024-01369,2024-01-20,15:02,A,Delhi,Member,Female,Electronics,Smart Watch,3719.22,1,0.0,UPI,8.8,2566.26
INV-2024-01370,2024-02-03,12:21,C,Bengaluru,Member,Male,Electronics,Smart Watch,4183.15,1,0.1,Cash,8.8,2886.37
INV-2024-01371,2024-01-10,17:41,B,Mumbai,Normal,Male,Clothing,Jeans,1823.88,1,0.0,UPI,7.8,1112.57
INV-2024-01372,2024-03-27,15:00,B,Mumbai,Member,Male,Personal Care,Skin Care Kit,1257.53,1,0.05,Card,6.0,729.37
INV-2024-01373,2024-02-09,19:52,C,Bengaluru,Normal,Male,Electronics,Earbuds,2086.11,6,0.1,UPI,6.8,1439.42
INV-2024-01374,2024-03-16,12:23,A,Delhi,Normal,Female,Clothing,Jeans,1880.34,3,0.0,Cash,6.6,1147.01
INV-2024-01375,2024-03-30,17:49,A,Delhi,Member,Female,Clothing,Jacket,3078.41,2,0.05,UPI,6.5,1877.83
INV-2024-01376,2024-01-09,18:35,B,Mumbai,Normal,Male,Personal Care,Shampoo,482.16,3,0.0,UPI,7.5,279.65
INV-2024-01377,2024-03-02,09:38,C,Bengaluru,Normal,Male,Personal Care,Trimmer,1817.66,5,0.05,Card,6.4,1054.24
INV-2024-01378,2024-03-21,16:16,A,Delhi,Normal,Female,Electronics,Bluetooth Speaker,2699.77,4,0.05,UPI,7.0,1862.84
INV-2024-01379,2024-03-01,11:41,C,Bengaluru,Member,Female,Clothing,T-Shirt,848.92,1,0.05,UPI,7.3,517.84
INV-2024-01380,2024-02-11,17:32,B,Mumbai,Normal,Male,Electronics,Bluetooth Speaker,2646.68,1,0.0,Cash,8.7,1826.21
INV-2024-01381,2024-02-11,13:05,B,Mumbai,Normal,Male,Personal Care,Shampoo,477.54,3,0.05,Cash,6.9,276.97
INV-2024-01382,2024-01-04,15:00,A,Delhi,Normal,Male,Sports,Dumbbell Set,2310.51,4,0.0,UPI,8.7,1478.73
INV-2024-01383,2024-02-21,15:24,A,Delhi,Member,Male,Sports,Yoga Mat,830.23,5,0.05,Card,5.6,531.35
INV-2024-01384,2024-03-31,09:15,A,Delhi,Normal,Male,Groceries,Cooking Oil,793.42,2,0.1,Card,8.5,650.6
INV-2024-01385,2024-03-28,17:28,B,Mumbai,Member,Female,Personal Care,Shampoo,432.7,1,0.1,Card,7.4,250.97
INV-2024-01386,2024-01-05,12:10,A,Delhi,Member,Male,Sports,Cricket Bat,2112.76,6,0.1,Card,9.8,1352.17
INV-2024-01387,2024-03-07,15:16,C,Bengaluru,Member,Female,Sports,Dumbbell Set,2322.87,1,0.15,UPI,8.1,1486.64
INV-2024-01388,2024-01-31,17:48,A,Delhi,Normal,Male,Clothing,Sports Shoes,2660.22,3,0.1,Cash,8.8,1622.73
INV-2024-01389,2024-03-24,14:05,B,Mumbai,Normal,Male,Home & Kitchen,Mixer Grinder,3311.6,4,0.1,Card,10.0,2185.66
INV-2024-01390,2024-01-05,19:40,B,Mumbai,Normal,Female,Groceries,Rice 5kg,642.26,3,0.1,UPI,6.0,526.65
INV-2024-01391,2024-03-26,12:41,B,Mumbai,Member,Female,Clothing,T-Shirt,849.88,4,0.0,UPI,9.2,518.43
INV-2024-01392,2024-03-18,16:38,B,Mumbai,Normal,Female,Groceries,Rice 5kg,650.13,7,0.05,Cash,10.0,533.11
INV-2024-01393,2024-01-12,18:46,A,Delhi,Member,Male,Personal Care,Shampoo,413.47,2,0.0,UPI,5.7,239.81
INV-2024-01394,2024-01-07,16:03,A,Delhi,Normal,Female,Clothing,T-Shirt,784.6,3,0.0,Card,6.1,478.61
INV-2024-01395,2024-03-18,10:09,B,Mumbai,Normal,Female,Clothing,Jacket,2814.1,4,0.1,Card,7.9,1716.6
INV-2024-01396,2024-01-16,14:59,B,Mumbai,Normal,Female,Personal Care,Trimmer,1868.08,4,0.0,UPI,5.9,1083.49
INV-2024-01397,2024-02-21,21:31,A,Delhi,Member,Female,Electronics,Earbuds,2151.35,1,0.15000000000000002,UPI,8.9,1484.43
INV-2024-01398,2024-03-24,13:04,C,Bengaluru,Member,Male,Sports,Fitness Band,1351.12,3,0.05,Card,6.6,864.72
INV-2024-01399,2024-02-24,11:45,C,Bengaluru,Normal,Female,Clothing,Sports Shoes,2697.4,1,0.15,UPI,7.8,1645.41
INV-2024-01400,2024-02-08,13:23,C,Bengaluru,Normal,Male,Clothing,T-Shirt,849.02,4,0.05,UPI,7.2,517.9
INV-2024-01401,2024-02-13,18:46,B,Mumbai,Member,Female,Home & Kitchen,Mixer Grinder,3441.08,1,0.0,Cash,6.7,2271.11
INV-2024-01402,2024-01-07,16:32,B,Mumbai,Member,Female,Home & Kitchen,Storage Set,710.92,1,0.0,Cash,6.5,469.21
INV-2024-01403,2024-03-29,09:42,B,Mumbai,Normal,Female,Electronics,Earbuds,2190.36,4,0.0,Card,8.3,1511.35
INV-2024-01404,2024-01-31,19:32,B,Mumbai,Normal,Male,Electronics,Bluetooth Speaker,2787.66,4,0.05,Card,5.8,1923.49
INV-2024-01405,2024-01-20,17:58,C,Bengaluru,Member,Female,Electronics,Smart Watch,3691.2,3,0.15000000000000002,Card,7.1,2546.93
INV-2024-01406,2024-01-29,17:38,A,Delhi,Normal,Female,Clothing,Jeans,1719.18,1,0.0,Card,9.1,1048.7
INV-2024-01407,2024-03-29,13:50,B,Mumbai,Member,Male,Clothing,Jacket,3123.38,3,0.05,Cash,6.8,1905.26
INV-2024-01408,2024-01-10,19:15,A,Delhi,Normal,Female,Clothing,Jacket,3104.44,2,0.05,Cash,7.9,1893.71
INV-2024-01409,2024-03-21,16:17,A,Delhi,Normal,Male,Clothing,T-Shirt,823.18,3,0.0,Card,7.4,502.14
INV-2024-01410,2024-03-07,19:20,A,Delhi,Member,Male,Groceries,Dry Fruits,957.44,2,0.1,Card,7.8,785.1
INV-2024-01411,2024-03-17,12:56,C,Bengaluru,Normal,Female,Clothing,Jacket,3110.97,2,0.0,Card,9.2,1897.69
INV-2024-01412,2024-03-30,15:43,A,Delhi,Normal,Male,Electronics,Earbuds,2127.38,2,0.1,Card,9.1,1467.89
INV-2024-01413,2024-03-18,16:42,A,Delhi,Normal,Female,Electronics,Power Bank,1444.41,1,0.05,Card,7.1,996.64
INV-2024-01414,2024-03-27,17:03,A,Delhi,Normal,Male,Clothing,Jacket,2816.83,1,0.15,Card,10.0,1718.27
INV-2024-01415,2024-01-13,18:04,B,Mumbai,Member,Female,Electronics,Power Bank,1615.01,1,0.0,Cash,7.5,1114.36
INV-2024-01416,2024-03-15,16:16,A,Delhi,Normal,Male,Electronics,Bluetooth Speaker,2812.93,3,0.15,Cash,9.5,1940.92
INV-2024-01417,2024-02-22,20:03,B,Mumbai,Normal,Male,Personal Care,Perfume,1647.38,4,0.0,Cash,7.4,955.48
INV-2024-01418,2024-02-22,12:09,A,Delhi,Normal,Female,Groceries,Rice 5kg,636.98,6,0.1,Card,6.9,522.32
INV-2024-01419,2024-03-23,18:46,A,Delhi,Member,Male,Clothing,Jeans,1898.67,2,0.1,Card,8.0,1158.19
INV-2024-01420,2024-03-30,18:18,C,Bengaluru,Member,Female,Groceries,Dry Fruits,959.77,1,0.05,Cash,8.8,787.01
INV-2024-01421,2024-03-07,17:59,C,Bengaluru,Normal,Male,Home & Kitchen,Cookware Set,2361.64,2,0.15,Card,9.1,1558.68
INV-2024-01422,2024-02-16,18:36,C,Bengaluru,Member,Female,Electronics,Bluetooth Speaker,2749.27,3,0.05,Cash,6.9,1897.0
INV-2024-01423,2024-02-14,21:57,C,Bengaluru,Member,Female,Groceries,Dry Fruits,979.93,5,0.05,UPI,5.8,803.54
INV-2024-01424,2024-02-07,17:20,B,Mumbai,Member,Male,Electronics,Bluetooth Speaker,2621.8,3,0.0,Card,9.6,1809.04
INV-2024-01425,2024-02-05,13:57,A,Delhi,Normal,Male,Personal Care,Trimmer,1963.5,3,0.05,Card,6.1,1138.83
INV-2024-01426,2024-02-08,18:07,A,Delhi,Normal,Female,Clothing,Jeans,1728.82,2,0.0,UPI,8.7,1054.58
INV-2024-01427,2024-01-10,13:19,B,Mumbai,Normal,Female,Electronics,Smart Watch,4094.48,3,0.05,Cash,8.0,2825.19
INV-2024-01428,2024-01-08,10:26,B,Mumbai,Member,Female,Sports,Fitness Band,1233.42,1,0.05,UPI,7.5,789.39
INV-2024-01429,2024-03-13,18:34,B,Mumbai,Member,Female,Clothing,T-Shirt,823.2,4,0.0,UPI,10.0,502.15
INV-2024-01430,2024-02-13,12:51,B,Mumbai,Member,Male,Electronics,Bluetooth Speaker,2753.97,2,0.0,Cash,7.6,1900.24
INV-2024-01431,2024-03-26,13:55,C,Bengaluru,Member,Male,Personal Care,Trimmer,1773.77,3,0.0,Card,8.7,1028.79
INV-2024-01432,2024-02-28,17:09,B,Mumbai,Member,Female,Groceries,Cooking Oil,773.25,2,0.0,Cash,9.3,634.07
INV-2024-01433,2024-01-04,18:13,C,Bengaluru,Normal,Male,Electronics,Earbuds,2299.0,2,0.1,Cash,7.5,1586.31
INV-2024-01434,2024-01-16,15:44,B,Mumbai,Normal,Female,Personal Care,Perfume,1582.34,3,0.15,Cash,8.3,917.76
INV-2024-01435,2024-01-21,13:13,A,Delhi,Normal,Male,Personal Care,Shampoo,429.59,1,0.2,Card,7.9,249.16
INV-2024-01436,2024-03-30,11:57,B,Mumbai,Member,Male,Personal Care,Perfume,1695.78,5,0.15,Cash,7.8,983.55
INV-2024-01437,2024-01-22,15:40,B,Mumbai,Normal,Male,Home & Kitchen,Mixer Grinder,3446.99,3,0.15,UPI,6.8,2275.01
INV-2024-01438,2024-02-19,16:02,C,Bengaluru,Normal,Female,Home & Kitchen,Mixer Grinder,3195.23,2,0.0,UPI,7.5,2108.85
INV-2024-01439,2024-03-26,19:42,B,Mumbai,Member,Male,Groceries,Rice 5kg,623.85,5,0.1,Cash,6.9,511.56
INV-2024-01440,2024-03-30,12:37,C,Bengaluru,Normal,Female,Electronics,Earbuds,2113.79,2,0.05,UPI,8.1,1458.52
INV-2024-01441,2024-01-24,20:51,C,Bengaluru,Normal,Female,Groceries,Cooking Oil,827.93,3,0.2,Cash,7.5,678.9
INV-2024-01442,2024-01-06,19:54,B,Mumbai,Member,Female,Groceries,Rice 5kg,591.68,4,0.1,UPI,7.5,485.18
INV-2024-01443,2024-01-16,14:07,B,Mumbai,Member,Female,Clothing,Jeans,1670.74,4,0.2,Card,6.9,1019.15
INV-2024-01444,2024-01-07,14:22,C,Bengaluru,Normal,Female,Personal Care,Shampoo,445.99,4,0.0,Cash,8.8,258.67
INV-2024-01445,2024-01-20,15:57,B,Mumbai,Member,Female,Groceries,Cooking Oil,835.55,2,0.1,UPI,9.6,685.15
INV-2024-01446,2024-02-24,19:47,A,Delhi,Normal,Male,Groceries,Dry Fruits,975.29,4,0.0,UPI,7.4,799.74
INV-2024-01447,2024-03-24,16:17,A,Delhi,Normal,Male,Personal Care,Trimmer,1816.12,4,0.0,UPI,7.6,1053.35
INV-2024-01448,2024-02-21,18:58,C,Bengaluru,Normal,Female,Clothing,Jacket,3072.41,1,0.1,UPI,5.9,1874.17
INV-2024-01449,2024-02-29,12:14,A,Delhi,Member,Female,Personal Care,Trimmer,2040.49,1,0.2,Card,7.9,1183.48
INV-2024-01450,2024-01-21,18:11,B,Mumbai,Normal,Male,Home & Kitchen,Mixer Grinder,3330.27,4,0.0,Cash,9.5,2197.98
INV-2024-01451,2024-03-15,10:17,A,Delhi,Normal,Male,Home & Kitchen,Mixer Grinder,3332.21,3,0.1,Card,8.0,2199.26
INV-2024-01452,2024-02-29,10:34,A,Delhi,Normal,Female,Clothing,Jacket,2858.74,1,0.05,Cash,6.0,1743.83
INV-2024-01453,2024-03-20,09:01,A,Delhi,Normal,Male,Personal Care,Perfume,1622.44,1,0.05,Cash,6.5,941.02
INV-2024-01454,2024-03-27,11:51,B,Mumbai,Normal,Female,Home & Kitchen,Storage Set,649.77,3,0.1,UPI,7.1,428.85
INV-2024-01455,2024-02-04,12:16,A,Delhi,Normal,Male,Electronics,Smart Watch,3966.41,2,0.0,UPI,7.2,2736.82
INV-2024-01456,2024-01-10,13:33,C,Bengaluru,Member,Female,Groceries,Breakfast Cereal,410.15,2,0.05,Card,9.0,336.32
INV-2024-01457,2024-01-23,12:55,A,Delhi,Member,Male,Sports,Dumbbell Set,2428.95,2,0.1,UPI,7.9,1554.53
INV-2024-01458,2024-02-12,19:42,B,Mumbai,Normal,Female,Groceries,Breakfast Cereal,392.57,2,0.0,Card,7.9,321.91
INV-2024-01459,2024-03-27,18:58,B,Mumbai,Member,Female,Home & Kitchen,Bedsheet,978.41,4,0.15000000000000002,UPI,6.6,645.75
INV-2024-01460,2024-02-07,19:09,A,Delhi,Normal,Male,Groceries,Rice 5kg,611.36,3,0.0,Cash,6.8,501.32
INV-2024-01461,2024-03-12,15:40,B,Mumbai,Member,Female,Clothing,Jacket,2989.85,4,0.0,UPI,8.1,1823.81
INV-2024-01462,2024-02-22,12:18,C,Bengaluru,Member,Male,Sports,Cricket Bat,2071.52,1,0.05,Card,7.2,1325.77
INV-2024-01463,2024-01-19,17:17,A,Delhi,Normal,Female,Clothing,T-Shirt,743.66,2,0.0,UPI,8.7,453.63
INV-2024-01464,2024-02-01,17:38,C,Bengaluru,Normal,Male,Groceries,Cooking Oil,727.44,1,0.1,UPI,8.7,596.5
INV-2024-01465,2024-03-03,17:38,A,Delhi,Member,Female,Home & Kitchen,Bedsheet,1052.82,2,0.15000000000000002,Card,5.1,694.86
INV-2024-01466,2024-03-04,20:07,A,Delhi,Normal,Female,Groceries,Cooking Oil,828.24,2,0.2,UPI,6.3,679.16
INV-2024-01467,2024-02-12,18:39,A,Delhi,Member,Male,Clothing,Sports Shoes,2681.77,2,0.1,Card,7.7,1635.88
INV-2024-01468,2024-01-23,19:20,A,Delhi,Member,Female,Sports,Fitness Band,1327.34,1,0.0,UPI,7.3,849.5
INV-2024-01469,2024-03-09,20:01,C,Bengaluru,Member,Male,Home & Kitchen,Cookware Set,2304.53,1,0.05,Card,9.2,1520.99
INV-2024-01470,2024-01-17,20:34,C,Bengaluru,Member,Female,Clothing,Sports Shoes,2303.7,4,0.0,Card,6.8,1405.26
INV-2024-01471,2024-03-26,14:00,A,Delhi,Member,Female,Clothing,T-Shirt,824.64,4,0.0,UPI,8.8,503.03
INV-2024-01472,2024-01-19,16:23,C,Bengaluru,Normal,Female,Groceries,Breakfast Cereal,354.35,3,0.0,Card,5.4,290.57
INV-2024-01473,2024-01-11,17:36,A,Delhi,Normal,Female,Electronics,Power Bank,1395.64,3,0.1,Card,8.8,962.99
INV-2024-01474,2024-02-18,18:28,B,Mumbai,Normal,Female,Electronics,Earbuds,2091.39,3,0.0,Card,7.2,1443.06
INV-2024-01475,2024-02-19,19:55,A,Delhi,Member,Male,Sports,Yoga Mat,853.89,6,0.0,Card,7.8,546.49
INV-2024-01476,2024-02-18,16:48,C,Bengaluru,Normal,Male,Groceries,Cooking Oil,852.76,3,0.05,Cash,5.9,699.26
INV-2024-01477,2024-02-12,18:50,B,Mumbai,Normal,Female,Groceries,Dry Fruits,1003.08,4,0.1,Card,8.4,822.53
INV-2024-01478,2024-03-31,17:54,A,Delhi,Member,Female,Home & Kitchen,Bedsheet,997.39,4,0.2,Cash,5.1,658.28
INV-2024-01479,2024-02-17,13:23,B,Mumbai,Normal,Female,Clothing,Jeans,1929.24,3,0.0,Card,7.8,1176.84
INV-2024-01480,2024-02-16,15:18,A,Delhi,Normal,Female,Electronics,Smart Watch,4093.42,2,0.0,Card,6.6,2824.46
INV-2024-01481,2024-02-11,19:49,B,Mumbai,Normal,Female,Home & Kitchen,Storage Set,649.78,2,0.1,UPI,6.7,428.85
INV-2024-01482,2024-01-07,17:12,B,Mumbai,Normal,Female,Sports,Dumbbell Set,2433.54,6,0.0,UPI,7.1,1557.47
INV-2024-01483,2024-02-26,20:13,C,Bengaluru,Member,Male,Personal Care,Perfume,1694.32,1,0.05,UPI,9.5,982.71
INV-2024-01484,2024-01-23,21:37,B,Mumbai,Normal,Male,Clothing,Jeans,1681.5,2,0.2,Cash,7.3,1025.71
INV-2024-01485,2024-03-01,21:05,A,Delhi,Member,Female,Groceries,Cooking Oil,809.35,3,0.1,UPI,6.6,663.67
INV-2024-01486,2024-01-06,21:49,B,Mumbai,Normal,Female,Personal Care,Trimmer,1768.83,5,0.1,Cash,6.0,1025.92
INV-2024-01487,2024-03-30,13:10,C,Bengaluru,Normal,Female,Home & Kitchen,Mixer Grinder,3037.2,3,0.1,Cash,8.1,2004.55
INV-2024-01488,2024-02-15,15:54,C,Bengaluru,Member,Female,Personal Care,Shampoo,437.23,3,0.1,Card,6.7,253.59
INV-2024-01489,2024-03-23,18:38,B,Mumbai,Normal,Male,Clothing,Jacket,3016.14,2,0.05,UPI,8.4,1839.85
INV-2024-01490,2024-02-16,18:48,B,Mumbai,Normal,Female,Personal Care,Shampoo,484.62,3,0.0,Card,8.0,281.08
INV-2024-01491,2024-01-07,11:38,B,Mumbai,Normal,Female,Groceries,Cooking Oil,790.48,4,0.05,UPI,7.4,648.19
INV-2024-01492,2024-03-17,19:42,B,Mumbai,Normal,Female,Groceries,Cooking Oil,768.4,1,0.0,Card,5.7,630.09
INV-2024-01493,2024-03-02,14:10,B,Mumbai,Normal,Female,Groceries,Breakfast Cereal,371.46,2,0.1,Cash,7.3,304.6
INV-2024-01494,2024-03-13,17:57,A,Delhi,Member,Male,Electronics,Smart Watch,4081.14,1,0.15,Cash,6.9,2815.99
INV-2024-01495,2024-02-11,21:50,A,Delhi,Normal,Female,Electronics,Power Bank,1576.23,6,0.1,UPI,8.6,1087.6
INV-2024-01496,2024-03-02,16:37,B,Mumbai,Normal,Female,Groceries,Dry Fruits,926.57,1,0.0,Cash,6.4,759.79
INV-2024-01497,2024-03-20,18:38,A,Delhi,Member,Female,Groceries,Dry Fruits,958.87,1,0.15000000000000002,UPI,8.6,786.27
INV-2024-01498,2024-03-01,09:45,C,Bengaluru,Normal,Female,Groceries,Rice 5kg,599.15,1,0.0,UPI,5.1,491.3
INV-2024-01499,2024-02-04,17:18,C,Bengaluru,Normal,Male,Sports,Dumbbell Set,2573.48,3,0.05,UPI,7.7,1647.03
INV-2024-01500,2024-03-03,15:24,B,Mumbai,Member,Male,Groceries,Breakfast Cereal,369.94,1,0.0,Card,8.6,303.35
INV-2024-01501,2024-03-04,11:14,B,Mumbai,Member,Female,Sports,Yoga Mat,863.96,4,0.05,UPI,5.3,552.93
INV-2024-01502,2024-03-28,09:35,B,Mumbai,Member,Female,Electronics,Bluetooth Speaker,2904.9,1,0.1,UPI,7.5,2004.38
INV-2024-01503,2024-02-06,19:28,B,Mumbai,Normal,Female,Sports,Yoga Mat,844.96,4,0.1,Cash,7.2,540.77
INV-2024-01504,2024-02-11,17:03,B,Mumbai,Normal,Male,Groceries,Cooking Oil,798.04,2,0.1,Cash,7.4,654.39
INV-2024-01505,2024-03-16,18:25,B,Mumbai,Normal,Male,Clothing,T-Shirt,830.23,2,0.1,Cash,7.7,506.44
INV-2024-01506,2024-02-18,16:06,C,Bengaluru,Member,Male,Personal Care,Shampoo,462.21,2,0.1,Card,7.6,268.08
INV-2024-01507,2024-03-10,18:24,A,Delhi,Normal,Male,Home & Kitchen,Bedsheet,1064.83,1,0.0,Card,9.2,702.79
INV-2024-01508,2024-02-14,20:34,A,Delhi,Normal,Female,Sports,Yoga Mat,959.0,1,0.1,Cash,7.3,613.76
INV-2024-01509,2024-01-22,19:49,C,Bengaluru,Member,Male,Home & Kitchen,Cookware Set,2525.14,4,0.1,UPI,7.3,1666.59
INV-2024-01510,2024-03-10,17:06,C,Bengaluru,Normal,Male,Groceries,Breakfast Cereal,410.11,3,0.0,Card,8.8,336.29
INV-2024-01511,2024-01-14,10:06,B,Mumbai,Normal,Female,Electronics,Smart Watch,3719.27,2,0.0,Cash,6.7,2566.3
INV-2024-01512,2024-01-20,18:10,A,Delhi,Member,Male,Groceries,Cooking Oil,741.26,5,0.05,Card,7.5,607.83
INV-2024-01513,2024-03-01,15:04,C,Bengaluru,Member,Female,Sports,Fitness Band,1237.05,1,0.15000000000000002,UPI,7.1,791.71
INV-2024-01514,2024-03-10,17:06,C,Bengaluru,Member,Male,Electronics,Smart Watch,3892.83,3,0.1,Card,10.0,2686.05
INV-2024-01515,2024-03-23,11:49,B,Mumbai,Member,Male,Groceries,Cooking Oil,853.19,2,0.0,Card,8.2,699.62
INV-2024-01516,2024-01-28,13:57,B,Mumbai,Normal,Female,Clothing,Sports Shoes,2385.06,5,0.0,Card,7.2,1454.89
INV-2024-01517,2024-01-12,17:56,B,Mumbai,Normal,Female,Groceries,Dry Fruits,1005.81,2,0.05,Cash,7.1,824.76
INV-2024-01518,2024-03-28,19:06,B,Mumbai,Normal,Female,Personal Care,Skin Care Kit,1182.32,1,0.0,Card,7.4,685.75
INV-2024-01519,2024-01-16,15:09,B,Mumbai,Member,Male,Clothing,Sports Shoes,2642.75,1,0.15000000000000002,Cash,8.0,1612.08
INV-2024-01520,2024-01-20,15:04,C,Bengaluru,Normal,Female,Groceries,Rice 5kg,588.62,2,0.0,Cash,6.3,482.67
INV-2024-01521,2024-01-29,14:19,C,Bengaluru,Member,Male,Electronics,Bluetooth Speaker,3007.68,1,0.15,UPI,8.2,2075.3
INV-2024-01522,2024-02-20,20:27,B,Mumbai,Member,Female,Electronics,Earbuds,2241.06,2,0.1,Cash,8.9,1546.33
INV-2024-01523,2024-03-22,15:56,C,Bengaluru,Member,Male,Clothing,Jacket,2826.79,4,0.05,Cash,10.0,1724.34
INV-2024-01524,2024-03-11,13:58,A,Delhi,Normal,Male,Electronics,Earbuds,2106.93,1,0.1,Card,8.1,1453.78
INV-2024-01525,2024-03-07,11:40,B,Mumbai,Member,Male,Home & Kitchen,Storage Set,721.18,1,0.1,UPI,8.4,475.98
INV-2024-01526,2024-01-18,13:36,B,Mumbai,Normal,Male,Sports,Cricket Bat,2094.75,3,0.1,UPI,10.0,1340.64
INV-2024-01527,2024-02-05,15:52,B,Mumbai,Normal,Male,Groceries,Breakfast Cereal,372.55,4,0.05,Card,7.8,305.49
INV-2024-01528,2024-02-16,12:32,A,Delhi,Member,Female,Groceries,Rice 5kg,617.41,2,0.05,UPI,6.6,506.28
INV-2024-01529,2024-01-15,19:54,C,Bengaluru,Normal,Female,Home & Kitchen,Storage Set,722.96,3,0.1,Card,6.9,477.15
INV-2024-01530,2024-01-28,18:13,C,Bengaluru,Member,Male,Home & Kitchen,Cookware Set,2524.3,5,0.2,Card,6.6,1666.04
INV-2024-01531,2024-01-31,11:40,B,Mumbai,Member,Male,Clothing,T-Shirt,859.74,5,0.05,Card,9.9,524.44
INV-2024-01532,2024-01-13,14:34,A,Delhi,Normal,Female,Electronics,Power Bank,1555.57,5,0.15,Cash,8.5,1073.34
INV-2024-01533,2024-02-22,18:07,C,Bengaluru,Normal,Female,Electronics,Power Bank,1580.73,2,0.0,UPI,5.9,1090.7
INV-2024-01534,2024-03-07,12:17,C,Bengaluru,Member,Female,Clothing,Sports Shoes,2670.29,3,0.2,UPI,7.4,1628.88
INV-2024-01535,2024-01-07,15:47,C,Bengaluru,Member,Female,Groceries,Breakfast Cereal,369.21,2,0.2,Card,9.2,302.75
INV-2024-01536,2024-02-16,15:30,A,Delhi,Member,Male,Groceries,Breakfast Cereal,386.36,1,0.2,Cash,6.4,316.82
INV-2024-01537,2024-03-13,12:30,B,Mumbai,Normal,Female,Electronics,Earbuds,2283.84,1,0.1,Cash,7.9,1575.85
INV-2024-01538,2024-03-10,12:32,C,Bengaluru,Normal,Female,Personal Care,Perfume,1638.13,3,0.1,UPI,7.0,950.12
INV-2024-01539,2024-03-16,14:47,A,Delhi,Member,Female,Groceries,Breakfast Cereal,378.54,3,0.1,Card,8.1,310.4
INV-2024-01540,2024-02-13,10:09,B,Mumbai,Member,Male,Electronics,Power Bank,1617.36,2,0.05,Cash,8.3,1115.98
INV-2024-01541,2024-03-17,20:46,B,Mumbai,Normal,Female,Clothing,Jacket,2997.89,5,0.0,UPI,6.2,1828.71
INV-2024-01542,2024-01-25,14:56,B,Mumbai,Normal,Male,Electronics,Bluetooth Speaker,2678.55,2,0.0,Cash,9.8,1848.2
INV-2024-01543,2024-02-05,18:20,B,Mumbai,Normal,Male,Clothing,Sports Shoes,2329.49,1,0.05,Cash,5.4,1420.99
INV-2024-01544,2024-01-18,14:32,A,Delhi,Normal,Male,Groceries,Dry Fruits,897.66,2,0.1,Cash,6.8,736.08
INV-2024-01545,2024-02-15,19:32,C,Bengaluru,Member,Male,Clothing,Jeans,1713.28,1,0.1,Card,4.0,1045.1
INV-2024-01546,2024-02-08,11:29,C,Bengaluru,Member,Male,Clothing,T-Shirt,793.21,2,0.1,Cash,9.7,483.86
INV-2024-01547,2024-01-25,18:57,A,Delhi,Member,Male,Sports,Fitness Band,1305.54,1,0.05,Card,7.2,835.55
INV-2024-01548,2024-03-11,17:18,B,Mumbai,Normal,Female,Clothing,Sports Shoes,2433.18,1,0.1,Card,8.7,1484.24
INV-2024-01549,2024-02-01,19:56,A,Delhi,Member,Male,Clothing,Sports Shoes,2463.54,2,0.1,Cash,8.7,1502.76
INV-2024-01550,2024-01-28,19:32,B,Mumbai,Normal,Male,Sports,Fitness Band,1390.95,1,0.1,UPI,7.0,890.21
INV-2024-01551,2024-01-14,16:41,C,Bengaluru,Member,Female,Groceries,Dry Fruits,944.66,2,0.15000000000000002,Card,6.8,774.62
INV-2024-01552,2024-02-12,16:24,A,Delhi,Normal,Female,Clothing,T-Shirt,841.21,1,0.1,Card,6.1,513.14
INV-2024-01553,2024-01-31,16:26,C,Bengaluru,Member,Female,Home & Kitchen,Bedsheet,941.81,1,0.2,UPI,5.8,621.59
INV-2024-01554,2024-02-06,10:45,B,Mumbai,Normal,Male,Home & Kitchen,Storage Set,679.01,3,0.1,UPI,7.9,448.15
INV-2024-01555,2024-01-24,20:06,C,Bengaluru,Member,Male,Electronics,Smart Watch,3753.45,4,0.05,UPI,10.0,2589.88
INV-2024-01556,2024-03-12,20:48,C,Bengaluru,Normal,Male,Groceries,Dry Fruits,993.35,4,0.05,Cash,6.3,814.55
INV-2024-01557,2024-03-26,15:37,B,Mumbai,Member,Female,Groceries,Dry Fruits,1009.25,3,0.2,UPI,7.5,827.59
INV-2024-01558,2024-02-18,10:09,B,Mumbai,Member,Male,Home & Kitchen,Cookware Set,2284.24,3,0.2,Cash,10.0,1507.6
INV-2024-01559,2024-03-02,12:10,B,Mumbai,Normal,Male,Electronics,Bluetooth Speaker,3022.77,3,0.0,Card,6.2,2085.71
INV-2024-01560,2024-03-21,17:30,A,Delhi,Normal,Female,Personal Care,Shampoo,469.42,1,0.05,Cash,5.3,272.26
INV-2024-01561,2024-03-31,11:06,A,Delhi,Normal,Female,Groceries,Cooking Oil,839.72,4,0.1,UPI,6.0,688.57
INV-2024-01562,2024-02-28,18:39,B,Mumbai,Normal,Male,Groceries,Rice 5kg,607.88,2,0.1,Card,7.0,498.46
INV-2024-01563,2024-03-23,12:30,A,Delhi,Member,Female,Home & Kitchen,Mixer Grinder,3095.85,4,0.0,UPI,6.4,2043.26
INV-2024-01564,2024-03-24,15:00,A,Delhi,Normal,Female,Electronics,Smart Watch,3825.84,2,0.0,Cash,5.7,2639.83
INV-2024-01565,2024-03-14,14:42,A,Delhi,Normal,Female,Sports,Dumbbell Set,2563.97,1,0.1,UPI,9.0,1640.94
INV-2024-01566,2024-02-14,10:40,B,Mumbai,Member,Female,Groceries,Cooking Oil,805.03,3,0.15,Card,7.6,660.12
INV-2024-01567,2024-01-09,10:05,C,Bengaluru,Member,Male,Clothing,Sports Shoes,2573.99,1,0.15000000000000002,UPI,7.6,1570.13
INV-2024-01568,2024-01-02,10:23,A,Delhi,Normal,Male,Personal Care,Trimmer,1928.27,2,0.0,UPI,7.3,1118.4
INV-2024-01569,2024-02-16,16:54,B,Mumbai,Normal,Male,Clothing,Jeans,1909.87,4,0.0,UPI,7.8,1165.02
INV-2024-01570,2024-02-17,14:10,C,Bengaluru,Normal,Male,Clothing,Sports Shoes,2678.8,3,0.1,Card,7.3,1634.07
INV-2024-01571,2024-02-09,21:45,A,Delhi,Member,Female,Clothing,T-Shirt,769.51,1,0.2,UPI,8.1,469.4
INV-2024-01572,2024-02-24,17:52,B,Mumbai,Member,Female,Groceries,Dry Fruits,940.55,3,0.05,Cash,8.4,771.25
INV-2024-01573,2024-02-23,19:29,A,Delhi,Normal,Male,Groceries,Breakfast Cereal,397.84,3,0.0,Cash,8.2,326.23
INV-2024-01574,2024-03-18,13:22,B,Mumbai,Normal,Female,Clothing,Jeans,1717.35,1,0.05,Cash,7.3,1047.58
INV-2024-01575,2024-01-12,19:39,C,Bengaluru,Normal,Male,Groceries,Rice 5kg,647.5,2,0.0,UPI,6.6,530.95
INV-2024-01576,2024-01-23,17:56,B,Mumbai,Normal,Female,Groceries,Breakfast Cereal,403.39,5,0.15,Cash,8.2,330.78
INV-2024-01577,2024-03-14,12:17,B,Mumbai,Normal,Male,Groceries,Rice 5kg,644.79,2,0.1,Card,8.9,528.73
INV-2024-01578,2024-03-19,18:48,A,Delhi,Normal,Female,Sports,Fitness Band,1351.13,3,0.0,Card,8.3,864.72
INV-2024-01579,2024-03-31,19:52,A,Delhi,Normal,Female,Groceries,Breakfast Cereal,361.47,3,0.05,Card,8.3,296.41
INV-2024-01580,2024-03-21,14:03,A,Delhi,Normal,Female,Clothing,Jeans,1922.92,1,0.1,Card,6.5,1172.98
INV-2024-01581,2024-03-23,13:43,A,Delhi,Member,Female,Groceries,Breakfast Cereal,399.43,1,0.15000000000000002,UPI,6.5,327.53
INV-2024-01582,2024-02-01,18:45,B,Mumbai,Member,Female,Electronics,Power Bank,1462.19,3,0.05,Cash,7.2,1008.91
INV-2024-01583,2024-02-09,18:53,C,Bengaluru,Normal,Male,Groceries,Dry Fruits,943.41,1,0.05,UPI,7.7,773.6
INV-2024-01584,2024-01-27,10:11,A,Delhi,Normal,Male,Groceries,Cooking Oil,764.65,2,0.2,UPI,6.8,627.01
INV-2024-01585,2024-02-27,14:33,A,Delhi,Normal,Male,Clothing,Jacket,2764.79,4,0.0,Card,7.1,1686.52
INV-2024-01586,2024-03-27,16:50,C,Bengaluru,Normal,Male,Sports,Yoga Mat,889.03,4,0.0,Card,6.5,568.98
INV-2024-01587,2024-02-04,21:08,C,Bengaluru,Member,Female,Clothing,Jacket,2954.02,5,0.1,UPI,8.5,1801.95
INV-2024-01588,2024-02-23,21:36,A,Delhi,Normal,Male,Groceries,Dry Fruits,900.05,1,0.15,Cash,7.2,738.04
INV-2024-01589,2024-01-30,11:12,B,Mumbai,Member,Female,Groceries,Rice 5kg,644.95,1,0.0,Cash,7.2,528.86
INV-2024-01590,2024-01-18,12:53,A,Delhi,Normal,Female,Electronics,Smart Watch,4200.6,1,0.1,Card,6.1,2898.41
INV-2024-01591,2024-01-20,19:32,A,Delhi,Normal,Female,Electronics,Earbuds,2345.59,3,0.05,UPI,9.0,1618.46
INV-2024-01592,2024-01-06,17:27,A,Delhi,Normal,Male,Electronics,Bluetooth Speaker,2575.73,1,0.1,Cash,7.4,1777.25
INV-2024-01593,2024-03-27,10:12,B,Mumbai,Normal,Male,Clothing,T-Shirt,767.62,1,0.1,Card,7.6,468.25
INV-2024-01594,2024-02-09,10:47,C,Bengaluru,Member,Female,Groceries,Cooking Oil,736.71,5,0.0,UPI,7.6,604.1
INV-2024-01595,2024-03-18,16:07,A,Delhi,Member,Female,Groceries,Cooking Oil,779.62,2,0.05,Card,8.4,639.29
INV-2024-01596,2024-03-05,21:22,B,Mumbai,Normal,Female,Electronics,Power Bank,1568.93,1,0.05,Cash,9.0,1082.56
INV-2024-01597,2024-01-20,21:33,A,Delhi,Member,Female,Groceries,Cooking Oil,739.1,2,0.0,UPI,6.5,606.06
INV-2024-01598,2024-01-18,15:18,C,Bengaluru,Member,Female,Personal Care,Perfume,1572.21,2,0.2,UPI,6.6,911.88
INV-2024-01599,2024-03-16,21:49,B,Mumbai,Normal,Male,Clothing,Jeans,1691.65,4,0.0,UPI,7.0,1031.91
INV-2024-01600,2024-01-27,10:52,B,Mumbai,Member,Female,Clothing,Jeans,1724.96,2,0.15000000000000002,UPI,6.4,1052.23
INV-2024-01601,2024-03-24,13:32,C,Bengaluru,Normal,Male,Groceries,Rice 5kg,602.67,2,0.15,Cash,8.4,494.19
INV-2024-01602,2024-01-14,16:50,C,Bengaluru,Member,Female,Electronics,Power Bank,1481.85,4,0.15000000000000002,UPI,8.2,1022.48
INV-2024-01603,2024-03-05,15:36,C,Bengaluru,Normal,Male,Personal Care,Trimmer,2044.42,1,0.1,Cash,8.2,1185.76
INV-2024-01604,2024-03-16,19:29,C,Bengaluru,Member,Male,Clothing,Jacket,3163.69,2,0.05,Cash,8.9,1929.85
INV-2024-01605,2024-01-24,17:13,A,Delhi,Normal,Female,Groceries,Cooking Oil,839.98,2,0.1,UPI,8.6,688.78
INV-2024-01606,2024-01-28,18:48,C,Bengaluru,Normal,Male,Electronics,Bluetooth Speaker,2719.39,2,0.15,Card,7.9,1876.38
INV-2024-01607,2024-03-29,18:48,A,Delhi,Member,Male,Clothing,Jacket,3193.61,2,0.2,UPI,9.0,1948.1
INV-2024-01608,2024-01-27,18:22,A,Delhi,Normal,Female,Electronics,Power Bank,1453.42,1,0.15,UPI,8.1,1002.86
INV-2024-01609,2024-02-11,19:11,A,Delhi,Member,Female,Groceries,Dry Fruits,950.84,3,0.0,Card,7.6,779.69
INV-2024-01610,2024-02-11,19:24,B,Mumbai,Normal,Male,Sports,Fitness Band,1381.7,2,0.1,Card,9.0,884.29
INV-2024-01611,2024-01-26,13:57,C,Bengaluru,Normal,Male,Groceries,Cooking Oil,737.76,2,0.1,UPI,6.6,604.96
INV-2024-01612,2024-03-13,15:51,A,Delhi,Member,Female,Home & Kitchen,Mixer Grinder,3170.4,1,0.15,Card,5.3,2092.46
INV-2024-01613,2024-03-13,12:46,C,Bengaluru,Normal,Female,Electronics,Earbuds,2204.54,4,0.1,Card,7.3,1521.13
INV-2024-01614,2024-02-07,21:55,C,Bengaluru,Normal,Female,Clothing,Sports Shoes,2330.09,1,0.1,Cash,7.8,1421.35
INV-2024-01615,2024-03-18,19:11,C,Bengaluru,Normal,Female,Electronics,Earbuds,2250.5,2,0.0,Card,6.4,1552.84
INV-2024-01616,2024-01-22,11:44,A,Delhi,Normal,Male,Electronics,Smart Watch,3844.15,4,0.1,Card,7.4,2652.46
INV-2024-01617,2024-01-01,12:34,A,Delhi,Normal,Female,Home & Kitchen,Mixer Grinder,3516.98,5,0.05,Card,8.2,2321.21
INV-2024-01618,2024-02-24,16:43,B,Mumbai,Member,Male,Groceries,Breakfast Cereal,371.08,3,0.15000000000000002,Cash,7.9,304.29
INV-2024-01619,2024-03-31,17:31,C,Bengaluru,Member,Male,Sports,Yoga Mat,868.12,4,0.1,Cash,7.6,555.6
INV-2024-01620,2024-01-05,16:59,C,Bengaluru,Normal,Male,Groceries,Breakfast Cereal,410.23,4,0.15,UPI,5.4,336.39
INV-2024-01621,2024-01-21,10:20,A,Delhi,Member,Female,Groceries,Cooking Oil,737.1,3,0.05,Cash,6.5,604.42
INV-2024-01622,2024-02-19,18:23,B,Mumbai,Member,Female,Clothing,T-Shirt,815.45,1,0.2,Card,8.1,497.42
INV-2024-01623,2024-03-16,15:13,C,Bengaluru,Member,Male,Clothing,Jacket,3088.38,3,0.1,Card,7.5,1883.91
INV-2024-01624,2024-01-09,14:45,A,Delhi,Normal,Male,Groceries,Rice 5kg,578.9,3,0.05,Cash,9.3,474.7
INV-2024-01625,2024-02-08,11:05,A,Delhi,Normal,Female,Groceries,Cooking Oil,777.0,2,0.15,Card,8.2,637.14
INV-2024-01626,2024-03-10,20:39,B,Mumbai,Normal,Male,Groceries,Cooking Oil,772.06,2,0.0,Card,8.2,633.09
INV-2024-01627,2024-02-06,13:28,B,Mumbai,Member,Female,Sports,Dumbbell Set,2412.36,2,0.05,Card,7.4,1543.91
INV-2024-01628,2024-01-20,20:46,A,Delhi,Member,Female,Groceries,Rice 5kg,623.03,2,0.15,UPI,6.1,510.88
INV-2024-01629,2024-01-20,12:36,A,Delhi,Member,Male,Home & Kitchen,Cookware Set,2503.68,2,0.15000000000000002,UPI,8.2,1652.43
INV-2024-01630,2024-02-10,16:29,C,Bengaluru,Member,Female,Electronics,Smart Watch,3788.71,2,0.2,UPI,8.8,2614.21
INV-2024-01631,2024-02-16,16:27,B,Mumbai,Normal,Female,Electronics,Earbuds,2235.74,3,0.2,Card,7.9,1542.66
INV-2024-01632,2024-03-20,16:12,B,Mumbai,Member,Female,Home & Kitchen,Bedsheet,1057.97,2,0.0,UPI,8.5,698.26
INV-2024-01633,2024-03-02,19:16,C,Bengaluru,Normal,Male,Clothing,Jacket,3127.17,6,0.0,Card,8.2,1907.57
INV-2024-01634,2024-03-06,16:29,C,Bengaluru,Normal,Female,Electronics,Smart Watch,3826.59,1,0.1,UPI,6.6,2640.35
INV-2024-01635,2024-03-30,13:31,B,Mumbai,Member,Male,Home & Kitchen,Bedsheet,1048.93,1,0.15000000000000002,Card,7.4,692.29
INV-2024-01636,2024-02-10,16:46,B,Mumbai,Member,Female,Groceries,Breakfast Cereal,366.92,5,0.05,UPI,8.9,300.87
INV-2024-01637,2024-02-09,17:57,B,Mumbai,Member,Female,Personal Care,Shampoo,475.44,1,0.2,UPI,8.9,275.76
INV-2024-01638,2024-03-25,09:56,B,Mumbai,Normal,Male,Electronics,Smart Watch,4270.04,2,0.1,Card,7.7,2946.33
INV-2024-01639,2024-01-25,10:56,B,Mumbai,Normal,Female,Clothing,Sports Shoes,2658.65,5,0.1,Cash,9.3,1621.78
INV-2024-01640,2024-03-09,19:56,A,Delhi,Member,Female,Groceries,Rice 5kg,627.11,2,0.05,UPI,6.2,514.23
INV-2024-01641,2024-03-11,16:25,A,Delhi,Member,Male,Electronics,Earbuds,2179.87,2,0.1,Card,7.4,1504.11
INV-2024-01642,2024-01-10,20:12,B,Mumbai,Normal,Female,Personal Care,Trimmer,1979.39,2,0.05,UPI,6.1,1148.05
INV-2024-01643,2024-02-15,17:42,A,Delhi,Member,Female,Personal Care,Perfume,1526.53,1,0.15000000000000002,Card,8.7,885.39
INV-2024-01644,2024-01-21,19:20,C,Bengaluru,Member,Female,Clothing,Jacket,2856.13,4,0.1,Cash,7.2,1742.24
INV-2024-01645,2024-01-19,12:33,A,Delhi,Member,Female,Electronics,Power Bank,1551.6,1,0.0,Cash,8.6,1070.6
INV-2024-01646,2024-02-14,17:15,B,Mumbai,Normal,Male,Home & Kitchen,Cookware Set,2582.75,3,0.15,Card,9.6,1704.61
INV-2024-01647,2024-01-29,12:44,C,Bengaluru,Member,Female,Home & Kitchen,Storage Set,723.9,5,0.0,UPI,7.9,477.77
INV-2024-01648,2024-03-15,21:55,A,Delhi,Member,Female,Personal Care,Shampoo,428.15,2,0.15000000000000002,Cash,8.3,248.33
INV-2024-01649,2024-03-24,20:18,B,Mumbai,Normal,Male,Home & Kitchen,Storage Set,664.83,4,0.0,UPI,7.3,438.79
INV-2024-01650,2024-03-15,18:43,C,Bengaluru,Member,Female,Home & Kitchen,Bedsheet,1061.0,1,0.15,Cash,6.2,700.26
INV-2024-01651,2024-01-27,21:48,B,Mumbai,Member,Female,Electronics,Bluetooth Speaker,2993.97,5,0.1,UPI,6.8,2065.84
INV-2024-01652,2024-01-28,12:54,A,Delhi,Normal,Male,Home & Kitchen,Mixer Grinder,3044.87,3,0.05,UPI,7.8,2009.61
INV-2024-01653,2024-01-26,17:08,A,Delhi,Normal,Male,Personal Care,Skin Care Kit,1151.76,6,0.0,Cash,7.2,668.02
INV-2024-01654,2024-01-14,17:01,A,Delhi,Member,Female,Clothing,Sports Shoes,2602.9,2,0.1,Card,9.5,1587.77
INV-2024-01655,2024-03-27,17:09,A,Delhi,Normal,Male,Electronics,Bluetooth Speaker,2812.0,2,0.05,Cash,8.7,1940.28
INV-2024-01656,2024-02-09,15:22,C,Bengaluru,Member,Male,Clothing,T-Shirt,804.93,1,0.15,UPI,8.9,491.01
INV-2024-01657,2024-01-23,09:14,C,Bengaluru,Member,Female,Home & Kitchen,Storage Set,668.72,3,0.05,UPI,6.5,441.36
INV-2024-01658,2024-03-19,18:20,A,Delhi,Normal,Female,Electronics,Bluetooth Speaker,2586.61,1,0.0,UPI,5.2,1784.76
INV-2024-01659,2024-02-09,09:47,A,Delhi,Member,Male,Sports,Dumbbell Set,2323.02,1,0.0,UPI,8.5,1486.73
INV-2024-01660,2024-01-04,17:22,A,Delhi,Normal,Female,Sports,Cricket Bat,1947.74,2,0.05,Card,9.0,1246.55
INV-2024-01661,2024-01-17,20:40,C,Bengaluru,Normal,Female,Clothing,Jacket,3062.8,2,0.05,Card,9.3,1868.31
INV-2024-01662,2024-03-02,09:14,C,Bengaluru,Normal,Female,Electronics,Smart Watch,4291.23,5,0.0,UPI,7.3,2960.95
INV-2024-01663,2024-03-14,15:47,B,Mumbai,Normal,Male,Groceries,Rice 5kg,618.92,2,0.15,UPI,9.3,507.51
INV-2024-01664,2024-01-21,09:23,A,Delhi,Member,Male,Sports,Fitness Band,1247.13,2,0.15,Cash,4.5,798.16
INV-2024-01665,2024-03-25,11:27,A,Delhi,Normal,Female,Groceries,Cooking Oil,824.63,4,0.2,UPI,8.6,676.2
INV-2024-01666,2024-03-19,19:44,B,Mumbai,Normal,Male,Electronics,Bluetooth Speaker,2758.98,1,0.0,Card,9.8,1903.7
INV-2024-01667,2024-03-19,21:28,C,Bengaluru,Normal,Female,Home & Kitchen,Storage Set,656.87,3,0.1,UPI,7.2,433.53
INV-2024-01668,2024-01-23,18:06,A,Delhi,Normal,Female,Groceries,Rice 5kg,648.39,4,0.15,Cash,8.6,531.68
INV-2024-01669,2024-01-06,20:06,C,Bengaluru,Member,Male,Sports,Cricket Bat,2004.05,4,0.1,Card,8.3,1282.59
INV-2024-01670,2024-03-21,18:43,A,Delhi,Member,Male,Clothing,Jeans,1893.05,5,0.0,Cash,8.6,1154.76
INV-2024-01671,2024-01-31,11:05,B,Mumbai,Member,Female,Personal Care,Perfume,1704.53,4,0.0,UPI,7.0,988.63
INV-2024-01672,2024-02-29,18:06,C,Bengaluru,Member,Male,Electronics,Smart Watch,4278.08,4,0.0,UPI,9.3,2951.88
INV-2024-01673,2024-03-11,19:00,B,Mumbai,Normal,Female,Personal Care,Trimmer,2006.3,2,0.15,UPI,8.1,1163.65
INV-2024-01674,2024-01-13,17:07,B,Mumbai,Member,Male,Groceries,Breakfast Cereal,388.54,1,0.05,UPI,7.1,318.6
INV-2024-01675,2024-03-13,10:36,C,Bengaluru,Member,Male,Sports,Fitness Band,1231.78,1,0.05,Card,10.0,788.34
INV-2024-01676,2024-03-26,14:11,C,Bengaluru,Member,Female,Home & Kitchen,Mixer Grinder,3393.37,3,0.05,UPI,6.3,2239.62
INV-2024-01677,2024-03-09,11:54,B,Mumbai,Member,Female,Electronics,Earbuds,2079.12,5,0.15000000000000002,Card,7.9,1434.59
INV-2024-01678,2024-02-12,13:41,A,Delhi,Normal,Male,Groceries,Rice 5kg,583.7,1,0.15,UPI,8.1,478.63
INV-2024-01679,2024-03-21,10:20,A,Delhi,Normal,Female,Groceries,Dry Fruits,900.91,2,0.0,Cash,8.5,738.75
INV-2024-01680,2024-02-20,17:24,C,Bengaluru,Normal,Female,Home & Kitchen,Mixer Grinder,3108.82,3,0.0,UPI,7.8,2051.82
INV-2024-01681,2024-03-10,14:09,A,Delhi,Normal,Male,Clothing,Jacket,3207.8,2,0.0,Cash,8.9,1956.76
INV-2024-01682,2024-03-17,17:48,B,Mumbai,Normal,Male,Home & Kitchen,Storage Set,654.86,1,0.0,Card,7.5,432.21
INV-2024-01683,2024-03-10,14:39,C,Bengaluru,Normal,Female,Home & Kitchen,Cookware Set,2270.56,2,0.05,UPI,9.4,1498.57
INV-2024-01684,2024-01-29,10:54,A,Delhi,Normal,Male,Electronics,Bluetooth Speaker,2981.14,4,0.2,UPI,7.1,2056.99
INV-2024-01685,2024-01-13,19:45,A,Delhi,Member,Male,Groceries,Rice 5kg,599.52,1,0.05,Cash,4.4,491.61
INV-2024-01686,2024-01-24,11:20,C,Bengaluru,Member,Male,Electronics,Power Bank,1395.73,2,0.1,Cash,8.0,963.05
INV-2024-01687,2024-02-18,19:47,B,Mumbai,Member,Male,Clothing,Jacket,3150.86,3,0.1,UPI,8.6,1922.02
INV-2024-01688,2024-02-18,18:59,C,Bengaluru,Normal,Male,Clothing,T-Shirt,776.14,3,0.05,Card,6.4,473.45
INV-2024-01689,2024-02-25,16:21,A,Delhi,Member,Male,Groceries,Cooking Oil,757.29,1,0.05,Cash,5.0,620.98
INV-2024-01690,2024-02-08,15:42,A,Delhi,Normal,Female,Personal Care,Shampoo,435.64,4,0.15,Card,7.9,252.67
INV-2024-01691,2024-03-14,19:30,C,Bengaluru,Member,Male,Clothing,Jacket,2792.2,2,0.1,UPI,9.1,1703.24
INV-2024-01692,2024-03-24,18:28,A,Delhi,Member,Female,Electronics,Earbuds,2239.56,2,0.1,Card,8.2,1545.3
INV-2024-01693,2024-01-25,18:57,A,Delhi,Normal,Male,Home & Kitchen,Bedsheet,963.19,4,0.0,UPI,7.7,635.71
INV-2024-01694,2024-03-10,16:48,B,Mumbai,Member,Male,Home & Kitchen,Storage Set,687.86,3,0.1,Card,7.9,453.99
INV-2024-01695,2024-03-05,19:28,B,Mumbai,Normal,Female,Groceries,Cooking Oil,836.82,1,0.15,UPI,7.8,686.19
INV-2024-01696,2024-02-20,19:25,A,Delhi,Normal,Male,Clothing,T-Shirt,848.28,3,0.15,UPI,8.7,517.45
INV-2024-01697,2024-01-20,14:53,B,Mumbai,Member,Male,Personal Care,Shampoo,442.85,1,0.0,Card,7.1,256.85
INV-2024-01698,2024-03-15,19:26,A,Delhi,Member,Female,Personal Care,Perfume,1561.43,1,0.05,UPI,7.6,905.63
INV-2024-01699,2024-03-28,21:05,A,Delhi,Member,Male,Personal Care,Skin Care Kit,1269.61,2,0.1,Card,8.0,736.37
INV-2024-01700,2024-03-09,14:07,B,Mumbai,Member,Female,Electronics,Bluetooth Speaker,2796.79,3,0.05,UPI,8.0,1929.79
INV-2024-01701,2024-03-25,19:53,B,Mumbai,Normal,Male,Clothing,Sports Shoes,2347.84,1,0.1,Card,8.0,1432.18
INV-2024-01702,2024-03-30,21:00,C,Bengaluru,Normal,Female,Home & Kitchen,Storage Set,718.7,2,0.1,Card,5.6,474.34
INV-2024-01703,2024-02-04,18:05,C,Bengaluru,Member,Male,Electronics,Power Bank,1562.35,3,0.1,UPI,,1078.02
INV-2024-01704,2024-03-02,16:29,A,Delhi,Normal,Male,Personal Care,Perfume,1512.0,2,0.0,UPI,5.7,876.96
INV-2024-01705,2024-02-15,10:36,C,Bengaluru,Normal,Female,Home & Kitchen,Storage Set,727.45,4,0.0,Card,7.4,480.12
INV-2024-01706,2024-03-31,21:41,A,Delhi,Normal,Male,Groceries,Rice 5kg,597.49,4,0.0,UPI,7.1,489.94
INV-2024-01707,2024-01-10,17:52,B,Mumbai,Normal,Male,Electronics,Bluetooth Speaker,2589.48,4,0.05,Cash,8.3,1786.74
INV-2024-01708,2024-02-10,16:58,C,Bengaluru,Normal,Male,Groceries,Rice 5kg,612.96,4,0.0,UPI,9.0,502.63
INV-2024-01709,2024-03-21,19:22,A,Delhi,Member,Female,Clothing,Sports Shoes,2300.74,4,0.1,Cash,6.4,1403.45
INV-2024-01710,2024-01-29,19:49,A,Delhi,Normal,Female,Sports,Cricket Bat,1989.63,2,0.05,UPI,8.5,1273.36
INV-2024-01711,2024-03-14,20:23,A,Delhi,Member,Male,Clothing,Jacket,3059.74,4,0.05,UPI,7.5,1866.44
INV-2024-01712,2024-02-07,13:12,C,Bengaluru,Normal,Male,Clothing,Jacket,2967.34,1,0.1,Card,10.0,1810.08
INV-2024-01713,2024-03-30,17:26,A,Delhi,Normal,Female,Groceries,Dry Fruits,912.48,2,0.0,Card,7.5,748.23
INV-2024-01714,2024-03-22,14:11,B,Mumbai,Normal,Female,Groceries,Cooking Oil,769.5,3,0.0,Cash,6.2,630.99
INV-2024-01715,2024-01-30,17:24,B,Mumbai,Normal,Female,Personal Care,Skin Care Kit,1153.77,4,0.2,Card,4.3,669.19
INV-2024-01716,2024-03-12,18:40,B,Mumbai,Normal,Male,Groceries,Cooking Oil,828.38,2,0.0,Card,6.3,679.27
INV-2024-01717,2024-02-03,19:03,C,Bengaluru,Normal,Male,Groceries,Dry Fruits,936.26,3,0.05,UPI,7.2,767.73
INV-2024-01718,2024-02-27,18:21,B,Mumbai,Normal,Male,Groceries,Breakfast Cereal,358.13,2,0.1,UPI,7.7,293.67
INV-2024-01719,2024-03-03,18:09,C,Bengaluru,Normal,Female,Sports,Dumbbell Set,2595.81,1,0.1,Cash,7.4,1661.32
INV-2024-01720,2024-03-17,18:23,A,Delhi,Normal,Male,Groceries,Rice 5kg,577.44,4,0.15,Cash,7.8,473.5
INV-2024-01721,2024-01-03,18:23,B,Mumbai,Normal,Male,Electronics,Power Bank,1494.86,1,0.05,UPI,7.3,1031.45
INV-2024-01722,2024-01-22,20:57,B,Mumbai,Member,Female,Clothing,Sports Shoes,2639.78,1,0.05,Cash,8.6,1610.27
INV-2024-01723,2024-03-08,14:15,A,Delhi,Member,Female,Clothing,T-Shirt,832.76,5,0.05,UPI,8.0,507.98
INV-2024-01724,2024-02-24,18:22,A,Delhi,Normal,Female,Clothing,T-Shirt,763.9,2,0.0,Cash,6.9,465.98
INV-2024-01725,2024-02-17,19:24,C,Bengaluru,Normal,Male,Clothing,Jacket,3076.8,2,0.05,UPI,8.5,1876.85
INV-2024-01726,2024-01-06,09:17,A,Delhi,Member,Male,Home & Kitchen,Storage Set,711.9,3,0.05,UPI,8.2,469.85
INV-2024-01727,2024-02-04,18:58,A,Delhi,Member,Male,Electronics,Earbuds,2234.94,3,0.0,UPI,8.2,1542.11
INV-2024-01728,2024-03-20,18:14,A,Delhi,Normal,Male,Groceries,Dry Fruits,978.1,3,0.0,UPI,9.1,802.04
INV-2024-01729,2024-01-04,16:55,C,Bengaluru,Member,Female,Groceries,Cooking Oil,843.21,3,0.2,Card,7.5,691.43
INV-2024-01730,2024-02-08,16:29,A,Delhi,Normal,Female,Home & Kitchen,Mixer Grinder,3413.8,2,0.2,UPI,6.9,2253.11
INV-2024-01731,2024-03-27,16:47,C,Bengaluru,Member,Male,Electronics,Earbuds,2076.24,5,0.2,UPI,7.7,1432.61
INV-2024-01732,2024-01-06,18:40,B,Mumbai,Normal,Female,Personal Care,Skin Care Kit,1263.13,3,0.1,UPI,7.1,732.62
INV-2024-01733,2024-03-11,11:19,B,Mumbai,Member,Female,Groceries,Breakfast Cereal,407.32,2,0.2,UPI,5.9,334.0
INV-2024-01734,2024-01-26,18:43,B,Mumbai,Normal,Male,Groceries,Cooking Oil,829.79,2,0.15,UPI,5.5,680.43
INV-2024-01735,2024-03-21,21:59,B,Mumbai,Normal,Female,Electronics,Power Bank,1397.74,1,0.0,UPI,7.8,964.44
INV-2024-01736,2024-03-10,17:19,B,Mumbai,Member,Female,Personal Care,Shampoo,435.42,2,0.1,Card,6.2,252.54
INV-2024-01737,2024-03-22,16:13,A,Delhi,Normal,Female,Electronics,Smart Watch,3932.7,3,0.05,Card,8.5,2713.56
INV-2024-01738,2024-01-22,10:08,C,Bengaluru,Normal,Female,Groceries,Cooking Oil,748.69,2,0.15,Card,7.7,613.93
INV-2024-01739,2024-02-21,18:31,A,Delhi,Member,Male,Clothing,Jacket,3131.41,1,0.05,Card,8.4,1910.16
INV-2024-01740,2024-03-13,10:20,A,Delhi,Normal,Female,Groceries,Breakfast Cereal,384.27,2,0.0,UPI,8.3,315.1
INV-2024-01741,2024-01-25,19:35,C,Bengaluru,Normal,Male,Clothing,Sports Shoes,2521.12,4,0.15,UPI,6.2,1537.88
INV-2024-01742,2024-01-23,16:54,B,Mumbai,Member,Female,Groceries,Cooking Oil,788.8,2,0.0,UPI,7.9,646.82
INV-2024-01743,2024-01-03,18:38,A,Delhi,Normal,Male,Groceries,Breakfast Cereal,350.94,3,0.0,Card,7.0,287.77
INV-2024-01744,2024-03-28,13:54,C,Bengaluru,Member,Female,Clothing,T-Shirt,769.15,2,0.05,Card,6.6,469.18
INV-2024-01745,2024-03-07,18:00,C,Bengaluru,Member,Male,Groceries,Dry Fruits,888.9,2,0.15,UPI,7.0,728.9
INV-2024-01746,2024-03-01,19:55,A,Delhi,Member,Male,Home & Kitchen,Cookware Set,2268.66,2,0.1,UPI,6.2,1497.32
INV-2024-01747,2024-03-10,16:28,B,Mumbai,Normal,Female,Home & Kitchen,Mixer Grinder,3428.82,1,0.0,Cash,7.8,2263.02
INV-2024-01748,2024-02-21,11:07,A,Delhi,Normal,Female,Personal Care,Perfume,1488.01,3,0.2,Card,6.3,863.05
INV-2024-01749,2024-02-16,13:49,C,Bengaluru,Normal,Male,Groceries,Dry Fruits,931.62,4,0.05,Cash,10.0,763.93
INV-2024-01750,2024-02-13,12:35,B,Mumbai,Member,Male,Groceries,Cooking Oil,824.57,3,0.15,Card,5.7,676.15
INV-2024-01751,2024-03-02,20:02,B,Mumbai,Normal,Male,Groceries,Cooking Oil,851.26,3,0.0,Card,5.7,698.03
INV-2024-01752,2024-01-21,11:34,A,Delhi,Member,Female,Electronics,Bluetooth Speaker,2898.88,5,0.0,Card,7.7,2000.23
INV-2024-01753,2024-03-22,19:03,B,Mumbai,Member,Male,Groceries,Dry Fruits,897.44,3,0.15,Card,7.5,735.9
INV-2024-01754,2024-03-16,11:30,A,Delhi,Member,Female,Electronics,Smart Watch,4125.61,2,0.0,Cash,6.7,2846.67
INV-2024-01755,2024-02-04,21:07,A,Delhi,Member,Female,Personal Care,Trimmer,1963.33,3,0.0,UPI,6.5,1138.73
INV-2024-01756,2024-02-25,18:17,C,Bengaluru,Normal,Female,Groceries,Breakfast Cereal,393.41,2,0.1,UPI,10.0,322.6
INV-2024-01757,2024-01-14,19:35,B,Mumbai,Normal,Female,Home & Kitchen,Bedsheet,1040.58,2,0.0,UPI,7.4,686.78
INV-2024-01758,2024-03-30,19:24,C,Bengaluru,Normal,Female,Sports,Fitness Band,1249.0,2,0.0,UPI,6.9,799.36
INV-2024-01759,2024-03-24,15:38,A,Delhi,Member,Female,Groceries,Rice 5kg,627.56,3,0.1,Card,8.1,514.6
INV-2024-01760,2024-03-25,19:01,A,Delhi,Normal,Male,Sports,Yoga Mat,874.62,1,0.1,UPI,6.1,559.76
INV-2024-01761,2024-02-03,16:46,B,Mumbai,Normal,Female,Electronics,Smart Watch,3987.41,2,0.0,UPI,9.1,2751.31
INV-2024-01762,2024-01-17,18:48,A,Delhi,Member,Male,Electronics,Smart Watch,4052.8,4,0.0,Cash,7.1,2796.43
INV-2024-01763,2024-01-21,14:24,B,Mumbai,Normal,Male,Personal Care,Skin Care Kit,1160.72,4,0.05,UPI,7.3,673.22
INV-2024-01764,2024-01-10,10:57,A,Delhi,Normal,Female,Electronics,Bluetooth Speaker,2708.19,1,0.0,UPI,7.9,1868.65
INV-2024-01765,2024-01-13,10:57,B,Mumbai,Normal,Male,Home & Kitchen,Storage Set,743.36,3,0.15,UPI,7.9,490.62
INV-2024-01766,2024-01-08,19:43,A,Delhi,Normal,Male,Home & Kitchen,Cookware Set,2529.99,2,0.15,UPI,8.0,1669.79
INV-2024-01767,2024-03-31,19:06,B,Mumbai,Member,Female,Clothing,Jacket,3085.92,4,0.15,UPI,8.3,1882.41
INV-2024-01768,2024-01-08,21:31,B,Mumbai,Member,Female,Electronics,Power Bank,1561.06,4,0.05,Cash,8.1,1077.13
INV-2024-01769,2024-01-14,16:49,A,Delhi,Normal,Female,Home & Kitchen,Mixer Grinder,3126.77,3,0.1,UPI,6.3,2063.67
INV-2024-01770,2024-03-17,19:04,A,Delhi,Normal,Female,Groceries,Dry Fruits,933.46,1,0.0,Cash,7.6,765.44
INV-2024-01771,2024-02-25,12:57,A,Delhi,Member,Male,Groceries,Dry Fruits,950.74,3,0.1,UPI,8.7,779.61
INV-2024-01772,2024-03-13,17:51,B,Mumbai,Member,Male,Clothing,T-Shirt,767.57,2,0.0,UPI,8.4,468.22
INV-2024-01773,2024-03-01,19:59,A,Delhi,Member,Male,Groceries,Dry Fruits,916.32,3,0.05,UPI,9.2,751.38
INV-2024-01774,2024-03-22,18:49,B,Mumbai,Member,Female,Home & Kitchen,Bedsheet,940.21,5,0.1,UPI,6.4,620.54
INV-2024-01775,2024-03-02,19:08,A,Delhi,Member,Female,Home & Kitchen,Cookware Set,2403.31,3,0.0,Cash,7.8,1586.18
INV-2024-01776,2024-02-20,21:55,C,Bengaluru,Normal,Female,Home & Kitchen,Mixer Grinder,3057.82,5,0.05,UPI,9.3,2018.16
INV-2024-01777,2024-03-08,15:32,B,Mumbai,Normal,Female,Groceries,Rice 5kg,652.72,3,0.0,Cash,6.7,535.23
INV-2024-01778,2024-02-13,19:40,A,Delhi,Member,Male,Electronics,Smart Watch,3692.01,3,0.05,UPI,8.1,2547.49
INV-2024-01779,2024-02-04,20:22,B,Mumbai,Member,Female,Clothing,Jacket,2934.17,2,0.05,Card,9.5,1789.84
INV-2024-01780,2024-02-15,15:50,B,Mumbai,Normal,Female,Personal Care,Skin Care Kit,1111.83,1,0.1,Card,7.1,644.86
INV-2024-01781,2024-01-18,21:00,B,Mumbai,Normal,Female,Electronics,Smart Watch,3693.86,1,0.0,Card,6.4,2548.76
INV-2024-01782,2024-03-15,12:55,B,Mumbai,Normal,Female,Electronics,Smart Watch,4012.07,2,0.0,UPI,6.0,2768.33
INV-2024-01783,2024-01-27,14:16,A,Delhi,Member,Female,Sports,Yoga Mat,927.52,3,0.05,Card,7.4,593.61
INV-2024-01784,2024-01-16,12:18,B,Mumbai,Normal,Male,Electronics,Earbuds,2368.82,2,0.15,UPI,8.0,1634.49
INV-2024-01785,2024-01-25,17:27,C,Bengaluru,Normal,Female,Personal Care,Trimmer,2048.31,1,0.0,UPI,6.8,1188.02
INV-2024-01786,2024-03-18,11:12,A,Delhi,Normal,Male,Electronics,Earbuds,2122.21,6,0.15,UPI,8.4,1464.32
INV-2024-01787,2024-02-02,14:34,A,Delhi,Normal,Female,Home & Kitchen,Storage Set,654.59,6,0.0,UPI,7.8,432.03
INV-2024-01788,2024-03-05,09:41,A,Delhi,Normal,Female,Groceries,Dry Fruits,986.6,5,0.05,Cash,7.8,809.01
INV-2024-01789,2024-03-20,11:42,B,Mumbai,Member,Male,Personal Care,Skin Care Kit,1186.53,1,0.0,Card,10.0,688.19
INV-2024-01790,2024-01-08,19:31,C,Bengaluru,Member,Female,Electronics,Earbuds,2265.36,2,0.05,Card,8.0,1563.1
INV-2024-01791,2024-03-12,20:47,A,Delhi,Member,Male,Personal Care,Perfume,1672.67,2,0.15000000000000002,Card,6.9,970.15
INV-2024-01792,2024-01-31,13:40,B,Mumbai,Member,Male,Electronics,Smart Watch,4077.57,2,0.15,UPI,9.7,2813.52
INV-2024-01793,2024-01-22,15:19,A,Delhi,Normal,Female,Electronics,Power Bank,1383.41,4,0.0,UPI,7.4,954.55
INV-2024-01794,2024-03-06,18:59,C,Bengaluru,Normal,Female,Electronics,Power Bank,1492.09,4,0.0,Card,5.8,1029.54
INV-2024-01795,2024-03-24,09:15,A,Delhi,Normal,Female,Electronics,Smart Watch,4061.22,1,0.05,Card,5.6,2802.24
INV-2024-01796,2024-01-30,13:01,B,Mumbai,Normal,Male,Clothing,Jeans,1899.73,2,0.05,Card,8.6,1158.84
INV-2024-01797,2024-02-24,16:17,B,Mumbai,Member,Male,Clothing,Jacket,3204.67,4,0.05,Cash,9.8,1954.85
INV-2024-01798,2024-01-29,17:44,A,Delhi,Normal,Female,Personal Care,Trimmer,1794.91,1,0.1,UPI,6.7,1041.05
INV-2024-01799,2024-02-23,12:00,A,Delhi,Member,Male,Personal Care,Shampoo,427.6,6,0.1,UPI,7.8,248.01
INV-2024-01800,2024-02-29,21:35,C,Bengaluru,Member,Male,Home & Kitchen,Storage Set,687.98,2,0.2,UPI,7.8,454.07
INV-2024-01801,2024-02-28,17:00,B,Mumbai,Normal,Male,Groceries,Dry Fruits,936.17,1,0.1,Cash,5.1,767.66
INV-2024-01802,2024-02-29,17:41,B,Mumbai,Member,Female,Home & Kitchen,Bedsheet,967.09,3,0.15000000000000002,Card,9.3,638.28
INV-2024-01803,2024-01-14,12:31,B,Mumbai,Normal,Female,Sports,Yoga Mat,961.26,1,0.0,Card,7.6,615.21
INV-2024-01804,2024-03-06,17:57,A,Delhi,Normal,Male,Electronics,Smart Watch,4032.95,3,0.05,Card,7.3,2782.74
INV-2024-01805,2024-03-04,14:44,B,Mumbai,Member,Female,Clothing,Jeans,1689.74,2,0.0,UPI,7.1,1030.74
INV-2024-01806,2024-03-05,17:42,C,Bengaluru,Member,Female,Personal Care,Trimmer,1799.0,1,0.15,Card,7.8,1043.42
INV-2024-01807,2024-01-08,21:57,A,Delhi,Normal,Female,Clothing,T-Shirt,743.21,3,0.0,UPI,7.2,453.36
INV-2024-01808,2024-02-13,18:47,B,Mumbai,Member,Male,Electronics,Earbuds,2061.71,1,0.15,Card,9.3,1422.58
INV-2024-01809,2024-02-10,11:31,B,Mumbai,Member,Female,Electronics,Earbuds,2089.96,6,0.05,Card,8.4,1442.07
INV-2024-01810,2024-01-09,19:33,A,Delhi,Member,Male,Personal Care,Trimmer,1828.68,3,0.05,UPI,10.0,1060.63
INV-2024-01811,2024-01-23,13:24,C,Bengaluru,Member,Female,Groceries,Rice 5kg,584.9,2,0.0,UPI,8.0,479.62
INV-2024-01812,2024-02-12,17:01,A,Delhi,Normal,Female,Home & Kitchen,Mixer Grinder,3544.92,2,0.1,Cash,7.8,2339.65
INV-2024-01813,2024-03-10,18:33,A,Delhi,Member,Female,Electronics,Smart Watch,3867.66,1,0.05,Card,6.4,2668.69
INV-2024-01814,2024-01-24,15:20,A,Delhi,Normal,Female,Clothing,Jeans,1692.61,6,0.0,UPI,8.3,1032.49
INV-2024-01815,2024-03-17,17:01,C,Bengaluru,Member,Male,Clothing,T-Shirt,778.05,2,0.1,Card,7.7,474.61
INV-2024-01816,2024-02-22,12:26,A,Delhi,Member,Female,Clothing,T-Shirt,804.88,1,0.05,Card,5.7,490.98
INV-2024-01817,2024-03-11,17:00,C,Bengaluru,Normal,Female,Clothing,Sports Shoes,2538.75,1,0.15,UPI,6.6,1548.64
INV-2024-01818,2024-02-15,16:00,B,Mumbai,Member,Female,Groceries,Breakfast Cereal,393.19,2,0.0,UPI,6.0,322.42
INV-2024-01819,2024-02-18,18:37,C,Bengaluru,Normal,Male,Personal Care,Perfume,1620.44,1,0.0,Cash,7.2,939.86
INV-2024-01820,2024-02-29,19:25,C,Bengaluru,Normal,Female,Electronics,Smart Watch,3908.08,6,0.1,UPI,4.9,2696.58
INV-2024-01821,2024-03-26,18:27,B,Mumbai,Member,Male,Personal Care,Trimmer,1889.46,1,0.0,Card,8.2,1095.89
INV-2024-01822,2024-02-17,10:54,A,Delhi,Member,Male,Sports,Dumbbell Set,2668.87,4,0.0,Cash,6.3,1708.08
INV-2024-01823,2024-02-20,18:52,C,Bengaluru,Normal,Female,Groceries,Dry Fruits,915.98,1,0.0,Card,6.0,751.1
INV-2024-01824,2024-02-27,15:48,B,Mumbai,Member,Male,Electronics,Smart Watch,4217.52,5,0.1,Card,8.1,2910.09
INV-2024-01825,2024-03-10,18:40,B,Mumbai,Normal,Male,Clothing,Sports Shoes,2440.66,3,0.0,UPI,8.4,1488.8
INV-2024-01826,2024-01-08,18:33,A,Delhi,Member,Male,Groceries,Rice 5kg,609.12,2,0.0,UPI,9.1,499.48
INV-2024-01827,2024-02-19,13:34,B,Mumbai,Member,Male,Groceries,Cooking Oil,814.32,4,0.05,Card,6.2,667.74
INV-2024-01828,2024-02-16,17:56,A,Delhi,Normal,Male,Groceries,Cooking Oil,744.12,1,0.15,UPI,7.8,610.18
INV-2024-01829,2024-03-25,15:27,C,Bengaluru,Normal,Male,Clothing,Jacket,3054.46,1,0.1,Card,7.4,1863.22
INV-2024-01830,2024-02-17,15:33,C,Bengaluru,Member,Female,Personal Care,Trimmer,1981.91,2,0.1,UPI,8.1,1149.51
INV-2024-01831,2024-02-15,14:18,A,Delhi,Normal,Male,Groceries,Breakfast Cereal,408.59,6,0.1,Cash,6.3,335.04
INV-2024-01832,2024-03-29,20:13,A,Delhi,Member,Female,Personal Care,Trimmer,1856.85,2,0.0,Card,8.1,1076.97
INV-2024-01833,2024-02-13,18:26,B,Mumbai,Member,Female,Groceries,Rice 5kg,650.68,2,0.05,UPI,8.7,533.56
INV-2024-01834,2024-01-19,10:41,A,Delhi,Normal,Male,Groceries,Cooking Oil,758.49,1,0.2,UPI,7.3,621.96
INV-2024-01835,2024-01-22,09:58,A,Delhi,Member,Female,Electronics,Earbuds,2278.23,1,0.1,Card,7.4,1571.98
INV-2024-01836,2024-01-10,18:33,A,Delhi,Member,Male,Home & Kitchen,Mixer Grinder,3437.26,1,0.1,Card,6.6,2268.59
INV-2024-01837,2024-01-01,20:28,B,Mumbai,Normal,Female,Electronics,Bluetooth Speaker,2729.57,1,0.05,Card,7.3,1883.4
INV-2024-01838,2024-02-11,18:08,A,Delhi,Normal,Female,Electronics,Smart Watch,4266.83,2,0.05,Card,7.9,2944.11
INV-2024-01839,2024-03-12,16:18,A,Delhi,Normal,Male,Sports,Dumbbell Set,2383.79,2,0.1,UPI,10.0,1525.63
INV-2024-01840,2024-03-09,11:00,C,Bengaluru,Member,Female,Groceries,Breakfast Cereal,399.56,3,0.1,UPI,7.2,327.64
INV-2024-01841,2024-01-04,12:49,A,Delhi,Member,Female,Sports,Yoga Mat,829.95,4,0.0,Cash,7.6,531.17
INV-2024-01842,2024-02-24,19:04,C,Bengaluru,Member,Female,Groceries,Rice 5kg,610.99,5,0.15000000000000002,Card,8.8,501.01
INV-2024-01843,2024-01-16,21:39,A,Delhi,Member,Male,Groceries,Rice 5kg,592.29,1,0.15,UPI,5.3,485.68
INV-2024-01844,2024-03-27,12:03,A,Delhi,Normal,Female,Groceries,Breakfast Cereal,381.86,4,0.2,Card,7.7,313.13
INV-2024-01845,2024-01-17,18:12,A,Delhi,Member,Male,Electronics,Power Bank,1517.47,6,0.2,UPI,7.9,1047.05
INV-2024-01846,2024-02-29,12:56,B,Mumbai,Normal,Female,Electronics,Earbuds,2143.89,1,0.1,Card,7.1,1479.28
INV-2024-01847,2024-02-02,20:52,A,Delhi,Member,Female,Personal Care,Shampoo,414.88,1,0.05,Card,9.3,240.63
INV-2024-01848,2024-03-02,14:14,B,Mumbai,Normal,Male,Electronics,Bluetooth Speaker,2593.0,2,0.0,UPI,7.5,1789.17
INV-2024-01849,2024-02-10,19:03,B,Mumbai,Normal,Female,Clothing,Jacket,2906.66,3,0.1,Card,6.8,1773.06
INV-2024-01850,2024-03-11,15:24,B,Mumbai,Normal,Female,Electronics,Earbuds,2347.89,3,0.05,Cash,8.4,1620.04
INV-2024-01851,2024-01-23,18:16,A,Delhi,Member,Male,Electronics,Bluetooth Speaker,2679.28,3,0.1,Card,8.4,1848.7
INV-2024-01852,2024-03-24,19:31,B,Mumbai,Member,Male,Groceries,Cooking Oil,808.04,3,0.0,UPI,7.4,662.59
INV-2024-01853,2024-02-18,21:35,B,Mumbai,Normal,Male,Groceries,Dry Fruits,950.61,1,0.0,Card,9.0,779.5
INV-2024-01854,2024-03-11,19:14,A,Delhi,Member,Male,Sports,Cricket Bat,1940.64,2,0.0,UPI,7.2,1242.01
INV-2024-01855,2024-03-19,17:05,A,Delhi,Member,Male,Clothing,Jacket,2848.92,4,0.05,UPI,6.6,1737.84
INV-2024-01856,2024-03-31,13:01,A,Delhi,Member,Male,Groceries,Dry Fruits,1025.94,3,0.2,Card,8.7,841.27
INV-2024-01857,2024-01-23,14:47,A,Delhi,Normal,Female,Sports,Cricket Bat,2061.78,2,0.0,Card,6.9,1319.54
INV-2024-01858,2024-01-29,11:50,B,Mumbai,Normal,Male,Electronics,Earbuds,2089.96,5,0.2,UPI,8.0,1442.07
INV-2024-01859,2024-01-26,10:51,B,Mumbai,Normal,Male,Clothing,Jacket,2833.91,6,0.15,UPI,7.3,1728.69
INV-2024-01860,2024-01-27,17:47,B,Mumbai,Normal,Female,Groceries,Breakfast Cereal,383.9,1,0.2,Card,7.9,314.8
INV-2024-01861,2024-02-25,11:47,A,Delhi,Member,Female,Personal Care,Shampoo,458.63,5,0.05,UPI,7.4,266.01
INV-2024-01862,2024-03-31,18:50,A,Delhi,Member,Female,Electronics,Bluetooth Speaker,2611.01,2,0.0,Card,7.3,1801.6
INV-2024-01863,2024-03-31,11:21,B,Mumbai,Member,Male,Electronics,Smart Watch,4310.85,1,0.0,UPI,9.9,2974.49
INV-2024-01864,2024-02-20,09:45,C,Bengaluru,Normal,Female,Electronics,Smart Watch,3890.27,3,0.0,UPI,8.7,2684.29
INV-2024-01865,2024-03-02,18:52,B,Mumbai,Member,Male,Personal Care,Skin Care Kit,1286.93,2,0.15000000000000002,Card,7.1,746.42
INV-2024-01866,2024-03-20,14:56,B,Mumbai,Normal,Male,Personal Care,Perfume,1578.9,1,0.1,Card,6.7,915.76
INV-2024-01867,2024-03-26,20:23,A,Delhi,Member,Female,Electronics,Smart Watch,3726.54,3,0.05,UPI,8.0,2571.31
INV-2024-01868,2024-01-21,20:43,B,Mumbai,Normal,Female,Clothing,T-Shirt,853.85,5,0.1,UPI,5.7,520.85
INV-2024-01869,2024-02-20,19:50,C,Bengaluru,Normal,Female,Home & Kitchen,Mixer Grinder,3059.66,3,0.1,UPI,6.1,2019.38
INV-2024-01870,2024-03-17,18:02,C,Bengaluru,Member,Male,Clothing,Sports Shoes,2522.5,2,0.05,Card,8.2,1538.72
INV-2024-01871,2024-01-31,15:48,A,Delhi,Normal,Male,Home & Kitchen,Bedsheet,976.39,2,0.0,Card,9.4,644.42
INV-2024-01872,2024-02-12,16:05,B,Mumbai,Member,Female,Sports,Cricket Bat,1915.23,3,0.1,UPI,6.0,1225.75
INV-2024-01873,2024-03-30,15:31,C,Bengaluru,Normal,Female,Home & Kitchen,Storage Set,659.76,4,0.15,Card,6.6,435.44
INV-2024-01874,2024-03-30,15:53,C,Bengaluru,Normal,Female,Home & Kitchen,Bedsheet,1042.75,3,0.2,UPI,9.6,688.21
INV-2024-01875,2024-03-24,14:55,C,Bengaluru,Normal,Female,Personal Care,Shampoo,476.7,2,0.05,Card,8.8,276.49
INV-2024-01876,2024-03-15,16:36,A,Delhi,Normal,Female,Sports,Dumbbell Set,2406.35,3,0.0,UPI,5.5,1540.06
INV-2024-01877,2024-01-27,19:40,A,Delhi,Member,Male,Clothing,T-Shirt,854.46,1,0.15,Cash,8.3,521.22
INV-2024-01878,2024-02-01,17:06,C,Bengaluru,Member,Male,Electronics,Smart Watch,4099.4,4,0.0,Card,7.1,2828.59
INV-2024-01879,2024-02-22,21:45,B,Mumbai,Member,Female,Electronics,Power Bank,1468.88,1,0.05,Card,7.0,1013.53
INV-2024-01880,2024-02-24,17:07,B,Mumbai,Normal,Female,Clothing,Jacket,2787.13,1,0.2,Card,7.4,1700.15
INV-2024-01881,2024-02-18,18:33,C,Bengaluru,Normal,Female,Electronics,Smart Watch,3995.29,3,0.1,UPI,7.2,2756.75
INV-2024-01882,2024-03-01,19:28,A,Delhi,Member,Female,Clothing,Jeans,1703.97,1,0.0,UPI,7.5,1039.42
INV-2024-01883,2024-02-10,13:28,B,Mumbai,Normal,Male,Sports,Cricket Bat,1912.86,2,0.0,UPI,4.7,1224.23
INV-2024-01884,2024-03-10,09:34,B,Mumbai,Normal,Female,Electronics,Smart Watch,4014.45,4,0.1,UPI,9.0,2769.97
INV-2024-01885,2024-02-03,14:26,C,Bengaluru,Member,Male,Groceries,Breakfast Cereal,407.45,3,0.15,Card,7.0,334.11
INV-2024-01886,2024-02-02,16:59,C,Bengaluru,Member,Female,Sports,Cricket Bat,2094.75,4,0.15,UPI,8.3,1340.64
INV-2024-01887,2024-01-13,10:28,A,Delhi,Normal,Male,Home & Kitchen,Storage Set,699.34,2,0.05,Cash,7.2,461.56
INV-2024-01888,2024-01-20,10:57,A,Delhi,Member,Female,Home & Kitchen,Bedsheet,1014.72,5,0.1,Card,7.2,669.72
INV-2024-01889,2024-03-19,20:32,C,Bengaluru,Member,Female,Groceries,Breakfast Cereal,354.03,2,0.15000000000000002,Cash,7.4,290.3
INV-2024-01890,2024-02-13,15:01,C,Bengaluru,Member,Female,Sports,Fitness Band,1203.48,5,0.05,Card,8.0,770.23
INV-2024-01891,2024-01-23,19:49,C,Bengaluru,Member,Female,Electronics,Smart Watch,3981.74,4,0.1,Card,7.3,2747.4
INV-2024-01892,2024-03-11,13:14,B,Mumbai,Member,Male,Electronics,Earbuds,2155.86,3,0.05,UPI,8.3,1487.54
INV-2024-01893,2024-02-23,09:18,B,Mumbai,Normal,Male,Clothing,Jacket,3015.32,2,0.05,Card,8.0,1839.35
INV-2024-01894,2024-01-03,17:46,A,Delhi,Normal,Male,Electronics,Earbuds,2050.22,1,0.0,UPI,6.1,1414.65
INV-2024-01895,2024-02-01,18:52,A,Delhi,Member,Female,Electronics,Power Bank,1582.74,1,0.05,UPI,9.1,1092.09
INV-2024-01896,2024-01-18,12:31,A,Delhi,Normal,Female,Sports,Yoga Mat,945.94,1,0.0,Cash,7.7,605.4
INV-2024-01897,2024-03-03,16:17,B,Mumbai,Member,Female,Clothing,T-Shirt,779.63,3,0.0,Card,8.3,475.57
INV-2024-01898,2024-01-28,21:47,C,Bengaluru,Normal,Female,Home & Kitchen,Storage Set,711.1,1,0.1,UPI,7.0,469.33
INV-2024-01899,2024-01-07,20:42,A,Delhi,Member,Male,Groceries,Cooking Oil,841.39,2,0.1,UPI,5.5,689.94
INV-2024-01900,2024-01-06,15:00,B,Mumbai,Member,Male,Personal Care,Trimmer,1975.7,1,0.2,UPI,7.8,1145.91
INV-2024-01901,2024-02-25,14:16,A,Delhi,Normal,Male,Electronics,Earbuds,2098.11,4,0.0,UPI,8.7,1447.7
INV-2024-01902,2024-01-03,14:33,A,Delhi,Normal,Male,Personal Care,Trimmer,1981.55,3,0.05,UPI,9.5,1149.3
INV-2024-01903,2024-03-19,11:11,C,Bengaluru,Normal,Female,Sports,Dumbbell Set,2632.83,5,0.0,Card,10.0,1685.01
INV-2024-01904,2024-01-16,18:38,A,Delhi,Normal,Female,Groceries,Dry Fruits,897.66,3,0.05,UPI,8.9,736.08
INV-2024-01905,2024-02-28,20:44,B,Mumbai,Normal,Female,Home & Kitchen,Storage Set,744.68,2,0.0,Cash,8.9,491.49
INV-2024-01906,2024-02-13,18:49,C,Bengaluru,Member,Male,Home & Kitchen,Cookware Set,2275.54,1,0.1,Cash,9.6,1501.86
INV-2024-01907,2024-02-12,17:37,A,Delhi,Normal,Female,Groceries,Cooking Oil,734.74,2,0.1,Cash,6.9,602.49
INV-2024-01908,2024-01-08,17:32,A,Delhi,Member,Female,Groceries,Dry Fruits,959.7,3,0.0,UPI,7.5,786.95
INV-2024-01909,2024-03-15,11:00,A,Delhi,Normal,Female,Electronics,Earbuds,2026.18,3,0.15,UPI,9.3,1398.06
INV-2024-01910,2024-03-23,20:27,A,Delhi,Normal,Female,Sports,Yoga Mat,939.29,3,0.05,Cash,4.9,601.15
INV-2024-01911,2024-01-02,11:15,A,Delhi,Member,Male,Clothing,Sports Shoes,2341.27,5,0.0,UPI,8.2,1428.17
INV-2024-01912,2024-01-18,15:32,B,Mumbai,Member,Female,Home & Kitchen,Mixer Grinder,3239.09,1,0.1,Card,8.6,2137.8
INV-2024-01913,2024-03-24,14:01,C,Bengaluru,Normal,Female,Home & Kitchen,Storage Set,744.48,2,0.05,Cash,7.5,491.36
INV-2024-01914,2024-02-22,15:08,B,Mumbai,Normal,Female,Clothing,Sports Shoes,2503.17,3,0.05,Card,9.5,1526.93
INV-2024-01915,2024-01-15,18:08,A,Delhi,Normal,Female,Personal Care,Shampoo,425.03,1,0.05,Card,7.6,246.52
INV-2024-01916,2024-01-21,19:38,C,Bengaluru,Normal,Male,Electronics,Power Bank,1499.79,2,0.05,Card,7.0,1034.86
INV-2024-01917,2024-03-03,12:13,A,Delhi,Normal,Female,Clothing,Jeans,1857.82,3,0.0,Card,10.0,1133.27
INV-2024-01918,2024-03-09,18:28,C,Bengaluru,Member,Male,Sports,Cricket Bat,1929.96,4,0.1,UPI,8.1,1235.17
INV-2024-01919,2024-02-27,16:28,A,Delhi,Normal,Female,Home & Kitchen,Cookware Set,2207.96,1,0.15,Card,7.5,1457.25
INV-2024-01920,2024-03-28,15:07,C,Bengaluru,Member,Female,Groceries,Cooking Oil,790.14,2,0.2,Cash,7.7,647.91
INV-2024-01921,2024-02-17,19:48,A,Delhi,Member,Female,Groceries,Cooking Oil,793.73,1,0.2,Cash,8.6,650.86
INV-2024-01922,2024-01-30,17:15,A,Delhi,Member,Female,Electronics,Power Bank,1407.0,2,0.0,UPI,9.2,970.83
INV-2024-01923,2024-02-16,19:35,C,Bengaluru,Normal,Female,Electronics,Power Bank,1429.77,6,0.0,UPI,7.3,986.54
INV-2024-01924,2024-02-05,17:11,C,Bengaluru,Normal,Female,Groceries,Rice 5kg,620.7,2,0.05,UPI,9.1,508.97
INV-2024-01925,2024-01-23,16:41,C,Bengaluru,Normal,Female,Groceries,Cooking Oil,795.12,4,0.05,UPI,5.8,652.0
INV-2024-01926,2024-01-05,12:34,A,Delhi,Member,Female,Groceries,Breakfast Cereal,357.95,5,0.15000000000000002,Card,6.0,293.52
INV-2024-01927,2024-02-04,17:13,C,Bengaluru,Member,Male,Home & Kitchen,Storage Set,726.85,3,0.15,UPI,6.9,479.72
INV-2024-01928,2024-03-08,16:48,B,Mumbai,Normal,Female,Groceries,Dry Fruits,918.21,2,0.0,Card,7.1,752.93
INV-2024-01929,2024-01-02,10:41,A,Delhi,Member,Male,Groceries,Breakfast Cereal,402.2,5,0.05,UPI,6.3,329.8
INV-2024-01930,2024-02-12,11:36,A,Delhi,Member,Male,Home & Kitchen,Mixer Grinder,3054.76,6,0.05,UPI,9.5,2016.14
INV-2024-01931,2024-03-02,10:25,B,Mumbai,Member,Female,Groceries,Cooking Oil,808.49,5,0.05,UPI,9.2,662.96
INV-2024-01932,2024-02-28,17:10,C,Bengaluru,Normal,Female,Electronics,Power Bank,1425.85,4,0.0,Cash,7.5,983.84
INV-2024-01933,2024-03-13,15:37,C,Bengaluru,Member,Female,Home & Kitchen,Bedsheet,938.59,2,0.15000000000000002,UPI,6.6,619.47
INV-2024-01934,2024-03-16,13:00,B,Mumbai,Normal,Female,Electronics,Earbuds,2176.27,2,0.0,Cash,6.8,1501.63
INV-2024-01935,2024-03-08,09:21,B,Mumbai,Normal,Female,Sports,Cricket Bat,2017.15,2,0.15,Card,6.1,1290.98
INV-2024-01936,2024-01-11,19:05,B,Mumbai,Normal,Male,Home & Kitchen,Mixer Grinder,3218.36,1,0.1,Card,7.1,2124.12
INV-2024-01937,2024-02-16,18:03,C,Bengaluru,Normal,Female,Sports,Yoga Mat,872.16,2,0.15,UPI,7.6,558.18
INV-2024-01938,2024-02-27,18:20,A,Delhi,Member,Male,Home & Kitchen,Mixer Grinder,3548.98,4,0.15,Card,9.5,2342.33
INV-2024-01939,2024-01-25,12:17,C,Bengaluru,Member,Male,Sports,Cricket Bat,2133.93,4,0.15000000000000002,Cash,9.8,1365.72
INV-2024-01940,2024-01-05,18:04,B,Mumbai,Normal,Male,Electronics,Smart Watch,4192.26,1,0.1,UPI,10.0,2892.66
INV-2024-01941,2024-01-23,10:45,B,Mumbai,Member,Female,Clothing,Sports Shoes,2527.2,3,0.0,UPI,6.6,1541.59
INV-2024-01942,2024-02-14,21:46,B,Mumbai,Normal,Male,Home & Kitchen,Storage Set,678.79,3,0.15,UPI,7.0,448.0
INV-2024-01943,2024-02-10,19:12,C,Bengaluru,Member,Female,Electronics,Bluetooth Speaker,2953.89,1,0.2,Card,8.4,2038.18
INV-2024-01944,2024-01-18,21:42,C,Bengaluru,Normal,Male,Electronics,Earbuds,2295.28,4,0.05,Cash,8.8,1583.74
INV-2024-01945,2024-03-17,13:47,A,Delhi,Member,Female,Groceries,Rice 5kg,619.39,1,0.05,UPI,8.9,507.9
INV-2024-01946,2024-03-25,14:20,B,Mumbai,Normal,Female,Home & Kitchen,Bedsheet,933.32,3,0.05,UPI,8.4,615.99
INV-2024-01947,2024-01-21,18:27,B,Mumbai,Normal,Female,Groceries,Breakfast Cereal,351.3,6,0.05,UPI,6.7,288.07
INV-2024-01948,2024-03-26,13:20,C,Bengaluru,Normal,Male,Clothing,Jeans,1676.11,2,0.2,Card,9.4,1022.43
INV-2024-01949,2024-01-02,18:50,B,Mumbai,Normal,Male,Clothing,Sports Shoes,2492.13,1,0.1,UPI,6.4,1520.2
INV-2024-01950,2024-03-25,20:23,B,Mumbai,Member,Male,Clothing,Sports Shoes,2453.23,3,0.05,Card,8.7,1496.47
INV-2024-01951,2024-03-28,18:26,C,Bengaluru,Normal,Female,Sports,Cricket Bat,2002.94,3,0.15,Card,8.0,1281.88
INV-2024-01952,2024-01-02,12:44,B,Mumbai,Member,Female,Groceries,Breakfast Cereal,369.65,3,0.0,UPI,7.1,303.11
INV-2024-01953,2024-03-12,14:44,C,Bengaluru,Member,Female,Home & Kitchen,Bedsheet,951.9,1,0.0,Card,6.2,628.25
INV-2024-01954,2024-03-29,17:50,B,Mumbai,Member,Male,Clothing,Sports Shoes,2386.28,2,0.0,Cash,7.7,1455.63
INV-2024-01955,2024-03-24,18:33,C,Bengaluru,Member,Male,Electronics,Bluetooth Speaker,2707.07,1,0.05,UPI,6.6,1867.88
INV-2024-01956,2024-03-29,14:53,B,Mumbai,Member,Male,Personal Care,Skin Care Kit,1131.0,2,0.15,UPI,4.8,655.98
INV-2024-01957,2024-02-22,12:08,A,Delhi,Member,Male,Electronics,Earbuds,2221.8,2,0.1,Cash,4.9,1533.04
INV-2024-01958,2024-01-08,21:00,A,Delhi,Member,Female,Groceries,Rice 5kg,610.84,6,0.1,UPI,7.7,500.89
INV-2024-01959,2024-03-19,19:54,C,Bengaluru,Member,Male,Clothing,T-Shirt,759.97,2,0.1,Cash,8.4,463.58
INV-2024-01960,2024-02-28,17:09,A,Delhi,Normal,Female,Groceries,Rice 5kg,661.13,2,0.05,UPI,6.2,542.13
INV-2024-01961,2024-02-28,14:03,A,Delhi,Normal,Female,Groceries,Dry Fruits,946.78,2,0.05,Card,5.0,776.36
INV-2024-01962,2024-02-10,16:11,A,Delhi,Normal,Male,Groceries,Dry Fruits,875.97,1,0.1,UPI,9.3,718.3
INV-2024-01963,2024-02-24,12:33,C,Bengaluru,Normal,Female,Groceries,Cooking Oil,765.44,3,0.0,Card,6.2,627.66
INV-2024-01964,2024-01-16,19:17,A,Delhi,Member,Male,Electronics,Power Bank,1470.92,4,0.0,Card,6.7,1014.93
INV-2024-01965,2024-03-10,16:52,B,Mumbai,Member,Male,Sports,Fitness Band,1195.87,5,0.0,UPI,7.8,765.36
INV-2024-01966,2024-01-08,12:32,B,Mumbai,Normal,Male,Personal Care,Shampoo,476.33,3,0.0,Cash,8.5,276.27
INV-2024-01967,2024-03-09,16:46,C,Bengaluru,Member,Female,Electronics,Bluetooth Speaker,2787.29,6,0.15000000000000002,Cash,8.2,1923.23
INV-2024-01968,2024-03-19,21:56,C,Bengaluru,Member,Female,Clothing,T-Shirt,822.5,1,0.1,Card,5.3,501.72
INV-2024-01969,2024-02-15,17:24,C,Bengaluru,Member,Male,Electronics,Earbuds,2308.82,2,0.05,Card,8.5,1593.09
INV-2024-01970,2024-02-18,17:02,B,Mumbai,Normal,Male,Clothing,Jeans,1785.77,2,0.0,UPI,5.9,1089.32
INV-2024-01971,2024-02-01,14:23,C,Bengaluru,Normal,Female,Clothing,Jacket,3130.48,3,0.0,UPI,7.5,1909.59
INV-2024-01972,2024-03-29,19:08,C,Bengaluru,Normal,Male,Home & Kitchen,Storage Set,721.3,2,0.2,Card,6.6,476.06
INV-2024-01973,2024-03-09,14:58,A,Delhi,Normal,Female,Electronics,Earbuds,2261.16,5,0.05,UPI,9.1,1560.2
INV-2024-01974,2024-02-06,15:35,B,Mumbai,Member,Female,Electronics,Power Bank,1614.11,2,0.2,UPI,6.2,1113.74
INV-2024-01975,2024-01-18,18:16,A,Delhi,Normal,Male,Personal Care,Skin Care Kit,1234.09,3,0.1,UPI,6.8,715.77
INV-2024-01976,2024-01-22,14:58,A,Delhi,Member,Male,Electronics,Smart Watch,3932.1,1,0.2,UPI,6.1,2713.15
INV-2024-01977,2024-02-15,14:35,A,Delhi,Normal,Female,Groceries,Cooking Oil,823.79,3,0.15,Card,8.8,675.51
INV-2024-01978,2024-03-27,13:50,B,Mumbai,Normal,Female,Home & Kitchen,Mixer Grinder,3511.8,1,0.0,Card,6.7,2317.79
INV-2024-01979,2024-03-09,16:07,A,Delhi,Member,Female,Electronics,Bluetooth Speaker,2989.3,4,0.05,UPI,8.5,2062.62
INV-2024-01980,2024-01-22,19:36,B,Mumbai,Normal,Female,Groceries,Breakfast Cereal,409.29,6,0.0,UPI,7.6,335.62
INV-2024-01981,2024-03-20,14:47,A,Delhi,Normal,Female,Groceries,Dry Fruits,995.63,1,0.2,Card,9.8,816.42
INV-2024-01982,2024-02-07,20:49,A,Delhi,Normal,Male,Home & Kitchen,Bedsheet,933.02,1,0.1,Cash,8.2,615.79
INV-2024-01983,2024-03-19,19:45,B,Mumbai,Normal,Female,Electronics,Bluetooth Speaker,2982.35,1,0.05,Cash,7.1,2057.82
INV-2024-01984,2024-01-25,19:22,C,Bengaluru,Normal,Male,Groceries,Breakfast Cereal,401.12,3,0.15,Card,7.4,328.92
INV-2024-01985,2024-02-29,16:02,B,Mumbai,Normal,Male,Electronics,Smart Watch,4170.68,2,0.0,Card,5.0,2877.77
INV-2024-01986,2024-03-25,12:36,C,Bengaluru,Member,Female,Groceries,Cooking Oil,850.22,5,0.05,UPI,9.3,697.18
INV-2024-01987,2024-01-26,16:40,B,Mumbai,Normal,Female,Home & Kitchen,Bedsheet,1038.56,3,0.0,Cash,8.3,685.45
INV-2024-01988,2024-03-06,20:18,C,Bengaluru,Normal,Female,Groceries,Rice 5kg,650.38,1,0.0,Card,7.4,533.31
INV-2024-01989,2024-03-31,18:16,B,Mumbai,Member,Male,Electronics,Smart Watch,4264.32,2,0.1,UPI,7.3,2942.38
INV-2024-01990,2024-01-15,20:57,A,Delhi,Member,Male,Clothing,Sports Shoes,2339.95,6,0.05,Card,4.9,1427.37
INV-2024-01991,2024-01-09,13:02,C,Bengaluru,Normal,Female,Groceries,Rice 5kg,651.8,3,0.0,Cash,6.8,534.48
INV-2024-01992,2024-03-04,20:43,C,Bengaluru,Member,Female,Personal Care,Skin Care Kit,1126.64,2,0.0,UPI,10.0,653.45
INV-2024-01993,2024-02-03,21:08,A,Delhi,Member,Female,Clothing,Sports Shoes,2558.97,3,0.1,Card,8.0,1560.97
INV-2024-01994,2024-01-08,16:52,A,Delhi,Normal,Female,Groceries,Dry Fruits,880.74,5,0.1,UPI,8.0,722.21
INV-2024-01995,2024-02-16,16:06,A,Delhi,Member,Female,Home & Kitchen,Cookware Set,2478.65,2,0.15,Card,9.0,1635.91
INV-2024-01996,2024-03-11,14:18,A,Delhi,Normal,Female,Clothing,Jeans,1701.37,3,0.0,Cash,9.1,1037.84
INV-2024-01997,2024-01-29,18:19,A,Delhi,Normal,Male,Home & Kitchen,Bedsheet,935.86,1,0.1,Cash,8.4,617.67
INV-2024-01998,2024-02-03,16:42,C,Bengaluru,Normal,Female,Electronics,Earbuds,2120.39,5,0.0,Card,7.6,1463.07
INV-2024-01999,2024-03-19,21:34,C,Bengaluru,Normal,Male,Electronics,Power Bank,1524.92,4,0.15,UPI,7.5,1052.19
INV-2024-02000,2024-02-20,15:30,C,Bengaluru,Member,Female,Sports,Yoga Mat,953.46,2,0.1,Card,7.9,610.21
INV-2024-02001,2024-03-18,21:28,A,Delhi,Member,Female,Electronics,Smart Watch,3803.88,3,0.05,Card,8.7,2624.68
INV-2024-02002,2024-02-13,21:45,A,Delhi,Normal,Female,Personal Care,Perfume,1564.34,3,0.05,UPI,5.8,907.32
INV-2024-02003,2024-03-28,11:09,A,Delhi,Member,Male,Home & Kitchen,Mixer Grinder,3164.93,1,0.05,UPI,7.2,2088.85
INV-2024-02004,2024-03-02,15:37,A,Delhi,Member,Male,Home & Kitchen,Cookware Set,2270.24,5,0.0,Cash,8.2,1498.36
INV-2024-02005,2024-01-12,17:32,A,Delhi,Normal,Female,Groceries,Dry Fruits,985.77,2,0.05,UPI,8.5,808.33
INV-2024-02006,2024-03-22,16:12,C,Bengaluru,Normal,Female,Home & Kitchen,Storage Set,680.89,2,0.0,UPI,9.2,449.39
INV-2024-02007,2024-02-17,18:14,C,Bengaluru,Normal,Female,Personal Care,Trimmer,2000.22,3,0.0,UPI,6.6,1160.13
INV-2024-02008,2024-01-15,16:04,A,Delhi,Normal,Female,Groceries,Dry Fruits,893.66,6,0.0,Card,9.0,732.8
INV-2024-02009,2024-01-16,19:51,C,Bengaluru,Member,Female,Electronics,Power Bank,1525.44,1,0.15000000000000002,Cash,6.5,1052.55
INV-2024-02010,2024-03-05,15:26,A,Delhi,Normal,Male,Groceries,Dry Fruits,913.62,4,0.0,Card,8.8,749.17
INV-2024-02011,2024-01-06,18:18,C,Bengaluru,Member,Male,Electronics,Bluetooth Speaker,2993.62,2,0.1,UPI,8.7,2065.6
INV-2024-02012,2024-01-29,12:18,A,Delhi,Member,Female,Clothing,T-Shirt,793.03,3,0.2,UPI,7.7,483.75
INV-2024-02013,2024-01-14,12:48,A,Delhi,Member,Male,Clothing,T-Shirt,749.29,2,0.05,Cash,9.8,457.07
INV-2024-02014,2024-02-12,17:13,A,Delhi,Normal,Female,Electronics,Smart Watch,4278.85,2,0.05,UPI,6.9,2952.41
INV-2024-02015,2024-02-10,20:06,C,Bengaluru,Normal,Female,Clothing,Jacket,3168.39,2,0.15,Card,10.0,1932.72
INV-2024-02016,2024-02-20,19:45,B,Mumbai,Member,Male,Sports,Dumbbell Set,2505.09,3,0.05,UPI,7.1,1603.26
INV-2024-02017,2024-01-28,15:07,B,Mumbai,Member,Female,Groceries,Cooking Oil,749.4,5,0.15,Cash,8.1,614.51
INV-2024-02018,2024-01-04,13:49,B,Mumbai,Normal,Male,Groceries,Dry Fruits,909.82,1,0.1,Card,8.2,746.05
INV-2024-02019,2024-02-28,16:41,A,Delhi,Normal,Male,Home & Kitchen,Storage Set,690.4,1,0.1,Cash,8.8,455.66
INV-2024-02020,2024-02-06,18:04,B,Mumbai,Member,Female,Home & Kitchen,Cookware Set,2227.31,1,0.05,UPI,5.8,1470.02
INV-2024-02021,2024-03-02,13:58,A,Delhi,Member,Male,Clothing,Jeans,1792.67,3,0.05,Card,6.9,1093.53
INV-2024-02022,2024-01-12,13:18,A,Delhi,Normal,Male,Clothing,Jeans,1692.64,2,0.0,Card,8.7,1032.51
INV-2024-02023,2024-01-02,17:47,A,Delhi,Normal,Female,Electronics,Power Bank,1493.05,3,0.05,Cash,8.3,1030.2
INV-2024-02024,2024-01-25,17:30,C,Bengaluru,Member,Male,Personal Care,Trimmer,2000.02,5,0.05,UPI,7.0,1160.01
INV-2024-02025,2024-02-14,19:06,C,Bengaluru,Member,Male,Home & Kitchen,Storage Set,693.68,1,0.1,UPI,9.3,457.83
INV-2024-02026,2024-02-08,19:15,A,Delhi,Member,Female,Groceries,Rice 5kg,573.01,3,0.15000000000000002,UPI,5.6,469.87
INV-2024-02027,2024-03-16,18:09,B,Mumbai,Normal,Female,Clothing,T-Shirt,781.87,3,0.05,UPI,8.9,476.94
INV-2024-02028,2024-02-07,11:44,C,Bengaluru,Member,Female,Groceries,Cooking Oil,736.36,2,0.05,UPI,7.2,603.82
INV-2024-02029,2024-02-21,19:42,B,Mumbai,Normal,Female,Groceries,Cooking Oil,773.35,5,0.05,Card,7.8,634.15
INV-2024-02030,2024-02-26,18:48,C,Bengaluru,Member,Female,Clothing,Jacket,2850.33,2,0.15000000000000002,UPI,6.2,1738.7
INV-2024-02031,2024-01-03,15:06,C,Bengaluru,Member,Female,Groceries,Breakfast Cereal,371.5,3,0.1,UPI,6.6,304.63
INV-2024-02032,2024-02-19,09:20,B,Mumbai,Normal,Male,Clothing,Sports Shoes,2300.14,2,0.0,Card,6.3,1403.09
INV-2024-02033,2024-02-04,21:26,B,Mumbai,Normal,Male,Groceries,Cooking Oil,843.4,1,0.05,Card,7.7,691.59
INV-2024-02034,2024-02-11,19:30,C,Bengaluru,Normal,Male,Sports,Yoga Mat,933.93,2,0.15,Card,6.8,597.72
INV-2024-02035,2024-01-11,18:25,C,Bengaluru,Normal,Male,Home & Kitchen,Storage Set,730.14,4,0.05,Card,4.6,481.89
INV-2024-02036,2024-03-14,20:18,A,Delhi,Normal,Male,Home & Kitchen,Storage Set,695.72,5,0.05,UPI,6.9,459.18
INV-2024-02037,2024-03-27,16:56,B,Mumbai,Member,Male,Electronics,Smart Watch,3926.96,2,0.05,Cash,6.7,2709.6
INV-2024-02038,2024-01-03,09:52,C,Bengaluru,Member,Female,Groceries,Dry Fruits,976.77,2,0.15000000000000002,UPI,8.7,800.95
INV-2024-02039,2024-02-27,19:57,B,Mumbai,Normal,Female,Groceries,Rice 5kg,573.11,6,0.05,Cash,6.5,469.95
INV-2024-02040,2024-03-12,17:17,C,Bengaluru,Normal,Male,Clothing,T-Shirt,819.33,6,0.0,Card,10.0,499.79
INV-2024-02041,2024-01-29,13:40,A,Delhi,Normal,Male,Electronics,Bluetooth Speaker,2800.17,2,0.0,Card,6.7,1932.12
INV-2024-02042,2024-03-14,14:28,B,Mumbai,Normal,Female,Personal Care,Perfume,1660.01,1,0.0,UPI,8.5,962.81
INV-2024-02043,2024-03-01,21:29,A,Delhi,Normal,Male,Electronics,Power Bank,1616.71,4,0.1,Cash,3.2,1115.53
INV-2024-02044,2024-03-26,20:25,A,Delhi,Normal,Male,Clothing,T-Shirt,813.94,2,0.1,Card,5.9,496.5
INV-2024-02045,2024-03-30,19:23,C,Bengaluru,Member,Male,Groceries,Breakfast Cereal,393.95,2,0.05,UPI,8.4,323.04
INV-2024-02046,2024-01-05,14:13,B,Mumbai,Normal,Female,Groceries,Breakfast Cereal,373.85,2,0.1,Cash,5.6,306.56
INV-2024-02047,2024-02-13,19:35,A,Delhi,Normal,Female,Home & Kitchen,Mixer Grinder,3235.95,2,0.05,Card,7.8,2135.73
INV-2024-02048,2024-02-22,20:49,B,Mumbai,Normal,Male,Groceries,Rice 5kg,619.67,1,0.05,Card,8.3,508.13
INV-2024-02049,2024-01-15,18:16,A,Delhi,Member,Female,Sports,Yoga Mat,872.33,6,0.0,UPI,9.1,558.29
INV-2024-02050,2024-02-03,16:18,A,Delhi,Normal,Female,Electronics,Power Bank,1568.31,3,0.1,UPI,8.1,1082.13
INV-2024-02051,2024-03-31,12:11,C,Bengaluru,Normal,Male,Electronics,Bluetooth Speaker,2807.97,5,0.0,Card,7.2,1937.5
INV-2024-02052,2024-01-02,21:27,B,Mumbai,Member,Male,Groceries,Rice 5kg,571.47,3,0.1,UPI,8.3,468.61
INV-2024-02053,2024-02-13,19:30,A,Delhi,Member,Male,Home & Kitchen,Bedsheet,938.15,2,0.0,Card,7.8,619.18
INV-2024-02054,2024-03-18,19:23,C,Bengaluru,Normal,Female,Clothing,Jacket,2844.46,1,0.0,Cash,7.6,1735.12
INV-2024-02055,2024-02-02,13:13,C,Bengaluru,Normal,Female,Electronics,Power Bank,1611.79,4,0.0,Card,7.9,1112.14
INV-2024-02056,2024-02-16,18:06,B,Mumbai,Normal,Female,Home & Kitchen,Mixer Grinder,3387.38,3,0.0,UPI,7.7,2235.67
INV-2024-02057,2024-03-30,20:11,C,Bengaluru,Normal,Female,Sports,Dumbbell Set,2640.64,6,0.2,UPI,8.2,1690.01
INV-2024-02058,2024-02-16,19:20,B,Mumbai,Member,Male,Clothing,Sports Shoes,2511.46,3,0.0,Card,7.9,1531.99
INV-2024-02059,2024-01-14,19:07,C,Bengaluru,Member,Male,Groceries,Rice 5kg,600.06,4,0.15,Cash,8.5,492.05
INV-2024-02060,2024-01-06,18:42,A,Delhi,Member,Male,Groceries,Dry Fruits,956.18,6,0.15000000000000002,UPI,7.2,784.07
INV-2024-02061,2024-03-27,21:46,A,Delhi,Normal,Female,Electronics,Power Bank,1613.0,2,0.05,Card,5.7,1112.97
INV-2024-02062,2024-01-27,19:47,B,Mumbai,Member,Female,Clothing,T-Shirt,859.1,4,0.05,UPI,7.3,524.05
INV-2024-02063,2024-02-18,21:21,B,Mumbai,Member,Male,Groceries,Dry Fruits,984.02,4,0.0,Card,9.3,806.9
INV-2024-02064,2024-01-10,19:59,A,Delhi,Normal,Female,Personal Care,Perfume,1639.88,2,0.0,Card,6.2,951.13
INV-2024-02065,2024-02-11,17:08,C,Bengaluru,Normal,Male,Electronics,Earbuds,2308.58,1,0.05,Card,9.1,1592.92
INV-2024-02066,2024-03-26,17:38,C,Bengaluru,Normal,Female,Electronics,Smart Watch,4105.3,3,0.0,Cash,9.5,2832.66
INV-2024-02067,2024-02-18,16:17,A,Delhi,Member,Female,Clothing,Sports Shoes,2407.42,1,0.0,UPI,9.0,1468.53
INV-2024-02068,2024-03-29,10:43,B,Mumbai,Normal,Male,Groceries,Breakfast Cereal,387.0,1,0.05,UPI,6.6,317.34
INV-2024-02069,2024-01-26,12:57,A,Delhi,Member,Female,Groceries,Dry Fruits,990.62,3,0.2,UPI,8.5,812.31
INV-2024-02070,2024-02-18,17:21,B,Mumbai,Normal,Female,Groceries,Dry Fruits,902.34,1,0.0,UPI,8.1,739.92
INV-2024-02071,2024-03-20,19:14,B,Mumbai,Member,Male,Clothing,Sports Shoes,2671.77,4,0.1,Card,5.1,1629.78
INV-2024-02072,2024-02-13,11:01,A,Delhi,Member,Female,Home & Kitchen,Cookware Set,2357.87,2,0.05,Card,8.0,1556.19
INV-2024-02073,2024-01-28,21:25,B,Mumbai,Member,Male,Personal Care,Trimmer,1771.52,2,0.0,UPI,9.5,1027.48
INV-2024-02074,2024-03-20,18:13,A,Delhi,Normal,Male,Groceries,Cooking Oil,797.56,4,0.15,Card,7.3,654.0
INV-2024-02075,2024-02-08,17:26,B,Mumbai,Member,Female,Clothing,Jacket,3119.09,2,0.05,UPI,7.8,1902.64
INV-2024-02076,2024-02-21,19:06,A,Delhi,Normal,Female,Electronics,Earbuds,2155.27,4,0.0,Card,6.8,1487.14
INV-2024-02077,2024-03-30,20:04,A,Delhi,Normal,Female,Groceries,Cooking Oil,822.87,5,0.1,Card,6.0,674.75
INV-2024-02078,2024-01-19,19:10,A,Delhi,Normal,Male,Electronics,Smart Watch,4216.24,5,0.0,Cash,9.3,2909.21
INV-2024-02079,2024-01-30,13:57,B,Mumbai,Member,Male,Electronics,Smart Watch,4045.79,2,0.15000000000000002,UPI,6.7,2791.6
INV-2024-02080,2024-01-04,21:35,A,Delhi,Normal,Female,Clothing,Jeans,1899.37,3,0.05,Card,6.2,1158.62
INV-2024-02081,2024-02-08,12:40,B,Mumbai,Normal,Male,Clothing,T-Shirt,788.33,1,0.0,UPI,7.3,480.88
INV-2024-02082,2024-01-20,14:17,B,Mumbai,Normal,Male,Clothing,Jeans,1754.45,1,0.1,Card,6.8,1070.21
INV-2024-02083,2024-03-05,15:49,B,Mumbai,Member,Female,Personal Care,Skin Care Kit,1179.34,2,0.15000000000000002,UPI,8.5,684.02
INV-2024-02084,2024-01-19,13:45,C,Bengaluru,Normal,Male,Personal Care,Perfume,1635.07,4,0.1,UPI,9.7,948.34
INV-2024-02085,2024-03-04,13:09,B,Mumbai,Normal,Female,Groceries,Dry Fruits,954.77,4,0.0,Card,7.4,782.91
INV-2024-02086,2024-01-27,18:11,C,Bengaluru,Normal,Female,Personal Care,Skin Care Kit,1204.41,5,0.0,UPI,8.8,698.56
INV-2024-02087,2024-02-04,18:02,A,Delhi,Normal,Male,Electronics,Smart Watch,3753.34,3,0.1,Card,8.5,2589.8
INV-2024-02088,2024-02-04,18:55,C,Bengaluru,Normal,Male,Groceries,Breakfast Cereal,399.97,5,0.05,Card,8.0,327.98
INV-2024-02089,2024-03-08,16:32,B,Mumbai,Normal,Male,Electronics,Earbuds,2182.18,6,0.05,UPI,7.3,1505.7
INV-2024-02090,2024-02-15,15:37,C,Bengaluru,Member,Female,Groceries,Breakfast Cereal,392.22,2,0.1,Card,9.0,321.62
INV-2024-02091,2024-02-05,11:12,C,Bengaluru,Member,Male,Personal Care,Shampoo,461.57,4,0.0,UPI,7.0,267.71
INV-2024-02092,2024-03-19,19:52,A,Delhi,Normal,Male,Sports,Cricket Bat,1945.92,1,0.05,Card,8.5,1245.39
INV-2024-02093,2024-02-24,18:12,C,Bengaluru,Normal,Female,Sports,Fitness Band,1269.82,2,0.0,UPI,5.9,812.68
INV-2024-02094,2024-01-22,17:54,A,Delhi,Member,Male,Clothing,Jacket,2868.9,6,0.1,Card,6.6,1750.03
INV-2024-02095,2024-03-23,12:55,A,Delhi,Member,Female,Clothing,Jeans,1786.64,1,0.2,Cash,6.3,1089.85
INV-2024-02096,2024-02-03,18:51,C,Bengaluru,Member,Female,Groceries,Rice 5kg,637.65,1,0.1,Card,10.0,522.87
INV-2024-02097,2024-01-05,18:19,A,Delhi,Member,Male,Home & Kitchen,Cookware Set,2529.36,1,0.05,Card,7.6,1669.38
INV-2024-02098,2024-02-17,17:03,A,Delhi,Member,Female,Sports,Yoga Mat,889.37,4,0.1,Cash,9.7,569.2
INV-2024-02099,2024-01-13,19:59,B,Mumbai,Member,Female,Clothing,Jacket,3177.46,2,0.05,Cash,5.5,1938.25
INV-2024-02100,2024-01-24,18:04,A,Delhi,Member,Male,Groceries,Dry Fruits,969.57,2,0.0,UPI,5.6,795.05
INV-2024-02101,2024-03-10,10:10,A,Delhi,Member,Male,Personal Care,Skin Care Kit,1104.4,2,0.05,Cash,8.1,640.55
INV-2024-02102,2024-01-14,14:51,B,Mumbai,Normal,Female,Electronics,Smart Watch,4138.29,1,0.05,UPI,8.8,2855.42
INV-2024-02103,2024-03-16,13:28,B,Mumbai,Normal,Male,Personal Care,Perfume,1552.81,4,0.1,UPI,5.9,900.63
INV-2024-02104,2024-03-26,14:24,C,Bengaluru,Member,Male,Electronics,Earbuds,2328.74,3,0.05,Card,6.6,1606.83
INV-2024-02105,2024-02-27,17:34,A,Delhi,Normal,Female,Home & Kitchen,Mixer Grinder,3086.75,1,0.1,UPI,6.9,2037.25
INV-2024-02106,2024-03-08,17:04,A,Delhi,Normal,Female,Groceries,Cooking Oil,730.53,3,0.0,Card,6.3,599.03
INV-2024-02107,2024-03-08,18:28,A,Delhi,Member,Male,Electronics,Earbuds,2264.85,1,0.0,Card,8.1,1562.75
INV-2024-02108,2024-03-31,15:14,C,Bengaluru,Member,Female,Sports,Fitness Band,1263.69,3,0.15000000000000002,Card,8.1,808.76
INV-2024-02109,2024-02-03,11:13,A,Delhi,Normal,Female,Groceries,Rice 5kg,589.74,1,0.0,UPI,5.5,483.59
INV-2024-02110,2024-01-17,18:17,B,Mumbai,Member,Female,Electronics,Bluetooth Speaker,2811.24,1,0.05,Cash,7.7,1939.76
INV-2024-02111,2024-02-19,16:23,B,Mumbai,Member,Male,Electronics,Power Bank,1397.49,3,0.05,UPI,9.5,964.27
INV-2024-02112,2024-02-21,18:35,B,Mumbai,Member,Female,Clothing,Jacket,2788.54,1,0.05,Cash,8.5,1701.01
INV-2024-02113,2024-01-18,20:58,A,Delhi,Normal,Male,Sports,Cricket Bat,2105.81,2,0.1,Cash,5.1,1347.72
INV-2024-02114,2024-02-28,18:30,A,Delhi,Normal,Male,Sports,Fitness Band,1315.95,2,0.05,Cash,7.0,842.21
INV-2024-02115,2024-01-02,10:34,B,Mumbai,Normal,Male,Groceries,Cooking Oil,840.76,3,0.1,Cash,9.0,689.42
INV-2024-02116,2024-03-26,12:54,C,Bengaluru,Normal,Male,Clothing,Jacket,3112.04,2,0.0,Card,7.4,1898.34
INV-2024-02117,2024-01-27,20:07,B,Mumbai,Member,Male,Electronics,Earbuds,2321.13,3,0.15,Cash,9.4,1601.58
INV-2024-02118,2024-01-05,21:02,B,Mumbai,Normal,Male,Clothing,Jeans,1823.94,2,0.0,UPI,7.3,1112.6
INV-2024-02119,2024-01-12,12:39,C,Bengaluru,Normal,Male,Personal Care,Shampoo,483.67,2,0.2,UPI,6.5,280.53
INV-2024-02120,2024-01-24,19:59,A,Delhi,Member,Male,Electronics,Earbuds,2192.21,6,0.05,Card,6.8,1512.62
INV-2024-02121,2024-01-28,14:32,A,Delhi,Member,Male,Electronics,Earbuds,2354.13,1,0.15,Cash,7.9,1624.35
INV-2024-02122,2024-01-04,13:23,A,Delhi,Member,Female,Groceries,Cooking Oil,780.46,5,0.05,Card,4.3,639.98
INV-2024-02123,2024-01-28,20:24,B,Mumbai,Member,Female,Home & Kitchen,Mixer Grinder,3264.21,1,0.1,Card,7.5,2154.38
INV-2024-02124,2024-01-20,20:09,C,Bengaluru,Member,Male,Clothing,Jeans,1856.4,1,0.05,UPI,7.9,1132.4
INV-2024-02125,2024-02-07,19:47,C,Bengaluru,Member,Male,Electronics,Earbuds,2060.99,3,0.1,Cash,7.6,1422.08
INV-2024-02126,2024-02-07,18:03,A,Delhi,Normal,Female,Clothing,Jacket,3109.11,1,0.0,Card,7.1,1896.56
INV-2024-02127,2024-02-03,20:26,A,Delhi,Member,Male,Electronics,Power Bank,1449.55,1,0.1,Card,8.1,1000.19
INV-2024-02128,2024-02-02,16:55,C,Bengaluru,Member,Male,Electronics,Power Bank,1429.45,2,0.05,UPI,7.3,986.32
INV-2024-02129,2024-01-10,17:03,B,Mumbai,Normal,Female,Clothing,Jacket,3132.22,3,0.15,Cash,7.0,1910.65
INV-2024-02130,2024-01-03,12:54,B,Mumbai,Member,Female,Clothing,T-Shirt,841.1,5,0.05,UPI,7.5,513.07
INV-2024-02131,2024-01-21,19:58,C,Bengaluru,Normal,Female,Groceries,Dry Fruits,876.02,5,0.0,Card,6.2,718.34
INV-2024-02132,2024-03-11,10:12,B,Mumbai,Member,Female,Groceries,Dry Fruits,882.54,3,0.15,UPI,5.3,723.68
INV-2024-02133,2024-03-31,17:36,A,Delhi,Member,Female,Groceries,Rice 5kg,599.47,3,0.1,UPI,7.4,491.57
INV-2024-02134,2024-03-26,18:36,B,Mumbai,Member,Female,Groceries,Dry Fruits,1000.03,3,0.1,Card,7.9,820.02
INV-2024-02135,2024-02-18,17:48,B,Mumbai,Member,Male,Clothing,T-Shirt,797.82,3,0.15000000000000002,Card,7.8,486.67
INV-2024-02136,2024-02-21,18:27,B,Mumbai,Member,Female,Electronics,Bluetooth Speaker,2999.93,6,0.1,Cash,7.9,2069.95
INV-2024-02137,2024-02-01,17:57,A,Delhi,Normal,Female,Groceries,Dry Fruits,909.09,4,0.0,UPI,7.5,745.45
INV-2024-02138,2024-03-13,19:13,A,Delhi,Member,Male,Groceries,Rice 5kg,614.27,2,0.05,Card,7.7,503.7
INV-2024-02139,2024-03-12,19:11,C,Bengaluru,Member,Female,Groceries,Cooking Oil,801.51,2,0.1,Cash,5.1,657.24
INV-2024-02140,2024-03-19,16:06,B,Mumbai,Normal,Male,Electronics,Bluetooth Speaker,2955.74,2,0.1,Card,6.0,2039.46
INV-2024-02141,2024-03-23,20:57,B,Mumbai,Member,Female,Clothing,Jacket,2926.48,3,0.1,Cash,7.3,1785.15
INV-2024-02142,2024-02-12,15:49,A,Delhi,Normal,Male,Home & Kitchen,Storage Set,716.34,6,0.0,UPI,6.5,472.78
INV-2024-02143,2024-03-12,12:51,B,Mumbai,Normal,Female,Groceries,Cooking Oil,767.79,4,0.05,UPI,6.8,629.59
INV-2024-02144,2024-03-16,19:27,A,Delhi,Normal,Male,Personal Care,Perfume,1589.56,5,0.0,UPI,7.7,921.94
INV-2024-02145,2024-01-31,15:36,C,Bengaluru,Member,Female,Sports,Fitness Band,1253.37,4,0.2,UPI,5.8,802.16
INV-2024-02146,2024-03-26,19:42,B,Mumbai,Member,Male,Clothing,Jeans,1903.73,4,0.2,Cash,7.6,1161.28
INV-2024-02147,2024-01-10,17:01,B,Mumbai,Normal,Male,Home & Kitchen,Storage Set,732.73,1,0.0,UPI,6.2,483.6
INV-2024-02148,2024-03-31,15:02,C,Bengaluru,Normal,Female,Personal Care,Skin Care Kit,1252.27,5,0.0,Cash,8.9,726.32
INV-2024-02149,2024-03-12,19:25,B,Mumbai,Member,Male,Home & Kitchen,Cookware Set,2303.9,2,0.15,Card,8.6,1520.57
INV-2024-02150,2024-01-10,13:06,A,Delhi,Normal,Female,Groceries,Dry Fruits,996.87,5,0.0,Cash,5.8,817.43
INV-2024-02151,2024-03-03,17:43,B,Mumbai,Member,Female,Personal Care,Perfume,1471.59,2,0.0,UPI,10.0,853.52
INV-2024-02152,2024-01-04,19:56,A,Delhi,Member,Male,Personal Care,Perfume,1636.94,1,0.05,Card,7.4,949.43
INV-2024-02153,2024-03-12,16:24,B,Mumbai,Normal,Male,Electronics,Earbuds,2100.56,2,0.0,UPI,7.5,1449.39
INV-2024-02154,2024-03-15,16:41,A,Delhi,Normal,Female,Clothing,Jacket,3032.65,2,0.05,Card,8.8,1849.92
INV-2024-02155,2024-02-27,16:39,A,Delhi,Normal,Female,Clothing,Jacket,3003.89,1,0.0,UPI,7.3,1832.37
INV-2024-02156,2024-03-20,21:59,C,Bengaluru,Normal,Male,Clothing,Sports Shoes,2417.83,1,0.0,Cash,8.3,1474.88
INV-2024-02157,2024-01-10,12:53,B,Mumbai,Member,Male,Clothing,Jeans,1692.1,2,0.2,Card,6.9,1032.18
INV-2024-02158,2024-01-28,18:23,C,Bengaluru,Normal,Male,Sports,Fitness Band,1255.08,4,0.15,UPI,5.2,803.25
INV-2024-02159,2024-02-10,10:29,B,Mumbai,Member,Female,Home & Kitchen,Bedsheet,1019.42,1,0.05,UPI,6.9,672.82
INV-2024-02160,2024-01-05,10:52,C,Bengaluru,Member,Male,Groceries,Breakfast Cereal,389.4,2,0.1,UPI,7.1,319.31
INV-2024-02161,2024-02-13,12:55,A,Delhi,Member,Female,Groceries,Cooking Oil,747.54,3,0.1,UPI,7.1,612.98
INV-2024-02162,2024-01-27,17:44,B,Mumbai,Normal,Female,Clothing,Sports Shoes,2362.44,3,0.0,Card,6.3,1441.09
INV-2024-02163,2024-02-08,15:22,A,Delhi,Normal,Male,Personal Care,Skin Care Kit,1183.69,2,0.05,Card,7.8,686.54
INV-2024-02164,2024-02-11,17:45,C,Bengaluru,Member,Female,Clothing,Jacket,3138.77,4,0.0,UPI,7.9,1914.65
INV-2024-02165,2024-03-22,18:14,A,Delhi,Normal,Female,Electronics,Earbuds,2083.94,1,0.0,UPI,7.5,1437.92
INV-2024-02166,2024-01-27,15:14,A,Delhi,Normal,Female,Groceries,Cooking Oil,840.7,2,0.0,Card,6.2,689.37
INV-2024-02167,2024-03-23,18:24,A,Delhi,Normal,Female,Groceries,Dry Fruits,904.79,5,0.0,UPI,5.0,741.93
INV-2024-02168,2024-02-11,10:19,A,Delhi,Member,Male,Personal Care,Trimmer,1803.61,2,0.0,Cash,8.4,1046.09
INV-2024-02169,2024-02-02,18:42,B,Mumbai,Normal,Male,Electronics,Smart Watch,3780.32,5,0.05,Cash,8.6,2608.42
INV-2024-02170,2024-02-18,19:58,B,Mumbai,Normal,Male,Clothing,Jacket,3129.81,2,0.1,Cash,7.2,1909.18
INV-2024-02171,2024-02-10,14:04,A,Delhi,Member,Male,Clothing,Sports Shoes,2454.52,3,0.15000000000000002,Card,9.6,1497.26
INV-2024-02172,2024-01-26,17:41,B,Mumbai,Member,Female,Groceries,Breakfast Cereal,385.04,5,0.1,Card,8.4,315.73
INV-2024-02173,2024-02-18,13:30,A,Delhi,Member,Female,Personal Care,Skin Care Kit,1199.32,1,0.1,UPI,10.0,695.61
INV-2024-02174,2024-01-16,17:55,A,Delhi,Member,Male,Clothing,Jacket,2829.66,3,0.05,Card,6.4,1726.09
INV-2024-02175,2024-02-04,15:38,C,Bengaluru,Member,Female,Groceries,Breakfast Cereal,391.6,2,0.15,UPI,8.5,321.11
INV-2024-02176,2024-02-24,17:41,A,Delhi,Member,Male,Clothing,Jeans,1908.37,5,0.0,Card,9.3,1164.11
INV-2024-02177,2024-02-10,12:57,B,Mumbai,Normal,Male,Sports,Cricket Bat,2045.57,2,0.05,Cash,9.8,1309.16
INV-2024-02178,2024-03-17,20:37,C,Bengaluru,Normal,Female,Electronics,Bluetooth Speaker,2786.28,1,0.05,Card,4.1,1922.53
INV-2024-02179,2024-01-26,16:22,B,Mumbai,Member,Male,Clothing,Jeans,1922.3,4,0.05,Cash,8.5,1172.6
INV-2024-02180,2024-03-29,15:11,A,Delhi,Member,Male,Electronics,Power Bank,1472.9,1,0.05,UPI,8.0,1016.3
INV-2024-02181,2024-03-14,18:03,B,Mumbai,Member,Male,Electronics,Bluetooth Speaker,2850.3,1,0.1,Card,8.9,1966.71
INV-2024-02182,2024-03-29,12:16,B,Mumbai,Normal,Female,Groceries,Cooking Oil,831.64,2,0.1,UPI,7.7,681.94
INV-2024-02183,2024-03-18,10:07,A,Delhi,Normal,Female,Personal Care,Shampoo,450.61,4,0.0,Card,7.1,261.35
INV-2024-02184,2024-01-15,16:24,C,Bengaluru,Member,Female,Clothing,Jacket,2963.25,5,0.15,UPI,8.5,1807.58
INV-2024-02185,2024-02-20,16:56,B,Mumbai,Member,Male,Sports,Cricket Bat,1961.12,1,0.05,UPI,10.0,1255.12
INV-2024-02186,2024-01-18,12:01,B,Mumbai,Normal,Male,Electronics,Smart Watch,3777.65,3,0.15,UPI,6.6,2606.58
INV-2024-02187,2024-03-16,19:31,A,Delhi,Normal,Female,Groceries,Dry Fruits,922.85,3,0.1,UPI,7.5,756.74
INV-2024-02188,2024-02-25,11:57,B,Mumbai,Normal,Male,Sports,Fitness Band,1260.41,1,0.1,Cash,7.0,806.66
INV-2024-02189,2024-01-27,16:47,A,Delhi,Member,Male,Sports,Fitness Band,1380.21,2,0.05,Card,6.8,883.33
INV-2024-02190,2024-03-26,16:40,B,Mumbai,Member,Female,Groceries,Rice 5kg,623.66,3,0.15,Cash,8.8,511.4
INV-2024-02191,2024-01-12,21:15,C,Bengaluru,Normal,Male,Personal Care,Skin Care Kit,1125.97,1,0.1,UPI,7.2,653.06
INV-2024-02192,2024-02-24,10:47,A,Delhi,Normal,Male,Home & Kitchen,Bedsheet,948.45,4,0.0,Cash,6.4,625.98
INV-2024-02193,2024-03-08,13:10,A,Delhi,Member,Female,Personal Care,Trimmer,1762.58,3,0.2,UPI,8.3,1022.3
INV-2024-02194,2024-01-07,14:55,B,Mumbai,Normal,Male,Groceries,Cooking Oil,813.08,3,0.1,Cash,6.3,666.73
INV-2024-02195,2024-02-27,14:01,A,Delhi,Member,Female,Clothing,Jeans,1842.1,2,0.05,UPI,6.3,1123.68
INV-2024-02196,2024-03-16,12:32,B,Mumbai,Normal,Female,Home & Kitchen,Mixer Grinder,3270.42,5,0.05,UPI,9.1,2158.48
INV-2024-02197,2024-01-07,18:34,B,Mumbai,Normal,Female,Electronics,Bluetooth Speaker,2722.71,4,0.0,Card,6.5,1878.67
INV-2024-02198,2024-02-19,14:04,B,Mumbai,Normal,Male,Sports,Dumbbell Set,2416.08,3,0.0,Card,7.2,1546.29
INV-2024-02199,2024-01-26,17:57,C,Bengaluru,Normal,Female,Groceries,Rice 5kg,658.77,1,0.0,UPI,9.4,540.19
INV-2024-02200,2024-03-03,18:00,B,Mumbai,Normal,Female,Home & Kitchen,Bedsheet,934.4,3,0.05,UPI,9.8,616.7
INV-2024-02201,2024-01-13,16:22,B,Mumbai,Member,Male,Groceries,Breakfast Cereal,351.32,3,0.1,UPI,10.0,288.08
INV-2024-02202,2024-03-26,17:12,A,Delhi,Normal,Male,Groceries,Cooking Oil,749.59,4,0.1,UPI,6.6,614.66
INV-2024-02203,2024-03-23,13:29,A,Delhi,Normal,Male,Clothing,Sports Shoes,2544.83,2,0.0,Card,9.6,1552.35
INV-2024-02204,2024-01-19,18:35,A,Delhi,Normal,Male,Groceries,Breakfast Cereal,390.41,5,0.0,Card,9.8,320.14
INV-2024-02205,2024-02-02,18:55,B,Mumbai,Normal,Female,Electronics,Earbuds,2167.77,4,0.0,Card,7.1,1495.76
INV-2024-02206,2024-02-26,17:58,C,Bengaluru,Normal,Male,Personal Care,Perfume,1615.18,2,0.0,UPI,8.0,936.8
INV-2024-02207,2024-03-08,12:28,C,Bengaluru,Member,Male,Clothing,T-Shirt,813.54,1,0.05,UPI,8.0,496.26
INV-2024-02208,2024-02-12,11:33,B,Mumbai,Normal,Male,Groceries,Rice 5kg,666.88,7,0.05,UPI,6.8,546.84
INV-2024-02209,2024-01-16,09:54,A,Delhi,Normal,Female,Personal Care,Shampoo,456.41,2,0.0,UPI,6.3,264.72
INV-2024-02210,2024-01-11,14:07,A,Delhi,Normal,Male,Groceries,Dry Fruits,899.47,1,0.15,UPI,7.8,737.57
INV-2024-02211,2024-03-31,11:24,C,Bengaluru,Member,Male,Groceries,Dry Fruits,923.16,7,0.0,UPI,5.5,756.99
INV-2024-02212,2024-02-14,17:43,A,Delhi,Normal,Male,Personal Care,Skin Care Kit,1166.07,1,0.0,Card,8.3,676.32
INV-2024-02213,2024-03-21,19:30,A,Delhi,Member,Male,Personal Care,Skin Care Kit,1249.68,3,0.0,UPI,6.1,724.81
INV-2024-02214,2024-02-16,17:43,C,Bengaluru,Member,Female,Home & Kitchen,Storage Set,653.2,6,0.0,Card,9.4,431.11
INV-2024-02215,2024-03-25,19:27,B,Mumbai,Normal,Female,Clothing,Jacket,3235.67,1,0.2,UPI,6.5,1973.76
INV-2024-02216,2024-01-09,14:45,A,Delhi,Normal,Male,Groceries,Rice 5kg,602.68,4,0.0,UPI,6.2,494.2
INV-2024-02217,2024-01-12,11:59,A,Delhi,Member,Male,Electronics,Power Bank,1500.9,5,0.05,Card,9.3,1035.62
INV-2024-02218,2024-03-26,18:58,A,Delhi,Member,Male,Home & Kitchen,Bedsheet,1028.61,2,0.1,Cash,9.7,678.88
INV-2024-02219,2024-03-27,16:40,B,Mumbai,Member,Male,Clothing,Jacket,2786.74,4,0.1,UPI,9.0,1699.91
INV-2024-02220,2024-02-01,17:53,A,Delhi,Normal,Female,Groceries,Breakfast Cereal,404.48,2,0.1,UPI,6.7,331.67
INV-2024-02221,2024-02-04,17:28,C,Bengaluru,Member,Female,Home & Kitchen,Mixer Grinder,3393.38,3,0.15,Card,10.0,2239.63
INV-2024-02222,2024-02-13,09:23,B,Mumbai,Member,Male,Groceries,Breakfast Cereal,386.75,2,0.1,Card,7.5,317.14
INV-2024-02223,2024-02-10,14:04,B,Mumbai,Member,Female,Personal Care,Perfume,1485.77,1,0.2,Cash,5.1,861.75
INV-2024-02224,2024-01-20,13:24,A,Delhi,Normal,Male,Groceries,Rice 5kg,633.38,6,0.05,UPI,6.2,519.37
INV-2024-02225,2024-03-23,13:46,C,Bengaluru,Normal,Male,Home & Kitchen,Cookware Set,2483.58,1,0.0,Cash,6.7,1639.16
INV-2024-02226,2024-01-26,16:16,B,Mumbai,Member,Male,Electronics,Power Bank,1415.98,3,0.05,UPI,7.7,977.03
INV-2024-02227,2024-03-07,20:31,C,Bengaluru,Normal,Male,Personal Care,Skin Care Kit,1136.28,3,0.1,UPI,6.3,659.04
INV-2024-02228,2024-01-07,16:13,B,Mumbai,Member,Female,Clothing,Sports Shoes,2662.48,2,0.1,Card,9.3,1624.11
INV-2024-02229,2024-01-05,13:51,B,Mumbai,Member,Male,Groceries,Breakfast Cereal,351.38,2,0.1,UPI,8.7,288.13
INV-2024-02230,2024-03-03,15:06,C,Bengaluru,Normal,Male,Electronics,Power Bank,1409.52,1,0.15,UPI,6.8,972.57
INV-2024-02231,2024-02-03,16:13,C,Bengaluru,Normal,Male,Clothing,Jacket,2881.98,3,0.0,Card,7.4,1758.01
INV-2024-02232,2024-03-03,18:17,A,Delhi,Normal,Male,Home & Kitchen,Bedsheet,938.83,2,0.05,UPI,9.7,619.63
INV-2024-02233,2024-01-10,17:01,A,Delhi,Normal,Male,Clothing,Jeans,1677.84,2,0.0,UPI,8.9,1023.48
INV-2024-02234,2024-03-28,17:30,C,Bengaluru,Member,Female,Groceries,Breakfast Cereal,352.1,1,0.0,Cash,8.2,288.72
INV-2024-02235,2024-03-10,17:20,C,Bengaluru,Member,Male,Electronics,Power Bank,1399.82,4,0.15000000000000002,Card,6.3,965.88
INV-2024-02236,2024-03-21,11:43,C,Bengaluru,Member,Male,Clothing,Jeans,1774.96,3,0.0,Cash,10.0,1082.73
INV-2024-02237,2024-01-14,16:27,A,Delhi,Member,Female,Clothing,Jeans,1719.22,2,0.05,UPI,8.6,1048.72
INV-2024-02238,2024-02-01,10:03,B,Mumbai,Member,Female,Groceries,Dry Fruits,947.11,2,0.15000000000000002,UPI,7.4,776.63
INV-2024-02239,2024-02-06,12:58,A,Delhi,Member,Female,Groceries,Breakfast Cereal,395.36,6,0.15,UPI,6.9,324.2
INV-2024-02240,2024-02-21,17:03,A,Delhi,Normal,Female,Electronics,Bluetooth Speaker,2919.75,3,0.0,UPI,8.9,2014.63
INV-2024-02241,2024-01-30,17:56,C,Bengaluru,Normal,Male,Sports,Dumbbell Set,2384.44,2,0.15,UPI,8.6,1526.04
INV-2024-02242,2024-01-07,11:52,A,Delhi,Normal,Female,Electronics,Power Bank,1613.95,3,0.0,UPI,7.6,1113.63
INV-2024-02243,2024-02-06,19:56,B,Mumbai,Normal,Male,Electronics,Earbuds,2365.4,1,0.05,UPI,7.5,1632.13
INV-2024-02244,2024-01-26,17:24,A,Delhi,Normal,Male,Groceries,Rice 5kg,661.73,2,0.0,Cash,7.2,542.62
INV-2024-02245,2024-02-07,15:05,A,Delhi,Normal,Female,Groceries,Cooking Oil,793.62,3,0.15,Cash,8.4,650.77
INV-2024-02246,2024-01-20,19:21,B,Mumbai,Member,Female,Clothing,Jacket,2807.63,2,0.05,Card,7.8,1712.65
INV-2024-02247,2024-01-27,16:02,A,Delhi,Normal,Male,Clothing,T-Shirt,773.79,1,0.05,Card,7.0,472.01
INV-2024-02248,2024-03-01,13:28,B,Mumbai,Normal,Female,Clothing,Jacket,2774.34,1,0.1,UPI,8.0,1692.35
INV-2024-02249,2024-02-08,15:05,A,Delhi,Member,Female,Electronics,Bluetooth Speaker,2742.99,1,0.15,UPI,8.8,1892.66
INV-2024-02250,2024-02-04,11:29,B,Mumbai,Normal,Male,Groceries,Breakfast Cereal,389.56,4,0.0,UPI,8.4,319.44
INV-2024-02251,2024-02-21,09:09,B,Mumbai,Member,Female,Home & Kitchen,Bedsheet,946.4,3,0.0,Card,6.1,624.62
INV-2024-02252,2024-03-13,13:41,B,Mumbai,Member,Male,Home & Kitchen,Cookware Set,2397.54,4,0.0,UPI,7.6,1582.38
INV-2024-02253,2024-02-07,20:40,C,Bengaluru,Normal,Male,Groceries,Cooking Oil,765.79,3,0.0,Card,6.1,627.95
INV-2024-02254,2024-02-26,09:15,B,Mumbai,Normal,Female,Electronics,Smart Watch,3949.13,1,0.0,Card,7.2,2724.9
INV-2024-02255,2024-03-29,09:30,B,Mumbai,Member,Female,Clothing,T-Shirt,793.16,2,0.15,Card,8.0,483.83
INV-2024-02256,2024-02-20,18:51,B,Mumbai,Normal,Male,Electronics,Power Bank,1412.53,2,0.1,Cash,8.0,974.65
INV-2024-02257,2024-03-24,11:35,B,Mumbai,Normal,Male,Sports,Dumbbell Set,2529.86,4,0.1,Cash,7.3,1619.11
INV-2024-02258,2024-03-14,18:18,B,Mumbai,Normal,Female,Electronics,Smart Watch,3956.59,1,0.1,UPI,7.6,2730.05
INV-2024-02259,2024-01-06,16:21,B,Mumbai,Normal,Female,Groceries,Rice 5kg,588.13,2,0.1,Cash,6.1,482.27
INV-2024-02260,2024-02-11,21:36,B,Mumbai,Member,Female,Home & Kitchen,Bedsheet,1024.18,4,0.1,UPI,5.0,675.96
INV-2024-02261,2024-03-06,12:50,B,Mumbai,Normal,Female,Sports,Fitness Band,1378.69,1,0.0,UPI,6.8,882.36
INV-2024-02262,2024-03-31,21:29,A,Delhi,Normal,Male,Groceries,Cooking Oil,838.79,5,0.0,Card,9.9,687.81
INV-2024-02263,2024-02-14,17:45,A,Delhi,Normal,Male,Electronics,Bluetooth Speaker,2973.51,1,0.05,Card,7.9,2051.72
INV-2024-02264,2024-01-10,12:32,C,Bengaluru,Normal,Female,Electronics,Earbuds,2289.13,1,0.0,UPI,8.6,1579.5
INV-2024-02265,2024-02-24,17:18,C,Bengaluru,Member,Female,Sports,Dumbbell Set,2347.37,3,0.15000000000000002,UPI,8.3,1502.32
INV-2024-02266,2024-01-13,20:27,C,Bengaluru,Member,Female,Sports,Fitness Band,1377.15,1,0.2,Cash,8.1,881.38
INV-2024-02267,2024-03-11,16:12,B,Mumbai,Member,Female,Personal Care,Perfume,1612.08,1,0.2,Card,7.9,935.01
INV-2024-02268,2024-02-18,15:16,A,Delhi,Normal,Female,Clothing,Jacket,3170.44,6,0.05,Card,6.7,1933.97
INV-2024-02269,2024-03-09,17:24,A,Delhi,Member,Female,Clothing,Jacket,2903.71,1,0.2,UPI,8.1,1771.26
INV-2024-02270,2024-03-21,19:54,C,Bengaluru,Member,Male,Sports,Fitness Band,1229.97,1,0.1,Card,5.9,787.18
INV-2024-02271,2024-03-01,11:33,A,Delhi,Normal,Male,Sports,Yoga Mat,855.46,1,0.15,Card,7.3,547.49
INV-2024-02272,2024-02-28,17:44,A,Delhi,Normal,Male,Electronics,Smart Watch,3683.04,2,0.0,UPI,6.9,2541.3
INV-2024-02273,2024-03-11,19:40,C,Bengaluru,Normal,Female,Electronics,Earbuds,2229.21,2,0.05,Cash,6.7,1538.15
INV-2024-02274,2024-03-18,20:18,C,Bengaluru,Member,Female,Clothing,Jacket,2805.08,3,0.05,UPI,8.9,1711.1
INV-2024-02275,2024-03-21,19:48,C,Bengaluru,Member,Male,Electronics,Earbuds,2024.68,6,0.15,Cash,7.1,1397.03
INV-2024-02276,2024-01-04,17:21,C,Bengaluru,Normal,Female,Groceries,Breakfast Cereal,356.76,4,0.1,Cash,6.4,292.54
INV-2024-02277,2024-02-23,09:29,A,Delhi,Normal,Male,Groceries,Breakfast Cereal,397.84,5,0.0,UPI,4.8,326.23
INV-2024-02278,2024-01-22,13:28,B,Mumbai,Normal,Female,Groceries,Cooking Oil,844.76,1,0.1,Card,6.8,692.7
INV-2024-02279,2024-03-20,14:38,B,Mumbai,Normal,Male,Personal Care,Perfume,1698.04,4,0.2,UPI,6.3,984.86
INV-2024-02280,2024-03-02,13:14,A,Delhi,Member,Male,Personal Care,Shampoo,438.91,1,0.05,Card,5.6,254.57
INV-2024-02281,2024-02-10,17:47,B,Mumbai,Member,Female,Home & Kitchen,Mixer Grinder,3083.34,5,0.05,Card,8.5,2035.0
INV-2024-02282,2024-01-19,09:54,C,Bengaluru,Member,Female,Groceries,Dry Fruits,970.2,1,0.1,UPI,7.8,795.56
INV-2024-02283,2024-02-03,21:01,A,Delhi,Member,Male,Personal Care,Shampoo,471.74,2,0.05,Cash,9.6,273.61
INV-2024-02284,2024-03-07,19:14,C,Bengaluru,Member,Female,Electronics,Earbuds,2152.04,1,0.15,Card,6.6,1484.91
INV-2024-02285,2024-01-21,09:48,A,Delhi,Member,Male,Clothing,Sports Shoes,2451.08,5,0.0,Card,8.5,1495.16
INV-2024-02286,2024-01-10,15:17,A,Delhi,Member,Male,Clothing,Jeans,1728.26,5,0.0,Card,8.2,1054.24
INV-2024-02287,2024-03-22,15:53,B,Mumbai,Normal,Female,Home & Kitchen,Cookware Set,2234.6,3,0.15,Card,8.5,1474.84
INV-2024-02288,2024-03-12,18:37,B,Mumbai,Normal,Male,Electronics,Bluetooth Speaker,2790.97,2,0.0,UPI,9.0,1925.77
INV-2024-02289,2024-01-20,16:55,B,Mumbai,Member,Male,Clothing,Jacket,3010.07,1,0.15,Cash,6.4,1836.14
INV-2024-02290,2024-01-29,21:36,C,Bengaluru,Normal,Female,Sports,Fitness Band,1242.79,5,0.15,Card,8.0,795.39
INV-2024-02291,2024-03-30,17:59,C,Bengaluru,Normal,Male,Sports,Fitness Band,1199.8,3,0.05,UPI,8.3,767.87
INV-2024-02292,2024-03-07,14:35,C,Bengaluru,Normal,Male,Clothing,T-Shirt,785.48,1,0.1,Cash,6.7,479.14
INV-2024-02293,2024-02-28,14:44,C,Bengaluru,Normal,Female,Electronics,Bluetooth Speaker,2978.59,2,0.0,Cash,6.3,2055.23
INV-2024-02294,2024-01-31,14:37,C,Bengaluru,Member,Male,Groceries,Dry Fruits,913.54,2,0.0,Card,8.1,749.1
INV-2024-02295,2024-01-30,09:57,C,Bengaluru,Normal,Female,Home & Kitchen,Mixer Grinder,3305.56,1,0.05,UPI,7.9,2181.67
INV-2024-02296,2024-01-05,17:59,C,Bengaluru,Member,Male,Personal Care,Shampoo,471.06,3,0.05,UPI,6.3,273.21
INV-2024-02297,2024-03-09,14:49,B,Mumbai,Normal,Male,Electronics,Bluetooth Speaker,2916.17,1,0.0,Card,9.2,2012.16
INV-2024-02298,2024-01-05,20:52,B,Mumbai,Normal,Male,Personal Care,Skin Care Kit,1217.5,1,0.05,Cash,8.1,706.15
INV-2024-02299,2024-01-01,12:12,A,Delhi,Member,Female,Home & Kitchen,Bedsheet,1017.73,3,0.1,Card,6.8,671.7
INV-2024-02300,2024-03-09,12:18,B,Mumbai,Member,Female,Groceries,Rice 5kg,655.0,4,0.05,UPI,9.0,537.1
INV-2024-02301,2024-03-27,15:32,C,Bengaluru,Normal,Male,Sports,Yoga Mat,948.13,3,0.05,Card,8.2,606.8
INV-2024-02302,2024-03-11,20:05,B,Mumbai,Member,Male,Personal Care,Shampoo,427.51,1,0.05,UPI,6.7,247.96
INV-2024-02303,2024-02-15,18:47,C,Bengaluru,Normal,Female,Personal Care,Trimmer,1903.02,1,0.1,UPI,8.8,1103.75
INV-2024-02304,2024-02-17,15:50,A,Delhi,Normal,Male,Clothing,T-Shirt,788.46,5,0.05,UPI,9.0,480.96
INV-2024-02305,2024-02-12,19:57,B,Mumbai,Normal,Female,Electronics,Earbuds,2192.05,2,0.1,Cash,6.5,1512.51
INV-2024-02306,2024-02-02,17:57,C,Bengaluru,Member,Female,Sports,Dumbbell Set,2649.6,5,0.0,Card,6.3,1695.74
INV-2024-02307,2024-02-20,16:33,A,Delhi,Normal,Male,Groceries,Breakfast Cereal,387.42,5,0.1,UPI,8.6,317.68
INV-2024-02308,2024-02-11,17:26,A,Delhi,Member,Female,Home & Kitchen,Bedsheet,919.17,1,0.05,UPI,7.5,606.65
INV-2024-02309,2024-02-27,18:20,B,Mumbai,Normal,Female,Groceries,Breakfast Cereal,364.79,1,0.0,Card,6.1,299.13
INV-2024-02310,2024-03-23,11:20,A,Delhi,Normal,Male,Home & Kitchen,Bedsheet,958.13,4,0.05,Card,7.7,632.37
INV-2024-02311,2024-03-31,15:26,B,Mumbai,Normal,Male,Groceries,Dry Fruits,932.09,2,0.0,Cash,9.3,764.31
INV-2024-02312,2024-01-08,17:44,A,Delhi,Normal,Male,Clothing,Jeans,1721.39,6,0.15,Card,7.0,1050.05
INV-2024-02313,2024-02-07,17:21,C,Bengaluru,Member,Male,Groceries,Dry Fruits,1009.13,3,0.0,Cash,10.0,827.49
INV-2024-02314,2024-01-19,18:39,C,Bengaluru,Normal,Male,Clothing,Jacket,3070.36,2,0.05,UPI,5.8,1872.92
INV-2024-02315,2024-02-04,12:29,A,Delhi,Member,Female,Groceries,Rice 5kg,571.54,2,0.05,UPI,7.4,468.66
INV-2024-02316,2024-01-29,17:31,A,Delhi,Normal,Male,Electronics,Power Bank,1501.31,4,0.0,Card,6.2,1035.9
INV-2024-02317,2024-01-18,19:55,A,Delhi,Member,Female,Clothing,Sports Shoes,2504.17,4,0.15000000000000002,UPI,7.5,1527.54
INV-2024-02318,2024-03-12,20:16,B,Mumbai,Normal,Female,Groceries,Rice 5kg,622.72,2,0.0,Card,8.7,510.63
INV-2024-02319,2024-02-17,20:39,A,Delhi,Member,Male,Groceries,Breakfast Cereal,373.76,6,0.0,Card,9.3,306.48
INV-2024-02320,2024-03-25,21:56,B,Mumbai,Normal,Female,Clothing,Sports Shoes,2678.24,5,0.0,Card,6.3,1633.73
INV-2024-02321,2024-01-04,12:18,B,Mumbai,Member,Female,Personal Care,Perfume,1502.12,1,0.2,Card,8.7,871.23
INV-2024-02322,2024-01-07,14:24,C,Bengaluru,Member,Female,Home & Kitchen,Bedsheet,1018.37,1,0.1,Cash,9.5,672.12
INV-2024-02323,2024-02-09,15:26,A,Delhi,Normal,Male,Groceries,Rice 5kg,651.13,1,0.15,UPI,7.1,533.93
INV-2024-02324,2024-01-09,18:23,A,Delhi,Normal,Male,Groceries,Rice 5kg,614.32,6,0.05,UPI,8.0,503.74
INV-2024-02325,2024-01-27,14:31,B,Mumbai,Member,Female,Electronics,Earbuds,2291.57,1,0.0,Cash,8.1,1581.18
INV-2024-02326,2024-03-31,17:08,C,Bengaluru,Normal,Male,Clothing,Jeans,1690.92,4,0.0,Card,7.3,1031.46
INV-2024-02327,2024-01-21,18:00,A,Delhi,Normal,Female,Clothing,Jeans,1925.87,1,0.1,Cash,6.4,1174.78
INV-2024-02328,2024-01-20,12:38,B,Mumbai,Normal,Male,Groceries,Dry Fruits,1014.31,3,0.0,UPI,7.0,831.73
INV-2024-02329,2024-02-25,14:01,A,Delhi,Member,Male,Groceries,Cooking Oil,835.42,1,0.05,UPI,6.9,685.04
INV-2024-02330,2024-02-18,20:42,B,Mumbai,Normal,Male,Electronics,Power Bank,1391.88,2,0.1,Card,7.6,960.4
INV-2024-02331,2024-02-25,18:30,A,Delhi,Normal,Male,Home & Kitchen,Storage Set,700.33,3,0.05,UPI,9.9,462.22
INV-2024-02332,2024-02-06,11:09,A,Delhi,Normal,Male,Electronics,Bluetooth Speaker,2961.61,3,0.0,Card,5.4,2043.51
INV-2024-02333,2024-03-17,18:25,A,Delhi,Normal,Female,Home & Kitchen,Mixer Grinder,3366.35,4,0.1,UPI,6.2,2221.79
INV-2024-02334,2024-01-14,11:00,C,Bengaluru,Member,Male,Clothing,Sports Shoes,2398.63,3,0.1,UPI,7.5,1463.16
INV-2024-02335,2024-02-11,10:12,B,Mumbai,Member,Female,Clothing,Jeans,1887.64,5,0.1,Card,6.4,1151.46
INV-2024-02336,2024-03-06,19:50,B,Mumbai,Member,Male,Clothing,Sports Shoes,2509.44,3,0.1,UPI,9.6,1530.76
INV-2024-02337,2024-03-21,18:12,C,Bengaluru,Member,Male,Electronics,Bluetooth Speaker,2579.29,1,0.15000000000000002,UPI,5.3,1779.71
INV-2024-02338,2024-02-06,15:48,C,Bengaluru,Normal,Female,Electronics,Earbuds,2339.35,1,0.1,UPI,7.5,1614.15
INV-2024-02339,2024-02-24,18:23,B,Mumbai,Normal,Female,Electronics,Bluetooth Speaker,2807.72,2,0.0,Card,8.7,1937.33
INV-2024-02340,2024-01-07,11:05,A,Delhi,Normal,Male,Electronics,Bluetooth Speaker,2730.33,2,0.0,Card,8.0,1883.93
INV-2024-02341,2024-01-18,18:13,A,Delhi,Normal,Male,Electronics,Smart Watch,3970.16,6,0.0,Card,7.3,2739.41
INV-2024-02342,2024-01-07,15:36,C,Bengaluru,Member,Female,Clothing,Sports Shoes,2343.72,1,0.1,Card,7.1,1429.67
INV-2024-02343,2024-03-09,19:50,C,Bengaluru,Normal,Male,Groceries,Breakfast Cereal,364.56,3,0.0,Card,7.9,298.94
INV-2024-02344,2024-01-29,11:12,A,Delhi,Normal,Male,Clothing,Jacket,3061.05,3,0.2,Cash,9.4,1867.24
INV-2024-02345,2024-03-09,21:42,B,Mumbai,Member,Male,Home & Kitchen,Cookware Set,2504.99,2,0.0,UPI,9.8,1653.29
INV-2024-02346,2024-01-07,21:05,C,Bengaluru,Member,Male,Groceries,Breakfast Cereal,388.15,3,0.05,UPI,7.7,318.28
INV-2024-02347,2024-03-20,17:38,A,Delhi,Member,Female,Sports,Fitness Band,1338.17,2,0.2,Cash,7.6,856.43
INV-2024-02348,2024-03-18,12:21,A,Delhi,Member,Male,Electronics,Smart Watch,3733.24,5,0.0,UPI,5.6,2575.94
INV-2024-02349,2024-01-09,14:11,C,Bengaluru,Normal,Male,Groceries,Rice 5kg,579.36,1,0.0,Card,6.5,475.08
INV-2024-02350,2024-01-03,16:27,B,Mumbai,Normal,Male,Electronics,Earbuds,2267.42,1,0.05,Card,10.0,1564.52
INV-2024-02351,2024-01-06,20:52,A,Delhi,Member,Male,Personal Care,Perfume,1717.26,2,0.15000000000000002,Card,5.3,996.01
INV-2024-02352,2024-03-19,20:11,A,Delhi,Member,Female,Electronics,Bluetooth Speaker,2947.08,6,0.2,UPI,8.8,2033.49
INV-2024-02353,2024-01-24,14:28,B,Mumbai,Normal,Male,Personal Care,Perfume,1607.21,3,0.0,UPI,10.0,932.18
INV-2024-02354,2024-02-22,16:40,B,Mumbai,Normal,Male,Groceries,Breakfast Cereal,396.01,4,0.2,Card,8.6,324.73
INV-2024-02355,2024-02-11,12:12,A,Delhi,Normal,Male,Electronics,Power Bank,1395.04,1,0.1,UPI,8.0,962.58
INV-2024-02356,2024-03-15,14:00,B,Mumbai,Member,Male,Sports,Dumbbell Set,2560.79,3,0.0,Card,5.8,1638.91
INV-2024-02357,2024-02-17,16:24,A,Delhi,Normal,Male,Groceries,Dry Fruits,935.28,2,0.0,UPI,9.6,766.93
INV-2024-02358,2024-02-18,21:01,A,Delhi,Normal,Male,Groceries,Breakfast Cereal,400.59,1,0.1,Card,6.8,328.48
INV-2024-02359,2024-03-31,16:27,A,Delhi,Normal,Male,Home & Kitchen,Storage Set,682.83,1,0.2,UPI,6.4,450.67
INV-2024-02360,2024-01-15,17:44,B,Mumbai,Member,Female,Home & Kitchen,Cookware Set,2397.76,3,0.1,UPI,7.9,1582.52
INV-2024-02361,2024-03-17,18:47,C,Bengaluru,Normal,Female,Clothing,Jeans,1830.57,2,0.1,Cash,7.2,1116.65
INV-2024-02362,2024-01-06,11:06,B,Mumbai,Normal,Female,Clothing,Jeans,1816.48,6,0.2,UPI,5.7,1108.05
INV-2024-02363,2024-02-16,16:46,C,Bengaluru,Member,Male,Groceries,Cooking Oil,782.23,2,0.05,UPI,7.5,641.43
INV-2024-02364,2024-03-22,19:56,A,Delhi,Normal,Male,Sports,Fitness Band,1396.73,2,0.05,UPI,8.5,893.91
INV-2024-02365,2024-03-03,11:51,B,Mumbai,Normal,Male,Groceries,Rice 5kg,593.56,2,0.15,UPI,7.2,486.72
INV-2024-02366,2024-03-05,19:24,B,Mumbai,Normal,Male,Clothing,Jacket,2849.55,1,0.0,UPI,4.2,1738.23
INV-2024-02367,2024-01-27,16:16,B,Mumbai,Normal,Male,Electronics,Earbuds,2203.95,1,0.2,UPI,7.6,1520.73
INV-2024-02368,2024-02-10,15:42,B,Mumbai,Normal,Female,Sports,Fitness Band,1360.3,5,0.0,UPI,7.7,870.59
INV-2024-02369,2024-02-05,20:30,B,Mumbai,Member,Male,Home & Kitchen,Mixer Grinder,3421.93,5,0.0,UPI,7.8,2258.47
INV-2024-02370,2024-02-20,17:09,A,Delhi,Normal,Female,Electronics,Earbuds,2134.67,4,0.05,Card,8.9,1472.92
INV-2024-02371,2024-02-14,19:58,C,Bengaluru,Normal,Male,Groceries,Cooking Oil,773.89,5,0.1,UPI,8.8,634.59
INV-2024-02372,2024-02-02,12:58,B,Mumbai,Member,Female,Personal Care,Perfume,1595.33,2,0.1,UPI,8.3,925.29
INV-2024-02373,2024-01-31,16:48,A,Delhi,Member,Male,Electronics,Bluetooth Speaker,2831.18,2,0.15000000000000002,Card,5.5,1953.51
INV-2024-02374,2024-01-26,12:05,B,Mumbai,Normal,Male,Home & Kitchen,Storage Set,743.97,3,0.0,UPI,8.5,491.02
INV-2024-02375,2024-02-05,21:53,C,Bengaluru,Normal,Female,Personal Care,Trimmer,1887.96,2,0.15,Card,5.9,1095.02
INV-2024-02376,2024-01-15,13:56,A,Delhi,Member,Female,Electronics,Smart Watch,3864.1,3,0.0,Card,8.4,2666.23
INV-2024-02377,2024-03-21,18:08,A,Delhi,Normal,Female,Home & Kitchen,Bedsheet,971.74,3,0.0,Card,6.2,641.35
INV-2024-02378,2024-02-27,13:32,A,Delhi,Member,Male,Groceries,Dry Fruits,884.86,5,0.1,Card,6.5,725.59
INV-2024-02379,2024-01-14,17:22,B,Mumbai,Normal,Female,Personal Care,Skin Care Kit,1185.28,1,0.05,Card,6.4,687.46
INV-2024-02380,2024-03-06,18:33,B,Mumbai,Member,Male,Sports,Yoga Mat,959.42,1,0.2,UPI,5.6,614.03
INV-2024-02381,2024-03-19,14:37,B,Mumbai,Normal,Male,Groceries,Cooking Oil,757.03,3,0.15,UPI,7.3,620.76
INV-2024-02382,2024-01-24,19:29,B,Mumbai,Normal,Female,Groceries,Cooking Oil,845.22,2,0.0,Card,7.6,693.08
INV-2024-02383,2024-01-15,18:22,A,Delhi,Normal,Female,Clothing,Jacket,2889.35,1,0.0,UPI,6.4,1762.5
INV-2024-02384,2024-01-01,16:58,B,Mumbai,Member,Male,Groceries,Breakfast Cereal,377.58,6,0.15000000000000002,Card,6.5,309.62
INV-2024-02385,2024-01-06,14:31,A,Delhi,Normal,Male,Groceries,Rice 5kg,589.73,2,0.0,Card,6.8,483.58
INV-2024-02386,2024-03-12,18:53,C,Bengaluru,Normal,Male,Groceries,Cooking Oil,790.42,4,0.1,Card,6.9,648.14
INV-2024-02387,2024-03-31,19:08,B,Mumbai,Normal,Male,Sports,Fitness Band,1399.25,1,0.15,Card,6.7,895.52
INV-2024-02388,2024-01-05,17:04,A,Delhi,Member,Female,Personal Care,Shampoo,470.04,2,0.2,Card,6.7,272.62
INV-2024-02389,2024-03-10,16:38,C,Bengaluru,Normal,Male,Clothing,T-Shirt,789.15,5,0.05,UPI,4.6,481.38
INV-2024-02390,2024-01-08,18:12,A,Delhi,Member,Male,Groceries,Dry Fruits,1008.76,2,0.1,UPI,8.9,827.18
INV-2024-02391,2024-02-26,15:49,A,Delhi,Member,Male,Sports,Dumbbell Set,2391.36,1,0.1,Card,5.8,1530.47
INV-2024-02392,2024-03-11,17:37,C,Bengaluru,Member,Female,Groceries,Breakfast Cereal,370.89,4,0.0,Card,5.8,304.13
INV-2024-02393,2024-02-05,20:29,A,Delhi,Normal,Male,Electronics,Bluetooth Speaker,2947.04,4,0.0,Card,6.9,2033.46
INV-2024-02394,2024-01-02,16:40,A,Delhi,Member,Male,Clothing,T-Shirt,768.78,2,0.15000000000000002,UPI,7.8,468.96
INV-2024-02395,2024-02-26,16:11,A,Delhi,Member,Female,Sports,Cricket Bat,1876.75,2,0.05,Card,7.6,1201.12
INV-2024-02396,2024-03-31,16:59,B,Mumbai,Member,Male,Home & Kitchen,Bedsheet,958.61,1,0.05,UPI,10.0,632.68
INV-2024-02397,2024-01-26,21:47,A,Delhi,Normal,Male,Sports,Dumbbell Set,2432.04,4,0.1,Card,6.2,1556.51
INV-2024-02398,2024-01-20,12:38,C,Bengaluru,Normal,Female,Groceries,Breakfast Cereal,364.32,1,0.05,Card,7.5,298.74
INV-2024-02399,2024-01-13,20:05,A,Delhi,Normal,Male,Electronics,Bluetooth Speaker,2591.93,4,0.0,Cash,9.9,1788.43
INV-2024-02400,2024-02-23,14:37,B,Mumbai,Member,Male,Sports,Fitness Band,1246.79,2,0.15,UPI,5.5,797.95
INV-2024-02401,2024-02-26,12:27,C,Bengaluru,Member,Female,Sports,Yoga Mat,943.32,6,0.0,Card,5.2,603.72
INV-2024-02402,2024-03-14,20:06,A,Delhi,Member,Female,Clothing,Jeans,1744.15,5,0.1,Card,10.0,1063.93
INV-2024-02403,2024-03-11,18:04,A,Delhi,Normal,Female,Clothing,Jacket,2924.89,4,0.0,Card,8.3,1784.18
INV-2024-02404,2024-03-23,15:28,A,Delhi,Member,Female,Clothing,Jeans,1684.57,2,0.05,Card,7.2,1027.59
INV-2024-02405,2024-03-16,13:40,A,Delhi,Member,Male,Groceries,Breakfast Cereal,371.9,2,0.05,Cash,8.5,304.96
INV-2024-02406,2024-01-25,16:12,B,Mumbai,Normal,Male,Groceries,Cooking Oil,771.26,2,0.0,UPI,9.6,632.43
INV-2024-02407,2024-02-23,13:13,A,Delhi,Normal,Female,Home & Kitchen,Mixer Grinder,3090.52,5,0.15,Cash,9.0,2039.74
INV-2024-02408,2024-01-30,12:45,A,Delhi,Normal,Female,Electronics,Power Bank,1384.15,3,0.1,Card,5.2,955.06
INV-2024-02409,2024-02-02,19:23,C,Bengaluru,Member,Female,Personal Care,Skin Care Kit,1181.85,6,0.15,UPI,6.5,685.47
INV-2024-02410,2024-03-26,19:52,C,Bengaluru,Normal,Female,Clothing,T-Shirt,749.33,4,0.1,Card,9.2,457.09
INV-2024-02411,2024-03-05,19:49,C,Bengaluru,Normal,Male,Clothing,Sports Shoes,2489.41,3,0.05,Card,5.2,1518.54
INV-2024-02412,2024-03-30,21:29,C,Bengaluru,Normal,Male,Groceries,Cooking Oil,821.79,4,0.1,UPI,5.0,673.87
INV-2024-02413,2024-02-10,18:29,A,Delhi,Normal,Male,Sports,Fitness Band,1310.09,3,0.1,Cash,8.6,838.46
INV-2024-02414,2024-02-21,21:02,C,Bengaluru,Member,Male,Home & Kitchen,Mixer Grinder,3432.63,1,0.0,UPI,8.2,2265.54
INV-2024-02415,2024-02-17,17:26,A,Delhi,Normal,Female,Personal Care,Trimmer,1963.03,2,0.1,UPI,7.8,1138.56
INV-2024-02416,2024-01-11,16:15,A,Delhi,Member,Female,Home & Kitchen,Storage Set,690.22,2,0.05,Card,6.0,455.55
INV-2024-02417,2024-01-24,13:45,B,Mumbai,Member,Male,Clothing,Jacket,2862.44,1,0.1,Cash,8.6,1746.09
INV-2024-02418,2024-02-20,15:52,C,Bengaluru,Normal,Female,Electronics,Earbuds,2300.12,1,0.0,UPI,6.9,1587.08
INV-2024-02419,2024-01-07,20:17,B,Mumbai,Normal,Female,Personal Care,Shampoo,413.24,2,0.1,UPI,8.0,239.68
INV-2024-02420,2024-03-26,10:30,B,Mumbai,Normal,Male,Groceries,Breakfast Cereal,373.73,4,0.2,UPI,5.0,306.46
INV-2024-02421,2024-01-13,14:59,B,Mumbai,Normal,Female,Electronics,Bluetooth Speaker,2785.67,2,0.1,UPI,10.0,1922.11
INV-2024-02422,2024-01-20,15:38,C,Bengaluru,Normal,Female,Clothing,Jeans,1689.49,2,0.0,UPI,5.9,1030.59
INV-2024-02423,2024-03-12,14:29,A,Delhi,Normal,Male,Electronics,Smart Watch,4178.53,2,0.15,Cash,9.4,2883.19
INV-2024-02424,2024-01-10,17:18,B,Mumbai,Normal,Male,Electronics,Smart Watch,3786.77,1,0.1,Cash,7.2,2612.87
INV-2024-02425,2024-03-23,15:12,A,Delhi,Member,Female,Home & Kitchen,Storage Set,699.48,4,0.15000000000000002,UPI,7.7,461.66
INV-2024-02426,2024-03-09,18:29,B,Mumbai,Member,Male,Electronics,Power Bank,1398.94,3,0.1,Card,7.9,965.27
INV-2024-02427,2024-01-07,15:23,A,Delhi,Normal,Male,Home & Kitchen,Bedsheet,951.28,2,0.0,Card,5.7,627.84
INV-2024-02428,2024-03-06,18:40,C,Bengaluru,Normal,Female,Personal Care,Trimmer,1975.52,4,0.1,Cash,7.9,1145.8
INV-2024-02429,2024-03-01,09:04,A,Delhi,Normal,Male,Groceries,Dry Fruits,899.16,2,0.0,Card,8.7,737.31
INV-2024-02430,2024-03-11,15:15,C,Bengaluru,Normal,Male,Home & Kitchen,Storage Set,739.84,2,0.0,Cash,8.1,488.29
INV-2024-02431,2024-03-17,13:09,A,Delhi,Member,Male,Home & Kitchen,Storage Set,643.56,4,0.0,UPI,7.5,424.75
INV-2024-02432,2024-03-08,10:28,C,Bengaluru,Normal,Female,Electronics,Earbuds,2118.45,4,0.1,UPI,6.7,1461.73
INV-2024-02433,2024-02-25,13:13,C,Bengaluru,Normal,Male,Personal Care,Perfume,1531.53,1,0.1,Cash,7.0,888.29
INV-2024-02434,2024-02-02,10:28,C,Bengaluru,Normal,Male,Groceries,Rice 5kg,621.98,2,0.05,UPI,5.4,510.02
INV-2024-02435,2024-03-06,16:32,C,Bengaluru,Member,Male,Home & Kitchen,Bedsheet,1008.13,3,0.05,Card,7.9,665.37
INV-2024-02436,2024-03-28,13:45,C,Bengaluru,Normal,Female,Home & Kitchen,Bedsheet,1025.53,2,0.15,UPI,4.7,676.85
INV-2024-02437,2024-02-26,10:59,B,Mumbai,Normal,Male,Electronics,Smart Watch,4200.96,1,0.0,Card,9.7,2898.66
INV-2024-02438,2024-03-03,16:24,B,Mumbai,Member,Male,Personal Care,Shampoo,413.4,6,0.1,Card,8.1,239.77
INV-2024-02439,2024-02-12,11:59,A,Delhi,Normal,Female,Groceries,Rice 5kg,623.11,2,0.0,Cash,8.1,510.95
INV-2024-02440,2024-03-11,12:34,A,Delhi,Member,Female,Electronics,Bluetooth Speaker,2933.93,2,0.0,UPI,6.1,2024.41
INV-2024-02441,2024-03-31,15:05,A,Delhi,Member,Female,Groceries,Rice 5kg,589.41,2,0.0,Cash,9.9,483.32
INV-2024-02442,2024-01-17,13:03,C,Bengaluru,Member,Female,Electronics,Power Bank,1380.99,3,0.15,Card,7.6,952.88
INV-2024-02443,2024-01-21,12:34,C,Bengaluru,Normal,Male,Groceries,Dry Fruits,1013.86,3,0.05,UPI,8.7,831.37
INV-2024-02444,2024-02-21,16:35,B,Mumbai,Normal,Male,Clothing,Sports Shoes,2430.67,6,0.05,UPI,7.9,1482.71
INV-2024-02445,2024-02-16,20:32,C,Bengaluru,Member,Female,Groceries,Dry Fruits,895.95,2,0.1,Cash,10.0,734.68
INV-2024-02446,2024-02-24,20:49,B,Mumbai,Normal,Female,Clothing,Sports Shoes,2658.66,3,0.0,Cash,6.3,1621.78
INV-2024-02447,2024-01-06,14:15,A,Delhi,Member,Male,Clothing,T-Shirt,847.9,4,0.0,Cash,6.5,517.22
INV-2024-02448,2024-02-09,17:27,B,Mumbai,Member,Female,Clothing,Sports Shoes,2329.75,1,0.1,Cash,6.1,1421.15
INV-2024-02449,2024-02-25,13:21,B,Mumbai,Member,Male,Clothing,Jacket,3150.9,3,0.05,Card,8.0,1922.05
INV-2024-02450,2024-02-25,16:29,A,Delhi,Member,Female,Groceries,Cooking Oil,846.3,3,0.0,Card,8.8,693.97
INV-2024-02451,2024-03-03,17:56,A,Delhi,Member,Male,Clothing,T-Shirt,736.47,4,0.15000000000000002,Card,7.6,449.25
INV-2024-02452,2024-03-08,14:54,C,Bengaluru,Member,Male,Groceries,Breakfast Cereal,372.83,2,0.15000000000000002,UPI,7.5,305.72
INV-2024-02453,2024-03-02,11:43,A,Delhi,Member,Male,Electronics,Earbuds,2353.22,2,0.0,UPI,8.1,1623.72
INV-2024-02454,2024-03-14,15:53,B,Mumbai,Normal,Female,Electronics,Power Bank,1428.35,2,0.05,UPI,8.1,985.56
INV-2024-02455,2024-02-29,21:38,C,Bengaluru,Member,Female,Electronics,Earbuds,2349.33,3,0.05,Cash,8.1,1621.04
INV-2024-02456,2024-02-21,13:35,B,Mumbai,Normal,Male,Personal Care,Shampoo,461.16,3,0.0,UPI,6.7,267.47
INV-2024-02457,2024-02-27,18:03,A,Delhi,Normal,Male,Groceries,Rice 5kg,629.66,1,0.15,Cash,8.3,516.32
INV-2024-02458,2024-01-11,12:37,A,Delhi,Member,Female,Groceries,Cooking Oil,836.72,1,0.05,UPI,5.7,686.11
INV-2024-02459,2024-01-28,18:10,A,Delhi,Normal,Male,Groceries,Dry Fruits,1017.62,1,0.0,Card,7.9,834.45
INV-2024-02460,2024-02-20,13:53,A,Delhi,Normal,Male,Electronics,Bluetooth Speaker,2906.95,3,0.1,Card,7.9,2005.8
INV-2024-02461,2024-03-21,12:29,B,Mumbai,Normal,Male,Home & Kitchen,Bedsheet,1034.94,1,0.1,UPI,7.8,683.06
INV-2024-02462,2024-03-05,16:10,C,Bengaluru,Member,Female,Groceries,Cooking Oil,748.31,1,0.05,Card,8.9,613.61
INV-2024-02463,2024-01-10,14:59,B,Mumbai,Normal,Male,Electronics,Bluetooth Speaker,2914.62,4,0.0,UPI,7.0,2011.09
INV-2024-02464,2024-02-26,14:27,C,Bengaluru,Normal,Male,Sports,Yoga Mat,832.41,6,0.05,UPI,6.7,532.74
INV-2024-02465,2024-01-23,20:44,C,Bengaluru,Normal,Female,Groceries,Breakfast Cereal,376.08,2,0.0,UPI,7.4,308.39
INV-2024-02466,2024-03-09,21:38,B,Mumbai,Normal,Female,Home & Kitchen,Cookware Set,2572.39,5,0.1,Card,10.0,1697.78
INV-2024-02467,2024-03-17,17:05,B,Mumbai,Member,Male,Groceries,Breakfast Cereal,398.5,5,0.1,UPI,8.5,326.77
INV-2024-02468,2024-02-26,18:01,A,Delhi,Member,Female,Personal Care,Perfume,1545.22,3,0.2,Cash,5.1,896.23
INV-2024-02469,2024-02-26,20:22,A,Delhi,Normal,Male,Home & Kitchen,Storage Set,751.15,4,0.1,Card,6.1,495.76
INV-2024-02470,2024-02-03,17:47,A,Delhi,Normal,Male,Electronics,Bluetooth Speaker,2837.81,2,0.15,UPI,7.2,1958.09
INV-2024-02471,2024-02-13,14:50,B,Mumbai,Member,Female,Clothing,T-Shirt,765.1,2,0.05,Card,6.9,466.71
INV-2024-02472,2024-03-20,17:35,A,Delhi,Normal,Female,Clothing,T-Shirt,782.46,2,0.15,Cash,6.3,477.3
INV-2024-02473,2024-03-09,10:06,B,Mumbai,Normal,Female,Clothing,Sports Shoes,2441.5,5,0.0,Card,7.9,1489.32
INV-2024-02474,2024-02-19,13:38,C,Bengaluru,Member,Female,Clothing,T-Shirt,787.48,1,0.0,Cash,8.6,480.36
INV-2024-02475,2024-02-06,15:30,C,Bengaluru,Normal,Male,Sports,Cricket Bat,1997.64,1,0.05,UPI,8.5,1278.49
INV-2024-02476,2024-01-06,12:58,A,Delhi,Member,Female,Home & Kitchen,Bedsheet,1016.93,1,0.2,Cash,7.8,671.17
INV-2024-02477,2024-01-15,09:00,C,Bengaluru,Member,Male,Home & Kitchen,Bedsheet,968.86,3,0.05,UPI,9.2,639.45
INV-2024-02478,2024-01-20,12:17,C,Bengaluru,Member,Male,Groceries,Rice 5kg,652.08,4,0.15,UPI,9.7,534.71
INV-2024-02479,2024-02-06,17:45,A,Delhi,Member,Male,Electronics,Bluetooth Speaker,2764.03,2,0.0,UPI,9.1,1907.18
INV-2024-02480,2024-03-27,17:16,A,Delhi,Member,Male,Groceries,Dry Fruits,917.27,2,0.05,Card,8.1,752.16
INV-2024-02481,2024-02-18,18:21,A,Delhi,Normal,Male,Sports,Fitness Band,1294.14,1,0.0,UPI,9.2,828.25
INV-2024-02482,2024-01-24,17:30,C,Bengaluru,Member,Male,Sports,Fitness Band,1246.37,2,0.15,Card,6.0,797.68
INV-2024-02483,2024-01-11,10:12,C,Bengaluru,Normal,Female,Home & Kitchen,Cookware Set,2218.12,1,0.15,UPI,6.5,1463.96
INV-2024-02484,2024-02-03,13:52,A,Delhi,Member,Male,Electronics,Power Bank,1563.45,4,0.0,UPI,7.6,1078.78
INV-2024-02485,2024-03-16,10:31,A,Delhi,Normal,Female,Electronics,Power Bank,1489.94,2,0.1,UPI,3.5,1028.06
INV-2024-02486,2024-02-07,19:21,B,Mumbai,Normal,Male,Electronics,Earbuds,2122.93,3,0.1,UPI,8.0,1464.82
INV-2024-02487,2024-03-13,13:30,A,Delhi,Normal,Female,Sports,Cricket Bat,2024.04,1,0.0,UPI,6.4,1295.39
INV-2024-02488,2024-03-15,13:30,B,Mumbai,Member,Male,Groceries,Cooking Oil,746.79,5,0.0,UPI,7.6,612.37
INV-2024-02489,2024-01-12,21:41,A,Delhi,Member,Female,Home & Kitchen,Bedsheet,960.73,2,0.0,UPI,6.9,634.08
INV-2024-02490,2024-02-28,09:55,A,Delhi,Normal,Male,Clothing,Jeans,1780.13,2,0.1,UPI,8.0,1085.88
INV-2024-02491,2024-03-28,19:15,B,Mumbai,Normal,Male,Sports,Fitness Band,1325.18,3,0.05,UPI,5.8,848.12
INV-2024-02492,2024-02-09,15:37,A,Delhi,Normal,Female,Electronics,Bluetooth Speaker,2971.46,3,0.05,UPI,6.2,2050.31
INV-2024-02493,2024-01-06,15:54,B,Mumbai,Normal,Male,Home & Kitchen,Storage Set,649.25,2,0.05,Card,7.2,428.5
INV-2024-02494,2024-03-25,19:53,A,Delhi,Normal,Male,Groceries,Breakfast Cereal,377.43,4,0.15,UPI,10.0,309.49
INV-2024-02495,2024-03-22,18:09,B,Mumbai,Member,Female,Home & Kitchen,Storage Set,721.53,2,0.0,UPI,8.2,476.21
INV-2024-02496,2024-02-20,19:34,A,Delhi,Normal,Male,Home & Kitchen,Mixer Grinder,3046.04,2,0.0,Card,6.6,2010.39
INV-2024-02497,2024-02-23,19:13,C,Bengaluru,Normal,Male,Sports,Cricket Bat,1868.29,1,0.1,UPI,6.4,1195.71
INV-2024-02498,2024-01-21,17:01,B,Mumbai,Member,Male,Clothing,T-Shirt,856.5,1,0.0,Cash,8.8,522.47
INV-2024-02499,2024-03-17,14:36,B,Mumbai,Member,Male,Clothing,Sports Shoes,2630.16,1,0.15,Card,6.6,1604.4
INV-2024-02500,2024-02-18,20:10,B,Mumbai,Normal,Female,Groceries,Cooking Oil,804.79,2,0.1,UPI,6.6,659.93
INV-2024-00102,2024-03-07,21:11,A,Delhi,Member,Male,Clothing,T-Shirt,811.82,1,0.1,Card,9.5,495.21
INV-2024-00878,2024-02-01,14:16,A,Delhi,Normal,Male,Electronics,Bluetooth Speaker,2828.85,6,0.05,UPI,7.0,1951.91
