date,city,region,temperature_max_c,temperature_min_c,rainfall_mm,humidity_pct,wind_speed_kmh,weather_condition,temperature_mean_c,temperature_range_c,year,month_num,month,day_of_year,season,heavy_rain_day,heatwave_day,cold_day,high_wind_day,extreme_event
2022-01-01,Bengaluru,South,22.1,15.8,0.0,45.7,15.8,Clear,18.950000000000003,6.300000000000001,2022,1,January,1,Winter,False,False,False,False,False
2022-01-01,Chennai,South,26.0,18.4,0.0,49.9,6.0,Clear,22.2,7.600000000000001,2022,1,January,1,Winter,False,False,False,False,False
2022-01-01,Delhi,North,19.0,7.8,0.0,60.4,2.9,Clear,13.4,11.2,2022,1,January,1,Winter,False,False,False,False,False
2022-01-01,Jaipur,Northwest,24.0,11.9,0.0,51.2,18.9,Clear,17.95,12.1,2022,1,January,1,Winter,False,False,False,False,False
2022-01-01,Kolkata,East,23.5,17.6,1.7,45.3,11.8,Light Rain,20.55,5.899999999999999,2022,1,January,1,Winter,False,False,False,False,False
2022-01-01,Mumbai,West,21.8,15.8,0.0,55.9,21.9,Clear,18.8,6.0,2022,1,January,1,Winter,False,False,False,False,False
2022-01-02,Bengaluru,South,22.7,15.7,0.0,43.8,5.8,Clear,19.2,7.0,2022,1,January,2,Winter,False,False,False,False,False
2022-01-02,Chennai,South,26.0,21.0,0.0,53.6,1.2,Clear,23.5,5.0,2022,1,January,2,Winter,False,False,False,False,False
2022-01-02,Delhi,North,20.3,10.0,0.0,56.1,2.5,Clear,15.15,10.3,2022,1,January,2,Winter,False,False,False,False,False
2022-01-02,Jaipur,Northwest,19.7,10.8,0.0,49.4,5.9,Clear,15.25,8.899999999999999,2022,1,January,2,Winter,False,False,False,False,False
2022-01-02,Kolkata,East,24.8,18.0,0.0,23.1,3.0,Clear,21.4,6.800000000000001,2022,1,January,2,Winter,False,False,False,False,False
2022-01-02,Mumbai,West,28.6,22.5,0.0,47.6,9.0,Clear,25.55,6.100000000000001,2022,1,January,2,Winter,False,False,False,False,False
2022-01-03,Bengaluru,South,24.4,18.0,0.0,54.5,17.9,Clear,21.2,6.399999999999999,2022,1,January,3,Winter,False,False,False,False,False
2022-01-03,Chennai,South,28.6,22.5,0.0,49.9,11.5,Clear,25.55,6.100000000000001,2022,1,January,3,Winter,False,False,False,False,False
2022-01-03,Delhi,North,19.5,9.3,0.0,40.7,2.5,Clear,14.4,10.2,2022,1,January,3,Winter,False,False,False,False,False
2022-01-03,Jaipur,Northwest,22.0,9.9,0.0,30.0,3.9,Clear,15.95,12.1,2022,1,January,3,Winter,False,False,False,False,False
2022-01-03,Kolkata,East,23.9,16.7,0.0,52.6,9.8,Clear,20.299999999999997,7.199999999999999,2022,1,January,3,Winter,False,False,False,False,False
2022-01-03,Mumbai,West,28.6,22.2,7.2,71.9,21.2,Light Rain,25.4,6.400000000000002,2022,1,January,3,Winter,False,False,False,False,False
2022-01-04,Bengaluru,South,21.3,14.8,0.0,50.7,18.4,Clear,18.05,6.5,2022,1,January,4,Winter,False,False,False,False,False
2022-01-04,Chennai,South,26.4,18.7,0.0,40.4,11.2,Clear,22.549999999999997,7.699999999999999,2022,1,January,4,Winter,False,False,False,False,False
2022-01-04,Delhi,North,15.0,5.7,0.0,51.2,15.2,Clear,10.35,9.3,2022,1,January,4,Winter,False,False,False,False,False
2022-01-04,Jaipur,Northwest,20.6,9.6,0.0,48.3,14.6,Clear,15.100000000000001,11.000000000000002,2022,1,January,4,Winter,False,False,False,False,False
2022-01-04,Kolkata,East,23.5,16.5,0.0,53.2,19.0,Clear,20.0,7.0,2022,1,January,4,Winter,False,False,False,False,False
2022-01-04,Mumbai,West,28.9,20.6,0.0,34.7,13.5,Clear,24.75,8.299999999999997,2022,1,January,4,Winter,False,False,False,False,False
2022-01-05,Bengaluru,South,22.1,14.7,0.0,48.3,2.9,Clear,18.4,7.400000000000002,2022,1,January,5,Winter,False,False,False,False,False
2022-01-05,Chennai,South,29.2,20.4,0.0,55.8,9.2,Clear,24.799999999999997,8.8,2022,1,January,5,Winter,False,False,False,False,False
2022-01-05,Delhi,North,17.3,5.7,0.0,56.5,17.6,Clear,11.5,11.600000000000001,2022,1,January,5,Winter,False,False,False,False,False
2022-01-05,Jaipur,Northwest,20.1,9.1,0.0,63.9,13.9,Clear,14.600000000000001,11.000000000000002,2022,1,January,5,Winter,False,False,False,False,False
2022-01-05,Kolkata,East,23.9,17.6,0.0,56.1,11.7,Clear,20.75,6.299999999999997,2022,1,January,5,Winter,False,False,False,False,False
2022-01-05,Mumbai,West,26.0,16.7,0.0,65.8,17.5,Clear,21.35,9.3,2022,1,January,5,Winter,False,False,False,False,False
2022-01-06,Bengaluru,South,24.0,13.9,0.7,50.4,5.6,Light Rain,18.95,10.1,2022,1,January,6,Winter,False,False,False,False,False
2022-01-06,Chennai,South,26.6,21.6,0.0,42.7,6.3,Clear,24.1,5.0,2022,1,January,6,Winter,False,False,False,False,False
2022-01-06,Delhi,North,21.0,8.1,0.0,51.9,9.1,Clear,14.55,12.9,2022,1,January,6,Winter,False,False,False,False,False
2022-01-06,Jaipur,Northwest,18.9,9.5,0.0,59.1,11.1,Clear,14.2,9.399999999999999,2022,1,January,6,Winter,False,False,False,False,False
2022-01-06,Kolkata,East,21.4,14.2,0.0,45.1,8.9,Clear,17.799999999999997,7.199999999999999,2022,1,January,6,Winter,False,False,False,False,False
2022-01-06,Mumbai,West,27.8,20.5,0.0,50.7,9.0,Clear,24.15,7.300000000000001,2022,1,January,6,Winter,False,False,False,False,False
2022-01-07,Bengaluru,South,25.2,17.4,0.0,54.2,4.8,Clear,21.299999999999997,7.800000000000001,2022,1,January,7,Winter,False,False,False,False,False
2022-01-07,Chennai,South,26.4,20.9,0.0,40.0,11.3,Clear,23.65,5.5,2022,1,January,7,Winter,False,False,False,False,False
2022-01-07,Delhi,North,18.8,8.5,0.0,54.6,23.0,Clear,13.65,10.3,2022,1,January,7,Winter,False,False,False,False,False
2022-01-07,Jaipur,Northwest,19.2,9.3,0.0,43.2,8.1,Clear,14.25,9.899999999999999,2022,1,January,7,Winter,False,False,False,False,False
2022-01-07,Kolkata,East,27.6,21.6,0.0,68.2,5.5,Clear,24.6,6.0,2022,1,January,7,Winter,False,False,False,False,False
2022-01-07,Mumbai,West,23.6,16.1,0.0,48.6,0.9,Clear,19.85,7.5,2022,1,January,7,Winter,False,False,False,False,False
2022-01-08,Bengaluru,South,21.3,15.9,0.0,63.2,9.4,Clear,18.6,5.4,2022,1,January,8,Winter,False,False,False,False,False
2022-01-08,Chennai,South,24.4,18.6,0.0,46.1,6.1,Clear,21.5,5.799999999999997,2022,1,January,8,Winter,False,False,False,False,False
2022-01-08,Delhi,North,16.9,8.7,0.0,31.6,19.6,Clear,12.799999999999999,8.2,2022,1,January,8,Winter,False,False,False,False,False
2022-01-08,Jaipur,Northwest,23.8,11.7,0.0,54.9,3.0,Clear,17.75,12.100000000000001,2022,1,January,8,Winter,False,False,False,False,False
2022-01-08,Kolkata,East,25.8,17.8,0.0,46.4,4.1,Clear,21.8,8.0,2022,1,January,8,Winter,False,False,False,False,False
2022-01-08,Mumbai,West,26.9,19.6,0.0,50.2,11.0,Clear,23.25,7.299999999999997,2022,1,January,8,Winter,False,False,False,False,False
2022-01-09,Bengaluru,South,22.6,14.6,0.0,48.4,18.3,Clear,18.6,8.000000000000002,2022,1,January,9,Winter,False,False,False,False,False
2022-01-09,Chennai,South,23.3,18.3,0.0,37.9,14.6,Clear,20.8,5.0,2022,1,January,9,Winter,False,False,False,False,False
2022-01-09,Delhi,North,18.0,5.5,0.0,41.4,3.6,Clear,11.75,12.5,2022,1,January,9,Winter,False,False,False,False,False
2022-01-09,Jaipur,Northwest,19.8,8.9,0.0,57.8,0.4,Clear,14.350000000000001,10.9,2022,1,January,9,Winter,False,False,False,False,False
2022-01-09,Kolkata,East,24.2,16.6,0.0,38.8,18.7,Clear,20.4,7.599999999999998,2022,1,January,9,Winter,False,False,False,False,False
2022-01-09,Mumbai,West,27.1,21.5,0.0,46.2,11.5,Clear,24.3,5.600000000000001,2022,1,January,9,Winter,False,False,False,False,False
2022-01-10,Bengaluru,South,21.4,16.0,0.0,58.3,28.0,Clear,18.7,5.399999999999999,2022,1,January,10,Winter,False,False,False,False,False
2022-01-10,Chennai,South,24.4,19.0,0.0,35.0,11.5,Clear,21.7,5.399999999999999,2022,1,January,10,Winter,False,False,False,False,False
2022-01-10,Delhi,North,18.3,5.8,0.0,65.6,6.7,Clear,12.05,12.5,2022,1,January,10,Winter,False,False,False,False,False
2022-01-10,Jaipur,Northwest,20.4,9.4,0.0,71.4,34.7,Clear,14.899999999999999,10.999999999999998,2022,1,January,10,Winter,False,False,False,False,False
2022-01-10,Kolkata,East,25.0,18.6,0.0,51.0,11.8,Clear,21.8,6.399999999999999,2022,1,January,10,Winter,False,False,False,False,False
2022-01-10,Mumbai,West,22.4,17.4,0.0,38.1,5.1,Clear,19.9,5.0,2022,1,January,10,Winter,False,False,False,False,False
2022-01-11,Bengaluru,South,26.0,16.9,0.0,55.7,2.9,Clear,21.45,9.100000000000001,2022,1,January,11,Winter,False,False,False,False,False
2022-01-11,Chennai,South,30.9,23.8,0.0,46.8,7.0,Clear,27.35,7.099999999999998,2022,1,January,11,Winter,False,False,False,False,False
2022-01-11,Delhi,North,19.6,8.4,0.0,62.6,17.3,Clear,14.0,11.200000000000001,2022,1,January,11,Winter,False,False,False,False,False
2022-01-11,Jaipur,Northwest,18.8,6.3,0.0,65.6,6.7,Clear,12.55,12.5,2022,1,January,11,Winter,False,False,False,False,False
2022-01-11,Kolkata,East,21.1,13.7,0.0,49.6,4.8,Clear,17.4,7.400000000000002,2022,1,January,11,Winter,False,False,False,False,False
2022-01-11,Mumbai,West,27.8,19.6,0.9,50.8,17.9,Light Rain,23.700000000000003,8.2,2022,1,January,11,Winter,False,False,False,False,False
2022-01-12,Bengaluru,South,25.5,16.5,0.0,50.3,6.4,Clear,21.0,9.0,2022,1,January,12,Winter,False,False,False,False,False
2022-01-12,Chennai,South,25.2,20.2,0.0,48.9,7.8,Clear,22.7,5.0,2022,1,January,12,Winter,False,False,False,False,False
2022-01-12,Delhi,North,20.0,8.1,5.2,69.8,11.0,Light Rain,14.05,11.9,2022,1,January,12,Winter,False,False,False,False,False
2022-01-12,Jaipur,Northwest,21.0,9.0,0.0,58.5,9.0,Clear,15.0,12.0,2022,1,January,12,Winter,False,False,False,False,False
2022-01-12,Kolkata,East,22.8,15.7,0.0,53.5,13.2,Clear,19.25,7.100000000000001,2022,1,January,12,Winter,False,False,False,False,False
2022-01-12,Mumbai,West,26.4,19.8,0.0,54.9,3.4,Clear,23.1,6.599999999999998,2022,1,January,12,Winter,False,False,False,False,False
2022-01-13,Bengaluru,South,22.4,14.2,1.5,54.4,9.6,Light Rain,18.299999999999997,8.2,2022,1,January,13,Winter,False,False,False,False,False
2022-01-13,Chennai,South,29.1,22.0,2.9,54.9,11.7,Light Rain,25.55,7.100000000000001,2022,1,January,13,Winter,False,False,False,False,False
2022-01-13,Delhi,North,14.4,4.0,0.0,68.0,31.1,Clear,9.2,10.4,2022,1,January,13,Winter,False,False,True,False,True
2022-01-13,Jaipur,Northwest,22.6,12.7,0.0,46.4,4.1,Clear,17.65,9.900000000000002,2022,1,January,13,Winter,False,False,False,False,False
2022-01-13,Kolkata,East,26.6,20.1,12.1,55.4,11.3,Rain,23.35,6.5,2022,1,January,13,Winter,False,False,False,False,False
2022-01-13,Mumbai,West,24.3,16.6,0.0,54.4,5.7,Clear,20.450000000000003,7.699999999999999,2022,1,January,13,Winter,False,False,False,False,False
2022-01-14,Bengaluru,South,26.9,17.4,0.0,48.0,15.1,Clear,22.15,9.5,2022,1,January,14,Winter,False,False,False,False,False
2022-01-14,Chennai,South,29.3,21.8,0.0,43.6,8.1,Clear,25.55,7.5,2022,1,January,14,Winter,False,False,False,False,False
2022-01-14,Delhi,North,19.1,6.7,0.0,69.0,8.2,Clear,12.9,12.400000000000002,2022,1,January,14,Winter,False,False,False,False,False
2022-01-14,Jaipur,Northwest,22.7,9.5,0.0,55.3,18.5,Clear,16.1,13.2,2022,1,January,14,Winter,False,False,False,False,False
2022-01-14,Kolkata,East,23.7,16.5,0.0,55.7,15.9,Clear,20.1,7.199999999999999,2022,1,January,14,Winter,False,False,False,False,False
2022-01-14,Mumbai,West,23.2,17.6,0.0,52.7,3.6,Clear,20.4,5.599999999999998,2022,1,January,14,Winter,False,False,False,False,False
2022-01-15,Bengaluru,South,21.8,14.5,5.2,57.4,14.8,Light Rain,18.15,7.300000000000001,2022,1,January,15,Winter,False,False,False,False,False
2022-01-15,Chennai,South,27.6,21.1,0.0,51.3,15.4,Clear,24.35,6.5,2022,1,January,15,Winter,False,False,False,False,False
2022-01-15,Delhi,North,21.0,10.6,0.0,53.7,4.6,Clear,15.8,10.4,2022,1,January,15,Winter,False,False,False,False,False
2022-01-15,Jaipur,Northwest,22.2,11.9,0.8,55.8,9.3,Light Rain,17.05,10.299999999999999,2022,1,January,15,Winter,False,False,False,False,False
2022-01-15,Kolkata,East,25.9,17.5,9.0,48.0,11.9,Light Rain,21.7,8.399999999999999,2022,1,January,15,Winter,False,False,False,False,False
2022-01-15,Mumbai,West,28.0,18.1,0.0,58.4,27.2,Clear,23.05,9.899999999999999,2022,1,January,15,Winter,False,False,False,False,False
2022-01-16,Bengaluru,South,21.7,15.7,0.0,55.5,4.8,Clear,18.7,6.0,2022,1,January,16,Winter,False,False,False,False,False
2022-01-16,Chennai,South,28.1,21.5,0.0,37.6,3.2,Clear,24.8,6.600000000000001,2022,1,January,16,Winter,False,False,False,False,False
2022-01-16,Delhi,North,17.3,6.4,0.0,50.4,2.0,Clear,11.850000000000001,10.9,2022,1,January,16,Winter,False,False,False,False,False
2022-01-16,Jaipur,Northwest,19.9,10.7,0.0,53.5,28.7,Clear,15.299999999999999,9.2,2022,1,January,16,Winter,False,False,False,False,False
2022-01-16,Kolkata,East,23.1,15.5,0.0,50.5,12.8,Clear,19.3,7.600000000000001,2022,1,January,16,Winter,False,False,False,False,False
2022-01-16,Mumbai,West,26.7,21.0,0.0,43.3,16.9,Clear,23.85,5.699999999999999,2022,1,January,16,Winter,False,False,False,False,False
2022-01-17,Bengaluru,South,21.1,14.8,0.8,64.8,12.0,Light Rain,17.950000000000003,6.300000000000001,2022,1,January,17,Winter,False,False,False,False,False
2022-01-17,Chennai,South,26.0,20.5,0.0,44.1,2.8,Clear,23.25,5.5,2022,1,January,17,Winter,False,False,False,False,False
2022-01-17,Delhi,North,17.3,8.2,0.0,37.9,10.8,Clear,12.75,9.100000000000001,2022,1,January,17,Winter,False,False,False,False,False
2022-01-17,Jaipur,Northwest,22.9,14.0,0.0,56.7,5.4,Clear,18.45,8.899999999999999,2022,1,January,17,Winter,False,False,False,False,False
2022-01-17,Kolkata,East,23.2,15.7,0.0,31.0,2.1,Clear,19.45,7.5,2022,1,January,17,Winter,False,False,False,False,False
2022-01-17,Mumbai,West,32.0,23.2,0.0,36.2,21.0,Clear,27.6,8.8,2022,1,January,17,Winter,False,False,False,False,False
2022-01-18,Bengaluru,South,24.4,15.9,0.0,41.8,8.2,Clear,20.15,8.499999999999998,2022,1,January,18,Winter,False,False,False,False,False
2022-01-18,Chennai,South,25.0,18.4,0.0,44.6,7.6,Clear,21.7,6.600000000000001,2022,1,January,18,Winter,False,False,False,False,False
2022-01-18,Delhi,North,17.1,6.1,0.0,54.9,20.5,Clear,11.600000000000001,11.000000000000002,2022,1,January,18,Winter,False,False,False,False,False
2022-01-18,Jaipur,Northwest,22.5,10.5,0.0,48.3,9.4,Clear,16.5,12.0,2022,1,January,18,Winter,False,False,False,False,False
2022-01-18,Kolkata,East,24.7,19.2,0.0,54.8,29.8,Clear,21.95,5.5,2022,1,January,18,Winter,False,False,False,False,False
2022-01-18,Mumbai,West,26.2,19.6,0.0,59.8,11.3,Clear,22.9,6.599999999999998,2022,1,January,18,Winter,False,False,False,False,False
2022-01-19,Bengaluru,South,23.3,15.5,0.0,56.9,6.7,Clear,19.4,7.800000000000001,2022,1,January,19,Winter,False,False,False,False,False
2022-01-19,Chennai,South,28.0,22.8,0.0,48.2,6.2,Clear,25.4,5.199999999999999,2022,1,January,19,Winter,False,False,False,False,False
2022-01-19,Delhi,North,20.2,8.2,0.0,54.9,6.1,Clear,14.2,12.0,2022,1,January,19,Winter,False,False,False,False,False
2022-01-19,Jaipur,Northwest,17.4,7.7,0.0,52.0,20.8,Clear,12.549999999999999,9.7,2022,1,January,19,Winter,False,False,False,False,False
2022-01-19,Kolkata,East,22.3,14.6,0.0,48.2,8.0,Clear,18.45,7.700000000000001,2022,1,January,19,Winter,False,False,False,False,False
2022-01-19,Mumbai,West,26.0,20.1,0.0,51.4,18.0,Clear,23.05,5.899999999999999,2022,1,January,19,Winter,False,False,False,False,False
2022-01-20,Bengaluru,South,23.4,15.8,0.0,64.0,22.6,Clear,19.6,7.599999999999998,2022,1,January,20,Winter,False,False,False,False,False
2022-01-20,Chennai,South,25.9,19.3,0.0,55.6,4.6,Clear,22.6,6.599999999999998,2022,1,January,20,Winter,False,False,False,False,False
2022-01-20,Delhi,North,17.6,7.8,0.0,58.5,23.4,Clear,12.700000000000001,9.8,2022,1,January,20,Winter,False,False,False,False,False
2022-01-20,Jaipur,Northwest,17.4,7.2,0.0,48.4,14.2,Clear,12.299999999999999,10.2,2022,1,January,20,Winter,False,False,False,False,False
2022-01-20,Kolkata,East,25.0,18.5,0.0,50.1,10.1,Clear,21.75,6.5,2022,1,January,20,Winter,False,False,False,False,False
2022-01-20,Mumbai,West,28.3,20.4,0.0,41.3,17.2,Clear,24.35,7.900000000000002,2022,1,January,20,Winter,False,False,False,False,False
2022-01-21,Bengaluru,South,21.5,14.8,2.9,55.2,14.3,Light Rain,18.15,6.699999999999999,2022,1,January,21,Winter,False,False,False,False,False
2022-01-21,Chennai,South,26.6,20.9,0.8,57.0,21.7,Light Rain,23.75,5.700000000000003,2022,1,January,21,Winter,False,False,False,False,False
2022-01-21,Delhi,North,18.6,7.6,0.0,61.3,6.8,Clear,13.100000000000001,11.000000000000002,2022,1,January,21,Winter,False,False,False,False,False
2022-01-21,Jaipur,Northwest,20.4,12.4,0.0,59.8,9.5,Clear,16.4,7.999999999999998,2022,1,January,21,Winter,False,False,False,False,False
2022-01-21,Kolkata,East,24.6,14.2,0.0,52.8,6.1,Clear,19.4,10.400000000000002,2022,1,January,21,Winter,False,False,False,False,False
2022-01-21,Mumbai,West,23.8,16.4,0.0,48.5,14.1,Clear,20.1,7.400000000000002,2022,1,January,21,Winter,False,False,False,False,False
2022-01-22,Bengaluru,South,22.9,15.5,0.0,56.2,19.1,Clear,19.2,7.399999999999999,2022,1,January,22,Winter,False,False,False,False,False
2022-01-22,Chennai,South,28.1,21.6,0.0,56.7,25.3,Clear,24.85,6.5,2022,1,January,22,Winter,False,False,False,False,False
2022-01-22,Delhi,North,15.6,5.5,0.0,52.1,8.9,Clear,10.55,10.1,2022,1,January,22,Winter,False,False,False,False,False
2022-01-22,Jaipur,Northwest,21.3,8.0,0.0,36.9,3.0,Clear,14.65,13.3,2022,1,January,22,Winter,False,False,False,False,False
2022-01-22,Kolkata,East,19.6,13.9,0.0,31.6,10.0,Clear,16.75,5.700000000000001,2022,1,January,22,Winter,False,False,False,False,False
2022-01-22,Mumbai,West,24.2,19.2,0.0,62.6,8.0,Clear,21.7,5.0,2022,1,January,22,Winter,False,False,False,False,False
2022-01-23,Bengaluru,South,22.3,16.8,0.0,49.1,11.4,Clear,19.55,5.5,2022,1,January,23,Winter,False,False,False,False,False
2022-01-23,Chennai,South,30.2,22.7,0.0,51.6,5.3,Clear,26.45,7.5,2022,1,January,23,Winter,False,False,False,False,False
2022-01-23,Delhi,North,20.5,9.8,0.0,56.6,11.1,Clear,15.15,10.7,2022,1,January,23,Winter,False,False,False,False,False
2022-01-23,Jaipur,Northwest,20.6,9.9,0.0,66.1,5.1,Clear,15.25,10.700000000000001,2022,1,January,23,Winter,False,False,False,False,False
2022-01-23,Kolkata,East,24.8,17.1,1.2,62.8,23.9,Light Rain,20.950000000000003,7.699999999999999,2022,1,January,23,Winter,False,False,False,False,False
2022-01-23,Mumbai,West,24.8,19.2,0.0,57.9,17.4,Clear,22.0,5.600000000000001,2022,1,January,23,Winter,False,False,False,False,False
2022-01-24,Bengaluru,South,20.8,11.7,0.0,51.8,14.9,Clear,16.25,9.100000000000001,2022,1,January,24,Winter,False,False,False,False,False
2022-01-24,Chennai,South,25.4,18.4,0.0,40.0,13.8,Clear,21.9,7.0,2022,1,January,24,Winter,False,False,False,False,False
2022-01-24,Delhi,North,20.3,9.5,0.0,44.6,10.9,Clear,14.9,10.8,2022,1,January,24,Winter,False,False,False,False,False
2022-01-24,Jaipur,Northwest,21.1,10.9,0.0,55.1,8.5,Clear,16.0,10.200000000000001,2022,1,January,24,Winter,False,False,False,False,False
2022-01-24,Kolkata,East,27.0,18.9,0.0,54.7,13.6,Clear,22.95,8.100000000000001,2022,1,January,24,Winter,False,False,False,False,False
2022-01-24,Mumbai,West,25.5,19.6,0.0,58.8,3.8,Clear,22.55,5.899999999999999,2022,1,January,24,Winter,False,False,False,False,False
2022-01-25,Bengaluru,South,22.9,15.7,0.0,62.0,10.4,Clear,19.299999999999997,7.199999999999999,2022,1,January,25,Winter,False,False,False,False,False
2022-01-25,Chennai,South,26.8,18.3,0.0,33.0,5.6,Clear,22.55,8.5,2022,1,January,25,Winter,False,False,False,False,False
2022-01-25,Delhi,North,16.9,6.4,0.0,65.0,24.2,Clear,11.649999999999999,10.499999999999998,2022,1,January,25,Winter,False,False,False,False,False
2022-01-25,Jaipur,Northwest,20.9,10.8,0.0,60.5,8.2,Clear,15.85,10.099999999999998,2022,1,January,25,Winter,False,False,False,False,False
2022-01-25,Kolkata,East,23.2,17.7,4.0,60.8,9.0,Light Rain,20.45,5.5,2022,1,January,25,Winter,False,False,False,False,False
2022-01-25,Mumbai,West,29.0,20.0,0.0,58.5,9.0,Clear,24.5,9.0,2022,1,January,25,Winter,False,False,False,False,False
2022-01-26,Bengaluru,South,20.9,15.7,0.0,46.3,17.1,Clear,18.299999999999997,5.199999999999999,2022,1,January,26,Winter,False,False,False,False,False
2022-01-26,Chennai,South,27.3,22.2,0.0,37.6,2.7,Clear,24.75,5.100000000000001,2022,1,January,26,Winter,False,False,False,False,False
2022-01-26,Delhi,North,22.1,10.0,0.0,41.3,9.3,Clear,16.05,12.100000000000001,2022,1,January,26,Winter,False,False,False,False,False
2022-01-26,Jaipur,Northwest,22.0,8.9,0.0,67.9,8.3,Clear,15.45,13.1,2022,1,January,26,Winter,False,False,False,False,False
2022-01-26,Kolkata,East,25.3,17.8,0.0,59.6,2.0,Clear,21.55,7.5,2022,1,January,26,Winter,False,False,False,False,False
2022-01-26,Mumbai,West,25.1,19.6,0.0,37.4,28.7,Clear,22.35,5.5,2022,1,January,26,Winter,False,False,False,False,False
2022-01-27,Bengaluru,South,24.7,17.6,0.0,53.9,16.1,Clear,21.15,7.099999999999998,2022,1,January,27,Winter,False,False,False,False,False
2022-01-27,Chennai,South,26.2,21.1,0.0,51.1,1.1,Clear,23.65,5.099999999999998,2022,1,January,27,Winter,False,False,False,False,False
2022-01-27,Delhi,North,19.8,8.6,0.0,47.5,12.9,Clear,14.2,11.200000000000001,2022,1,January,27,Winter,False,False,False,False,False
2022-01-27,Jaipur,Northwest,19.8,8.2,0.0,54.1,3.1,Clear,14.0,11.600000000000001,2022,1,January,27,Winter,False,False,False,False,False
2022-01-27,Kolkata,East,22.7,14.6,1.6,60.9,16.6,Light Rain,18.65,8.1,2022,1,January,27,Winter,False,False,False,False,False
2022-01-27,Mumbai,West,28.8,22.1,0.0,56.5,4.1,Clear,25.450000000000003,6.699999999999999,2022,1,January,27,Winter,False,False,False,False,False
2022-01-28,Bengaluru,South,20.8,15.3,0.0,50.7,7.0,Clear,18.05,5.5,2022,1,January,28,Winter,False,False,False,False,False
2022-01-28,Chennai,South,25.8,19.4,0.0,46.9,6.8,Clear,22.6,6.400000000000002,2022,1,January,28,Winter,False,False,False,False,False
2022-01-28,Delhi,North,13.7,5.7,0.0,52.5,22.5,Clear,9.7,7.999999999999999,2022,1,January,28,Winter,False,False,False,False,False
2022-01-28,Jaipur,Northwest,20.3,9.4,0.0,64.1,7.2,Clear,14.850000000000001,10.9,2022,1,January,28,Winter,False,False,False,False,False
2022-01-28,Kolkata,East,23.1,16.4,0.0,45.8,8.8,Clear,19.75,6.700000000000003,2022,1,January,28,Winter,False,False,False,False,False
2022-01-28,Mumbai,West,26.7,20.9,0.0,43.0,6.2,Clear,23.799999999999997,5.800000000000001,2022,1,January,28,Winter,False,False,False,False,False
2022-01-29,Bengaluru,South,24.7,17.8,0.0,53.5,8.8,Clear,21.25,6.899999999999999,2022,1,January,29,Winter,False,False,False,False,False
2022-01-29,Chennai,South,21.0,15.6,0.0,54.2,7.1,Clear,18.3,5.4,2022,1,January,29,Winter,False,False,False,False,False
2022-01-29,Delhi,North,14.7,6.1,0.0,64.6,8.9,Clear,10.399999999999999,8.6,2022,1,January,29,Winter,False,False,False,False,False
2022-01-29,Jaipur,Northwest,19.3,10.3,0.0,57.9,2.1,Clear,14.8,9.0,2022,1,January,29,Winter,False,False,False,False,False
2022-01-29,Kolkata,East,17.9,12.9,0.0,39.5,8.2,Clear,15.399999999999999,4.999999999999998,2022,1,January,29,Winter,False,False,False,False,False
2022-01-29,Mumbai,West,28.6,22.3,0.0,52.2,6.6,Clear,25.450000000000003,6.300000000000001,2022,1,January,29,Winter,False,False,False,False,False
2022-01-30,Bengaluru,South,26.5,19.6,0.0,65.5,8.1,Clear,23.05,6.899999999999999,2022,1,January,30,Winter,False,False,False,False,False
2022-01-30,Chennai,South,29.2,22.7,0.0,48.9,3.0,Clear,25.95,6.5,2022,1,January,30,Winter,False,False,False,False,False
2022-01-30,Delhi,North,24.3,12.5,0.0,52.6,28.3,Clear,18.4,11.8,2022,1,January,30,Winter,False,False,False,False,False
2022-01-30,Jaipur,Northwest,24.1,12.7,0.0,54.0,7.6,Clear,18.4,11.400000000000002,2022,1,January,30,Winter,False,False,False,False,False
2022-01-30,Kolkata,East,23.3,18.3,0.0,57.3,4.4,Clear,20.8,5.0,2022,1,January,30,Winter,False,False,False,False,False
2022-01-30,Mumbai,West,32.6,22.6,0.0,50.2,13.6,Clear,27.6,10.0,2022,1,January,30,Winter,False,False,False,False,False
2022-01-31,Bengaluru,South,22.8,17.5,0.0,54.5,22.9,Clear,20.15,5.300000000000001,2022,1,January,31,Winter,False,False,False,False,False
2022-01-31,Chennai,South,27.5,18.6,0.0,53.3,10.8,Clear,23.05,8.899999999999999,2022,1,January,31,Winter,False,False,False,False,False
2022-01-31,Delhi,North,19.9,8.7,0.0,60.4,4.9,Clear,14.299999999999999,11.2,2022,1,January,31,Winter,False,False,False,False,False
2022-01-31,Jaipur,Northwest,22.7,11.7,0.0,53.1,9.6,Clear,17.2,11.0,2022,1,January,31,Winter,False,False,False,False,False
2022-01-31,Kolkata,East,23.3,17.5,0.0,45.1,5.3,Clear,20.4,5.800000000000001,2022,1,January,31,Winter,False,False,False,False,False
2022-01-31,Mumbai,West,26.1,18.8,0.0,48.6,3.4,Clear,22.450000000000003,7.300000000000001,2022,1,January,31,Winter,False,False,False,False,False
2022-02-01,Bengaluru,South,24.4,16.2,0.0,57.1,7.3,Clear,20.299999999999997,8.2,2022,2,February,32,Winter,False,False,False,False,False
2022-02-01,Chennai,South,30.4,23.7,0.0,47.8,7.3,Clear,27.049999999999997,6.699999999999999,2022,2,February,32,Winter,False,False,False,False,False
2022-02-01,Delhi,North,16.8,7.9,0.0,44.4,13.4,Clear,12.350000000000001,8.9,2022,2,February,32,Winter,False,False,False,False,False
2022-02-01,Jaipur,Northwest,20.4,9.3,0.0,50.4,4.8,Clear,14.85,11.099999999999998,2022,2,February,32,Winter,False,False,False,False,False
2022-02-01,Kolkata,East,21.8,16.5,0.0,40.9,4.4,Clear,19.15,5.300000000000001,2022,2,February,32,Winter,False,False,False,False,False
2022-02-01,Mumbai,West,25.6,19.3,0.0,38.9,4.1,Clear,22.450000000000003,6.300000000000001,2022,2,February,32,Winter,False,False,False,False,False
2022-02-02,Bengaluru,South,22.9,15.9,0.0,57.1,4.3,Clear,19.4,6.999999999999998,2022,2,February,33,Winter,False,False,False,False,False
2022-02-02,Chennai,South,25.3,18.8,0.0,42.8,10.0,Clear,22.05,6.5,2022,2,February,33,Winter,False,False,False,False,False
2022-02-02,Delhi,North,17.3,5.1,0.0,57.9,16.9,Clear,11.2,12.200000000000001,2022,2,February,33,Winter,False,False,False,False,False
2022-02-02,Jaipur,Northwest,21.1,11.9,0.0,48.6,4.5,Clear,16.5,9.200000000000001,2022,2,February,33,Winter,False,False,False,False,False
2022-02-02,Kolkata,East,23.9,15.5,0.0,56.7,8.5,Clear,19.7,8.399999999999999,2022,2,February,33,Winter,False,False,False,False,False
2022-02-02,Mumbai,West,25.5,19.2,0.0,43.8,11.7,Clear,22.35,6.300000000000001,2022,2,February,33,Winter,False,False,False,False,False
2022-02-03,Bengaluru,South,25.1,16.7,0.0,58.5,4.3,Clear,20.9,8.400000000000002,2022,2,February,34,Winter,False,False,False,False,False
2022-02-03,Chennai,South,26.7,21.3,0.0,41.8,1.4,Clear,24.0,5.399999999999999,2022,2,February,34,Winter,False,False,False,False,False
2022-02-03,Delhi,North,17.7,7.4,0.0,41.1,10.9,Clear,12.55,10.299999999999999,2022,2,February,34,Winter,False,False,False,False,False
2022-02-03,Jaipur,Northwest,21.8,9.7,0.0,52.2,5.9,Clear,15.75,12.100000000000001,2022,2,February,34,Winter,False,False,False,False,False
2022-02-03,Kolkata,East,22.1,16.4,0.0,50.2,6.1,Clear,19.25,5.700000000000003,2022,2,February,34,Winter,False,False,False,False,False
2022-02-03,Mumbai,West,27.2,19.0,0.0,50.2,3.2,Clear,23.1,8.2,2022,2,February,34,Winter,False,False,False,False,False
2022-02-04,Bengaluru,South,22.8,16.9,0.0,47.9,8.1,Clear,19.85,5.900000000000002,2022,2,February,35,Winter,False,False,False,False,False
2022-02-04,Chennai,South,25.0,15.9,0.0,44.6,10.3,Clear,20.45,9.1,2022,2,February,35,Winter,False,False,False,False,False
2022-02-04,Delhi,North,18.1,5.8,0.0,43.1,16.6,Clear,11.950000000000001,12.3,2022,2,February,35,Winter,False,False,False,False,False
2022-02-04,Jaipur,Northwest,20.6,9.8,0.0,51.4,19.9,Clear,15.200000000000001,10.8,2022,2,February,35,Winter,False,False,False,False,False
2022-02-04,Kolkata,East,22.7,15.5,0.0,40.4,26.8,Clear,19.1,7.199999999999999,2022,2,February,35,Winter,False,False,False,False,False
2022-02-04,Mumbai,West,30.3,24.0,0.0,66.8,2.8,Clear,27.15,6.300000000000001,2022,2,February,35,Winter,False,False,False,False,False
2022-02-05,Bengaluru,South,24.9,15.1,0.0,45.7,9.9,Clear,20.0,9.799999999999999,2022,2,February,36,Winter,False,False,False,False,False
2022-02-05,Chennai,South,29.9,22.1,13.1,56.8,19.2,Rain,26.0,7.799999999999997,2022,2,February,36,Winter,False,False,False,False,False
2022-02-05,Delhi,North,19.4,7.5,0.0,56.2,16.5,Clear,13.45,11.899999999999999,2022,2,February,36,Winter,False,False,False,False,False
2022-02-05,Jaipur,Northwest,23.4,14.5,0.0,38.7,6.4,Clear,18.95,8.899999999999999,2022,2,February,36,Winter,False,False,False,False,False
2022-02-05,Kolkata,East,23.9,18.2,0.0,43.2,12.4,Clear,21.049999999999997,5.699999999999999,2022,2,February,36,Winter,False,False,False,False,False
2022-02-05,Mumbai,West,26.9,18.5,0.0,44.0,3.6,Clear,22.7,8.399999999999999,2022,2,February,36,Winter,False,False,False,False,False
2022-02-06,Bengaluru,South,24.5,17.3,0.0,38.3,10.6,Clear,20.9,7.199999999999999,2022,2,February,37,Winter,False,False,False,False,False
2022-02-06,Chennai,South,26.1,20.9,0.0,54.5,7.8,Clear,23.5,5.200000000000003,2022,2,February,37,Winter,False,False,False,False,False
2022-02-06,Delhi,North,21.0,9.4,0.0,42.8,3.9,Clear,15.2,11.6,2022,2,February,37,Winter,False,False,False,False,False
2022-02-06,Jaipur,Northwest,19.0,6.5,0.0,67.1,6.5,Clear,12.75,12.5,2022,2,February,37,Winter,False,False,False,False,False
2022-02-06,Kolkata,East,27.0,20.8,0.0,61.1,18.0,Clear,23.9,6.199999999999999,2022,2,February,37,Winter,False,False,False,False,False
2022-02-06,Mumbai,West,25.5,20.5,0.0,69.8,0.4,Clear,23.0,5.0,2022,2,February,37,Winter,False,False,False,False,False
2022-02-07,Bengaluru,South,19.3,12.8,0.0,45.5,7.6,Clear,16.05,6.5,2022,2,February,38,Winter,False,False,False,False,False
2022-02-07,Chennai,South,27.4,21.5,0.0,57.5,13.2,Clear,24.45,5.899999999999999,2022,2,February,38,Winter,False,False,False,False,False
2022-02-07,Delhi,North,20.5,8.4,0.0,51.5,20.0,Clear,14.45,12.1,2022,2,February,38,Winter,False,False,False,False,False
2022-02-07,Jaipur,Northwest,23.7,12.2,0.0,61.0,12.7,Clear,17.95,11.5,2022,2,February,38,Winter,False,False,False,False,False
2022-02-07,Kolkata,East,22.4,15.9,0.0,59.2,8.9,Clear,19.15,6.499999999999998,2022,2,February,38,Winter,False,False,False,False,False
2022-02-07,Mumbai,West,28.7,23.1,0.0,52.8,7.5,Clear,25.9,5.599999999999998,2022,2,February,38,Winter,False,False,False,False,False
2022-02-08,Bengaluru,South,25.5,18.2,0.0,44.9,5.8,Clear,21.85,7.300000000000001,2022,2,February,39,Winter,False,False,False,False,False
2022-02-08,Chennai,South,30.2,21.7,0.0,43.5,10.8,Clear,25.95,8.5,2022,2,February,39,Winter,False,False,False,False,False
2022-02-08,Delhi,North,17.9,8.9,0.0,49.1,10.4,Clear,13.399999999999999,8.999999999999998,2022,2,February,39,Winter,False,False,False,False,False
2022-02-08,Jaipur,Northwest,22.0,11.4,0.0,65.9,18.0,Clear,16.7,10.6,2022,2,February,39,Winter,False,False,False,False,False
2022-02-08,Kolkata,East,21.7,14.5,0.0,52.5,5.1,Clear,18.1,7.199999999999999,2022,2,February,39,Winter,False,False,False,False,False
2022-02-08,Mumbai,West,30.4,23.5,0.0,63.5,17.1,Clear,26.95,6.899999999999999,2022,2,February,39,Winter,False,False,False,False,False
2022-02-09,Bengaluru,South,25.8,19.5,0.0,52.6,17.0,Clear,22.65,6.300000000000001,2022,2,February,40,Winter,False,False,False,False,False
2022-02-09,Chennai,South,28.8,22.3,0.0,50.4,10.5,Clear,25.55,6.5,2022,2,February,40,Winter,False,False,False,False,False
2022-02-09,Delhi,North,18.2,8.6,0.0,59.6,24.3,Clear,13.399999999999999,9.6,2022,2,February,40,Winter,False,False,False,False,False
2022-02-09,Jaipur,Northwest,22.0,8.9,0.0,49.5,26.9,Clear,15.45,13.1,2022,2,February,40,Winter,False,False,False,False,False
2022-02-09,Kolkata,East,26.1,18.7,0.0,50.1,23.5,Clear,22.4,7.400000000000002,2022,2,February,40,Winter,False,False,False,False,False
2022-02-09,Mumbai,West,28.9,21.7,0.0,54.5,4.7,Clear,25.299999999999997,7.199999999999999,2022,2,February,40,Winter,False,False,False,False,False
2022-02-10,Bengaluru,South,23.3,16.7,0.0,53.1,6.3,Clear,20.0,6.600000000000001,2022,2,February,41,Winter,False,False,False,False,False
2022-02-10,Chennai,South,26.4,20.3,0.0,35.9,27.6,Clear,23.35,6.099999999999998,2022,2,February,41,Winter,False,False,False,False,False
2022-02-10,Delhi,North,20.1,10.8,0.0,41.6,6.8,Clear,15.450000000000001,9.3,2022,2,February,41,Winter,False,False,False,False,False
2022-02-10,Jaipur,Northwest,22.2,11.7,0.0,36.7,6.8,Clear,16.95,10.5,2022,2,February,41,Winter,False,False,False,False,False
2022-02-10,Kolkata,East,23.3,18.0,0.0,63.7,8.2,Clear,20.65,5.300000000000001,2022,2,February,41,Winter,False,False,False,False,False
2022-02-10,Mumbai,West,27.5,21.3,0.0,51.1,7.2,Clear,24.4,6.199999999999999,2022,2,February,41,Winter,False,False,False,False,False
2022-02-11,Bengaluru,South,23.0,16.3,0.0,64.4,6.3,Clear,19.65,6.699999999999999,2022,2,February,42,Winter,False,False,False,False,False
2022-02-11,Chennai,South,28.2,20.3,0.7,45.2,15.9,Light Rain,24.25,7.899999999999999,2022,2,February,42,Winter,False,False,False,False,False
2022-02-11,Delhi,North,16.3,7.1,1.4,58.4,13.2,Light Rain,11.7,9.200000000000001,2022,2,February,42,Winter,False,False,False,False,False
2022-02-11,Jaipur,Northwest,23.4,11.7,0.0,43.1,8.4,Clear,17.549999999999997,11.7,2022,2,February,42,Winter,False,False,False,False,False
2022-02-11,Kolkata,East,23.5,17.8,0.0,46.0,1.3,Clear,20.65,5.699999999999999,2022,2,February,42,Winter,False,False,False,False,False
2022-02-11,Mumbai,West,27.0,19.0,0.0,61.6,25.2,Clear,23.0,8.0,2022,2,February,42,Winter,False,False,False,False,False
2022-02-12,Bengaluru,South,24.6,16.9,0.0,44.8,13.4,Clear,20.75,7.700000000000003,2022,2,February,43,Winter,False,False,False,False,False
2022-02-12,Chennai,South,28.7,21.4,0.0,69.1,1.6,Clear,25.049999999999997,7.300000000000001,2022,2,February,43,Winter,False,False,False,False,False
2022-02-12,Delhi,North,17.2,6.3,0.0,48.5,16.6,Clear,11.75,10.899999999999999,2022,2,February,43,Winter,False,False,False,False,False
2022-02-12,Jaipur,Northwest,23.5,11.2,0.0,49.8,31.5,Clear,17.35,12.3,2022,2,February,43,Winter,False,False,False,False,False
2022-02-12,Kolkata,East,19.2,13.6,0.0,54.0,5.0,Clear,16.4,5.6,2022,2,February,43,Winter,False,False,False,False,False
2022-02-12,Mumbai,West,26.1,20.2,0.0,63.8,5.0,Clear,23.15,5.900000000000002,2022,2,February,43,Winter,False,False,False,False,False
2022-02-13,Bengaluru,South,21.0,14.1,0.0,54.2,6.1,Clear,17.55,6.9,2022,2,February,44,Winter,False,False,False,False,False
2022-02-13,Chennai,South,27.5,20.6,0.0,52.9,5.5,Clear,24.05,6.899999999999999,2022,2,February,44,Winter,False,False,False,False,False
2022-02-13,Delhi,North,17.4,5.0,0.0,57.5,3.1,Clear,11.2,12.399999999999999,2022,2,February,44,Winter,False,False,True,False,True
2022-02-13,Jaipur,Northwest,23.9,13.0,0.0,44.7,3.6,Clear,18.45,10.899999999999999,2022,2,February,44,Winter,False,False,False,False,False
2022-02-13,Kolkata,East,24.8,16.9,0.0,62.4,7.8,Clear,20.85,7.900000000000002,2022,2,February,44,Winter,False,False,False,False,False
2022-02-13,Mumbai,West,26.7,19.7,2.0,57.8,29.3,Light Rain,23.2,7.0,2022,2,February,44,Winter,False,False,False,False,False
2022-02-14,Bengaluru,South,26.5,18.2,0.0,53.6,5.5,Clear,22.35,8.3,2022,2,February,45,Winter,False,False,False,False,False
2022-02-14,Chennai,South,30.2,22.1,7.0,59.9,12.9,Light Rain,26.15,8.099999999999998,2022,2,February,45,Winter,False,False,False,False,False
2022-02-14,Delhi,North,20.8,8.7,0.0,38.4,6.1,Clear,14.75,12.100000000000001,2022,2,February,45,Winter,False,False,False,False,False
2022-02-14,Jaipur,Northwest,20.2,10.8,0.0,51.3,3.6,Clear,15.5,9.399999999999999,2022,2,February,45,Winter,False,False,False,False,False
2022-02-14,Kolkata,East,29.0,22.2,0.0,37.0,7.2,Clear,25.6,6.800000000000001,2022,2,February,45,Winter,False,False,False,False,False
2022-02-14,Mumbai,West,25.9,17.2,0.0,44.1,4.3,Clear,21.549999999999997,8.7,2022,2,February,45,Winter,False,False,False,False,False
2022-02-15,Bengaluru,South,20.6,14.6,0.0,50.7,8.9,Clear,17.6,6.000000000000002,2022,2,February,46,Winter,False,False,False,False,False
2022-02-15,Chennai,South,24.5,18.4,0.0,61.0,12.6,Clear,21.45,6.100000000000001,2022,2,February,46,Winter,False,False,False,False,False
2022-02-15,Delhi,North,22.8,11.2,0.0,46.2,7.7,Clear,17.0,11.600000000000001,2022,2,February,46,Winter,False,False,False,False,False
2022-02-15,Jaipur,Northwest,19.7,8.9,0.0,41.7,11.2,Clear,14.3,10.799999999999999,2022,2,February,46,Winter,False,False,False,False,False
2022-02-15,Kolkata,East,24.8,18.3,0.0,38.8,5.7,Clear,21.55,6.5,2022,2,February,46,Winter,False,False,False,False,False
2022-02-15,Mumbai,West,26.0,21.0,0.0,62.3,7.2,Clear,23.5,5.0,2022,2,February,46,Winter,False,False,False,False,False
2022-02-16,Bengaluru,South,24.7,15.4,0.0,50.1,8.3,Clear,20.05,9.299999999999999,2022,2,February,47,Winter,False,False,False,False,False
2022-02-16,Chennai,South,27.8,21.4,0.0,46.4,9.7,Clear,24.6,6.400000000000002,2022,2,February,47,Winter,False,False,False,False,False
2022-02-16,Delhi,North,19.9,10.2,0.0,58.4,4.1,Clear,15.049999999999999,9.7,2022,2,February,47,Winter,False,False,False,False,False
2022-02-16,Jaipur,Northwest,20.7,9.3,0.0,52.9,3.1,Clear,15.0,11.399999999999999,2022,2,February,47,Winter,False,False,False,False,False
2022-02-16,Kolkata,East,24.6,18.5,0.0,36.8,7.7,Clear,21.55,6.100000000000001,2022,2,February,47,Winter,False,False,False,False,False
2022-02-16,Mumbai,West,27.5,22.3,0.0,65.7,4.6,Clear,24.9,5.199999999999999,2022,2,February,47,Winter,False,False,False,False,False
2022-02-17,Bengaluru,South,25.6,17.9,0.0,59.3,8.1,Clear,21.75,7.700000000000003,2022,2,February,48,Winter,False,False,False,False,False
2022-02-17,Chennai,South,28.1,22.6,0.0,58.4,8.5,Clear,25.35,5.5,2022,2,February,48,Winter,False,False,False,False,False
2022-02-17,Delhi,North,15.8,6.6,0.0,50.3,4.8,Clear,11.2,9.200000000000001,2022,2,February,48,Winter,False,False,False,False,False
2022-02-17,Jaipur,Northwest,24.9,13.1,0.0,47.7,22.6,Clear,19.0,11.799999999999999,2022,2,February,48,Winter,False,False,False,False,False
2022-02-17,Kolkata,East,22.9,16.0,2.3,71.5,13.0,Light Rain,19.45,6.899999999999999,2022,2,February,48,Winter,False,False,False,False,False
2022-02-17,Mumbai,West,25.9,19.5,0.0,58.6,19.7,Clear,22.7,6.399999999999999,2022,2,February,48,Winter,False,False,False,False,False
2022-02-18,Bengaluru,South,21.3,15.2,0.0,48.8,14.4,Clear,18.25,6.100000000000001,2022,2,February,49,Winter,False,False,False,False,False
2022-02-18,Chennai,South,25.6,19.4,0.0,51.7,11.5,Clear,22.5,6.200000000000003,2022,2,February,49,Winter,False,False,False,False,False
2022-02-18,Delhi,North,21.2,9.6,0.0,56.5,15.9,Clear,15.399999999999999,11.6,2022,2,February,49,Winter,False,False,False,False,False
2022-02-18,Jaipur,Northwest,20.8,11.0,0.0,54.1,1.9,Clear,15.9,9.8,2022,2,February,49,Winter,False,False,False,False,False
2022-02-18,Kolkata,East,25.7,19.1,0.0,52.0,7.9,Clear,22.4,6.599999999999998,2022,2,February,49,Winter,False,False,False,False,False
2022-02-18,Mumbai,West,27.6,21.4,0.0,35.8,17.3,Clear,24.5,6.200000000000003,2022,2,February,49,Winter,False,False,False,False,False
2022-02-19,Bengaluru,South,29.3,20.9,0.0,52.9,9.2,Clear,25.1,8.400000000000002,2022,2,February,50,Winter,False,False,False,False,False
2022-02-19,Chennai,South,28.8,21.8,0.0,35.3,26.1,Clear,25.3,7.0,2022,2,February,50,Winter,False,False,False,False,False
2022-02-19,Delhi,North,22.0,12.1,0.0,42.6,18.3,Clear,17.05,9.9,2022,2,February,50,Winter,False,False,False,False,False
2022-02-19,Jaipur,Northwest,20.4,10.2,0.0,54.4,9.0,Clear,15.299999999999999,10.2,2022,2,February,50,Winter,False,False,False,False,False
2022-02-19,Kolkata,East,25.4,17.0,0.0,45.5,3.0,Clear,21.2,8.399999999999999,2022,2,February,50,Winter,False,False,False,False,False
2022-02-19,Mumbai,West,29.3,22.9,0.0,57.7,3.3,Clear,26.1,6.400000000000002,2022,2,February,50,Winter,False,False,False,False,False
2022-02-20,Bengaluru,South,27.6,18.1,0.0,54.9,3.6,Clear,22.85,9.5,2022,2,February,51,Winter,False,False,False,False,False
2022-02-20,Chennai,South,27.0,21.5,0.0,70.9,5.3,Clear,24.25,5.5,2022,2,February,51,Winter,False,False,False,False,False
2022-02-20,Delhi,North,22.7,11.1,0.0,52.7,38.2,Clear,16.9,11.6,2022,2,February,51,Winter,False,False,False,False,False
2022-02-20,Jaipur,Northwest,19.7,9.4,0.0,48.6,6.1,Clear,14.55,10.299999999999999,2022,2,February,51,Winter,False,False,False,False,False
2022-02-20,Kolkata,East,26.7,19.7,0.0,41.0,10.2,Clear,23.2,7.0,2022,2,February,51,Winter,False,False,False,False,False
2022-02-20,Mumbai,West,26.0,21.0,0.0,49.3,3.9,Clear,23.5,5.0,2022,2,February,51,Winter,False,False,False,False,False
2022-02-21,Bengaluru,South,25.4,18.6,0.0,47.3,13.2,Clear,22.0,6.799999999999997,2022,2,February,52,Winter,False,False,False,False,False
2022-02-21,Chennai,South,30.5,22.2,0.0,37.5,19.0,Clear,26.35,8.3,2022,2,February,52,Winter,False,False,False,False,False
2022-02-21,Delhi,North,24.2,15.0,0.0,57.0,17.3,Clear,19.6,9.2,2022,2,February,52,Winter,False,False,False,False,False
2022-02-21,Jaipur,Northwest,24.9,11.2,0.0,56.9,4.4,Clear,18.049999999999997,13.7,2022,2,February,52,Winter,False,False,False,False,False
2022-02-21,Kolkata,East,24.2,18.5,0.0,54.1,12.5,Clear,21.35,5.699999999999999,2022,2,February,52,Winter,False,False,False,False,False
2022-02-21,Mumbai,West,29.0,20.1,0.0,47.1,8.7,Clear,24.55,8.899999999999999,2022,2,February,52,Winter,False,False,False,False,False
2022-02-22,Bengaluru,South,23.1,16.5,0.0,49.9,17.8,Clear,19.8,6.600000000000001,2022,2,February,53,Winter,False,False,False,False,False
2022-02-22,Chennai,South,28.2,22.5,0.0,47.6,8.7,Clear,25.35,5.699999999999999,2022,2,February,53,Winter,False,False,False,False,False
2022-02-22,Delhi,North,22.1,10.4,0.0,48.6,23.8,Clear,16.25,11.700000000000001,2022,2,February,53,Winter,False,False,False,False,False
2022-02-22,Jaipur,Northwest,22.7,12.5,0.0,34.8,11.7,Clear,17.6,10.2,2022,2,February,53,Winter,False,False,False,False,False
2022-02-22,Kolkata,East,24.5,18.4,0.0,43.3,6.6,Clear,21.45,6.100000000000001,2022,2,February,53,Winter,False,False,False,False,False
2022-02-22,Mumbai,West,28.5,22.2,2.5,45.3,14.0,Light Rain,25.35,6.300000000000001,2022,2,February,53,Winter,False,False,False,False,False
2022-02-23,Bengaluru,South,27.7,18.9,0.0,56.8,8.6,Clear,23.299999999999997,8.8,2022,2,February,54,Winter,False,False,False,False,False
2022-02-23,Chennai,South,31.5,23.9,0.0,48.7,4.6,Clear,27.7,7.600000000000001,2022,2,February,54,Winter,False,False,False,False,False
2022-02-23,Delhi,North,21.2,9.4,0.0,56.6,14.4,Clear,15.3,11.799999999999999,2022,2,February,54,Winter,False,False,False,False,False
2022-02-23,Jaipur,Northwest,24.5,15.7,0.0,54.0,11.0,Clear,20.1,8.8,2022,2,February,54,Winter,False,False,False,False,False
2022-02-23,Kolkata,East,25.5,17.5,0.0,55.9,15.5,Clear,21.5,8.0,2022,2,February,54,Winter,False,False,False,False,False
2022-02-23,Mumbai,West,27.8,19.7,4.0,48.8,8.8,Light Rain,23.75,8.100000000000001,2022,2,February,54,Winter,False,False,False,False,False
2022-02-24,Bengaluru,South,24.6,16.5,0.0,45.7,7.0,Clear,20.55,8.100000000000001,2022,2,February,55,Winter,False,False,False,False,False
2022-02-24,Chennai,South,28.5,22.2,0.0,54.9,6.7,Clear,25.35,6.300000000000001,2022,2,February,55,Winter,False,False,False,False,False
2022-02-24,Delhi,North,19.9,7.7,0.0,62.4,20.7,Clear,13.799999999999999,12.2,2022,2,February,55,Winter,False,False,False,False,False
2022-02-24,Jaipur,Northwest,21.1,10.1,0.0,45.3,11.0,Clear,15.600000000000001,11.000000000000002,2022,2,February,55,Winter,False,False,False,False,False
2022-02-24,Kolkata,East,22.4,16.9,0.0,40.3,12.4,Clear,19.65,5.5,2022,2,February,55,Winter,False,False,False,False,False
2022-02-24,Mumbai,West,28.3,22.0,0.0,52.8,15.2,Clear,25.15,6.300000000000001,2022,2,February,55,Winter,False,False,False,False,False
2022-02-25,Bengaluru,South,25.8,19.6,0.0,51.0,6.3,Clear,22.700000000000003,6.199999999999999,2022,2,February,56,Winter,False,False,False,False,False
2022-02-25,Chennai,South,26.8,19.3,0.0,60.0,5.2,Clear,23.05,7.5,2022,2,February,56,Winter,False,False,False,False,False
2022-02-25,Delhi,North,22.3,11.1,0.0,46.5,12.1,Clear,16.7,11.200000000000001,2022,2,February,56,Winter,False,False,False,False,False
2022-02-25,Jaipur,Northwest,23.1,9.6,0.0,66.2,12.7,Clear,16.35,13.500000000000002,2022,2,February,56,Winter,False,False,False,False,False
2022-02-25,Kolkata,East,25.9,18.6,0.0,43.1,20.0,Clear,22.25,7.299999999999997,2022,2,February,56,Winter,False,False,False,False,False
2022-02-25,Mumbai,West,26.0,20.0,0.0,45.8,14.2,Clear,23.0,6.0,2022,2,February,56,Winter,False,False,False,False,False
2022-02-26,Bengaluru,South,22.2,15.4,0.0,49.2,6.7,Clear,18.8,6.799999999999999,2022,2,February,57,Winter,False,False,False,False,False
2022-02-26,Chennai,South,29.3,21.9,5.7,56.0,14.0,Light Rain,25.6,7.400000000000002,2022,2,February,57,Winter,False,False,False,False,False
2022-02-26,Delhi,North,21.1,10.6,0.0,47.4,2.8,Clear,15.850000000000001,10.500000000000002,2022,2,February,57,Winter,False,False,False,False,False
2022-02-26,Jaipur,Northwest,23.9,15.8,0.0,43.8,11.5,Clear,19.85,8.099999999999998,2022,2,February,57,Winter,False,False,False,False,False
2022-02-26,Kolkata,East,25.7,16.7,0.0,56.9,10.9,Clear,21.2,9.0,2022,2,February,57,Winter,False,False,False,False,False
2022-02-26,Mumbai,West,28.1,19.4,0.0,48.9,9.6,Clear,23.75,8.700000000000003,2022,2,February,57,Winter,False,False,False,False,False
2022-02-27,Bengaluru,South,24.5,16.0,0.0,42.5,34.2,Clear,20.25,8.5,2022,2,February,58,Winter,False,False,False,False,False
2022-02-27,Chennai,South,29.7,21.5,0.0,37.8,9.5,Clear,25.6,8.2,2022,2,February,58,Winter,False,False,False,False,False
2022-02-27,Delhi,North,23.8,10.4,0.0,50.9,14.3,Clear,17.1,13.4,2022,2,February,58,Winter,False,False,False,False,False
2022-02-27,Jaipur,Northwest,19.9,9.6,0.0,40.1,6.5,Clear,14.75,10.299999999999999,2022,2,February,58,Winter,False,False,False,False,False
2022-02-27,Kolkata,East,27.6,22.5,0.0,49.8,25.7,Clear,25.05,5.100000000000001,2022,2,February,58,Winter,False,False,False,False,False
2022-02-27,Mumbai,West,25.9,20.5,0.0,50.6,10.6,Clear,23.2,5.399999999999999,2022,2,February,58,Winter,False,False,False,False,False
2022-02-28,Bengaluru,South,24.3,18.2,0.0,44.0,7.5,Clear,21.25,6.100000000000001,2022,2,February,59,Winter,False,False,False,False,False
2022-02-28,Chennai,South,29.6,24.4,0.0,47.9,3.4,Clear,27.0,5.200000000000003,2022,2,February,59,Winter,False,False,False,False,False
2022-02-28,Delhi,North,23.2,13.0,0.0,57.5,8.7,Clear,18.1,10.2,2022,2,February,59,Winter,False,False,False,False,False
2022-02-28,Jaipur,Northwest,25.4,12.2,6.6,61.4,14.0,Light Rain,18.799999999999997,13.2,2022,2,February,59,Winter,False,False,False,False,False
2022-02-28,Kolkata,East,27.3,19.1,0.0,31.0,6.7,Clear,23.200000000000003,8.2,2022,2,February,59,Winter,False,False,False,False,False
2022-02-28,Mumbai,West,27.9,21.3,0.0,39.6,6.5,Clear,24.6,6.599999999999998,2022,2,February,59,Winter,False,False,False,False,False
2022-03-01,Bengaluru,South,24.7,19.1,0.0,50.0,5.9,Clear,21.9,5.599999999999998,2022,3,March,60,Summer,False,False,False,False,False
2022-03-01,Chennai,South,30.3,22.6,0.0,69.3,4.5,Clear,26.450000000000003,7.699999999999999,2022,3,March,60,Summer,False,False,False,False,False
2022-03-01,Delhi,North,17.6,7.2,0.4,68.4,30.8,Light Rain,12.4,10.400000000000002,2022,3,March,60,Summer,False,False,False,False,False
2022-03-01,Jaipur,Northwest,24.6,11.9,0.0,50.0,14.2,Clear,18.25,12.700000000000001,2022,3,March,60,Summer,False,False,False,False,False
2022-03-01,Kolkata,East,24.7,16.9,0.0,56.8,2.4,Clear,20.799999999999997,7.800000000000001,2022,3,March,60,Summer,False,False,False,False,False
2022-03-01,Mumbai,West,28.0,21.7,3.1,58.6,21.4,Light Rain,24.85,6.300000000000001,2022,3,March,60,Summer,False,False,False,False,False
2022-03-02,Bengaluru,South,23.4,16.8,0.0,57.7,15.3,Clear,20.1,6.599999999999998,2022,3,March,61,Summer,False,False,False,False,False
2022-03-02,Chennai,South,31.5,23.7,0.0,53.1,19.6,Clear,27.6,7.800000000000001,2022,3,March,61,Summer,False,False,False,False,False
2022-03-02,Delhi,North,22.0,10.5,0.0,60.6,19.8,Clear,16.25,11.5,2022,3,March,61,Summer,False,False,False,False,False
2022-03-02,Jaipur,Northwest,23.6,13.0,0.0,39.0,15.9,Clear,18.3,10.600000000000001,2022,3,March,61,Summer,False,False,False,False,False
2022-03-02,Kolkata,East,22.5,17.4,0.0,39.3,2.7,Clear,19.95,5.100000000000001,2022,3,March,61,Summer,False,False,False,False,False
2022-03-02,Mumbai,West,25.4,18.4,0.0,46.2,5.9,Clear,21.9,7.0,2022,3,March,61,Summer,False,False,False,False,False
2022-03-03,Bengaluru,South,22.6,15.5,0.0,46.9,18.6,Clear,19.05,7.100000000000001,2022,3,March,62,Summer,False,False,False,False,False
2022-03-03,Chennai,South,31.0,24.1,0.0,48.0,21.2,Clear,27.55,6.899999999999999,2022,3,March,62,Summer,False,False,False,False,False
2022-03-03,Delhi,North,19.5,10.2,0.0,54.2,4.4,Clear,14.85,9.3,2022,3,March,62,Summer,False,False,False,False,False
2022-03-03,Jaipur,Northwest,22.2,11.1,0.0,44.7,5.7,Clear,16.65,11.1,2022,3,March,62,Summer,False,False,False,False,False
2022-03-03,Kolkata,East,24.3,17.0,0.0,49.6,9.0,Clear,20.65,7.300000000000001,2022,3,March,62,Summer,False,False,False,False,False
2022-03-03,Mumbai,West,28.7,19.8,0.0,44.5,13.3,Clear,24.25,8.899999999999999,2022,3,March,62,Summer,False,False,False,False,False
2022-03-04,Bengaluru,South,26.7,18.2,0.0,44.2,8.4,Clear,22.45,8.5,2022,3,March,63,Summer,False,False,False,False,False
2022-03-04,Chennai,South,30.8,23.4,0.0,42.2,14.1,Clear,27.1,7.400000000000002,2022,3,March,63,Summer,False,False,False,False,False
2022-03-04,Delhi,North,25.0,10.4,0.0,45.6,6.5,Clear,17.7,14.6,2022,3,March,63,Summer,False,False,False,False,False
2022-03-04,Jaipur,Northwest,24.7,13.4,0.8,58.9,21.7,Light Rain,19.05,11.299999999999999,2022,3,March,63,Summer,False,False,False,False,False
2022-03-04,Kolkata,East,22.4,17.2,0.0,59.8,10.2,Clear,19.799999999999997,5.199999999999999,2022,3,March,63,Summer,False,False,False,False,False
2022-03-04,Mumbai,West,26.2,19.2,0.0,37.9,6.4,Clear,22.7,7.0,2022,3,March,63,Summer,False,False,False,False,False
2022-03-05,Bengaluru,South,23.8,18.8,0.0,50.2,19.1,Clear,21.3,5.0,2022,3,March,64,Summer,False,False,False,False,False
2022-03-05,Chennai,South,30.5,24.8,0.0,52.3,13.3,Clear,27.65,5.699999999999999,2022,3,March,64,Summer,False,False,False,False,False
2022-03-05,Delhi,North,27.1,14.6,0.0,44.6,4.7,Clear,20.85,12.500000000000002,2022,3,March,64,Summer,False,False,False,False,False
2022-03-05,Jaipur,Northwest,24.1,13.4,0.0,45.6,12.7,Clear,18.75,10.700000000000001,2022,3,March,64,Summer,False,False,False,False,False
2022-03-05,Kolkata,East,24.1,16.9,0.0,50.8,8.6,Clear,20.5,7.200000000000003,2022,3,March,64,Summer,False,False,False,False,False
2022-03-05,Mumbai,West,27.1,21.9,0.0,45.3,7.1,Clear,24.5,5.200000000000003,2022,3,March,64,Summer,False,False,False,False,False
2022-03-06,Bengaluru,South,26.0,18.6,0.0,49.1,6.6,Clear,22.3,7.399999999999999,2022,3,March,65,Summer,False,False,False,False,False
2022-03-06,Chennai,South,27.5,20.8,0.0,55.3,13.1,Clear,24.15,6.699999999999999,2022,3,March,65,Summer,False,False,False,False,False
2022-03-06,Delhi,North,23.4,10.0,0.0,50.3,14.9,Clear,16.7,13.399999999999999,2022,3,March,65,Summer,False,False,False,False,False
2022-03-06,Jaipur,Northwest,27.0,15.0,0.0,64.7,8.1,Clear,21.0,12.0,2022,3,March,65,Summer,False,False,False,False,False
2022-03-06,Kolkata,East,24.7,19.3,0.0,38.4,11.3,Clear,22.0,5.399999999999999,2022,3,March,65,Summer,False,False,False,False,False
2022-03-06,Mumbai,West,26.5,19.2,0.0,27.9,8.4,Clear,22.85,7.300000000000001,2022,3,March,65,Summer,False,False,False,False,False
2022-03-07,Bengaluru,South,25.6,17.3,0.0,59.4,10.4,Clear,21.450000000000003,8.3,2022,3,March,66,Summer,False,False,False,False,False
2022-03-07,Chennai,South,28.3,22.1,0.0,47.2,7.2,Clear,25.200000000000003,6.199999999999999,2022,3,March,66,Summer,False,False,False,False,False
2022-03-07,Delhi,North,20.4,9.2,0.0,48.9,3.8,Clear,14.799999999999999,11.2,2022,3,March,66,Summer,False,False,False,False,False
2022-03-07,Jaipur,Northwest,25.5,12.9,0.0,48.2,9.7,Clear,19.2,12.6,2022,3,March,66,Summer,False,False,False,False,False
2022-03-07,Kolkata,East,25.5,19.5,0.0,35.2,18.9,Clear,22.5,6.0,2022,3,March,66,Summer,False,False,False,False,False
2022-03-07,Mumbai,West,28.6,19.8,0.0,34.0,4.5,Clear,24.200000000000003,8.8,2022,3,March,66,Summer,False,False,False,False,False
2022-03-08,Bengaluru,South,24.9,19.1,0.0,51.9,15.7,Clear,22.0,5.799999999999997,2022,3,March,67,Summer,False,False,False,False,False
2022-03-08,Chennai,South,26.8,21.4,0.0,45.2,19.1,Clear,24.1,5.400000000000002,2022,3,March,67,Summer,False,False,False,False,False
2022-03-08,Delhi,North,22.3,9.8,0.0,54.7,13.0,Clear,16.05,12.5,2022,3,March,67,Summer,False,False,False,False,False
2022-03-08,Jaipur,Northwest,21.7,13.3,0.0,58.0,20.1,Clear,17.5,8.399999999999999,2022,3,March,67,Summer,False,False,False,False,False
2022-03-08,Kolkata,East,24.7,18.2,0.0,40.2,9.4,Clear,21.45,6.5,2022,3,March,67,Summer,False,False,False,False,False
2022-03-08,Mumbai,West,31.7,24.7,0.0,49.0,5.4,Clear,28.2,7.0,2022,3,March,67,Summer,False,False,False,False,False
2022-03-09,Bengaluru,South,23.4,17.7,0.0,54.2,5.1,Clear,20.549999999999997,5.699999999999999,2022,3,March,68,Summer,False,False,False,False,False
2022-03-09,Chennai,South,29.2,21.8,0.0,39.6,18.3,Clear,25.5,7.399999999999999,2022,3,March,68,Summer,False,False,False,False,False
2022-03-09,Delhi,North,22.1,12.8,0.0,44.1,5.3,Clear,17.450000000000003,9.3,2022,3,March,68,Summer,False,False,False,False,False
2022-03-09,Jaipur,Northwest,24.7,14.8,0.0,54.3,6.7,Clear,19.75,9.899999999999999,2022,3,March,68,Summer,False,False,False,False,False
2022-03-09,Kolkata,East,23.5,16.3,0.0,45.2,12.1,Clear,19.9,7.199999999999999,2022,3,March,68,Summer,False,False,False,False,False
2022-03-09,Mumbai,West,29.0,21.5,0.0,48.1,3.6,Clear,25.25,7.5,2022,3,March,68,Summer,False,False,False,False,False
2022-03-10,Bengaluru,South,24.1,16.3,0.0,60.5,21.3,Clear,20.200000000000003,7.800000000000001,2022,3,March,69,Summer,False,False,False,False,False
2022-03-10,Chennai,South,30.8,23.4,0.0,39.4,9.2,Clear,27.1,7.400000000000002,2022,3,March,69,Summer,False,False,False,False,False
2022-03-10,Delhi,North,21.7,12.8,0.0,61.3,3.1,Clear,17.25,8.899999999999999,2022,3,March,69,Summer,False,False,False,False,False
2022-03-10,Jaipur,Northwest,22.9,11.3,0.0,60.4,8.3,Clear,17.1,11.599999999999998,2022,3,March,69,Summer,False,False,False,False,False
2022-03-10,Kolkata,East,25.2,18.2,0.0,49.7,8.8,Clear,21.7,7.0,2022,3,March,69,Summer,False,False,False,False,False
2022-03-10,Mumbai,West,29.7,21.4,0.0,45.9,10.7,Clear,25.549999999999997,8.3,2022,3,March,69,Summer,False,False,False,False,False
2022-03-11,Bengaluru,South,25.5,17.7,0.0,59.3,2.3,Clear,21.6,7.800000000000001,2022,3,March,70,Summer,False,False,False,False,False
2022-03-11,Chennai,South,27.2,21.4,0.0,45.3,18.3,Clear,24.299999999999997,5.800000000000001,2022,3,March,70,Summer,False,False,False,False,False
2022-03-11,Delhi,North,23.2,12.3,0.0,58.8,3.0,Clear,17.75,10.899999999999999,2022,3,March,70,Summer,False,False,False,False,False
2022-03-11,Jaipur,Northwest,27.0,13.0,0.0,50.7,3.7,Clear,20.0,14.0,2022,3,March,70,Summer,False,False,False,False,False
2022-03-11,Kolkata,East,25.0,17.9,0.0,49.7,12.9,Clear,21.45,7.100000000000001,2022,3,March,70,Summer,False,False,False,False,False
2022-03-11,Mumbai,West,25.3,20.0,0.0,43.0,8.7,Clear,22.65,5.300000000000001,2022,3,March,70,Summer,False,False,False,False,False
2022-03-12,Bengaluru,South,20.7,14.7,0.0,47.2,21.1,Clear,17.7,6.0,2022,3,March,71,Summer,False,False,False,False,False
2022-03-12,Chennai,South,27.2,20.4,0.0,52.7,19.6,Clear,23.799999999999997,6.800000000000001,2022,3,March,71,Summer,False,False,False,False,False
2022-03-12,Delhi,North,23.3,13.8,0.0,32.8,14.1,Clear,18.55,9.5,2022,3,March,71,Summer,False,False,False,False,False
2022-03-12,Jaipur,Northwest,25.0,13.8,0.0,61.6,1.1,Clear,19.4,11.2,2022,3,March,71,Summer,False,False,False,False,False
2022-03-12,Kolkata,East,28.8,21.1,0.0,55.4,5.6,Clear,24.950000000000003,7.699999999999999,2022,3,March,71,Summer,False,False,False,False,False
2022-03-12,Mumbai,West,31.4,22.8,0.0,52.2,8.3,Clear,27.1,8.599999999999998,2022,3,March,71,Summer,False,False,False,False,False
2022-03-13,Bengaluru,South,24.6,15.7,0.0,53.0,11.0,Clear,20.15,8.900000000000002,2022,3,March,72,Summer,False,False,False,False,False
2022-03-13,Chennai,South,28.2,23.1,0.0,39.0,9.7,Clear,25.65,5.099999999999998,2022,3,March,72,Summer,False,False,False,False,False
2022-03-13,Delhi,North,27.9,17.9,0.0,40.2,6.8,Clear,22.9,10.0,2022,3,March,72,Summer,False,False,False,False,False
2022-03-13,Jaipur,Northwest,25.7,13.4,0.0,46.6,13.6,Clear,19.55,12.299999999999999,2022,3,March,72,Summer,False,False,False,False,False
2022-03-13,Kolkata,East,23.2,15.8,0.0,41.2,8.4,Clear,19.5,7.399999999999999,2022,3,March,72,Summer,False,False,False,False,False
2022-03-13,Mumbai,West,26.0,19.3,0.0,35.3,11.9,Clear,22.65,6.699999999999999,2022,3,March,72,Summer,False,False,False,False,False
2022-03-14,Bengaluru,South,24.5,16.8,0.0,61.1,5.7,Clear,20.65,7.699999999999999,2022,3,March,73,Summer,False,False,False,False,False
2022-03-14,Chennai,South,27.9,21.1,0.0,45.3,10.5,Clear,24.5,6.799999999999997,2022,3,March,73,Summer,False,False,False,False,False
2022-03-14,Delhi,North,23.3,13.2,0.0,51.3,9.0,Clear,18.25,10.100000000000001,2022,3,March,73,Summer,False,False,False,False,False
2022-03-14,Jaipur,Northwest,25.9,13.9,0.0,61.5,10.2,Clear,19.9,11.999999999999998,2022,3,March,73,Summer,False,False,False,False,False
2022-03-14,Kolkata,East,26.6,19.0,0.0,50.2,26.6,Clear,22.8,7.600000000000001,2022,3,March,73,Summer,False,False,False,False,False
2022-03-14,Mumbai,West,27.9,19.6,0.0,59.9,6.3,Clear,23.75,8.299999999999997,2022,3,March,73,Summer,False,False,False,False,False
2022-03-15,Bengaluru,South,25.7,17.4,0.0,43.1,4.8,Clear,21.549999999999997,8.3,2022,3,March,74,Summer,False,False,False,False,False
2022-03-15,Chennai,South,27.3,19.2,0.0,51.2,1.5,Clear,23.25,8.100000000000001,2022,3,March,74,Summer,False,False,False,False,False
2022-03-15,Delhi,North,23.2,14.8,0.0,45.0,7.0,Clear,19.0,8.399999999999999,2022,3,March,74,Summer,False,False,False,False,False
2022-03-15,Jaipur,Northwest,23.1,11.2,0.0,59.1,14.2,Clear,17.15,11.900000000000002,2022,3,March,74,Summer,False,False,False,False,False
2022-03-15,Kolkata,East,28.3,19.7,0.0,50.3,6.1,Clear,24.0,8.600000000000001,2022,3,March,74,Summer,False,False,False,False,False
2022-03-15,Mumbai,West,26.6,20.1,0.0,49.8,5.1,Clear,23.35,6.5,2022,3,March,74,Summer,False,False,False,False,False
2022-03-16,Bengaluru,South,26.8,18.6,0.0,53.2,10.0,Clear,22.700000000000003,8.2,2022,3,March,75,Summer,False,False,False,False,False
2022-03-16,Chennai,South,30.5,24.6,0.0,49.7,5.3,Clear,27.55,5.899999999999999,2022,3,March,75,Summer,False,False,False,False,False
2022-03-16,Delhi,North,24.4,12.7,0.0,57.2,11.4,Clear,18.549999999999997,11.7,2022,3,March,75,Summer,False,False,False,False,False
2022-03-16,Jaipur,Northwest,25.8,14.4,0.0,50.0,6.3,Clear,20.1,11.4,2022,3,March,75,Summer,False,False,False,False,False
2022-03-16,Kolkata,East,26.0,19.5,0.0,54.9,15.9,Clear,22.75,6.5,2022,3,March,75,Summer,False,False,False,False,False
2022-03-16,Mumbai,West,29.1,22.1,1.2,50.4,21.9,Light Rain,25.6,7.0,2022,3,March,75,Summer,False,False,False,False,False
2022-03-17,Bengaluru,South,25.8,18.7,4.0,62.0,11.9,Light Rain,22.25,7.100000000000001,2022,3,March,76,Summer,False,False,False,False,False
2022-03-17,Chennai,South,33.3,23.8,0.0,39.6,6.8,Clear,28.549999999999997,9.499999999999996,2022,3,March,76,Summer,False,False,False,False,False
2022-03-17,Delhi,North,23.5,12.6,0.0,60.8,13.0,Clear,18.05,10.9,2022,3,March,76,Summer,False,False,False,False,False
2022-03-17,Jaipur,Northwest,26.0,17.4,0.0,62.9,12.2,Clear,21.7,8.600000000000001,2022,3,March,76,Summer,False,False,False,False,False
2022-03-17,Kolkata,East,26.0,19.3,0.0,47.7,4.8,Clear,22.65,6.699999999999999,2022,3,March,76,Summer,False,False,False,False,False
2022-03-17,Mumbai,West,24.0,17.3,0.0,57.1,28.0,Clear,20.65,6.699999999999999,2022,3,March,76,Summer,False,False,False,False,False
2022-03-18,Bengaluru,South,24.6,18.7,0.0,49.8,2.0,Clear,21.65,5.900000000000002,2022,3,March,77,Summer,False,False,False,False,False
2022-03-18,Chennai,South,32.7,25.0,0.0,47.8,8.1,Clear,28.85,7.700000000000003,2022,3,March,77,Summer,False,False,False,False,False
2022-03-18,Delhi,North,24.6,14.4,0.0,47.8,6.9,Clear,19.5,10.200000000000001,2022,3,March,77,Summer,False,False,False,False,False
2022-03-18,Jaipur,Northwest,26.6,16.2,0.0,60.8,15.3,Clear,21.4,10.400000000000002,2022,3,March,77,Summer,False,False,False,False,False
2022-03-18,Kolkata,East,26.5,18.3,0.0,43.3,3.2,Clear,22.4,8.2,2022,3,March,77,Summer,False,False,False,False,False
2022-03-18,Mumbai,West,30.0,22.1,0.0,49.8,3.6,Clear,26.05,7.899999999999999,2022,3,March,77,Summer,False,False,False,False,False
2022-03-19,Bengaluru,South,26.6,18.9,0.0,37.6,1.1,Clear,22.75,7.700000000000003,2022,3,March,78,Summer,False,False,False,False,False
2022-03-19,Chennai,South,28.5,22.0,0.0,43.8,18.6,Clear,25.25,6.5,2022,3,March,78,Summer,False,False,False,False,False
2022-03-19,Delhi,North,25.5,14.4,0.0,50.8,20.0,Clear,19.95,11.1,2022,3,March,78,Summer,False,False,False,False,False
2022-03-19,Jaipur,Northwest,24.9,14.3,0.0,49.8,7.6,Clear,19.6,10.599999999999998,2022,3,March,78,Summer,False,False,False,False,False
2022-03-19,Kolkata,East,25.7,18.5,0.0,53.2,11.8,Clear,22.1,7.199999999999999,2022,3,March,78,Summer,False,False,False,False,False
2022-03-19,Mumbai,West,28.9,21.6,0.0,53.9,11.2,Clear,25.25,7.299999999999997,2022,3,March,78,Summer,False,False,False,False,False
2022-03-20,Bengaluru,South,26.9,15.5,0.0,62.2,7.8,Clear,21.2,11.399999999999999,2022,3,March,79,Summer,False,False,False,False,False
2022-03-20,Chennai,South,30.8,24.1,0.0,49.1,18.5,Clear,27.450000000000003,6.699999999999999,2022,3,March,79,Summer,False,False,False,False,False
2022-03-20,Delhi,North,26.3,15.1,0.0,44.2,13.0,Clear,20.7,11.200000000000001,2022,3,March,79,Summer,False,False,False,False,False
2022-03-20,Jaipur,Northwest,25.2,13.8,0.0,45.5,7.8,Clear,19.5,11.399999999999999,2022,3,March,79,Summer,False,False,False,False,False
2022-03-20,Kolkata,East,27.3,20.0,0.0,60.7,3.6,Clear,23.65,7.300000000000001,2022,3,March,79,Summer,False,False,False,False,False
2022-03-20,Mumbai,West,29.1,23.5,1.4,52.6,21.4,Light Rain,26.3,5.600000000000001,2022,3,March,79,Summer,False,False,False,False,False
2022-03-21,Bengaluru,South,28.4,21.8,0.0,56.3,25.5,Clear,25.1,6.599999999999998,2022,3,March,80,Summer,False,False,False,False,False
2022-03-21,Chennai,South,27.3,21.1,0.0,60.0,5.8,Clear,24.200000000000003,6.199999999999999,2022,3,March,80,Summer,False,False,False,False,False
2022-03-21,Delhi,North,25.1,13.5,0.0,56.8,6.7,Clear,19.3,11.600000000000001,2022,3,March,80,Summer,False,False,False,False,False
2022-03-21,Jaipur,Northwest,27.1,17.9,0.0,43.6,9.4,Clear,22.5,9.200000000000003,2022,3,March,80,Summer,False,False,False,False,False
2022-03-21,Kolkata,East,28.3,20.3,0.0,50.1,13.4,Clear,24.3,8.0,2022,3,March,80,Summer,False,False,False,False,False
2022-03-21,Mumbai,West,28.7,22.2,0.0,50.9,3.9,Clear,25.45,6.5,2022,3,March,80,Summer,False,False,False,False,False
2022-03-22,Bengaluru,South,24.0,16.0,0.0,51.9,7.8,Clear,20.0,8.0,2022,3,March,81,Summer,False,False,False,False,False
2022-03-22,Chennai,South,29.0,21.7,0.0,45.3,19.6,Clear,25.35,7.300000000000001,2022,3,March,81,Summer,False,False,False,False,False
2022-03-22,Delhi,North,27.4,15.9,0.0,39.0,2.8,Clear,21.65,11.499999999999998,2022,3,March,81,Summer,False,False,False,False,False
2022-03-22,Jaipur,Northwest,30.7,19.2,0.0,45.5,6.4,Clear,24.95,11.5,2022,3,March,81,Summer,False,False,False,False,False
2022-03-22,Kolkata,East,26.1,17.9,0.0,54.5,5.7,Clear,22.0,8.200000000000003,2022,3,March,81,Summer,False,False,False,False,False
2022-03-22,Mumbai,West,27.0,22.0,0.0,42.3,4.0,Clear,24.5,5.0,2022,3,March,81,Summer,False,False,False,False,False
2022-03-23,Bengaluru,South,28.3,21.0,0.0,51.2,2.1,Clear,24.65,7.300000000000001,2022,3,March,82,Summer,False,False,False,False,False
2022-03-23,Chennai,South,29.4,22.6,0.0,61.1,7.0,Clear,26.0,6.799999999999997,2022,3,March,82,Summer,False,False,False,False,False
2022-03-23,Delhi,North,25.9,17.1,0.0,48.2,4.0,Clear,21.5,8.799999999999997,2022,3,March,82,Summer,False,False,False,False,False
2022-03-23,Jaipur,Northwest,28.9,20.0,0.0,58.6,7.4,Clear,24.45,8.899999999999999,2022,3,March,82,Summer,False,False,False,False,False
2022-03-23,Kolkata,East,28.7,22.0,0.0,35.0,11.8,Clear,25.35,6.699999999999999,2022,3,March,82,Summer,False,False,False,False,False
2022-03-23,Mumbai,West,30.2,21.5,0.0,51.5,10.5,Clear,25.85,8.7,2022,3,March,82,Summer,False,False,False,False,False
2022-03-24,Bengaluru,South,24.9,18.8,0.0,52.3,16.3,Clear,21.85,6.099999999999998,2022,3,March,83,Summer,False,False,False,False,False
2022-03-24,Chennai,South,28.8,22.8,0.0,47.3,10.9,Clear,25.8,6.0,2022,3,March,83,Summer,False,False,False,False,False
2022-03-24,Delhi,North,24.5,15.1,0.0,40.2,21.9,Clear,19.8,9.4,2022,3,March,83,Summer,False,False,False,False,False
2022-03-24,Jaipur,Northwest,25.5,15.6,0.0,42.5,6.2,Clear,20.55,9.9,2022,3,March,83,Summer,False,False,False,False,False
2022-03-24,Kolkata,East,26.9,19.2,0.0,47.5,3.8,Clear,23.049999999999997,7.699999999999999,2022,3,March,83,Summer,False,False,False,False,False
2022-03-24,Mumbai,West,29.9,23.4,0.0,47.5,10.1,Clear,26.65,6.5,2022,3,March,83,Summer,False,False,False,False,False
2022-03-25,Bengaluru,South,26.5,18.5,0.0,62.0,3.1,Clear,22.5,8.0,2022,3,March,84,Summer,False,False,False,False,False
2022-03-25,Chennai,South,30.2,21.4,0.0,47.9,0.4,Clear,25.799999999999997,8.8,2022,3,March,84,Summer,False,False,False,False,False
2022-03-25,Delhi,North,23.2,14.0,0.0,45.7,8.9,Clear,18.6,9.2,2022,3,March,84,Summer,False,False,False,False,False
2022-03-25,Jaipur,Northwest,28.7,18.9,0.0,53.5,7.7,Clear,23.799999999999997,9.8,2022,3,March,84,Summer,False,False,False,False,False
2022-03-25,Kolkata,East,25.4,18.7,0.0,44.1,5.5,Clear,22.049999999999997,6.699999999999999,2022,3,March,84,Summer,False,False,False,False,False
2022-03-25,Mumbai,West,31.1,24.3,0.0,43.4,5.2,Clear,27.700000000000003,6.800000000000001,2022,3,March,84,Summer,False,False,False,False,False
2022-03-26,Bengaluru,South,24.3,16.6,13.6,52.3,11.5,Rain,20.450000000000003,7.699999999999999,2022,3,March,85,Summer,False,False,False,False,False
2022-03-26,Chennai,South,29.6,23.3,0.0,57.8,6.1,Clear,26.450000000000003,6.300000000000001,2022,3,March,85,Summer,False,False,False,False,False
2022-03-26,Delhi,North,25.8,14.6,0.0,52.8,17.6,Clear,20.2,11.200000000000001,2022,3,March,85,Summer,False,False,False,False,False
2022-03-26,Jaipur,Northwest,26.5,14.7,0.0,50.0,18.1,Clear,20.6,11.8,2022,3,March,85,Summer,False,False,False,False,False
2022-03-26,Kolkata,East,28.5,21.7,0.0,54.2,6.8,Clear,25.1,6.800000000000001,2022,3,March,85,Summer,False,False,False,False,False
2022-03-26,Mumbai,West,28.7,23.7,0.0,56.0,5.2,Clear,26.2,5.0,2022,3,March,85,Summer,False,False,False,False,False
2022-03-27,Bengaluru,South,25.3,18.9,0.0,55.9,14.1,Clear,22.1,6.400000000000002,2022,3,March,86,Summer,False,False,False,False,False
2022-03-27,Chennai,South,30.6,24.5,0.0,51.8,28.0,Clear,27.55,6.100000000000001,2022,3,March,86,Summer,False,False,False,False,False
2022-03-27,Delhi,North,23.7,14.4,0.0,43.8,5.9,Clear,19.05,9.299999999999999,2022,3,March,86,Summer,False,False,False,False,False
2022-03-27,Jaipur,Northwest,24.7,12.5,0.0,30.8,11.6,Clear,18.6,12.2,2022,3,March,86,Summer,False,False,False,False,False
2022-03-27,Kolkata,East,25.0,16.9,0.0,58.8,13.0,Clear,20.95,8.100000000000001,2022,3,March,86,Summer,False,False,False,False,False
2022-03-27,Mumbai,West,28.1,23.1,0.0,59.4,2.6,Clear,25.6,5.0,2022,3,March,86,Summer,False,False,False,False,False
2022-03-28,Bengaluru,South,23.5,17.8,0.0,53.8,3.4,Clear,20.65,5.699999999999999,2022,3,March,87,Summer,False,False,False,False,False
2022-03-28,Chennai,South,30.4,25.4,0.0,49.7,19.1,Clear,27.9,5.0,2022,3,March,87,Summer,False,False,False,False,False
2022-03-28,Delhi,North,28.1,15.9,0.0,48.6,25.3,Clear,22.0,12.200000000000001,2022,3,March,87,Summer,False,False,False,False,False
2022-03-28,Jaipur,Northwest,28.2,18.5,0.0,60.6,4.9,Clear,23.35,9.7,2022,3,March,87,Summer,False,False,False,False,False
2022-03-28,Kolkata,East,28.3,20.2,2.4,69.6,17.7,Light Rain,24.25,8.100000000000001,2022,3,March,87,Summer,False,False,False,False,False
2022-03-28,Mumbai,West,29.9,22.9,0.0,42.0,22.7,Clear,26.4,7.0,2022,3,March,87,Summer,False,False,False,False,False
2022-03-29,Bengaluru,South,21.1,13.3,0.0,53.6,6.8,Clear,17.200000000000003,7.800000000000001,2022,3,March,88,Summer,False,False,False,False,False
2022-03-29,Chennai,South,28.8,21.5,0.0,50.1,22.5,Clear,25.15,7.300000000000001,2022,3,March,88,Summer,False,False,False,False,False
2022-03-29,Delhi,North,26.2,12.2,0.0,52.4,12.4,Clear,19.2,14.0,2022,3,March,88,Summer,False,False,False,False,False
2022-03-29,Jaipur,Northwest,33.3,21.9,0.0,45.4,22.9,Clear,27.599999999999998,11.399999999999999,2022,3,March,88,Summer,False,False,False,False,False
2022-03-29,Kolkata,East,28.2,22.0,0.0,37.9,5.7,Clear,25.1,6.199999999999999,2022,3,March,88,Summer,False,False,False,False,False
2022-03-29,Mumbai,West,31.1,24.2,0.0,53.1,4.0,Clear,27.65,6.900000000000002,2022,3,March,88,Summer,False,False,False,False,False
2022-03-30,Bengaluru,South,26.6,19.5,0.0,60.0,3.5,Clear,23.05,7.100000000000001,2022,3,March,89,Summer,False,False,False,False,False
2022-03-30,Chennai,South,28.8,21.2,0.0,50.7,19.0,Clear,25.0,7.600000000000001,2022,3,March,89,Summer,False,False,False,False,False
2022-03-30,Delhi,North,29.9,19.5,0.0,48.0,7.0,Clear,24.7,10.399999999999999,2022,3,March,89,Summer,False,False,False,False,False
2022-03-30,Jaipur,Northwest,28.9,17.8,4.1,49.6,20.1,Light Rain,23.35,11.099999999999998,2022,3,March,89,Summer,False,False,False,False,False
2022-03-30,Kolkata,East,28.6,22.5,0.0,53.5,5.1,Clear,25.55,6.100000000000001,2022,3,March,89,Summer,False,False,False,False,False
2022-03-30,Mumbai,West,31.9,25.2,0.0,53.8,13.3,Clear,28.549999999999997,6.699999999999999,2022,3,March,89,Summer,False,False,False,False,False
2022-03-31,Bengaluru,South,27.2,17.9,0.0,23.4,13.9,Clear,22.549999999999997,9.3,2022,3,March,90,Summer,False,False,False,False,False
2022-03-31,Chennai,South,30.7,23.4,0.0,56.9,2.6,Clear,27.049999999999997,7.300000000000001,2022,3,March,90,Summer,False,False,False,False,False
2022-03-31,Delhi,North,24.4,15.3,0.0,43.8,5.8,Clear,19.85,9.099999999999998,2022,3,March,90,Summer,False,False,False,False,False
2022-03-31,Jaipur,Northwest,30.7,20.6,0.0,58.0,14.7,Clear,25.65,10.099999999999998,2022,3,March,90,Summer,False,False,False,False,False
2022-03-31,Kolkata,East,25.8,16.9,3.7,50.0,17.2,Light Rain,21.35,8.900000000000002,2022,3,March,90,Summer,False,False,False,False,False
2022-03-31,Mumbai,West,28.6,22.9,0.0,50.5,12.6,Clear,25.75,5.700000000000003,2022,3,March,90,Summer,False,False,False,False,False
2022-04-01,Bengaluru,South,24.5,17.2,0.0,50.9,17.5,Clear,20.85,7.300000000000001,2022,4,April,91,Summer,False,False,False,False,False
2022-04-01,Chennai,South,31.3,24.0,0.0,41.7,15.0,Clear,27.65,7.300000000000001,2022,4,April,91,Summer,False,False,False,False,False
2022-04-01,Delhi,North,24.0,14.2,0.0,57.4,8.4,Clear,19.1,9.8,2022,4,April,91,Summer,False,False,False,False,False
2022-04-01,Jaipur,Northwest,26.9,15.3,0.0,52.8,7.8,Clear,21.1,11.599999999999998,2022,4,April,91,Summer,False,False,False,False,False
2022-04-01,Kolkata,East,28.8,21.7,0.0,42.0,27.4,Clear,25.25,7.100000000000001,2022,4,April,91,Summer,False,False,False,False,False
2022-04-01,Mumbai,West,30.1,23.9,0.0,42.4,5.0,Clear,27.0,6.200000000000003,2022,4,April,91,Summer,False,False,False,False,False
2022-04-02,Bengaluru,South,25.2,19.9,0.0,43.3,5.2,Clear,22.549999999999997,5.300000000000001,2022,4,April,92,Summer,False,False,False,False,False
2022-04-02,Chennai,South,33.0,26.2,0.0,49.4,12.3,Clear,29.6,6.800000000000001,2022,4,April,92,Summer,False,False,False,False,False
2022-04-02,Delhi,North,26.9,15.2,0.0,57.7,17.3,Clear,21.049999999999997,11.7,2022,4,April,92,Summer,False,False,False,False,False
2022-04-02,Jaipur,Northwest,31.9,19.8,0.0,62.3,11.6,Clear,25.85,12.099999999999998,2022,4,April,92,Summer,False,False,False,False,False
2022-04-02,Kolkata,East,32.3,24.5,0.0,50.3,7.9,Clear,28.4,7.799999999999997,2022,4,April,92,Summer,False,False,False,False,False
2022-04-02,Mumbai,West,29.0,23.6,0.0,56.8,1.0,Clear,26.3,5.399999999999999,2022,4,April,92,Summer,False,False,False,False,False
2022-04-03,Bengaluru,South,23.8,17.2,0.0,55.0,7.3,Clear,20.5,6.600000000000001,2022,4,April,93,Summer,False,False,False,False,False
2022-04-03,Chennai,South,28.0,20.1,0.0,36.4,13.2,Clear,24.05,7.899999999999999,2022,4,April,93,Summer,False,False,False,False,False
2022-04-03,Delhi,North,27.2,14.8,0.0,61.0,6.3,Clear,21.0,12.399999999999999,2022,4,April,93,Summer,False,False,False,False,False
2022-04-03,Jaipur,Northwest,30.4,18.5,0.0,49.7,5.6,Clear,24.45,11.899999999999999,2022,4,April,93,Summer,False,False,False,False,False
2022-04-03,Kolkata,East,27.3,20.0,0.3,58.4,5.9,Light Rain,23.65,7.300000000000001,2022,4,April,93,Summer,False,False,False,False,False
2022-04-03,Mumbai,West,31.5,25.0,0.0,49.6,16.1,Clear,28.25,6.5,2022,4,April,93,Summer,False,False,False,False,False
2022-04-04,Bengaluru,South,22.6,16.1,0.0,53.2,2.5,Clear,19.35,6.5,2022,4,April,94,Summer,False,False,False,False,False
2022-04-04,Chennai,South,27.2,21.6,0.6,54.5,18.6,Light Rain,24.4,5.599999999999998,2022,4,April,94,Summer,False,False,False,False,False
2022-04-04,Delhi,North,26.4,15.5,0.0,58.7,3.6,Clear,20.95,10.899999999999999,2022,4,April,94,Summer,False,False,False,False,False
2022-04-04,Jaipur,Northwest,27.2,16.8,0.0,56.3,5.6,Clear,22.0,10.399999999999999,2022,4,April,94,Summer,False,False,False,False,False
2022-04-04,Kolkata,East,28.8,23.3,0.0,55.2,7.8,Clear,26.05,5.5,2022,4,April,94,Summer,False,False,False,False,False
2022-04-04,Mumbai,West,35.5,28.2,0.0,47.3,13.5,Clear,31.85,7.300000000000001,2022,4,April,94,Summer,False,False,False,False,False
2022-04-05,Bengaluru,South,20.1,15.1,0.0,45.4,16.8,Clear,17.6,5.000000000000002,2022,4,April,95,Summer,False,False,False,False,False
2022-04-05,Chennai,South,28.9,21.4,0.0,39.5,4.0,Clear,25.15,7.5,2022,4,April,95,Summer,False,False,False,False,False
2022-04-05,Delhi,North,30.7,21.2,0.0,45.7,8.5,Clear,25.95,9.5,2022,4,April,95,Summer,False,False,False,False,False
2022-04-05,Jaipur,Northwest,28.8,16.9,0.0,61.5,5.3,Clear,22.85,11.900000000000002,2022,4,April,95,Summer,False,False,False,False,False
2022-04-05,Kolkata,East,31.2,23.7,0.0,55.2,6.4,Clear,27.45,7.5,2022,4,April,95,Summer,False,False,False,False,False
2022-04-05,Mumbai,West,31.0,22.3,0.0,49.7,6.4,Clear,26.65,8.7,2022,4,April,95,Summer,False,False,False,False,False
2022-04-06,Bengaluru,South,27.4,21.0,0.0,35.9,16.1,Clear,24.2,6.399999999999999,2022,4,April,96,Summer,False,False,False,False,False
2022-04-06,Chennai,South,30.9,22.8,0.0,43.4,9.5,Clear,26.85,8.099999999999998,2022,4,April,96,Summer,False,False,False,False,False
2022-04-06,Delhi,North,28.6,18.6,0.0,49.2,9.6,Clear,23.6,10.0,2022,4,April,96,Summer,False,False,False,False,False
2022-04-06,Jaipur,Northwest,30.2,18.9,0.0,43.2,9.9,Clear,24.549999999999997,11.3,2022,4,April,96,Summer,False,False,False,False,False
2022-04-06,Kolkata,East,27.7,20.5,0.0,60.5,14.4,Clear,24.1,7.199999999999999,2022,4,April,96,Summer,False,False,False,False,False
2022-04-06,Mumbai,West,30.4,24.0,0.0,44.5,9.3,Clear,27.2,6.399999999999999,2022,4,April,96,Summer,False,False,False,False,False
2022-04-07,Bengaluru,South,26.2,19.9,0.0,45.9,9.6,Clear,23.049999999999997,6.300000000000001,2022,4,April,97,Summer,False,False,False,False,False
2022-04-07,Chennai,South,29.6,24.6,0.0,43.8,4.9,Clear,27.1,5.0,2022,4,April,97,Summer,False,False,False,False,False
2022-04-07,Delhi,North,28.7,16.1,0.0,29.1,4.6,Clear,22.4,12.599999999999998,2022,4,April,97,Summer,False,False,False,False,False
2022-04-07,Jaipur,Northwest,31.4,20.2,0.0,55.3,4.9,Clear,25.799999999999997,11.2,2022,4,April,97,Summer,False,False,False,False,False
2022-04-07,Kolkata,East,32.5,27.3,0.0,49.4,3.2,Clear,29.9,5.199999999999999,2022,4,April,97,Summer,False,False,False,False,False
2022-04-07,Mumbai,West,30.8,22.6,0.0,47.4,11.5,Clear,26.700000000000003,8.2,2022,4,April,97,Summer,False,False,False,False,False
2022-04-08,Bengaluru,South,25.8,19.4,0.0,69.9,7.1,Clear,22.6,6.400000000000002,2022,4,April,98,Summer,False,False,False,False,False
2022-04-08,Chennai,South,29.9,24.9,0.0,49.9,21.3,Clear,27.4,5.0,2022,4,April,98,Summer,False,False,False,False,False
2022-04-08,Delhi,North,26.8,15.1,0.0,47.3,12.7,Clear,20.95,11.700000000000001,2022,4,April,98,Summer,False,False,False,False,False
2022-04-08,Jaipur,Northwest,29.8,17.6,0.0,62.0,10.5,Clear,23.700000000000003,12.2,2022,4,April,98,Summer,False,False,False,False,False
2022-04-08,Kolkata,East,24.5,17.7,0.0,48.2,11.1,Clear,21.1,6.800000000000001,2022,4,April,98,Summer,False,False,False,False,False
2022-04-08,Mumbai,West,29.9,24.9,2.1,43.9,8.8,Light Rain,27.4,5.0,2022,4,April,98,Summer,False,False,False,False,False
2022-04-09,Bengaluru,South,27.4,19.3,0.0,60.2,8.5,Clear,23.35,8.099999999999998,2022,4,April,99,Summer,False,False,False,False,False
2022-04-09,Chennai,South,29.4,24.1,0.0,41.5,12.1,Clear,26.75,5.299999999999997,2022,4,April,99,Summer,False,False,False,False,False
2022-04-09,Delhi,North,29.5,19.7,0.0,54.6,9.6,Clear,24.6,9.8,2022,4,April,99,Summer,False,False,False,False,False
2022-04-09,Jaipur,Northwest,29.7,21.2,0.0,59.3,12.4,Clear,25.45,8.5,2022,4,April,99,Summer,False,False,False,False,False
2022-04-09,Kolkata,East,26.1,19.1,4.5,62.7,13.9,Light Rain,22.6,7.0,2022,4,April,99,Summer,False,False,False,False,False
2022-04-09,Mumbai,West,28.7,21.7,0.0,47.3,5.9,Clear,25.2,7.0,2022,4,April,99,Summer,False,False,False,False,False
2022-04-10,Bengaluru,South,29.1,22.6,0.0,53.2,1.9,Clear,25.85,6.5,2022,4,April,100,Summer,False,False,False,False,False
2022-04-10,Chennai,South,31.8,24.4,0.0,32.2,10.8,Clear,28.1,7.400000000000002,2022,4,April,100,Summer,False,False,False,False,False
2022-04-10,Delhi,North,30.9,18.9,0.0,55.8,6.2,Clear,24.9,12.0,2022,4,April,100,Summer,False,False,False,False,False
2022-04-10,Jaipur,Northwest,31.0,20.8,0.0,69.5,17.7,Clear,25.9,10.2,2022,4,April,100,Summer,False,False,False,False,False
2022-04-10,Kolkata,East,24.8,17.5,0.0,52.0,4.4,Clear,21.15,7.300000000000001,2022,4,April,100,Summer,False,False,False,False,False
2022-04-10,Mumbai,West,26.4,21.3,0.0,49.2,14.1,Clear,23.85,5.099999999999998,2022,4,April,100,Summer,False,False,False,False,False
2022-04-11,Bengaluru,South,25.9,20.4,0.0,38.7,8.3,Clear,23.15,5.5,2022,4,April,101,Summer,False,False,False,False,False
2022-04-11,Chennai,South,25.6,18.5,0.0,51.1,19.8,Clear,22.05,7.100000000000001,2022,4,April,101,Summer,False,False,False,False,False
2022-04-11,Delhi,North,28.7,17.5,2.3,44.2,8.6,Light Rain,23.1,11.2,2022,4,April,101,Summer,False,False,False,False,False
2022-04-11,Jaipur,Northwest,28.8,16.6,0.0,38.6,10.6,Clear,22.700000000000003,12.2,2022,4,April,101,Summer,False,False,False,False,False
2022-04-11,Kolkata,East,31.4,26.4,0.0,57.6,9.8,Clear,28.9,5.0,2022,4,April,101,Summer,False,False,False,False,False
2022-04-11,Mumbai,West,30.8,23.3,1.7,54.4,10.5,Light Rain,27.05,7.5,2022,4,April,101,Summer,False,False,False,False,False
2022-04-12,Bengaluru,South,24.2,16.9,0.0,49.6,13.0,Clear,20.549999999999997,7.300000000000001,2022,4,April,102,Summer,False,False,False,False,False
2022-04-12,Chennai,South,30.4,23.1,0.0,51.9,13.3,Clear,26.75,7.299999999999997,2022,4,April,102,Summer,False,False,False,False,False
2022-04-12,Delhi,North,28.8,18.7,0.0,49.2,27.1,Clear,23.75,10.100000000000001,2022,4,April,102,Summer,False,False,False,False,False
2022-04-12,Jaipur,Northwest,33.3,22.8,0.0,55.1,11.3,Clear,28.049999999999997,10.499999999999996,2022,4,April,102,Summer,False,False,False,False,False
2022-04-12,Kolkata,East,25.4,19.3,0.0,49.6,8.7,Clear,22.35,6.099999999999998,2022,4,April,102,Summer,False,False,False,False,False
2022-04-12,Mumbai,West,30.5,23.6,0.0,47.5,5.3,Clear,27.05,6.899999999999999,2022,4,April,102,Summer,False,False,False,False,False
2022-04-13,Bengaluru,South,25.6,17.4,0.0,45.5,9.4,Clear,21.5,8.200000000000003,2022,4,April,103,Summer,False,False,False,False,False
2022-04-13,Chennai,South,33.9,27.5,0.0,46.4,9.6,Clear,30.7,6.399999999999999,2022,4,April,103,Summer,False,False,False,False,False
2022-04-13,Delhi,North,30.4,19.2,0.0,58.4,4.1,Clear,24.799999999999997,11.2,2022,4,April,103,Summer,False,False,False,False,False
2022-04-13,Jaipur,Northwest,31.9,22.6,0.0,53.7,10.8,Clear,27.25,9.299999999999997,2022,4,April,103,Summer,False,False,False,False,False
2022-04-13,Kolkata,East,28.1,20.6,0.0,40.7,12.1,Clear,24.35,7.5,2022,4,April,103,Summer,False,False,False,False,False
2022-04-13,Mumbai,West,27.2,19.9,0.0,54.1,2.1,Clear,23.549999999999997,7.300000000000001,2022,4,April,103,Summer,False,False,False,False,False
2022-04-14,Bengaluru,South,23.5,15.0,0.0,41.2,13.8,Clear,19.25,8.5,2022,4,April,104,Summer,False,False,False,False,False
2022-04-14,Chennai,South,30.9,23.6,0.0,64.2,6.8,Clear,27.25,7.299999999999997,2022,4,April,104,Summer,False,False,False,False,False
2022-04-14,Delhi,North,31.3,20.3,0.0,49.0,13.2,Clear,25.8,11.0,2022,4,April,104,Summer,False,False,False,False,False
2022-04-14,Jaipur,Northwest,28.0,18.4,0.0,52.6,11.7,Clear,23.2,9.600000000000001,2022,4,April,104,Summer,False,False,False,False,False
2022-04-14,Kolkata,East,27.9,20.3,0.0,53.2,33.7,Clear,24.1,7.599999999999998,2022,4,April,104,Summer,False,False,False,False,False
2022-04-14,Mumbai,West,29.9,22.8,0.0,45.3,6.6,Clear,26.35,7.099999999999998,2022,4,April,104,Summer,False,False,False,False,False
2022-04-15,Bengaluru,South,23.3,17.8,0.0,46.6,8.4,Clear,20.55,5.5,2022,4,April,105,Summer,False,False,False,False,False
2022-04-15,Chennai,South,30.6,22.4,2.2,69.1,8.8,Light Rain,26.5,8.200000000000003,2022,4,April,105,Summer,False,False,False,False,False
2022-04-15,Delhi,North,29.9,18.7,0.0,49.3,8.4,Clear,24.299999999999997,11.2,2022,4,April,105,Summer,False,False,False,False,False
2022-04-15,Jaipur,Northwest,28.9,20.4,0.0,50.3,30.7,Clear,24.65,8.5,2022,4,April,105,Summer,False,False,False,False,False
2022-04-15,Kolkata,East,29.2,21.3,0.0,55.6,4.9,Clear,25.25,7.899999999999999,2022,4,April,105,Summer,False,False,False,False,False
2022-04-15,Mumbai,West,30.0,23.0,0.0,47.6,13.9,Clear,26.5,7.0,2022,4,April,105,Summer,False,False,False,False,False
2022-04-16,Bengaluru,South,27.4,20.3,0.0,57.5,10.8,Clear,23.85,7.099999999999998,2022,4,April,106,Summer,False,False,False,False,False
2022-04-16,Chennai,South,32.3,23.6,6.9,68.6,14.6,Light Rain,27.95,8.699999999999996,2022,4,April,106,Summer,False,False,False,False,False
2022-04-16,Delhi,North,27.9,16.7,0.0,56.7,9.3,Clear,22.299999999999997,11.2,2022,4,April,106,Summer,False,False,False,False,False
2022-04-16,Jaipur,Northwest,27.0,16.2,0.0,47.2,3.1,Clear,21.6,10.8,2022,4,April,106,Summer,False,False,False,False,False
2022-04-16,Kolkata,East,28.2,21.0,0.0,49.1,11.9,Clear,24.6,7.199999999999999,2022,4,April,106,Summer,False,False,False,False,False
2022-04-16,Mumbai,West,32.2,22.3,0.0,45.6,15.8,Clear,27.25,9.900000000000002,2022,4,April,106,Summer,False,False,False,False,False
2022-04-17,Bengaluru,South,27.2,20.3,0.0,54.7,22.3,Clear,23.75,6.899999999999999,2022,4,April,107,Summer,False,False,False,False,False
2022-04-17,Chennai,South,31.8,26.5,0.0,54.9,3.7,Clear,29.15,5.300000000000001,2022,4,April,107,Summer,False,False,False,False,False
2022-04-17,Delhi,North,31.2,20.6,0.0,52.7,10.3,Clear,25.9,10.599999999999998,2022,4,April,107,Summer,False,False,False,False,False
2022-04-17,Jaipur,Northwest,30.2,18.6,0.0,49.7,19.4,Clear,24.4,11.599999999999998,2022,4,April,107,Summer,False,False,False,False,False
2022-04-17,Kolkata,East,28.5,22.3,0.9,65.1,7.6,Light Rain,25.4,6.199999999999999,2022,4,April,107,Summer,False,False,False,False,False
2022-04-17,Mumbai,West,31.0,22.0,0.0,49.0,9.5,Clear,26.5,9.0,2022,4,April,107,Summer,False,False,False,False,False
2022-04-18,Bengaluru,South,25.9,18.8,0.0,57.8,4.8,Clear,22.35,7.099999999999998,2022,4,April,108,Summer,False,False,False,False,False
2022-04-18,Chennai,South,30.8,23.9,0.0,50.5,9.8,Clear,27.35,6.900000000000002,2022,4,April,108,Summer,False,False,False,False,False
2022-04-18,Delhi,North,32.1,20.4,0.0,52.7,4.3,Clear,26.25,11.700000000000003,2022,4,April,108,Summer,False,False,False,False,False
2022-04-18,Jaipur,Northwest,33.2,21.3,0.0,35.0,0.6,Clear,27.25,11.900000000000002,2022,4,April,108,Summer,False,False,False,False,False
2022-04-18,Kolkata,East,28.7,21.1,0.0,54.4,16.5,Clear,24.9,7.599999999999998,2022,4,April,108,Summer,False,False,False,False,False
2022-04-18,Mumbai,West,30.8,24.4,0.0,51.1,2.3,Clear,27.6,6.400000000000002,2022,4,April,108,Summer,False,False,False,False,False
2022-04-19,Bengaluru,South,26.4,20.3,8.7,56.3,12.1,Light Rain,23.35,6.099999999999998,2022,4,April,109,Summer,False,False,False,False,False
2022-04-19,Chennai,South,33.9,27.3,0.0,45.7,1.4,Clear,30.6,6.599999999999998,2022,4,April,109,Summer,False,False,False,False,False
2022-04-19,Delhi,North,34.4,23.4,0.0,35.0,7.4,Clear,28.9,11.0,2022,4,April,109,Summer,False,False,False,False,False
2022-04-19,Jaipur,Northwest,35.3,22.8,0.0,49.0,7.6,Clear,29.049999999999997,12.499999999999996,2022,4,April,109,Summer,False,False,False,False,False
2022-04-19,Kolkata,East,30.2,20.9,0.0,39.3,29.0,Clear,25.549999999999997,9.3,2022,4,April,109,Summer,False,False,False,False,False
2022-04-19,Mumbai,West,32.2,24.4,0.0,59.7,7.2,Clear,28.3,7.800000000000004,2022,4,April,109,Summer,False,False,False,False,False
2022-04-20,Bengaluru,South,26.5,20.7,0.0,44.9,5.6,Clear,23.6,5.800000000000001,2022,4,April,110,Summer,False,False,False,False,False
2022-04-20,Chennai,South,28.9,21.7,0.0,53.3,15.2,Clear,25.299999999999997,7.199999999999999,2022,4,April,110,Summer,False,False,False,False,False
2022-04-20,Delhi,North,32.8,24.0,0.0,39.9,9.2,Clear,28.4,8.799999999999997,2022,4,April,110,Summer,False,False,False,False,False
2022-04-20,Jaipur,Northwest,28.6,17.5,0.0,58.5,3.4,Clear,23.05,11.100000000000001,2022,4,April,110,Summer,False,False,False,False,False
2022-04-20,Kolkata,East,30.2,22.1,0.0,44.2,7.7,Clear,26.15,8.099999999999998,2022,4,April,110,Summer,False,False,False,False,False
2022-04-20,Mumbai,West,32.9,26.0,0.0,46.7,3.5,Clear,29.45,6.899999999999999,2022,4,April,110,Summer,False,False,False,False,False
2022-04-21,Bengaluru,South,24.4,18.5,0.0,52.7,10.6,Clear,21.45,5.899999999999999,2022,4,April,111,Summer,False,False,False,False,False
2022-04-21,Chennai,South,33.9,27.4,0.0,44.5,20.6,Clear,30.65,6.5,2022,4,April,111,Summer,False,False,False,False,False
2022-04-21,Delhi,North,32.9,20.4,0.0,33.7,14.9,Clear,26.65,12.5,2022,4,April,111,Summer,False,False,False,False,False
2022-04-21,Jaipur,Northwest,34.2,20.8,0.0,61.1,8.1,Clear,27.5,13.400000000000002,2022,4,April,111,Summer,False,False,False,False,False
2022-04-21,Kolkata,East,26.6,18.1,2.9,59.7,12.6,Light Rain,22.35,8.5,2022,4,April,111,Summer,False,False,False,False,False
2022-04-21,Mumbai,West,31.0,21.0,0.0,57.0,6.3,Clear,26.0,10.0,2022,4,April,111,Summer,False,False,False,False,False
2022-04-22,Bengaluru,South,29.4,22.3,0.0,63.7,18.4,Clear,25.85,7.099999999999998,2022,4,April,112,Summer,False,False,False,False,False
2022-04-22,Chennai,South,32.3,23.4,0.0,54.6,6.8,Clear,27.849999999999998,8.899999999999999,2022,4,April,112,Summer,False,False,False,False,False
2022-04-22,Delhi,North,33.8,21.7,0.0,56.7,11.6,Clear,27.75,12.099999999999998,2022,4,April,112,Summer,False,False,False,False,False
2022-04-22,Jaipur,Northwest,31.5,20.6,0.0,57.6,11.9,Clear,26.05,10.899999999999999,2022,4,April,112,Summer,False,False,False,False,False
2022-04-22,Kolkata,East,31.7,25.7,0.0,47.8,16.4,Clear,28.7,6.0,2022,4,April,112,Summer,False,False,False,False,False
2022-04-22,Mumbai,West,31.1,23.4,0.0,54.3,19.2,Clear,27.25,7.700000000000003,2022,4,April,112,Summer,False,False,False,False,False
2022-04-23,Bengaluru,South,26.6,20.1,0.0,58.2,18.7,Clear,23.35,6.5,2022,4,April,113,Summer,False,False,False,False,False
2022-04-23,Chennai,South,32.5,25.9,14.0,52.9,13.4,Rain,29.2,6.600000000000001,2022,4,April,113,Summer,False,False,False,False,False
2022-04-23,Delhi,North,31.7,20.3,0.0,40.8,6.2,Clear,26.0,11.399999999999999,2022,4,April,113,Summer,False,False,False,False,False
2022-04-23,Jaipur,Northwest,34.8,25.4,0.0,45.4,3.9,Clear,30.099999999999998,9.399999999999999,2022,4,April,113,Summer,False,False,False,False,False
2022-04-23,Kolkata,East,29.3,21.0,0.0,49.4,8.2,Clear,25.15,8.3,2022,4,April,113,Summer,False,False,False,False,False
2022-04-23,Mumbai,West,31.2,22.8,0.0,47.8,10.6,Clear,27.0,8.399999999999999,2022,4,April,113,Summer,False,False,False,False,False
2022-04-24,Bengaluru,South,22.5,17.5,0.0,53.2,11.0,Clear,20.0,5.0,2022,4,April,114,Summer,False,False,False,False,False
2022-04-24,Chennai,South,33.6,25.4,0.0,34.9,21.0,Clear,29.5,8.200000000000003,2022,4,April,114,Summer,False,False,False,False,False
2022-04-24,Delhi,North,34.1,23.6,0.0,56.3,15.3,Clear,28.85,10.5,2022,4,April,114,Summer,False,False,False,False,False
2022-04-24,Jaipur,Northwest,31.2,18.0,0.0,60.7,7.9,Clear,24.6,13.2,2022,4,April,114,Summer,False,False,False,False,False
2022-04-24,Kolkata,East,28.0,21.9,0.0,40.8,12.8,Clear,24.95,6.100000000000001,2022,4,April,114,Summer,False,False,False,False,False
2022-04-24,Mumbai,West,34.3,24.5,0.0,49.1,2.0,Clear,29.4,9.799999999999997,2022,4,April,114,Summer,False,False,False,False,False
2022-04-25,Bengaluru,South,26.5,19.5,2.1,39.9,12.9,Light Rain,23.0,7.0,2022,4,April,115,Summer,False,False,False,False,False
2022-04-25,Chennai,South,34.0,25.4,0.0,63.9,3.9,Clear,29.7,8.600000000000001,2022,4,April,115,Summer,False,False,False,False,False
2022-04-25,Delhi,North,33.0,19.0,0.0,54.1,7.1,Clear,26.0,14.0,2022,4,April,115,Summer,False,False,False,False,False
2022-04-25,Jaipur,Northwest,34.2,23.1,0.0,45.8,12.2,Clear,28.650000000000002,11.100000000000001,2022,4,April,115,Summer,False,False,False,False,False
2022-04-25,Kolkata,East,29.9,22.8,0.0,34.1,8.8,Clear,26.35,7.099999999999998,2022,4,April,115,Summer,False,False,False,False,False
2022-04-25,Mumbai,West,30.7,22.7,0.0,43.8,20.1,Clear,26.7,8.0,2022,4,April,115,Summer,False,False,False,False,False
2022-04-26,Bengaluru,South,24.2,19.2,2.6,59.6,12.9,Light Rain,21.7,5.0,2022,4,April,116,Summer,False,False,False,False,False
2022-04-26,Chennai,South,28.3,22.3,0.0,48.3,6.0,Clear,25.3,6.0,2022,4,April,116,Summer,False,False,False,False,False
2022-04-26,Delhi,North,31.3,19.9,0.0,52.3,5.7,Clear,25.6,11.400000000000002,2022,4,April,116,Summer,False,False,False,False,False
2022-04-26,Jaipur,Northwest,31.4,18.8,0.0,32.9,23.8,Clear,25.1,12.599999999999998,2022,4,April,116,Summer,False,False,False,False,False
2022-04-26,Kolkata,East,31.7,22.9,0.0,45.9,10.6,Clear,27.299999999999997,8.8,2022,4,April,116,Summer,False,False,False,False,False
2022-04-26,Mumbai,West,29.9,24.4,0.0,44.7,4.8,Clear,27.15,5.5,2022,4,April,116,Summer,False,False,False,False,False
2022-04-27,Bengaluru,South,26.2,19.8,0.0,46.5,4.7,Clear,23.0,6.399999999999999,2022,4,April,117,Summer,False,False,False,False,False
2022-04-27,Chennai,South,34.1,25.8,0.0,44.2,2.0,Clear,29.950000000000003,8.3,2022,4,April,117,Summer,False,False,False,False,False
2022-04-27,Delhi,North,32.6,20.4,0.0,45.4,9.6,Clear,26.5,12.200000000000003,2022,4,April,117,Summer,False,False,False,False,False
2022-04-27,Jaipur,Northwest,31.9,22.7,0.0,58.4,14.5,Clear,27.299999999999997,9.2,2022,4,April,117,Summer,False,False,False,False,False
2022-04-27,Kolkata,East,30.2,22.0,0.0,62.5,23.1,Clear,26.1,8.2,2022,4,April,117,Summer,False,False,False,False,False
2022-04-27,Mumbai,West,28.5,21.1,0.0,51.5,11.7,Clear,24.8,7.399999999999999,2022,4,April,117,Summer,False,False,False,False,False
2022-04-28,Bengaluru,South,27.6,20.7,0.0,54.9,5.8,Clear,24.15,6.900000000000002,2022,4,April,118,Summer,False,False,False,False,False
2022-04-28,Chennai,South,34.2,24.8,0.0,40.6,14.7,Clear,29.5,9.400000000000002,2022,4,April,118,Summer,False,False,False,False,False
2022-04-28,Delhi,North,34.4,24.2,0.0,35.4,19.4,Clear,29.299999999999997,10.2,2022,4,April,118,Summer,False,False,False,False,False
2022-04-28,Jaipur,Northwest,32.2,20.2,0.0,55.0,10.8,Clear,26.200000000000003,12.000000000000004,2022,4,April,118,Summer,False,False,False,False,False
2022-04-28,Kolkata,East,32.7,25.2,0.0,44.6,2.7,Clear,28.950000000000003,7.5000000000000036,2022,4,April,118,Summer,False,False,False,False,False
2022-04-28,Mumbai,West,30.3,23.4,0.0,50.1,6.2,Clear,26.85,6.900000000000002,2022,4,April,118,Summer,False,False,False,False,False
2022-04-29,Bengaluru,South,26.3,19.9,0.0,49.6,23.6,Clear,23.1,6.400000000000002,2022,4,April,119,Summer,False,False,False,False,False
2022-04-29,Chennai,South,34.3,27.0,0.0,47.2,5.4,Clear,30.65,7.299999999999997,2022,4,April,119,Summer,False,False,False,False,False
2022-04-29,Delhi,North,31.4,20.1,0.0,35.3,20.9,Clear,25.75,11.299999999999997,2022,4,April,119,Summer,False,False,False,False,False
2022-04-29,Jaipur,Northwest,34.0,23.0,0.0,44.2,9.4,Clear,28.5,11.0,2022,4,April,119,Summer,False,False,False,False,False
2022-04-29,Kolkata,East,28.6,21.3,0.0,54.3,1.7,Clear,24.950000000000003,7.300000000000001,2022,4,April,119,Summer,False,False,False,False,False
2022-04-29,Mumbai,West,32.6,25.1,0.0,53.3,7.8,Clear,28.85,7.5,2022,4,April,119,Summer,False,False,False,False,False
2022-04-30,Bengaluru,South,25.9,19.0,0.0,47.1,5.2,Clear,22.45,6.899999999999999,2022,4,April,120,Summer,False,False,False,False,False
2022-04-30,Chennai,South,32.1,24.6,0.0,56.3,2.1,Clear,28.35,7.5,2022,4,April,120,Summer,False,False,False,False,False
2022-04-30,Delhi,North,31.4,20.7,0.0,52.3,4.9,Clear,26.049999999999997,10.7,2022,4,April,120,Summer,False,False,False,False,False
2022-04-30,Jaipur,Northwest,34.6,23.6,0.0,44.5,8.7,Clear,29.1,11.0,2022,4,April,120,Summer,False,False,False,False,False
2022-04-30,Kolkata,East,29.5,23.0,0.0,56.6,15.8,Clear,26.25,6.5,2022,4,April,120,Summer,False,False,False,False,False
2022-04-30,Mumbai,West,33.0,24.8,0.0,34.6,19.3,Clear,28.9,8.2,2022,4,April,120,Summer,False,False,False,False,False
2022-05-01,Bengaluru,South,29.6,22.8,0.0,78.6,12.3,Clear,26.200000000000003,6.800000000000001,2022,5,May,121,Summer,False,False,False,False,False
2022-05-01,Chennai,South,31.7,24.9,0.0,41.1,5.9,Clear,28.299999999999997,6.800000000000001,2022,5,May,121,Summer,False,False,False,False,False
2022-05-01,Delhi,North,33.3,23.8,0.0,51.5,11.0,Clear,28.549999999999997,9.499999999999996,2022,5,May,121,Summer,False,False,False,False,False
2022-05-01,Jaipur,Northwest,35.5,22.8,0.0,44.0,22.6,Clear,29.15,12.7,2022,5,May,121,Summer,False,False,False,False,False
2022-05-01,Kolkata,East,29.3,22.8,0.0,51.0,8.3,Clear,26.05,6.5,2022,5,May,121,Summer,False,False,False,False,False
2022-05-01,Mumbai,West,32.5,27.2,0.0,47.1,6.3,Clear,29.85,5.300000000000001,2022,5,May,121,Summer,False,False,False,False,False
2022-05-02,Bengaluru,South,25.5,18.8,76.5,71.4,18.5,Heavy Rain,22.15,6.699999999999999,2022,5,May,122,Summer,True,False,False,False,True
2022-05-02,Chennai,South,29.4,22.5,0.0,47.0,11.2,Clear,25.95,6.899999999999999,2022,5,May,122,Summer,False,False,False,False,False
2022-05-02,Delhi,North,35.8,26.9,0.0,57.7,20.7,Clear,31.349999999999998,8.899999999999999,2022,5,May,122,Summer,False,False,False,False,False
2022-05-02,Jaipur,Northwest,34.9,23.6,0.0,52.5,30.3,Clear,29.25,11.299999999999997,2022,5,May,122,Summer,False,False,False,False,False
2022-05-02,Kolkata,East,30.9,23.2,0.0,60.7,2.4,Clear,27.049999999999997,7.699999999999999,2022,5,May,122,Summer,False,False,False,False,False
2022-05-02,Mumbai,West,31.4,25.6,0.0,49.8,7.1,Clear,28.5,5.799999999999997,2022,5,May,122,Summer,False,False,False,False,False
2022-05-03,Bengaluru,South,26.7,20.7,153.8,93.7,29.9,Heavy Rain,23.7,6.0,2022,5,May,123,Summer,True,False,False,False,True
2022-05-03,Chennai,South,34.0,25.3,0.0,45.8,9.5,Clear,29.65,8.7,2022,5,May,123,Summer,False,False,False,False,False
2022-05-03,Delhi,North,36.8,24.8,0.0,35.5,15.8,Clear,30.799999999999997,11.999999999999996,2022,5,May,123,Summer,False,False,False,False,False
2022-05-03,Jaipur,Northwest,35.0,26.1,0.0,50.4,23.5,Clear,30.55,8.899999999999999,2022,5,May,123,Summer,False,False,False,False,False
2022-05-03,Kolkata,East,30.3,24.8,0.0,50.6,6.8,Clear,27.55,5.5,2022,5,May,123,Summer,False,False,False,False,False
2022-05-03,Mumbai,West,31.0,22.5,0.0,58.5,2.5,Clear,26.75,8.5,2022,5,May,123,Summer,False,False,False,False,False
2022-05-04,Bengaluru,South,27.5,22.5,19.3,84.3,11.6,Rain,25.0,5.0,2022,5,May,124,Summer,False,False,False,False,False
2022-05-04,Chennai,South,27.5,22.5,0.0,44.1,6.7,Clear,25.0,5.0,2022,5,May,124,Summer,False,False,False,False,False
2022-05-04,Delhi,North,32.4,21.1,0.0,35.0,1.5,Clear,26.75,11.299999999999997,2022,5,May,124,Summer,False,False,False,False,False
2022-05-04,Jaipur,Northwest,34.4,23.1,0.0,56.6,7.8,Clear,28.75,11.299999999999997,2022,5,May,124,Summer,False,False,False,False,False
2022-05-04,Kolkata,East,32.9,26.2,0.0,55.8,10.0,Clear,29.549999999999997,6.699999999999999,2022,5,May,124,Summer,False,False,False,False,False
2022-05-04,Mumbai,West,33.3,25.3,0.0,47.2,16.7,Clear,29.299999999999997,7.9999999999999964,2022,5,May,124,Summer,False,False,False,False,False
2022-05-05,Bengaluru,South,28.7,19.5,189.1,72.1,14.0,Heavy Rain,24.1,9.2,2022,5,May,125,Summer,True,False,False,False,True
2022-05-05,Chennai,South,35.9,29.6,1.5,62.0,12.4,Light Rain,32.75,6.299999999999997,2022,5,May,125,Summer,False,False,False,False,False
2022-05-05,Delhi,North,34.2,23.8,0.0,52.7,9.9,Clear,29.0,10.400000000000002,2022,5,May,125,Summer,False,False,False,False,False
2022-05-05,Jaipur,Northwest,34.9,25.7,0.0,45.6,6.5,Clear,30.299999999999997,9.2,2022,5,May,125,Summer,False,False,False,False,False
2022-05-05,Kolkata,East,32.3,22.5,0.0,50.8,10.0,Clear,27.4,9.799999999999997,2022,5,May,125,Summer,False,False,False,False,False
2022-05-05,Mumbai,West,29.2,23.6,0.0,59.3,14.5,Clear,26.4,5.599999999999998,2022,5,May,125,Summer,False,False,False,False,False
2022-05-06,Bengaluru,South,27.0,22.0,43.2,76.8,9.1,Rain,24.5,5.0,2022,5,May,126,Summer,False,False,False,False,False
2022-05-06,Chennai,South,31.8,24.6,0.0,46.6,6.0,Clear,28.200000000000003,7.199999999999999,2022,5,May,126,Summer,False,False,False,False,False
2022-05-06,Delhi,North,32.1,22.3,0.0,48.4,16.1,Clear,27.200000000000003,9.8,2022,5,May,126,Summer,False,False,False,False,False
2022-05-06,Jaipur,Northwest,36.3,25.9,0.0,61.0,5.2,Clear,31.099999999999998,10.399999999999999,2022,5,May,126,Summer,False,False,False,False,False
2022-05-06,Kolkata,East,32.3,24.7,0.0,31.2,6.2,Clear,28.5,7.599999999999998,2022,5,May,126,Summer,False,False,False,False,False
2022-05-06,Mumbai,West,31.0,26.0,0.0,47.7,11.3,Clear,28.5,5.0,2022,5,May,126,Summer,False,False,False,False,False
2022-05-07,Bengaluru,South,29.6,24.0,172.3,87.8,9.2,Heavy Rain,26.8,5.600000000000001,2022,5,May,127,Summer,True,False,False,False,True
2022-05-07,Chennai,South,35.0,25.5,0.0,33.8,4.0,Clear,30.25,9.5,2022,5,May,127,Summer,False,False,False,False,False
2022-05-07,Delhi,North,36.5,24.5,0.0,38.5,15.7,Clear,30.5,12.0,2022,5,May,127,Summer,False,False,False,False,False
2022-05-07,Jaipur,Northwest,35.3,21.5,0.0,46.8,15.2,Clear,28.4,13.799999999999997,2022,5,May,127,Summer,False,False,False,False,False
2022-05-07,Kolkata,East,31.4,23.1,0.0,48.2,5.9,Clear,27.25,8.299999999999997,2022,5,May,127,Summer,False,False,False,False,False
2022-05-07,Mumbai,West,32.7,26.3,0.0,33.1,8.4,Clear,29.5,6.400000000000002,2022,5,May,127,Summer,False,False,False,False,False
2022-05-08,Bengaluru,South,26.9,21.0,11.0,64.6,7.9,Rain,23.95,5.899999999999999,2022,5,May,128,Summer,False,False,False,False,False
2022-05-08,Chennai,South,33.8,26.6,0.0,56.5,0.6,Clear,30.2,7.199999999999996,2022,5,May,128,Summer,False,False,False,False,False
2022-05-08,Delhi,North,37.7,24.6,0.0,52.5,3.4,Clear,31.150000000000002,13.100000000000001,2022,5,May,128,Summer,False,False,False,False,False
2022-05-08,Jaipur,Northwest,39.1,26.5,0.0,60.8,5.1,Clear,32.8,12.600000000000001,2022,5,May,128,Summer,False,False,False,False,False
2022-05-08,Kolkata,East,34.4,25.5,0.0,52.4,13.6,Clear,29.95,8.899999999999999,2022,5,May,128,Summer,False,False,False,False,False
2022-05-08,Mumbai,West,33.3,25.0,0.0,42.6,3.2,Clear,29.15,8.299999999999997,2022,5,May,128,Summer,False,False,False,False,False
2022-05-09,Bengaluru,South,27.1,21.5,0.0,85.1,6.7,Cloudy,24.3,5.600000000000001,2022,5,May,129,Summer,False,False,False,False,False
2022-05-09,Chennai,South,32.8,26.0,0.0,33.4,14.7,Clear,29.4,6.799999999999997,2022,5,May,129,Summer,False,False,False,False,False
2022-05-09,Delhi,North,35.2,22.9,0.0,43.8,1.5,Clear,29.05,12.300000000000004,2022,5,May,129,Summer,False,False,False,False,False
2022-05-09,Jaipur,Northwest,36.6,24.1,0.0,52.0,17.0,Clear,30.35,12.5,2022,5,May,129,Summer,False,False,False,False,False
2022-05-09,Kolkata,East,31.6,25.2,0.0,36.4,5.4,Clear,28.4,6.400000000000002,2022,5,May,129,Summer,False,False,False,False,False
2022-05-09,Mumbai,West,32.9,24.9,0.0,51.4,3.8,Clear,28.9,8.0,2022,5,May,129,Summer,False,False,False,False,False
2022-05-10,Bengaluru,South,27.2,19.6,71.4,71.6,14.6,Heavy Rain,23.4,7.599999999999998,2022,5,May,130,Summer,True,False,False,False,True
2022-05-10,Chennai,South,33.9,26.7,0.0,45.5,19.1,Clear,30.299999999999997,7.199999999999999,2022,5,May,130,Summer,False,False,False,False,False
2022-05-10,Delhi,North,35.4,25.0,0.0,62.4,12.0,Clear,30.2,10.399999999999999,2022,5,May,130,Summer,False,False,False,False,False
2022-05-10,Jaipur,Northwest,38.1,26.4,0.0,41.9,11.1,Clear,32.25,11.700000000000003,2022,5,May,130,Summer,False,False,False,False,False
2022-05-10,Kolkata,East,31.3,25.4,0.0,42.2,6.2,Clear,28.35,5.900000000000002,2022,5,May,130,Summer,False,False,False,False,False
2022-05-10,Mumbai,West,33.2,26.1,0.0,51.5,16.5,Clear,29.650000000000002,7.100000000000001,2022,5,May,130,Summer,False,False,False,False,False
2022-05-11,Bengaluru,South,27.8,20.7,68.1,71.6,7.8,Heavy Rain,24.25,7.100000000000001,2022,5,May,131,Summer,True,False,False,False,True
2022-05-11,Chennai,South,32.7,25.8,1.4,51.0,9.3,Light Rain,29.25,6.900000000000002,2022,5,May,131,Summer,False,False,False,False,False
2022-05-11,Delhi,North,39.0,26.1,0.0,51.7,14.6,Clear,32.55,12.899999999999999,2022,5,May,131,Summer,False,False,False,False,False
2022-05-11,Jaipur,Northwest,31.8,22.5,0.0,47.9,6.2,Clear,27.15,9.3,2022,5,May,131,Summer,False,False,False,False,False
2022-05-11,Kolkata,East,33.0,23.8,0.0,50.9,4.9,Clear,28.4,9.2,2022,5,May,131,Summer,False,False,False,False,False
2022-05-11,Mumbai,West,32.1,24.7,0.0,54.6,15.8,Clear,28.4,7.400000000000002,2022,5,May,131,Summer,False,False,False,False,False
2022-05-12,Bengaluru,South,30.4,23.6,79.2,87.4,15.3,Heavy Rain,27.0,6.799999999999997,2022,5,May,132,Summer,True,False,False,False,True
2022-05-12,Chennai,South,35.6,25.7,5.5,43.9,22.6,Light Rain,30.65,9.900000000000002,2022,5,May,132,Summer,False,False,False,False,False
2022-05-12,Delhi,North,33.2,24.1,0.0,45.5,17.7,Clear,28.650000000000002,9.100000000000001,2022,5,May,132,Summer,False,False,False,False,False
2022-05-12,Jaipur,Northwest,36.1,24.4,0.0,40.6,8.3,Clear,30.25,11.700000000000003,2022,5,May,132,Summer,False,False,False,False,False
2022-05-12,Kolkata,East,32.0,23.5,0.0,52.0,6.5,Clear,27.75,8.5,2022,5,May,132,Summer,False,False,False,False,False
2022-05-12,Mumbai,West,31.2,23.0,0.0,52.9,4.5,Clear,27.1,8.2,2022,5,May,132,Summer,False,False,False,False,False
2022-05-13,Bengaluru,South,26.5,18.4,64.5,88.6,13.1,Heavy Rain,22.45,8.100000000000001,2022,5,May,133,Summer,True,False,False,False,True
2022-05-13,Chennai,South,30.2,23.8,0.0,54.9,4.0,Clear,27.0,6.399999999999999,2022,5,May,133,Summer,False,False,False,False,False
2022-05-13,Delhi,North,37.3,26.9,0.0,64.4,20.1,Clear,32.099999999999994,10.399999999999999,2022,5,May,133,Summer,False,False,False,False,False
2022-05-13,Jaipur,Northwest,36.3,27.2,0.0,29.7,18.6,Clear,31.75,9.099999999999998,2022,5,May,133,Summer,False,False,False,False,False
2022-05-13,Kolkata,East,32.4,27.4,0.0,45.1,13.8,Clear,29.9,5.0,2022,5,May,133,Summer,False,False,False,False,False
2022-05-13,Mumbai,West,32.3,25.8,0.0,59.0,19.6,Clear,29.049999999999997,6.4999999999999964,2022,5,May,133,Summer,False,False,False,False,False
2022-05-14,Bengaluru,South,30.3,22.3,123.9,82.1,8.9,Heavy Rain,26.3,8.0,2022,5,May,134,Summer,True,False,False,False,True
2022-05-14,Chennai,South,30.9,24.7,0.0,48.9,14.1,Clear,27.799999999999997,6.199999999999999,2022,5,May,134,Summer,False,False,False,False,False
2022-05-14,Delhi,North,38.1,26.3,0.0,51.5,9.8,Clear,32.2,11.8,2022,5,May,134,Summer,False,False,False,False,False
2022-05-14,Jaipur,Northwest,37.7,26.6,0.0,45.2,17.6,Clear,32.150000000000006,11.100000000000001,2022,5,May,134,Summer,False,False,False,False,False
2022-05-14,Kolkata,East,32.8,26.0,0.0,45.5,6.1,Clear,29.4,6.799999999999997,2022,5,May,134,Summer,False,False,False,False,False
2022-05-14,Mumbai,West,31.3,23.8,0.0,43.6,9.0,Clear,27.55,7.5,2022,5,May,134,Summer,False,False,False,False,False
2022-05-15,Bengaluru,South,26.7,20.0,0.0,71.7,6.9,Clear,23.35,6.699999999999999,2022,5,May,135,Summer,False,False,False,False,False
2022-05-15,Chennai,South,32.9,27.0,0.0,43.4,19.1,Clear,29.95,5.899999999999999,2022,5,May,135,Summer,False,False,False,False,False
2022-05-15,Delhi,North,37.4,25.6,0.0,40.0,4.5,Clear,31.5,11.799999999999997,2022,5,May,135,Summer,False,False,False,False,False
2022-05-15,Jaipur,Northwest,36.3,25.4,0.0,39.0,1.3,Clear,30.849999999999998,10.899999999999999,2022,5,May,135,Summer,False,False,False,False,False
2022-05-15,Kolkata,East,32.6,25.4,0.4,50.9,10.4,Light Rain,29.0,7.200000000000003,2022,5,May,135,Summer,False,False,False,False,False
2022-05-15,Mumbai,West,35.0,28.2,0.0,53.1,9.7,Clear,31.6,6.800000000000001,2022,5,May,135,Summer,False,False,False,False,False
2022-05-16,Bengaluru,South,31.1,23.8,139.9,90.1,22.8,Heavy Rain,27.450000000000003,7.300000000000001,2022,5,May,136,Summer,True,False,False,False,True
2022-05-16,Chennai,South,34.1,25.4,0.0,50.9,8.1,Clear,29.75,8.700000000000003,2022,5,May,136,Summer,False,False,False,False,False
2022-05-16,Delhi,North,35.4,25.2,0.0,45.6,18.0,Clear,30.299999999999997,10.2,2022,5,May,136,Summer,False,False,False,False,False
2022-05-16,Jaipur,Northwest,35.0,23.2,0.0,55.7,24.2,Clear,29.1,11.8,2022,5,May,136,Summer,False,False,False,False,False
2022-05-16,Kolkata,East,32.1,23.8,0.0,56.7,39.7,Clear,27.950000000000003,8.3,2022,5,May,136,Summer,False,False,False,False,False
2022-05-16,Mumbai,West,33.7,24.8,0.0,57.7,12.3,Clear,29.25,8.900000000000002,2022,5,May,136,Summer,False,False,False,False,False
2022-05-17,Bengaluru,South,28.3,20.7,0.0,85.6,11.3,Cloudy,24.5,7.600000000000001,2022,5,May,137,Summer,False,False,False,False,False
2022-05-17,Chennai,South,36.9,29.9,0.0,32.4,9.8,Clear,33.4,7.0,2022,5,May,137,Summer,False,False,False,False,False
2022-05-17,Delhi,North,36.3,25.7,3.4,39.4,29.4,Light Rain,31.0,10.599999999999998,2022,5,May,137,Summer,False,False,False,False,False
2022-05-17,Jaipur,Northwest,38.5,26.6,0.0,45.5,9.6,Clear,32.55,11.899999999999999,2022,5,May,137,Summer,False,False,False,False,False
2022-05-17,Kolkata,East,33.6,27.3,3.1,55.2,12.0,Light Rain,30.450000000000003,6.300000000000001,2022,5,May,137,Summer,False,False,False,False,False
2022-05-17,Mumbai,West,35.0,28.3,0.0,49.4,9.7,Clear,31.65,6.699999999999999,2022,5,May,137,Summer,False,False,False,False,False
2022-05-18,Bengaluru,South,28.0,21.2,0.0,82.6,8.3,Cloudy,24.6,6.800000000000001,2022,5,May,138,Summer,False,False,False,False,False
2022-05-18,Chennai,South,30.4,22.7,0.0,46.6,4.0,Clear,26.549999999999997,7.699999999999999,2022,5,May,138,Summer,False,False,False,False,False
2022-05-18,Delhi,North,38.5,27.1,0.0,44.5,24.4,Clear,32.8,11.399999999999999,2022,5,May,138,Summer,False,False,False,False,False
2022-05-18,Jaipur,Northwest,34.0,23.2,0.0,61.5,6.3,Clear,28.6,10.8,2022,5,May,138,Summer,False,False,False,False,False
2022-05-18,Kolkata,East,29.7,24.4,0.0,41.2,8.8,Clear,27.049999999999997,5.300000000000001,2022,5,May,138,Summer,False,False,False,False,False
2022-05-18,Mumbai,West,32.9,26.2,0.0,49.3,12.1,Clear,29.549999999999997,6.699999999999999,2022,5,May,138,Summer,False,False,False,False,False
2022-05-19,Bengaluru,South,28.8,20.6,138.8,76.0,9.1,Heavy Rain,24.700000000000003,8.2,2022,5,May,139,Summer,True,False,False,False,True
2022-05-19,Chennai,South,33.3,25.7,0.0,35.4,6.0,Clear,29.5,7.599999999999998,2022,5,May,139,Summer,False,False,False,False,False
2022-05-19,Delhi,North,36.5,26.0,0.0,39.5,11.2,Clear,31.25,10.5,2022,5,May,139,Summer,False,False,False,False,False
2022-05-19,Jaipur,Northwest,41.6,29.5,0.0,45.1,37.9,Clear,35.55,12.100000000000001,2022,5,May,139,Summer,False,True,False,False,True
2022-05-19,Kolkata,East,37.6,28.7,0.0,57.2,20.6,Clear,33.15,8.900000000000002,2022,5,May,139,Summer,False,False,False,False,False
2022-05-19,Mumbai,West,31.1,24.0,0.0,63.7,9.2,Clear,27.55,7.100000000000001,2022,5,May,139,Summer,False,False,False,False,False
2022-05-20,Bengaluru,South,28.3,22.9,79.4,80.0,10.5,Heavy Rain,25.6,5.400000000000002,2022,5,May,140,Summer,True,False,False,False,True
2022-05-20,Chennai,South,31.1,23.5,0.0,48.3,28.4,Clear,27.3,7.600000000000001,2022,5,May,140,Summer,False,False,False,False,False
2022-05-20,Delhi,North,36.1,25.9,0.0,49.4,13.0,Clear,31.0,10.200000000000003,2022,5,May,140,Summer,False,False,False,False,False
2022-05-20,Jaipur,Northwest,42.4,31.6,0.0,43.3,7.9,Clear,37.0,10.799999999999997,2022,5,May,140,Summer,False,True,False,False,True
2022-05-20,Kolkata,East,36.0,27.6,0.0,50.7,9.1,Clear,31.8,8.399999999999999,2022,5,May,140,Summer,False,False,False,False,False
2022-05-20,Mumbai,West,34.4,27.3,0.0,41.4,4.4,Clear,30.85,7.099999999999998,2022,5,May,140,Summer,False,False,False,False,False
2022-05-21,Bengaluru,South,30.2,22.4,28.3,65.4,10.9,Rain,26.299999999999997,7.800000000000001,2022,5,May,141,Summer,False,False,False,False,False
2022-05-21,Chennai,South,32.0,25.2,0.0,54.0,5.8,Clear,28.6,6.800000000000001,2022,5,May,141,Summer,False,False,False,False,False
2022-05-21,Delhi,North,37.6,26.4,0.0,40.1,33.8,Clear,32.0,11.200000000000003,2022,5,May,141,Summer,False,False,False,False,False
2022-05-21,Jaipur,Northwest,39.8,28.7,0.0,40.7,7.1,Clear,34.25,11.099999999999998,2022,5,May,141,Summer,False,False,False,False,False
2022-05-21,Kolkata,East,32.2,25.9,0.0,59.1,19.3,Clear,29.05,6.300000000000004,2022,5,May,141,Summer,False,False,False,False,False
2022-05-21,Mumbai,West,29.9,24.1,0.0,53.9,8.3,Clear,27.0,5.799999999999997,2022,5,May,141,Summer,False,False,False,False,False
2022-05-22,Bengaluru,South,28.2,22.0,0.0,81.9,14.1,Clear,25.1,6.199999999999999,2022,5,May,142,Summer,False,False,False,False,False
2022-05-22,Chennai,South,33.0,25.5,0.0,50.2,6.2,Clear,29.25,7.5,2022,5,May,142,Summer,False,False,False,False,False
2022-05-22,Delhi,North,37.2,24.9,0.0,46.8,16.4,Clear,31.05,12.300000000000004,2022,5,May,142,Summer,False,False,False,False,False
2022-05-22,Jaipur,Northwest,34.7,23.9,0.0,36.0,4.8,Clear,29.3,10.800000000000004,2022,5,May,142,Summer,False,False,False,False,False
2022-05-22,Kolkata,East,35.3,28.7,0.0,29.2,5.2,Clear,32.0,6.599999999999998,2022,5,May,142,Summer,False,False,False,False,False
2022-05-22,Mumbai,West,36.1,27.5,0.0,43.9,7.5,Clear,31.8,8.600000000000001,2022,5,May,142,Summer,False,False,False,False,False
2022-05-23,Bengaluru,South,21.8,15.3,60.5,83.2,19.5,Rain,18.55,6.5,2022,5,May,143,Summer,False,False,False,False,False
2022-05-23,Chennai,South,33.7,25.2,0.0,53.7,1.7,Clear,29.450000000000003,8.500000000000004,2022,5,May,143,Summer,False,False,False,False,False
2022-05-23,Delhi,North,38.7,27.4,0.0,51.1,8.2,Clear,33.05,11.300000000000004,2022,5,May,143,Summer,False,False,False,False,False
2022-05-23,Jaipur,Northwest,39.1,27.2,0.0,39.6,17.2,Clear,33.15,11.900000000000002,2022,5,May,143,Summer,False,False,False,False,False
2022-05-23,Kolkata,East,32.3,26.1,0.0,36.4,6.5,Clear,29.2,6.199999999999996,2022,5,May,143,Summer,False,False,False,False,False
2022-05-23,Mumbai,West,35.8,28.5,0.0,44.1,6.9,Clear,32.15,7.299999999999997,2022,5,May,143,Summer,False,False,False,False,False
2022-05-24,Bengaluru,South,28.9,21.4,211.8,85.2,17.5,Heavy Rain,25.15,7.5,2022,5,May,144,Summer,True,False,False,False,True
2022-05-24,Chennai,South,34.9,28.4,0.0,47.5,7.1,Clear,31.65,6.5,2022,5,May,144,Summer,False,False,False,False,False
2022-05-24,Delhi,North,38.3,26.9,0.0,46.6,2.3,Clear,32.599999999999994,11.399999999999999,2022,5,May,144,Summer,False,False,False,False,False
2022-05-24,Jaipur,Northwest,36.2,26.5,0.0,63.0,24.5,Clear,31.35,9.700000000000003,2022,5,May,144,Summer,False,False,False,False,False
2022-05-24,Kolkata,East,33.5,25.8,0.0,43.3,25.6,Clear,29.65,7.699999999999999,2022,5,May,144,Summer,False,False,False,False,False
2022-05-24,Mumbai,West,29.5,22.6,13.6,49.0,11.1,Rain,26.05,6.899999999999999,2022,5,May,144,Summer,False,False,False,False,False
2022-05-25,Bengaluru,South,24.8,16.8,80.4,87.4,13.3,Heavy Rain,20.8,8.0,2022,5,May,145,Summer,True,False,False,False,True
2022-05-25,Chennai,South,32.3,27.3,0.0,47.1,7.3,Clear,29.799999999999997,4.9999999999999964,2022,5,May,145,Summer,False,False,False,False,False
2022-05-25,Delhi,North,39.8,31.1,0.0,63.7,8.8,Clear,35.45,8.699999999999996,2022,5,May,145,Summer,False,False,False,False,False
2022-05-25,Jaipur,Northwest,37.4,25.7,0.0,54.7,4.3,Clear,31.549999999999997,11.7,2022,5,May,145,Summer,False,False,False,False,False
2022-05-25,Kolkata,East,34.1,26.4,0.0,43.2,3.0,Clear,30.25,7.700000000000003,2022,5,May,145,Summer,False,False,False,False,False
2022-05-25,Mumbai,West,31.8,24.9,0.0,43.2,14.4,Clear,28.35,6.900000000000002,2022,5,May,145,Summer,False,False,False,False,False
2022-05-26,Bengaluru,South,29.6,21.8,0.0,72.5,9.0,Clear,25.700000000000003,7.800000000000001,2022,5,May,146,Summer,False,False,False,False,False
2022-05-26,Chennai,South,36.1,28.2,0.0,42.1,3.6,Clear,32.15,7.900000000000002,2022,5,May,146,Summer,False,False,False,False,False
2022-05-26,Delhi,North,40.2,28.9,0.0,35.2,7.1,Clear,34.55,11.300000000000004,2022,5,May,146,Summer,False,True,False,False,True
2022-05-26,Jaipur,Northwest,36.0,26.8,0.0,39.5,4.9,Clear,31.4,9.2,2022,5,May,146,Summer,False,False,False,False,False
2022-05-26,Kolkata,East,34.1,29.1,0.0,47.3,9.6,Clear,31.6,5.0,2022,5,May,146,Summer,False,False,False,False,False
2022-05-26,Mumbai,West,33.5,27.4,0.0,47.7,7.8,Clear,30.45,6.100000000000001,2022,5,May,146,Summer,False,False,False,False,False
2022-05-27,Bengaluru,South,28.3,21.5,108.0,92.7,16.6,Heavy Rain,24.9,6.800000000000001,2022,5,May,147,Summer,True,False,False,False,True
2022-05-27,Chennai,South,33.6,27.3,9.2,72.5,9.7,Light Rain,30.450000000000003,6.300000000000001,2022,5,May,147,Summer,False,False,False,False,False
2022-05-27,Delhi,North,37.7,28.2,0.0,49.9,5.9,Clear,32.95,9.500000000000004,2022,5,May,147,Summer,False,False,False,False,False
2022-05-27,Jaipur,Northwest,37.6,25.8,0.0,49.3,37.7,Clear,31.700000000000003,11.8,2022,5,May,147,Summer,False,False,False,False,False
2022-05-27,Kolkata,East,33.0,23.8,0.0,44.1,1.7,Clear,28.4,9.2,2022,5,May,147,Summer,False,False,False,False,False
2022-05-27,Mumbai,West,33.3,28.0,0.0,49.0,3.2,Clear,30.65,5.299999999999997,2022,5,May,147,Summer,False,False,False,False,False
2022-05-28,Bengaluru,South,29.5,21.7,44.7,69.6,13.5,Rain,25.6,7.800000000000001,2022,5,May,148,Summer,False,False,False,False,False
2022-05-28,Chennai,South,35.2,28.7,0.0,53.5,20.3,Clear,31.950000000000003,6.5000000000000036,2022,5,May,148,Summer,False,False,False,False,False
2022-05-28,Delhi,North,39.0,25.4,0.0,37.9,6.0,Clear,32.2,13.600000000000001,2022,5,May,148,Summer,False,False,False,False,False
2022-05-28,Jaipur,Northwest,41.5,28.3,0.0,51.2,5.7,Clear,34.9,13.2,2022,5,May,148,Summer,False,True,False,False,True
2022-05-28,Kolkata,East,35.2,28.4,0.0,42.3,6.9,Clear,31.8,6.800000000000004,2022,5,May,148,Summer,False,False,False,False,False
2022-05-28,Mumbai,West,32.7,26.0,0.0,47.7,15.0,Clear,29.35,6.700000000000003,2022,5,May,148,Summer,False,False,False,False,False
2022-05-29,Bengaluru,South,23.8,18.2,0.0,65.0,0.4,Clear,21.0,5.600000000000001,2022,5,May,149,Summer,False,False,False,False,False
2022-05-29,Chennai,South,34.7,25.8,0.0,42.1,2.2,Clear,30.25,8.900000000000002,2022,5,May,149,Summer,False,False,False,False,False
2022-05-29,Delhi,North,38.4,25.3,0.0,45.8,14.2,Clear,31.85,13.099999999999998,2022,5,May,149,Summer,False,False,False,False,False
2022-05-29,Jaipur,Northwest,37.8,27.2,0.0,49.2,4.2,Clear,32.5,10.599999999999998,2022,5,May,149,Summer,False,False,False,False,False
2022-05-29,Kolkata,East,32.5,23.5,0.0,44.8,8.8,Clear,28.0,9.0,2022,5,May,149,Summer,False,False,False,False,False
2022-05-29,Mumbai,West,37.5,28.0,0.0,62.0,6.6,Clear,32.75,9.5,2022,5,May,149,Summer,False,False,False,False,False
2022-05-30,Bengaluru,South,27.5,20.6,83.8,82.4,21.3,Heavy Rain,24.05,6.899999999999999,2022,5,May,150,Summer,True,False,False,False,True
2022-05-30,Chennai,South,32.9,27.9,0.0,37.4,6.3,Clear,30.4,5.0,2022,5,May,150,Summer,False,False,False,False,False
2022-05-30,Delhi,North,40.1,28.8,0.0,36.8,4.7,Clear,34.45,11.3,2022,5,May,150,Summer,False,True,False,False,True
2022-05-30,Jaipur,Northwest,41.5,31.2,0.0,35.6,9.6,Clear,36.35,10.3,2022,5,May,150,Summer,False,True,False,False,True
2022-05-30,Kolkata,East,34.3,28.3,7.2,59.6,32.3,Light Rain,31.299999999999997,5.9999999999999964,2022,5,May,150,Summer,False,False,False,False,False
2022-05-30,Mumbai,West,32.5,26.0,0.0,31.7,10.2,Clear,29.25,6.5,2022,5,May,150,Summer,False,False,False,False,False
2022-05-31,Bengaluru,South,28.5,21.8,0.0,61.8,10.3,Clear,25.15,6.699999999999999,2022,5,May,151,Summer,False,False,False,False,False
2022-05-31,Chennai,South,36.9,27.4,0.0,55.8,10.2,Clear,32.15,9.5,2022,5,May,151,Summer,False,False,False,False,False
2022-05-31,Delhi,North,37.7,26.0,0.0,35.3,15.4,Clear,31.85,11.700000000000003,2022,5,May,151,Summer,False,False,False,False,False
2022-05-31,Jaipur,Northwest,38.8,29.0,0.0,38.3,14.6,Clear,33.9,9.799999999999997,2022,5,May,151,Summer,False,False,False,False,False
2022-05-31,Kolkata,East,33.4,27.3,0.0,49.1,8.7,Clear,30.35,6.099999999999998,2022,5,May,151,Summer,False,False,False,False,False
2022-05-31,Mumbai,West,30.1,24.1,0.9,51.1,10.8,Light Rain,27.1,6.0,2022,5,May,151,Summer,False,False,False,False,False
2022-06-01,Bengaluru,South,29.4,22.3,124.9,94.5,16.6,Heavy Rain,25.85,7.099999999999998,2022,6,June,152,Monsoon,True,False,False,False,True
2022-06-01,Chennai,South,35.5,28.2,0.0,57.7,15.1,Clear,31.85,7.300000000000001,2022,6,June,152,Monsoon,False,False,False,False,False
2022-06-01,Delhi,North,40.6,30.1,0.0,62.7,11.6,Clear,35.35,10.5,2022,6,June,152,Monsoon,False,True,False,False,True
2022-06-01,Jaipur,Northwest,40.3,29.6,0.0,33.5,2.8,Clear,34.95,10.699999999999996,2022,6,June,152,Monsoon,False,True,False,False,True
2022-06-01,Kolkata,East,34.4,27.6,19.9,67.9,19.2,Rain,31.0,6.799999999999997,2022,6,June,152,Monsoon,False,False,False,False,False
2022-06-01,Mumbai,West,32.7,24.1,23.7,57.8,10.5,Rain,28.400000000000002,8.600000000000001,2022,6,June,152,Monsoon,False,False,False,False,False
2022-06-02,Bengaluru,South,27.7,20.5,113.1,83.0,8.7,Heavy Rain,24.1,7.199999999999999,2022,6,June,153,Monsoon,True,False,False,False,True
2022-06-02,Chennai,South,35.2,27.2,11.7,62.0,6.0,Rain,31.200000000000003,8.000000000000004,2022,6,June,153,Monsoon,False,False,False,False,False
2022-06-02,Delhi,North,37.8,29.5,0.0,49.6,5.5,Clear,33.65,8.299999999999997,2022,6,June,153,Monsoon,False,False,False,False,False
2022-06-02,Jaipur,Northwest,40.7,28.1,0.0,47.6,2.8,Clear,34.400000000000006,12.600000000000001,2022,6,June,153,Monsoon,False,True,False,False,True
2022-06-02,Kolkata,East,33.1,27.8,4.1,55.3,8.3,Light Rain,30.450000000000003,5.300000000000001,2022,6,June,153,Monsoon,False,False,False,False,False
2022-06-02,Mumbai,West,36.4,27.0,4.4,53.4,15.8,Light Rain,31.7,9.399999999999999,2022,6,June,153,Monsoon,False,False,False,False,False
2022-06-03,Bengaluru,South,28.1,21.8,4.1,83.3,10.5,Light Rain,24.950000000000003,6.300000000000001,2022,6,June,154,Monsoon,False,False,False,False,False
2022-06-03,Chennai,South,32.5,25.6,38.7,59.9,10.3,Rain,29.05,6.899999999999999,2022,6,June,154,Monsoon,False,False,False,False,False
2022-06-03,Delhi,North,38.6,26.3,0.0,51.3,5.7,Clear,32.45,12.3,2022,6,June,154,Monsoon,False,False,False,False,False
2022-06-03,Jaipur,Northwest,39.6,28.7,0.0,50.1,7.7,Clear,34.15,10.900000000000002,2022,6,June,154,Monsoon,False,False,False,False,False
2022-06-03,Kolkata,East,34.2,27.0,0.0,48.5,13.4,Clear,30.6,7.200000000000003,2022,6,June,154,Monsoon,False,False,False,False,False
2022-06-03,Mumbai,West,32.5,24.7,9.6,57.3,12.1,Light Rain,28.6,7.800000000000001,2022,6,June,154,Monsoon,False,False,False,False,False
2022-06-04,Bengaluru,South,30.3,22.9,43.2,68.7,17.3,Rain,26.6,7.400000000000002,2022,6,June,155,Monsoon,False,False,False,False,False
2022-06-04,Chennai,South,34.1,26.1,42.0,65.6,10.2,Rain,30.1,8.0,2022,6,June,155,Monsoon,False,False,False,False,False
2022-06-04,Delhi,North,35.4,24.2,0.0,45.2,6.1,Clear,29.799999999999997,11.2,2022,6,June,155,Monsoon,False,False,False,False,False
2022-06-04,Jaipur,Northwest,41.7,29.7,0.0,64.2,2.4,Clear,35.7,12.000000000000004,2022,6,June,155,Monsoon,False,True,False,False,True
2022-06-04,Kolkata,East,33.2,26.6,7.7,58.3,14.1,Light Rain,29.900000000000002,6.600000000000001,2022,6,June,155,Monsoon,False,False,False,False,False
2022-06-04,Mumbai,West,31.2,26.2,19.1,61.0,11.4,Rain,28.7,5.0,2022,6,June,155,Monsoon,False,False,False,False,False
2022-06-05,Bengaluru,South,32.2,23.9,29.2,74.0,32.6,Rain,28.05,8.300000000000004,2022,6,June,156,Monsoon,False,False,False,False,False
2022-06-05,Chennai,South,31.0,23.7,0.0,41.0,2.3,Clear,27.35,7.300000000000001,2022,6,June,156,Monsoon,False,False,False,False,False
2022-06-05,Delhi,North,38.7,29.6,0.0,60.2,6.3,Clear,34.150000000000006,9.100000000000001,2022,6,June,156,Monsoon,False,False,False,False,False
2022-06-05,Jaipur,Northwest,39.1,27.3,0.0,58.2,5.0,Clear,33.2,11.8,2022,6,June,156,Monsoon,False,False,False,False,False
2022-06-05,Kolkata,East,34.7,27.1,26.7,62.2,7.7,Rain,30.900000000000002,7.600000000000001,2022,6,June,156,Monsoon,False,False,False,False,False
2022-06-05,Mumbai,West,30.5,23.0,51.4,72.9,10.9,Rain,26.75,7.5,2022,6,June,156,Monsoon,False,False,False,False,False
2022-06-06,Bengaluru,South,25.9,19.6,135.6,75.7,7.3,Heavy Rain,22.75,6.299999999999997,2022,6,June,157,Monsoon,True,False,False,False,True
2022-06-06,Chennai,South,34.1,27.6,31.7,54.7,16.5,Rain,30.85,6.5,2022,6,June,157,Monsoon,False,False,False,False,False
2022-06-06,Delhi,North,37.4,25.2,0.0,53.7,12.2,Clear,31.299999999999997,12.2,2022,6,June,157,Monsoon,False,False,False,False,False
2022-06-06,Jaipur,Northwest,39.9,28.8,0.0,50.7,6.1,Clear,34.35,11.099999999999998,2022,6,June,157,Monsoon,False,False,False,False,False
2022-06-06,Kolkata,East,34.2,26.9,64.1,57.8,9.2,Rain,30.55,7.300000000000004,2022,6,June,157,Monsoon,False,False,False,False,False
2022-06-06,Mumbai,West,33.7,26.8,41.2,58.7,12.6,Rain,30.25,6.900000000000002,2022,6,June,157,Monsoon,False,False,False,False,False
2022-06-07,Bengaluru,South,25.2,17.1,32.3,77.5,15.5,Rain,21.15,8.099999999999998,2022,6,June,158,Monsoon,False,False,False,False,False
2022-06-07,Chennai,South,33.8,27.0,0.0,59.0,9.1,Clear,30.4,6.799999999999997,2022,6,June,158,Monsoon,False,False,False,False,False
2022-06-07,Delhi,North,40.6,28.3,0.0,24.3,3.4,Clear,34.45,12.3,2022,6,June,158,Monsoon,False,True,False,False,True
2022-06-07,Jaipur,Northwest,43.6,30.2,0.0,52.1,8.5,Clear,36.9,13.400000000000002,2022,6,June,158,Monsoon,False,True,False,False,True
2022-06-07,Kolkata,East,34.7,26.4,0.0,48.7,23.9,Clear,30.55,8.300000000000004,2022,6,June,158,Monsoon,False,False,False,False,False
2022-06-07,Mumbai,West,34.2,26.2,9.0,65.7,7.3,Light Rain,30.200000000000003,8.000000000000004,2022,6,June,158,Monsoon,False,False,False,False,False
2022-06-08,Bengaluru,South,29.0,19.6,0.0,84.8,6.8,Cloudy,24.3,9.399999999999999,2022,6,June,159,Monsoon,False,False,False,False,False
2022-06-08,Chennai,South,35.1,27.5,0.0,69.1,7.6,Clear,31.3,7.600000000000001,2022,6,June,159,Monsoon,False,False,False,False,False
2022-06-08,Delhi,North,41.6,32.2,0.0,59.4,2.3,Clear,36.900000000000006,9.399999999999999,2022,6,June,159,Monsoon,False,True,False,False,True
2022-06-08,Jaipur,Northwest,39.4,27.3,0.0,56.1,10.9,Clear,33.35,12.099999999999998,2022,6,June,159,Monsoon,False,False,False,False,False
2022-06-08,Kolkata,East,33.6,25.7,0.0,51.2,3.1,Clear,29.65,7.900000000000002,2022,6,June,159,Monsoon,False,False,False,False,False
2022-06-08,Mumbai,West,34.2,27.7,17.4,51.6,16.1,Rain,30.950000000000003,6.5000000000000036,2022,6,June,159,Monsoon,False,False,False,False,False
2022-06-09,Bengaluru,South,28.6,21.3,122.5,92.7,9.8,Heavy Rain,24.950000000000003,7.300000000000001,2022,6,June,160,Monsoon,True,False,False,False,True
2022-06-09,Chennai,South,34.6,29.1,32.4,64.0,16.8,Rain,31.85,5.5,2022,6,June,160,Monsoon,False,False,False,False,False
2022-06-09,Delhi,North,37.9,29.7,0.0,43.9,9.4,Clear,33.8,8.2,2022,6,June,160,Monsoon,False,False,False,False,False
2022-06-09,Jaipur,Northwest,41.9,30.8,0.0,55.9,14.6,Clear,36.35,11.099999999999998,2022,6,June,160,Monsoon,False,True,False,False,True
2022-06-09,Kolkata,East,31.7,23.8,0.0,74.3,15.3,Clear,27.75,7.899999999999999,2022,6,June,160,Monsoon,False,False,False,False,False
2022-06-09,Mumbai,West,36.9,29.2,17.5,55.8,16.2,Rain,33.05,7.699999999999999,2022,6,June,160,Monsoon,False,False,False,False,False
2022-06-10,Bengaluru,South,28.7,19.9,58.7,94.1,23.1,Rain,24.299999999999997,8.8,2022,6,June,161,Monsoon,False,False,False,False,False
2022-06-10,Chennai,South,35.2,30.1,0.0,56.3,8.5,Clear,32.650000000000006,5.100000000000001,2022,6,June,161,Monsoon,False,False,False,False,False
2022-06-10,Delhi,North,41.2,29.2,0.0,63.3,8.1,Clear,35.2,12.000000000000004,2022,6,June,161,Monsoon,False,True,False,False,True
2022-06-10,Jaipur,Northwest,39.5,27.8,0.0,53.1,5.5,Clear,33.65,11.7,2022,6,June,161,Monsoon,False,False,False,False,False
2022-06-10,Kolkata,East,31.8,22.2,0.0,60.3,9.0,Clear,27.0,9.600000000000001,2022,6,June,161,Monsoon,False,False,False,False,False
2022-06-10,Mumbai,West,36.5,27.9,9.2,60.2,19.8,Light Rain,32.2,8.600000000000001,2022,6,June,161,Monsoon,False,False,False,False,False
2022-06-11,Bengaluru,South,29.5,23.0,0.0,82.3,9.5,Cloudy,26.25,6.5,2022,6,June,162,Monsoon,False,False,False,False,False
2022-06-11,Chennai,South,33.6,27.4,5.7,62.3,12.7,Light Rain,30.5,6.200000000000003,2022,6,June,162,Monsoon,False,False,False,False,False
2022-06-11,Delhi,North,40.9,31.8,0.0,48.0,6.6,Clear,36.35,9.099999999999998,2022,6,June,162,Monsoon,False,True,False,False,True
2022-06-11,Jaipur,Northwest,42.3,33.0,0.0,50.4,17.5,Clear,37.65,9.299999999999997,2022,6,June,162,Monsoon,False,True,False,False,True
2022-06-11,Kolkata,East,35.9,29.9,0.0,49.8,8.3,Clear,32.9,6.0,2022,6,June,162,Monsoon,False,False,False,False,False
2022-06-11,Mumbai,West,35.6,29.4,15.7,64.2,8.3,Rain,32.5,6.200000000000003,2022,6,June,162,Monsoon,False,False,False,False,False
2022-06-12,Bengaluru,South,29.9,24.9,125.4,92.8,10.3,Heavy Rain,27.4,5.0,2022,6,June,163,Monsoon,True,False,False,False,True
2022-06-12,Chennai,South,35.5,27.1,0.0,56.7,3.5,Clear,31.3,8.399999999999999,2022,6,June,163,Monsoon,False,False,False,False,False
2022-06-12,Delhi,North,44.1,32.7,0.0,44.3,10.7,Clear,38.400000000000006,11.399999999999999,2022,6,June,163,Monsoon,False,True,False,False,True
2022-06-12,Jaipur,Northwest,43.3,30.2,0.0,43.0,5.7,Clear,36.75,13.099999999999998,2022,6,June,163,Monsoon,False,True,False,False,True
2022-06-12,Kolkata,East,35.2,27.7,9.0,69.8,9.4,Light Rain,31.450000000000003,7.5000000000000036,2022,6,June,163,Monsoon,False,False,False,False,False
2022-06-12,Mumbai,West,31.8,24.0,9.2,62.4,19.1,Light Rain,27.9,7.800000000000001,2022,6,June,163,Monsoon,False,False,False,False,False
2022-06-13,Bengaluru,South,27.7,22.3,54.5,87.7,13.3,Rain,25.0,5.399999999999999,2022,6,June,164,Monsoon,False,False,False,False,False
2022-06-13,Chennai,South,32.8,25.2,32.5,71.6,14.7,Rain,29.0,7.599999999999998,2022,6,June,164,Monsoon,False,False,False,False,False
2022-06-13,Delhi,North,40.5,27.9,0.0,59.3,13.5,Clear,34.2,12.600000000000001,2022,6,June,164,Monsoon,False,True,False,False,True
2022-06-13,Jaipur,Northwest,40.1,31.3,0.0,52.4,8.7,Clear,35.7,8.8,2022,6,June,164,Monsoon,False,True,False,False,True
2022-06-13,Kolkata,East,33.6,27.4,0.0,54.8,15.4,Clear,30.5,6.200000000000003,2022,6,June,164,Monsoon,False,False,False,False,False
2022-06-13,Mumbai,West,31.5,23.1,47.2,69.4,9.4,Rain,27.3,8.399999999999999,2022,6,June,164,Monsoon,False,False,False,False,False
2022-06-14,Bengaluru,South,26.8,18.7,91.6,77.4,12.9,Heavy Rain,22.75,8.100000000000001,2022,6,June,165,Monsoon,True,False,False,False,True
2022-06-14,Chennai,South,31.3,24.0,19.1,49.7,15.0,Rain,27.65,7.300000000000001,2022,6,June,165,Monsoon,False,False,False,False,False
2022-06-14,Delhi,North,42.0,30.6,18.7,64.9,6.7,Rain,36.3,11.399999999999999,2022,6,June,165,Monsoon,False,True,False,False,True
2022-06-14,Jaipur,Northwest,39.6,28.9,0.0,54.8,18.1,Clear,34.25,10.700000000000003,2022,6,June,165,Monsoon,False,False,False,False,False
2022-06-14,Kolkata,East,36.5,30.0,32.7,67.7,12.4,Rain,33.25,6.5,2022,6,June,165,Monsoon,False,False,False,False,False
2022-06-14,Mumbai,West,32.5,26.4,20.2,51.4,6.6,Rain,29.45,6.100000000000001,2022,6,June,165,Monsoon,False,False,False,False,False
2022-06-15,Bengaluru,South,27.3,21.2,0.0,83.1,5.3,Cloudy,24.25,6.100000000000001,2022,6,June,166,Monsoon,False,False,False,False,False
2022-06-15,Chennai,South,38.6,33.5,11.0,58.2,13.4,Rain,36.05,5.100000000000001,2022,6,June,166,Monsoon,False,False,False,False,False
2022-06-15,Delhi,North,37.2,25.9,0.0,46.1,17.8,Clear,31.55,11.300000000000004,2022,6,June,166,Monsoon,False,False,False,False,False
2022-06-15,Jaipur,Northwest,39.8,29.2,47.2,58.7,7.6,Rain,34.5,10.599999999999998,2022,6,June,166,Monsoon,False,False,False,False,False
2022-06-15,Kolkata,East,34.0,29.0,0.0,59.1,13.4,Clear,31.5,5.0,2022,6,June,166,Monsoon,False,False,False,False,False
2022-06-15,Mumbai,West,34.6,29.4,10.1,54.1,7.1,Rain,32.0,5.200000000000003,2022,6,June,166,Monsoon,False,False,False,False,False
2022-06-16,Bengaluru,South,29.8,22.1,0.0,70.0,8.6,Clear,25.950000000000003,7.699999999999999,2022,6,June,167,Monsoon,False,False,False,False,False
2022-06-16,Chennai,South,33.3,24.9,0.0,54.7,2.5,Clear,29.099999999999998,8.399999999999999,2022,6,June,167,Monsoon,False,False,False,False,False
2022-06-16,Delhi,North,36.7,26.0,0.0,53.7,19.0,Clear,31.35,10.700000000000003,2022,6,June,167,Monsoon,False,False,False,False,False
2022-06-16,Jaipur,Northwest,40.5,28.8,0.0,58.1,13.8,Clear,34.65,11.7,2022,6,June,167,Monsoon,False,True,False,False,True
2022-06-16,Kolkata,East,35.4,27.4,34.6,60.0,27.8,Rain,31.4,8.0,2022,6,June,167,Monsoon,False,False,False,False,False
2022-06-16,Mumbai,West,33.3,26.1,9.2,70.5,10.0,Light Rain,29.7,7.199999999999996,2022,6,June,167,Monsoon,False,False,False,False,False
2022-06-17,Bengaluru,South,29.1,20.1,101.7,81.8,9.0,Heavy Rain,24.6,9.0,2022,6,June,168,Monsoon,True,False,False,False,True
2022-06-17,Chennai,South,33.2,28.0,0.0,46.7,7.3,Clear,30.6,5.200000000000003,2022,6,June,168,Monsoon,False,False,False,False,False
2022-06-17,Delhi,North,38.1,26.1,0.0,52.4,8.8,Clear,32.1,12.0,2022,6,June,168,Monsoon,False,False,False,False,False
2022-06-17,Jaipur,Northwest,44.8,33.1,0.0,69.3,14.0,Clear,38.95,11.699999999999996,2022,6,June,168,Monsoon,False,True,False,False,True
2022-06-17,Kolkata,East,31.4,24.7,0.0,42.8,7.9,Clear,28.049999999999997,6.699999999999999,2022,6,June,168,Monsoon,False,False,False,False,False
2022-06-17,Mumbai,West,33.2,24.4,3.7,77.6,16.6,Light Rain,28.8,8.800000000000004,2022,6,June,168,Monsoon,False,False,False,False,False
2022-06-18,Bengaluru,South,31.3,23.3,174.7,88.1,15.3,Heavy Rain,27.3,8.0,2022,6,June,169,Monsoon,True,False,False,False,True
2022-06-18,Chennai,South,36.5,30.5,0.0,64.1,13.6,Clear,33.5,6.0,2022,6,June,169,Monsoon,False,False,False,False,False
2022-06-18,Delhi,North,42.2,31.8,0.0,55.0,15.8,Clear,37.0,10.400000000000002,2022,6,June,169,Monsoon,False,True,False,False,True
2022-06-18,Jaipur,Northwest,40.7,28.6,0.0,44.1,2.1,Clear,34.650000000000006,12.100000000000001,2022,6,June,169,Monsoon,False,True,False,False,True
2022-06-18,Kolkata,East,32.6,25.2,28.3,64.1,14.9,Rain,28.9,7.400000000000002,2022,6,June,169,Monsoon,False,False,False,False,False
2022-06-18,Mumbai,West,30.8,22.9,32.3,60.3,12.3,Rain,26.85,7.900000000000002,2022,6,June,169,Monsoon,False,False,False,False,False
2022-06-19,Bengaluru,South,29.3,23.0,76.8,75.5,28.5,Heavy Rain,26.15,6.300000000000001,2022,6,June,170,Monsoon,True,False,False,False,True
2022-06-19,Chennai,South,36.6,28.6,0.0,63.9,2.1,Clear,32.6,8.0,2022,6,June,170,Monsoon,False,False,False,False,False
2022-06-19,Delhi,North,43.1,30.4,0.0,45.3,24.6,Clear,36.75,12.700000000000003,2022,6,June,170,Monsoon,False,True,False,False,True
2022-06-19,Jaipur,Northwest,43.0,30.0,7.0,52.8,10.3,Light Rain,36.5,13.0,2022,6,June,170,Monsoon,False,True,False,False,True
2022-06-19,Kolkata,East,33.4,28.1,0.0,55.1,6.5,Clear,30.75,5.299999999999997,2022,6,June,170,Monsoon,False,False,False,False,False
2022-06-19,Mumbai,West,34.6,29.0,0.0,52.6,7.2,Clear,31.8,5.600000000000001,2022,6,June,170,Monsoon,False,False,False,False,False
2022-06-20,Bengaluru,South,32.8,26.8,125.8,72.8,11.8,Heavy Rain,29.799999999999997,5.9999999999999964,2022,6,June,171,Monsoon,True,False,False,False,True
2022-06-20,Chennai,South,34.6,28.7,0.0,57.1,4.9,Clear,31.65,5.900000000000002,2022,6,June,171,Monsoon,False,False,False,False,False
2022-06-20,Delhi,North,39.3,28.9,0.0,56.4,6.3,Clear,34.099999999999994,10.399999999999999,2022,6,June,171,Monsoon,False,False,False,False,False
2022-06-20,Jaipur,Northwest,42.1,30.5,0.0,35.8,7.7,Clear,36.3,11.600000000000001,2022,6,June,171,Monsoon,False,True,False,False,True
2022-06-20,Kolkata,East,34.1,26.9,0.0,59.0,10.8,Clear,30.5,7.200000000000003,2022,6,June,171,Monsoon,False,False,False,False,False
2022-06-20,Mumbai,West,34.8,26.8,0.0,51.8,7.9,Clear,30.799999999999997,7.9999999999999964,2022,6,June,171,Monsoon,False,False,False,False,False
2022-06-21,Bengaluru,South,25.9,20.9,0.0,82.4,5.8,Cloudy,23.4,5.0,2022,6,June,172,Monsoon,False,False,False,False,False
2022-06-21,Chennai,South,31.9,26.7,0.0,73.9,3.4,Clear,29.299999999999997,5.199999999999999,2022,6,June,172,Monsoon,False,False,False,False,False
2022-06-21,Delhi,North,40.8,28.7,11.4,44.7,8.0,Rain,34.75,12.099999999999998,2022,6,June,172,Monsoon,False,True,False,False,True
2022-06-21,Jaipur,Northwest,38.1,28.3,0.0,43.5,8.9,Clear,33.2,9.8,2022,6,June,172,Monsoon,False,False,False,False,False
2022-06-21,Kolkata,East,31.3,25.3,18.9,68.7,22.2,Rain,28.3,6.0,2022,6,June,172,Monsoon,False,False,False,False,False
2022-06-21,Mumbai,West,33.4,27.2,17.2,74.5,17.7,Rain,30.299999999999997,6.199999999999999,2022,6,June,172,Monsoon,False,False,False,False,False
2022-06-22,Bengaluru,South,26.9,21.0,91.2,83.5,7.8,Heavy Rain,23.95,5.899999999999999,2022,6,June,173,Monsoon,True,False,False,False,True
2022-06-22,Chennai,South,33.3,26.2,22.0,55.8,15.1,Rain,29.75,7.099999999999998,2022,6,June,173,Monsoon,False,False,False,False,False
2022-06-22,Delhi,North,39.7,26.2,0.0,51.6,14.1,Clear,32.95,13.500000000000004,2022,6,June,173,Monsoon,False,False,False,False,False
2022-06-22,Jaipur,Northwest,43.4,33.3,11.3,48.3,18.1,Rain,38.349999999999994,10.100000000000001,2022,6,June,173,Monsoon,False,True,False,False,True
2022-06-22,Kolkata,East,34.0,27.3,4.8,57.9,14.7,Light Rain,30.65,6.699999999999999,2022,6,June,173,Monsoon,False,False,False,False,False
2022-06-22,Mumbai,West,30.6,24.1,20.5,55.7,26.4,Rain,27.35,6.5,2022,6,June,173,Monsoon,False,False,False,False,False
2022-06-23,Bengaluru,South,30.0,23.3,33.4,76.6,11.0,Rain,26.65,6.699999999999999,2022,6,June,174,Monsoon,False,False,False,False,False
2022-06-23,Chennai,South,36.3,28.0,0.0,51.6,5.8,Clear,32.15,8.299999999999997,2022,6,June,174,Monsoon,False,False,False,False,False
2022-06-23,Delhi,North,42.6,32.1,0.0,42.6,11.1,Clear,37.35,10.5,2022,6,June,174,Monsoon,False,True,False,False,True
2022-06-23,Jaipur,Northwest,40.2,30.7,0.0,58.4,4.5,Clear,35.45,9.500000000000004,2022,6,June,174,Monsoon,False,True,False,False,True
2022-06-23,Kolkata,East,35.2,26.8,34.6,59.1,17.4,Rain,31.0,8.400000000000002,2022,6,June,174,Monsoon,False,False,False,False,False
2022-06-23,Mumbai,West,33.8,27.9,119.4,56.7,16.8,Heavy Rain,30.849999999999998,5.899999999999999,2022,6,June,174,Monsoon,True,False,False,False,True
2022-06-24,Bengaluru,South,24.9,19.3,50.1,77.1,15.7,Rain,22.1,5.599999999999998,2022,6,June,175,Monsoon,False,False,False,False,False
2022-06-24,Chennai,South,34.8,28.1,0.0,54.6,5.8,Clear,31.45,6.699999999999996,2022,6,June,175,Monsoon,False,False,False,False,False
2022-06-24,Delhi,North,38.7,27.6,0.0,48.2,4.3,Clear,33.150000000000006,11.100000000000001,2022,6,June,175,Monsoon,False,False,False,False,False
2022-06-24,Jaipur,Northwest,44.8,31.1,0.0,46.7,5.8,Clear,37.95,13.699999999999996,2022,6,June,175,Monsoon,False,True,False,False,True
2022-06-24,Kolkata,East,38.6,31.2,16.7,59.0,9.3,Rain,34.9,7.400000000000002,2022,6,June,175,Monsoon,False,False,False,False,False
2022-06-24,Mumbai,West,34.2,26.4,10.8,67.3,12.9,Rain,30.3,7.800000000000004,2022,6,June,175,Monsoon,False,False,False,False,False
2022-06-25,Bengaluru,South,31.3,24.7,0.0,64.5,2.0,Clear,28.0,6.600000000000001,2022,6,June,176,Monsoon,False,False,False,False,False
2022-06-25,Chennai,South,33.0,28.0,0.6,58.4,14.7,Light Rain,30.5,5.0,2022,6,June,176,Monsoon,False,False,False,False,False
2022-06-25,Delhi,North,39.7,28.3,0.0,38.3,4.4,Clear,34.0,11.400000000000002,2022,6,June,176,Monsoon,False,False,False,False,False
2022-06-25,Jaipur,Northwest,41.3,30.6,0.0,33.7,10.7,Clear,35.95,10.699999999999996,2022,6,June,176,Monsoon,False,True,False,False,True
2022-06-25,Kolkata,East,32.5,27.5,7.7,56.5,13.9,Light Rain,30.0,5.0,2022,6,June,176,Monsoon,False,False,False,False,False
2022-06-25,Mumbai,West,35.1,28.0,55.1,65.5,14.8,Rain,31.55,7.100000000000001,2022,6,June,176,Monsoon,False,False,False,False,False
2022-06-26,Bengaluru,South,29.5,23.3,55.1,81.4,13.0,Rain,26.4,6.199999999999999,2022,6,June,177,Monsoon,False,False,False,False,False
2022-06-26,Chennai,South,35.9,28.7,19.8,55.9,10.0,Rain,32.3,7.199999999999999,2022,6,June,177,Monsoon,False,False,False,False,False
2022-06-26,Delhi,North,43.6,30.9,4.1,54.9,36.5,Light Rain,37.25,12.700000000000003,2022,6,June,177,Monsoon,False,True,False,False,True
2022-06-26,Jaipur,Northwest,41.5,30.0,0.0,42.3,7.2,Clear,35.75,11.5,2022,6,June,177,Monsoon,False,True,False,False,True
2022-06-26,Kolkata,East,32.4,25.9,5.4,59.7,11.4,Light Rain,29.15,6.5,2022,6,June,177,Monsoon,False,False,False,False,False
2022-06-26,Mumbai,West,35.0,28.3,0.0,54.7,11.9,Clear,31.65,6.699999999999999,2022,6,June,177,Monsoon,False,False,False,False,False
2022-06-27,Bengaluru,South,29.6,23.0,19.9,80.1,7.7,Rain,26.3,6.600000000000001,2022,6,June,178,Monsoon,False,False,False,False,False
2022-06-27,Chennai,South,36.4,28.7,19.2,77.7,15.2,Rain,32.55,7.699999999999999,2022,6,June,178,Monsoon,False,False,False,False,False
2022-06-27,Delhi,North,40.9,30.2,0.0,48.0,8.8,Clear,35.55,10.7,2022,6,June,178,Monsoon,False,True,False,False,True
2022-06-27,Jaipur,Northwest,44.5,33.2,0.0,46.8,5.0,Clear,38.85,11.299999999999997,2022,6,June,178,Monsoon,False,True,False,False,True
2022-06-27,Kolkata,East,33.7,26.9,0.0,65.2,17.6,Clear,30.3,6.800000000000004,2022,6,June,178,Monsoon,False,False,False,False,False
2022-06-27,Mumbai,West,32.0,25.3,10.9,74.8,13.8,Rain,28.65,6.699999999999999,2022,6,June,178,Monsoon,False,False,False,False,False
2022-06-28,Bengaluru,South,27.3,20.9,221.2,71.2,10.2,Heavy Rain,24.1,6.400000000000002,2022,6,June,179,Monsoon,True,False,False,False,True
2022-06-28,Chennai,South,32.7,26.6,6.7,68.7,16.4,Light Rain,29.650000000000002,6.100000000000001,2022,6,June,179,Monsoon,False,False,False,False,False
2022-06-28,Delhi,North,41.2,30.1,0.0,31.9,8.4,Clear,35.650000000000006,11.100000000000001,2022,6,June,179,Monsoon,False,True,False,False,True
2022-06-28,Jaipur,Northwest,44.6,31.2,0.0,72.5,17.4,Clear,37.9,13.400000000000002,2022,6,June,179,Monsoon,False,True,False,False,True
2022-06-28,Kolkata,East,35.3,30.1,13.1,61.6,24.6,Rain,32.7,5.199999999999996,2022,6,June,179,Monsoon,False,False,False,False,False
2022-06-28,Mumbai,West,34.0,29.0,0.0,51.1,26.8,Clear,31.5,5.0,2022,6,June,179,Monsoon,False,False,False,False,False
2022-06-29,Bengaluru,South,31.0,22.0,118.0,85.1,7.5,Heavy Rain,26.5,9.0,2022,6,June,180,Monsoon,True,False,False,False,True
2022-06-29,Chennai,South,37.7,30.5,0.0,49.8,8.8,Clear,34.1,7.200000000000003,2022,6,June,180,Monsoon,False,False,False,False,False
2022-06-29,Delhi,North,43.3,31.8,0.0,52.3,14.4,Clear,37.55,11.499999999999996,2022,6,June,180,Monsoon,False,True,False,False,True
2022-06-29,Jaipur,Northwest,44.7,33.4,0.0,58.1,1.3,Clear,39.05,11.300000000000004,2022,6,June,180,Monsoon,False,True,False,False,True
2022-06-29,Kolkata,East,36.9,28.5,6.3,58.1,12.5,Light Rain,32.7,8.399999999999999,2022,6,June,180,Monsoon,False,False,False,False,False
2022-06-29,Mumbai,West,33.8,27.0,0.0,57.5,5.5,Clear,30.4,6.799999999999997,2022,6,June,180,Monsoon,False,False,False,False,False
2022-06-30,Bengaluru,South,31.3,25.4,11.8,80.9,11.8,Rain,28.35,5.900000000000002,2022,6,June,181,Monsoon,False,False,False,False,False
2022-06-30,Chennai,South,34.1,26.7,7.3,60.5,9.5,Light Rain,30.4,7.400000000000002,2022,6,June,181,Monsoon,False,False,False,False,False
2022-06-30,Delhi,North,41.9,29.8,64.3,61.2,8.8,Rain,35.85,12.099999999999998,2022,6,June,181,Monsoon,False,True,False,False,True
2022-06-30,Jaipur,Northwest,41.7,29.3,0.0,23.8,15.9,Clear,35.5,12.400000000000002,2022,6,June,181,Monsoon,False,True,False,False,True
2022-06-30,Kolkata,East,37.4,29.5,13.1,77.0,12.4,Rain,33.45,7.899999999999999,2022,6,June,181,Monsoon,False,False,False,False,False
2022-06-30,Mumbai,West,35.8,26.8,0.0,45.1,4.2,Clear,31.299999999999997,8.999999999999996,2022,6,June,181,Monsoon,False,False,False,False,False
2022-07-01,Bengaluru,South,33.2,26.8,42.3,78.7,17.3,Rain,30.0,6.400000000000002,2022,7,July,182,Monsoon,False,False,False,False,False
2022-07-01,Chennai,South,37.0,30.5,29.8,63.6,11.7,Rain,33.75,6.5,2022,7,July,182,Monsoon,False,False,False,False,False
2022-07-01,Delhi,North,43.7,31.0,30.0,72.2,14.4,Rain,37.35,12.700000000000003,2022,7,July,182,Monsoon,False,True,False,False,True
2022-07-01,Jaipur,Northwest,42.7,30.4,169.5,63.4,10.3,Heavy Rain,36.55,12.300000000000004,2022,7,July,182,Monsoon,True,True,False,False,True
2022-07-01,Kolkata,East,34.6,27.2,0.0,74.9,5.1,Clear,30.9,7.400000000000002,2022,7,July,182,Monsoon,False,False,False,False,False
2022-07-01,Mumbai,West,34.2,25.8,164.5,85.7,12.3,Heavy Rain,30.0,8.400000000000002,2022,7,July,182,Monsoon,True,False,False,False,True
2022-07-02,Bengaluru,South,31.9,22.9,133.4,88.2,9.5,Heavy Rain,27.4,9.0,2022,7,July,183,Monsoon,True,False,False,False,True
2022-07-02,Chennai,South,33.9,24.4,19.1,66.9,5.8,Rain,29.15,9.5,2022,7,July,183,Monsoon,False,False,False,False,False
2022-07-02,Delhi,North,44.3,33.4,118.1,78.3,11.5,Heavy Rain,38.849999999999994,10.899999999999999,2022,7,July,183,Monsoon,True,True,False,False,True
2022-07-02,Jaipur,Northwest,41.4,29.6,26.0,73.7,13.1,Rain,35.5,11.799999999999997,2022,7,July,183,Monsoon,False,True,False,False,True
2022-07-02,Kolkata,East,38.7,30.0,30.7,83.5,11.2,Rain,34.35,8.700000000000003,2022,7,July,183,Monsoon,False,False,False,False,False
2022-07-02,Mumbai,West,33.1,26.8,218.2,75.6,24.8,Heavy Rain,29.950000000000003,6.300000000000001,2022,7,July,183,Monsoon,True,False,False,False,True
2022-07-03,Bengaluru,South,30.5,23.6,12.8,79.7,20.0,Rain,27.05,6.899999999999999,2022,7,July,184,Monsoon,False,False,False,False,False
2022-07-03,Chennai,South,34.3,29.3,3.3,64.2,5.5,Light Rain,31.799999999999997,4.9999999999999964,2022,7,July,184,Monsoon,False,False,False,False,False
2022-07-03,Delhi,North,40.9,27.9,41.1,83.1,13.9,Rain,34.4,13.0,2022,7,July,184,Monsoon,False,True,False,False,True
2022-07-03,Jaipur,Northwest,42.5,30.8,0.0,72.0,11.9,Clear,36.65,11.7,2022,7,July,184,Monsoon,False,True,False,False,True
2022-07-03,Kolkata,East,33.4,27.0,78.9,70.3,26.1,Heavy Rain,30.2,6.399999999999999,2022,7,July,184,Monsoon,True,False,False,False,True
2022-07-03,Mumbai,West,34.0,26.7,19.2,98.3,10.4,Rain,30.35,7.300000000000001,2022,7,July,184,Monsoon,False,False,False,False,False
2022-07-04,Bengaluru,South,25.6,18.4,83.8,82.6,17.4,Heavy Rain,22.0,7.200000000000003,2022,7,July,185,Monsoon,True,False,False,False,True
2022-07-04,Chennai,South,33.4,27.6,13.4,62.6,35.2,Rain,30.5,5.799999999999997,2022,7,July,185,Monsoon,False,False,False,False,False
2022-07-04,Delhi,North,41.6,31.2,114.8,73.6,31.1,Heavy Rain,36.4,10.400000000000002,2022,7,July,185,Monsoon,True,True,False,False,True
2022-07-04,Jaipur,Northwest,43.9,33.4,206.1,85.0,13.0,Heavy Rain,38.65,10.5,2022,7,July,185,Monsoon,True,True,False,False,True
2022-07-04,Kolkata,East,34.4,27.8,189.9,80.8,24.9,Heavy Rain,31.1,6.599999999999998,2022,7,July,185,Monsoon,True,False,False,False,True
2022-07-04,Mumbai,West,35.1,27.4,56.3,87.9,18.4,Rain,31.25,7.700000000000003,2022,7,July,185,Monsoon,False,False,False,False,False
2022-07-05,Bengaluru,South,31.0,22.3,193.3,85.9,13.2,Heavy Rain,26.65,8.7,2022,7,July,186,Monsoon,True,False,False,False,True
2022-07-05,Chennai,South,32.9,25.8,0.0,59.2,8.4,Clear,29.35,7.099999999999998,2022,7,July,186,Monsoon,False,False,False,False,False
2022-07-05,Delhi,North,43.6,33.2,21.0,67.4,24.2,Rain,38.400000000000006,10.399999999999999,2022,7,July,186,Monsoon,False,True,False,False,True
2022-07-05,Jaipur,Northwest,41.4,30.6,0.0,79.5,6.5,Clear,36.0,10.799999999999997,2022,7,July,186,Monsoon,False,True,False,False,True
2022-07-05,Kolkata,East,32.7,26.7,45.1,82.3,8.4,Rain,29.700000000000003,6.0000000000000036,2022,7,July,186,Monsoon,False,False,False,False,False
2022-07-05,Mumbai,West,34.6,26.6,67.6,83.8,12.7,Heavy Rain,30.6,8.0,2022,7,July,186,Monsoon,True,False,False,False,True
2022-07-06,Bengaluru,South,32.5,25.8,88.7,70.3,12.4,Heavy Rain,29.15,6.699999999999999,2022,7,July,187,Monsoon,True,False,False,False,True
2022-07-06,Chennai,South,37.6,29.4,45.7,63.5,15.3,Rain,33.5,8.200000000000003,2022,7,July,187,Monsoon,False,False,False,False,False
2022-07-06,Delhi,North,44.5,32.9,0.0,74.9,5.1,Clear,38.7,11.600000000000001,2022,7,July,187,Monsoon,False,True,False,False,True
2022-07-06,Jaipur,Northwest,43.4,32.5,108.9,71.1,17.5,Heavy Rain,37.95,10.899999999999999,2022,7,July,187,Monsoon,True,True,False,False,True
2022-07-06,Kolkata,East,35.7,29.7,278.2,81.5,8.7,Heavy Rain,32.7,6.0000000000000036,2022,7,July,187,Monsoon,True,False,False,False,True
2022-07-06,Mumbai,West,32.7,25.6,10.2,84.8,13.3,Rain,29.150000000000002,7.100000000000001,2022,7,July,187,Monsoon,False,False,False,False,False
2022-07-07,Bengaluru,South,28.8,21.7,53.3,85.2,29.0,Rain,25.25,7.100000000000001,2022,7,July,188,Monsoon,False,False,False,False,False
2022-07-07,Chennai,South,36.8,28.2,31.3,54.9,10.8,Rain,32.5,8.599999999999998,2022,7,July,188,Monsoon,False,False,False,False,False
2022-07-07,Delhi,North,40.6,27.3,26.5,74.7,13.2,Rain,33.95,13.3,2022,7,July,188,Monsoon,False,True,False,False,True
2022-07-07,Jaipur,Northwest,42.1,30.8,2.2,64.6,9.5,Light Rain,36.45,11.3,2022,7,July,188,Monsoon,False,True,False,False,True
2022-07-07,Kolkata,East,36.0,29.0,0.0,71.8,7.2,Clear,32.5,7.0,2022,7,July,188,Monsoon,False,False,False,False,False
2022-07-07,Mumbai,West,32.4,24.6,0.0,71.1,11.7,Clear,28.5,7.799999999999997,2022,7,July,188,Monsoon,False,False,False,False,False
2022-07-08,Bengaluru,South,26.1,20.1,0.0,79.8,13.2,Clear,23.1,6.0,2022,7,July,189,Monsoon,False,False,False,False,False
2022-07-08,Chennai,South,37.6,28.4,0.0,59.4,18.1,Clear,33.0,9.200000000000003,2022,7,July,189,Monsoon,False,False,False,False,False
2022-07-08,Delhi,North,44.9,33.5,0.0,73.7,11.3,Clear,39.2,11.399999999999999,2022,7,July,189,Monsoon,False,True,False,False,True
2022-07-08,Jaipur,Northwest,42.7,30.5,57.3,83.7,9.8,Rain,36.6,12.200000000000003,2022,7,July,189,Monsoon,False,True,False,False,True
2022-07-08,Kolkata,East,34.8,29.8,37.2,80.0,26.1,Rain,32.3,4.9999999999999964,2022,7,July,189,Monsoon,False,False,False,False,False
2022-07-08,Mumbai,West,36.1,27.3,62.2,79.9,11.3,Rain,31.700000000000003,8.8,2022,7,July,189,Monsoon,False,False,False,False,False
2022-07-09,Bengaluru,South,28.3,20.9,45.7,79.7,29.4,Rain,24.6,7.400000000000002,2022,7,July,190,Monsoon,False,False,False,False,False
2022-07-09,Chennai,South,39.5,29.7,5.6,76.6,10.3,Light Rain,34.6,9.8,2022,7,July,190,Monsoon,False,False,False,False,False
2022-07-09,Delhi,North,44.5,35.6,0.0,79.7,6.1,Clear,40.05,8.899999999999999,2022,7,July,190,Monsoon,False,True,False,False,True
2022-07-09,Jaipur,Northwest,41.0,29.7,90.5,70.1,18.1,Heavy Rain,35.35,11.3,2022,7,July,190,Monsoon,True,True,False,False,True
2022-07-09,Kolkata,East,31.6,26.6,0.0,60.1,19.5,Clear,29.1,5.0,2022,7,July,190,Monsoon,False,False,False,False,False
2022-07-09,Mumbai,West,30.9,25.4,147.9,80.9,8.2,Heavy Rain,28.15,5.5,2022,7,July,190,Monsoon,True,False,False,False,True
2022-07-10,Bengaluru,South,28.7,20.9,0.0,67.0,8.1,Clear,24.799999999999997,7.800000000000001,2022,7,July,191,Monsoon,False,False,False,False,False
2022-07-10,Chennai,South,37.4,31.4,23.5,65.2,37.0,Rain,34.4,6.0,2022,7,July,191,Monsoon,False,False,False,False,False
2022-07-10,Delhi,North,43.0,32.8,0.0,68.4,28.2,Clear,37.9,10.200000000000003,2022,7,July,191,Monsoon,False,True,False,False,True
2022-07-10,Jaipur,Northwest,43.3,32.9,0.0,71.2,6.3,Clear,38.099999999999994,10.399999999999999,2022,7,July,191,Monsoon,False,True,False,False,True
2022-07-10,Kolkata,East,36.8,28.0,185.7,79.6,8.9,Heavy Rain,32.4,8.799999999999997,2022,7,July,191,Monsoon,True,False,False,False,True
2022-07-10,Mumbai,West,30.7,25.0,0.0,69.0,10.3,Clear,27.85,5.699999999999999,2022,7,July,191,Monsoon,False,False,False,False,False
2022-07-11,Bengaluru,South,27.3,20.8,29.1,83.7,20.9,Rain,24.05,6.5,2022,7,July,192,Monsoon,False,False,False,False,False
2022-07-11,Chennai,South,34.1,25.0,0.0,52.6,4.2,Clear,29.55,9.100000000000001,2022,7,July,192,Monsoon,False,False,False,False,False
2022-07-11,Delhi,North,44.9,35.5,47.7,74.3,15.2,Rain,40.2,9.399999999999999,2022,7,July,192,Monsoon,False,True,False,False,True
2022-07-11,Jaipur,Northwest,43.0,31.2,82.7,72.1,23.6,Heavy Rain,37.1,11.8,2022,7,July,192,Monsoon,True,True,False,False,True
2022-07-11,Kolkata,East,34.5,28.8,0.0,66.3,6.4,Clear,31.65,5.699999999999999,2022,7,July,192,Monsoon,False,False,False,False,False
2022-07-11,Mumbai,West,37.7,27.9,33.3,84.0,13.8,Rain,32.8,9.800000000000004,2022,7,July,192,Monsoon,False,False,False,False,False
2022-07-12,Bengaluru,South,31.0,23.6,106.1,75.2,14.5,Heavy Rain,27.3,7.399999999999999,2022,7,July,193,Monsoon,True,False,False,False,True
2022-07-12,Chennai,South,34.7,29.6,15.3,63.8,16.3,Rain,32.150000000000006,5.100000000000001,2022,7,July,193,Monsoon,False,False,False,False,False
2022-07-12,Delhi,North,41.3,30.7,0.0,70.4,8.2,Clear,36.0,10.599999999999998,2022,7,July,193,Monsoon,False,True,False,False,True
2022-07-12,Jaipur,Northwest,40.7,30.5,27.1,75.2,14.9,Rain,35.6,10.200000000000003,2022,7,July,193,Monsoon,False,True,False,False,True
2022-07-12,Kolkata,East,39.6,33.1,80.5,71.7,24.9,Heavy Rain,36.35,6.5,2022,7,July,193,Monsoon,True,False,False,False,True
2022-07-12,Mumbai,West,34.4,28.0,128.0,67.7,9.4,Heavy Rain,31.2,6.399999999999999,2022,7,July,193,Monsoon,True,False,False,False,True
2022-07-13,Bengaluru,South,27.1,22.0,150.2,82.0,8.4,Heavy Rain,24.55,5.100000000000001,2022,7,July,194,Monsoon,True,False,False,False,True
2022-07-13,Chennai,South,36.9,28.8,0.0,48.9,10.5,Clear,32.85,8.099999999999998,2022,7,July,194,Monsoon,False,False,False,False,False
2022-07-13,Delhi,North,45.3,35.2,76.9,79.4,12.7,Heavy Rain,40.25,10.099999999999994,2022,7,July,194,Monsoon,True,True,False,False,True
2022-07-13,Jaipur,Northwest,42.5,30.8,0.0,67.9,3.4,Clear,36.65,11.7,2022,7,July,194,Monsoon,False,True,False,False,True
2022-07-13,Kolkata,East,33.9,26.6,158.3,67.4,13.2,Heavy Rain,30.25,7.299999999999997,2022,7,July,194,Monsoon,True,False,False,False,True
2022-07-13,Mumbai,West,33.6,25.8,15.6,73.7,10.3,Rain,29.700000000000003,7.800000000000001,2022,7,July,194,Monsoon,False,False,False,False,False
2022-07-14,Bengaluru,South,26.7,20.4,43.5,85.4,12.3,Rain,23.549999999999997,6.300000000000001,2022,7,July,195,Monsoon,False,False,False,False,False
2022-07-14,Chennai,South,34.9,29.2,0.0,68.6,7.4,Clear,32.05,5.699999999999999,2022,7,July,195,Monsoon,False,False,False,False,False
2022-07-14,Delhi,North,43.2,33.1,68.5,79.3,25.2,Heavy Rain,38.150000000000006,10.100000000000001,2022,7,July,195,Monsoon,True,True,False,False,True
2022-07-14,Jaipur,Northwest,44.5,33.5,59.7,66.7,15.9,Rain,39.0,11.0,2022,7,July,195,Monsoon,False,True,False,False,True
2022-07-14,Kolkata,East,37.0,30.1,0.0,55.6,5.2,Clear,33.55,6.899999999999999,2022,7,July,195,Monsoon,False,False,False,False,False
2022-07-14,Mumbai,West,35.2,26.9,0.0,60.5,4.7,Clear,31.05,8.300000000000004,2022,7,July,195,Monsoon,False,False,False,False,False
2022-07-15,Bengaluru,South,26.6,20.8,127.4,91.7,13.4,Heavy Rain,23.700000000000003,5.800000000000001,2022,7,July,196,Monsoon,True,False,False,False,True
2022-07-15,Chennai,South,37.3,30.8,25.8,48.8,15.2,Rain,34.05,6.4999999999999964,2022,7,July,196,Monsoon,False,False,False,False,False
2022-07-15,Delhi,North,43.8,33.9,57.2,65.5,8.2,Rain,38.849999999999994,9.899999999999999,2022,7,July,196,Monsoon,False,True,False,False,True
2022-07-15,Jaipur,Northwest,43.3,34.7,253.9,75.0,10.6,Heavy Rain,39.0,8.599999999999994,2022,7,July,196,Monsoon,True,True,False,False,True
2022-07-15,Kolkata,East,36.2,31.2,0.0,84.5,3.6,Cloudy,33.7,5.0000000000000036,2022,7,July,196,Monsoon,False,False,False,False,False
2022-07-15,Mumbai,West,36.4,28.9,312.4,72.4,16.5,Heavy Rain,32.65,7.5,2022,7,July,196,Monsoon,True,False,False,False,True
2022-07-16,Bengaluru,South,32.7,23.8,119.4,79.8,10.9,Heavy Rain,28.25,8.900000000000002,2022,7,July,197,Monsoon,True,False,False,False,True
2022-07-16,Chennai,South,34.8,26.2,0.0,52.2,11.3,Clear,30.5,8.599999999999998,2022,7,July,197,Monsoon,False,False,False,False,False
2022-07-16,Delhi,North,41.0,29.4,5.2,82.3,7.3,Light Rain,35.2,11.600000000000001,2022,7,July,197,Monsoon,False,True,False,False,True
2022-07-16,Jaipur,Northwest,43.0,32.6,214.2,73.8,17.1,Heavy Rain,37.8,10.399999999999999,2022,7,July,197,Monsoon,True,True,False,False,True
2022-07-16,Kolkata,East,35.2,29.2,39.9,69.5,14.9,Rain,32.2,6.0000000000000036,2022,7,July,197,Monsoon,False,False,False,False,False
2022-07-16,Mumbai,West,33.3,24.9,76.3,85.0,16.6,Heavy Rain,29.099999999999998,8.399999999999999,2022,7,July,197,Monsoon,True,False,False,False,True
2022-07-17,Bengaluru,South,26.9,20.6,60.8,69.1,11.7,Rain,23.75,6.299999999999997,2022,7,July,198,Monsoon,False,False,False,False,False
2022-07-17,Chennai,South,38.5,29.8,0.0,51.4,6.6,Clear,34.15,8.7,2022,7,July,198,Monsoon,False,False,False,False,False
2022-07-17,Delhi,North,42.3,31.1,41.9,74.9,18.9,Rain,36.7,11.199999999999996,2022,7,July,198,Monsoon,False,True,False,False,True
2022-07-17,Jaipur,Northwest,41.7,30.8,93.4,70.4,10.5,Heavy Rain,36.25,10.900000000000002,2022,7,July,198,Monsoon,True,True,False,False,True
2022-07-17,Kolkata,East,31.4,25.4,79.6,80.9,15.5,Heavy Rain,28.4,6.0,2022,7,July,198,Monsoon,True,False,False,False,True
2022-07-17,Mumbai,West,36.8,28.7,43.7,71.1,9.3,Rain,32.75,8.099999999999998,2022,7,July,198,Monsoon,False,False,False,False,False
2022-07-18,Bengaluru,South,29.5,22.0,138.5,72.6,19.7,Heavy Rain,25.75,7.5,2022,7,July,199,Monsoon,True,False,False,False,True
2022-07-18,Chennai,South,35.2,27.3,11.6,67.7,5.4,Rain,31.25,7.900000000000002,2022,7,July,199,Monsoon,False,False,False,False,False
2022-07-18,Delhi,North,41.3,30.8,61.6,90.6,10.1,Rain,36.05,10.499999999999996,2022,7,July,199,Monsoon,False,True,False,False,True
2022-07-18,Jaipur,Northwest,44.4,34.5,65.4,83.1,9.3,Heavy Rain,39.45,9.899999999999999,2022,7,July,199,Monsoon,True,True,False,False,True
2022-07-18,Kolkata,East,35.9,28.8,114.6,73.4,16.2,Heavy Rain,32.35,7.099999999999998,2022,7,July,199,Monsoon,True,False,False,False,True
2022-07-18,Mumbai,West,32.0,25.4,103.4,76.1,11.4,Heavy Rain,28.7,6.600000000000001,2022,7,July,199,Monsoon,True,False,False,False,True
2022-07-19,Bengaluru,South,30.3,23.1,0.0,86.3,23.0,Cloudy,26.700000000000003,7.199999999999999,2022,7,July,200,Monsoon,False,False,False,False,False
2022-07-19,Chennai,South,32.5,25.7,11.6,67.4,19.7,Rain,29.1,6.800000000000001,2022,7,July,200,Monsoon,False,False,False,False,False
2022-07-19,Delhi,North,38.8,28.9,173.0,72.7,18.6,Heavy Rain,33.849999999999994,9.899999999999999,2022,7,July,200,Monsoon,True,False,False,False,True
2022-07-19,Jaipur,Northwest,40.4,27.8,0.0,68.7,5.7,Clear,34.1,12.599999999999998,2022,7,July,200,Monsoon,False,True,False,False,True
2022-07-19,Kolkata,East,33.0,26.5,34.1,68.1,7.2,Rain,29.75,6.5,2022,7,July,200,Monsoon,False,False,False,False,False
2022-07-19,Mumbai,West,36.9,29.7,144.7,78.5,9.5,Heavy Rain,33.3,7.199999999999999,2022,7,July,200,Monsoon,True,False,False,False,True
2022-07-20,Bengaluru,South,28.3,20.8,36.2,85.1,30.0,Rain,24.55,7.5,2022,7,July,201,Monsoon,False,False,False,False,False
2022-07-20,Chennai,South,38.1,31.2,21.7,65.1,7.9,Rain,34.65,6.900000000000002,2022,7,July,201,Monsoon,False,False,False,False,False
2022-07-20,Delhi,North,44.8,34.8,17.1,88.3,8.1,Rain,39.8,10.0,2022,7,July,201,Monsoon,False,True,False,False,True
2022-07-20,Jaipur,Northwest,39.7,30.9,45.0,78.0,9.6,Rain,35.3,8.800000000000004,2022,7,July,201,Monsoon,False,False,False,False,False
2022-07-20,Kolkata,East,32.1,27.1,110.7,67.3,15.1,Heavy Rain,29.6,5.0,2022,7,July,201,Monsoon,True,False,False,False,True
2022-07-20,Mumbai,West,31.1,25.5,70.2,77.4,9.3,Heavy Rain,28.3,5.600000000000001,2022,7,July,201,Monsoon,True,False,False,False,True
2022-07-21,Bengaluru,South,26.7,19.9,65.2,78.2,12.6,Heavy Rain,23.299999999999997,6.800000000000001,2022,7,July,202,Monsoon,True,False,False,False,True
2022-07-21,Chennai,South,33.7,28.5,0.0,45.0,16.3,Clear,31.1,5.200000000000003,2022,7,July,202,Monsoon,False,False,False,False,False
2022-07-21,Delhi,North,43.6,32.4,145.8,71.4,9.8,Heavy Rain,38.0,11.200000000000003,2022,7,July,202,Monsoon,True,True,False,False,True
2022-07-21,Jaipur,Northwest,41.6,29.3,150.6,74.1,17.1,Heavy Rain,35.45,12.3,2022,7,July,202,Monsoon,True,True,False,False,True
2022-07-21,Kolkata,East,35.7,28.7,37.3,83.1,14.7,Rain,32.2,7.0000000000000036,2022,7,July,202,Monsoon,False,False,False,False,False
2022-07-21,Mumbai,West,34.3,26.3,7.6,91.3,15.2,Light Rain,30.299999999999997,7.9999999999999964,2022,7,July,202,Monsoon,False,False,False,False,False
2022-07-22,Bengaluru,South,31.0,21.9,0.0,63.8,9.6,Clear,26.45,9.100000000000001,2022,7,July,203,Monsoon,False,False,False,False,False
2022-07-22,Chennai,South,35.9,28.8,0.0,53.2,3.8,Clear,32.35,7.099999999999998,2022,7,July,203,Monsoon,False,False,False,False,False
2022-07-22,Delhi,North,42.4,30.3,97.8,80.9,10.4,Heavy Rain,36.35,12.099999999999998,2022,7,July,203,Monsoon,True,True,False,False,True
2022-07-22,Jaipur,Northwest,39.8,29.5,121.1,69.6,9.6,Heavy Rain,34.65,10.299999999999997,2022,7,July,203,Monsoon,True,False,False,False,True
2022-07-22,Kolkata,East,29.8,24.6,89.7,65.4,9.1,Heavy Rain,27.200000000000003,5.199999999999999,2022,7,July,203,Monsoon,True,False,False,False,True
2022-07-22,Mumbai,West,34.2,28.5,64.1,78.5,12.5,Rain,31.35,5.700000000000003,2022,7,July,203,Monsoon,False,False,False,False,False
2022-07-23,Bengaluru,South,30.9,25.4,62.0,82.3,9.9,Rain,28.15,5.5,2022,7,July,204,Monsoon,False,False,False,False,False
2022-07-23,Chennai,South,38.3,31.1,0.0,42.2,1.2,Clear,34.7,7.199999999999996,2022,7,July,204,Monsoon,False,False,False,False,False
2022-07-23,Delhi,North,47.1,36.3,19.7,75.7,11.1,Rain,41.7,10.800000000000004,2022,7,July,204,Monsoon,False,True,False,False,True
2022-07-23,Jaipur,Northwest,44.1,31.3,34.3,64.7,7.0,Rain,37.7,12.8,2022,7,July,204,Monsoon,False,True,False,False,True
2022-07-23,Kolkata,East,38.0,31.2,135.9,77.1,16.9,Heavy Rain,34.6,6.800000000000001,2022,7,July,204,Monsoon,True,False,False,False,True
2022-07-23,Mumbai,West,32.5,25.9,38.2,66.3,11.4,Rain,29.2,6.600000000000001,2022,7,July,204,Monsoon,False,False,False,False,False
2022-07-24,Bengaluru,South,25.2,19.7,0.0,84.6,9.8,Cloudy,22.45,5.5,2022,7,July,205,Monsoon,False,False,False,False,False
2022-07-24,Chennai,South,33.0,28.0,0.0,54.4,10.8,Clear,30.5,5.0,2022,7,July,205,Monsoon,False,False,False,False,False
2022-07-24,Delhi,North,40.5,27.2,182.1,71.7,10.0,Heavy Rain,33.85,13.3,2022,7,July,205,Monsoon,True,True,False,False,True
2022-07-24,Jaipur,Northwest,45.0,33.9,30.1,76.0,11.4,Rain,39.45,11.100000000000001,2022,7,July,205,Monsoon,False,True,False,False,True
2022-07-24,Kolkata,East,36.8,29.5,94.2,67.3,9.5,Heavy Rain,33.15,7.299999999999997,2022,7,July,205,Monsoon,True,False,False,False,True
2022-07-24,Mumbai,West,37.0,32.0,91.5,68.4,8.7,Heavy Rain,34.5,5.0,2022,7,July,205,Monsoon,True,False,False,False,True
2022-07-25,Bengaluru,South,26.4,20.0,82.9,91.1,11.5,Heavy Rain,23.2,6.399999999999999,2022,7,July,206,Monsoon,True,False,False,False,True
2022-07-25,Chennai,South,31.3,24.5,23.1,55.5,16.1,Rain,27.9,6.800000000000001,2022,7,July,206,Monsoon,False,False,False,False,False
2022-07-25,Delhi,North,43.7,30.8,16.8,78.9,17.0,Rain,37.25,12.900000000000002,2022,7,July,206,Monsoon,False,True,False,False,True
2022-07-25,Jaipur,Northwest,43.0,31.2,57.3,92.6,17.2,Rain,37.1,11.8,2022,7,July,206,Monsoon,False,True,False,False,True
2022-07-25,Kolkata,East,37.3,31.2,290.1,79.1,10.2,Heavy Rain,34.25,6.099999999999998,2022,7,July,206,Monsoon,True,False,False,False,True
2022-07-25,Mumbai,West,34.3,24.9,9.0,75.8,18.1,Light Rain,29.599999999999998,9.399999999999999,2022,7,July,206,Monsoon,False,False,False,False,False
2022-07-26,Bengaluru,South,27.7,21.0,45.5,77.4,9.6,Rain,24.35,6.699999999999999,2022,7,July,207,Monsoon,False,False,False,False,False
2022-07-26,Chennai,South,36.3,28.1,0.0,41.6,7.5,Clear,32.2,8.199999999999996,2022,7,July,207,Monsoon,False,False,False,False,False
2022-07-26,Delhi,North,39.2,28.8,88.5,87.7,16.0,Heavy Rain,34.0,10.400000000000002,2022,7,July,207,Monsoon,True,False,False,False,True
2022-07-26,Jaipur,Northwest,45.4,34.7,22.5,92.7,10.3,Rain,40.05,10.699999999999996,2022,7,July,207,Monsoon,False,True,False,False,True
2022-07-26,Kolkata,East,34.0,25.3,86.1,95.5,9.1,Heavy Rain,29.65,8.7,2022,7,July,207,Monsoon,True,False,False,False,True
2022-07-26,Mumbai,West,32.7,24.7,11.5,70.7,11.2,Rain,28.700000000000003,8.000000000000004,2022,7,July,207,Monsoon,False,False,False,False,False
2022-07-27,Bengaluru,South,31.5,25.4,30.2,90.2,12.6,Rain,28.45,6.100000000000001,2022,7,July,208,Monsoon,False,False,False,False,False
2022-07-27,Chennai,South,36.4,29.9,3.4,63.5,34.8,Light Rain,33.15,6.5,2022,7,July,208,Monsoon,False,False,False,False,False
2022-07-27,Delhi,North,41.3,29.3,24.6,79.2,13.0,Rain,35.3,11.999999999999996,2022,7,July,208,Monsoon,False,True,False,False,True
2022-07-27,Jaipur,Northwest,40.6,30.0,22.6,70.7,26.4,Rain,35.3,10.600000000000001,2022,7,July,208,Monsoon,False,True,False,False,True
2022-07-27,Kolkata,East,35.1,29.3,173.8,90.2,21.6,Heavy Rain,32.2,5.800000000000001,2022,7,July,208,Monsoon,True,False,False,False,True
2022-07-27,Mumbai,West,34.0,24.4,13.5,76.7,12.5,Rain,29.2,9.600000000000001,2022,7,July,208,Monsoon,False,False,False,False,False
2022-07-28,Bengaluru,South,30.5,23.5,87.2,66.8,14.0,Heavy Rain,27.0,7.0,2022,7,July,209,Monsoon,True,False,False,False,True
2022-07-28,Chennai,South,35.3,29.2,57.3,63.7,9.7,Rain,32.25,6.099999999999998,2022,7,July,209,Monsoon,False,False,False,False,False
2022-07-28,Delhi,North,41.3,32.2,51.0,55.3,10.2,Rain,36.75,9.099999999999994,2022,7,July,209,Monsoon,False,True,False,False,True
2022-07-28,Jaipur,Northwest,41.8,30.4,77.9,74.2,18.3,Heavy Rain,36.099999999999994,11.399999999999999,2022,7,July,209,Monsoon,True,True,False,False,True
2022-07-28,Kolkata,East,32.3,24.6,26.0,73.0,15.7,Rain,28.45,7.699999999999996,2022,7,July,209,Monsoon,False,False,False,False,False
2022-07-28,Mumbai,West,33.9,26.5,45.3,87.1,10.0,Rain,30.2,7.399999999999999,2022,7,July,209,Monsoon,False,False,False,False,False
2022-07-29,Bengaluru,South,30.7,24.0,23.4,88.6,19.0,Rain,27.35,6.699999999999999,2022,7,July,210,Monsoon,False,False,False,False,False
2022-07-29,Chennai,South,34.7,25.8,22.6,58.1,11.0,Rain,30.25,8.900000000000002,2022,7,July,210,Monsoon,False,False,False,False,False
2022-07-29,Delhi,North,42.5,29.8,0.0,83.0,3.4,Cloudy,36.15,12.7,2022,7,July,210,Monsoon,False,True,False,False,True
2022-07-29,Jaipur,Northwest,43.1,32.3,18.2,85.3,13.1,Rain,37.7,10.800000000000004,2022,7,July,210,Monsoon,False,True,False,False,True
2022-07-29,Kolkata,East,35.0,29.4,0.0,81.8,18.8,Clear,32.2,5.600000000000001,2022,7,July,210,Monsoon,False,False,False,False,False
2022-07-29,Mumbai,West,31.9,24.6,0.0,81.6,7.7,Clear,28.25,7.299999999999997,2022,7,July,210,Monsoon,False,False,False,False,False
2022-07-30,Bengaluru,South,30.0,23.7,47.2,86.8,26.8,Rain,26.85,6.300000000000001,2022,7,July,211,Monsoon,False,False,False,False,False
2022-07-30,Chennai,South,35.3,28.9,8.8,51.6,14.1,Light Rain,32.099999999999994,6.399999999999999,2022,7,July,211,Monsoon,False,False,False,False,False
2022-07-30,Delhi,North,42.5,32.1,223.5,83.8,6.7,Heavy Rain,37.3,10.399999999999999,2022,7,July,211,Monsoon,True,True,False,False,True
2022-07-30,Jaipur,Northwest,40.2,30.6,66.7,83.1,18.9,Heavy Rain,35.400000000000006,9.600000000000001,2022,7,July,211,Monsoon,True,True,False,False,True
2022-07-30,Kolkata,East,35.5,28.0,0.0,51.8,19.4,Clear,31.75,7.5,2022,7,July,211,Monsoon,False,False,False,False,False
2022-07-30,Mumbai,West,34.9,27.1,98.5,68.7,13.8,Heavy Rain,31.0,7.799999999999997,2022,7,July,211,Monsoon,True,False,False,False,True
2022-07-31,Bengaluru,South,31.6,25.1,134.3,70.1,10.6,Heavy Rain,28.35,6.5,2022,7,July,212,Monsoon,True,False,False,False,True
2022-07-31,Chennai,South,35.2,27.2,0.0,54.5,3.6,Clear,31.200000000000003,8.000000000000004,2022,7,July,212,Monsoon,False,False,False,False,False
2022-07-31,Delhi,North,40.6,30.9,49.2,77.5,18.4,Rain,35.75,9.700000000000003,2022,7,July,212,Monsoon,False,True,False,False,True
2022-07-31,Jaipur,Northwest,45.2,34.2,8.4,74.5,18.0,Light Rain,39.7,11.0,2022,7,July,212,Monsoon,False,True,False,False,True
2022-07-31,Kolkata,East,34.0,26.4,37.9,88.9,6.2,Rain,30.2,7.600000000000001,2022,7,July,212,Monsoon,False,False,False,False,False
2022-07-31,Mumbai,West,32.9,27.1,0.0,68.8,10.3,Clear,30.0,5.799999999999997,2022,7,July,212,Monsoon,False,False,False,False,False
2022-08-01,Bengaluru,South,29.2,23.0,0.5,72.5,20.5,Light Rain,26.1,6.199999999999999,2022,8,August,213,Monsoon,False,False,False,False,False
2022-08-01,Chennai,South,34.5,26.5,21.4,73.5,23.4,Rain,30.5,8.0,2022,8,August,213,Monsoon,False,False,False,False,False
2022-08-01,Delhi,North,43.0,32.2,0.0,70.0,14.7,Clear,37.6,10.799999999999997,2022,8,August,213,Monsoon,False,True,False,False,True
2022-08-01,Jaipur,Northwest,43.2,32.1,24.8,86.8,10.4,Rain,37.650000000000006,11.100000000000001,2022,8,August,213,Monsoon,False,True,False,False,True
2022-08-01,Kolkata,East,36.4,31.4,56.4,81.4,11.0,Rain,33.9,5.0,2022,8,August,213,Monsoon,False,False,False,False,False
2022-08-01,Mumbai,West,31.6,25.5,91.0,79.6,17.6,Heavy Rain,28.55,6.100000000000001,2022,8,August,213,Monsoon,True,False,False,False,True
2022-08-02,Bengaluru,South,31.4,23.1,0.0,38.8,22.8,Clear,27.25,8.299999999999997,2022,8,August,214,Monsoon,False,False,False,False,False
2022-08-02,Chennai,South,32.8,26.4,0.0,50.5,13.5,Clear,29.599999999999998,6.399999999999999,2022,8,August,214,Monsoon,False,False,False,False,False
2022-08-02,Delhi,North,39.2,32.0,0.0,74.2,5.4,Clear,35.6,7.200000000000003,2022,8,August,214,Monsoon,False,False,False,False,False
2022-08-02,Jaipur,Northwest,43.4,32.6,77.0,68.2,19.4,Heavy Rain,38.0,10.799999999999997,2022,8,August,214,Monsoon,True,True,False,False,True
2022-08-02,Kolkata,East,35.6,28.6,0.0,65.5,6.3,Clear,32.1,7.0,2022,8,August,214,Monsoon,False,False,False,False,False
2022-08-02,Mumbai,West,34.0,29.0,0.0,65.5,1.7,Clear,31.5,5.0,2022,8,August,214,Monsoon,False,False,False,False,False
2022-08-03,Bengaluru,South,30.7,22.4,0.0,47.3,21.5,Clear,26.549999999999997,8.3,2022,8,August,215,Monsoon,False,False,False,False,False
2022-08-03,Chennai,South,33.9,26.8,0.0,50.3,46.4,Clear,30.35,7.099999999999998,2022,8,August,215,Monsoon,False,False,False,True,True
2022-08-03,Delhi,North,48.3,34.9,58.0,70.1,8.5,Rain,41.599999999999994,13.399999999999999,2022,8,August,215,Monsoon,False,True,False,False,True
2022-08-03,Jaipur,Northwest,42.1,31.1,61.1,72.7,11.3,Rain,36.6,11.0,2022,8,August,215,Monsoon,False,True,False,False,True
2022-08-03,Kolkata,East,31.5,26.1,0.0,75.5,2.8,Clear,28.8,5.399999999999999,2022,8,August,215,Monsoon,False,False,False,False,False
2022-08-03,Mumbai,West,34.9,29.9,73.3,71.1,14.0,Heavy Rain,32.4,5.0,2022,8,August,215,Monsoon,True,False,False,False,True
2022-08-04,Bengaluru,South,29.6,20.6,0.0,48.7,18.0,Clear,25.1,9.0,2022,8,August,216,Monsoon,False,False,False,False,False
2022-08-04,Chennai,South,37.4,30.2,0.0,77.2,21.8,Clear,33.8,7.199999999999999,2022,8,August,216,Monsoon,False,False,False,False,False
2022-08-04,Delhi,North,43.0,32.7,0.0,68.0,7.6,Clear,37.85,10.299999999999997,2022,8,August,216,Monsoon,False,True,False,False,True
2022-08-04,Jaipur,Northwest,42.1,33.0,0.0,73.5,2.0,Clear,37.55,9.100000000000001,2022,8,August,216,Monsoon,False,True,False,False,True
2022-08-04,Kolkata,East,32.3,25.2,34.1,68.6,11.8,Rain,28.75,7.099999999999998,2022,8,August,216,Monsoon,False,False,False,False,False
2022-08-04,Mumbai,West,31.8,26.3,26.6,92.5,16.1,Rain,29.05,5.5,2022,8,August,216,Monsoon,False,False,False,False,False
2022-08-05,Bengaluru,South,30.3,21.0,0.0,43.2,7.3,Clear,25.65,9.3,2022,8,August,217,Monsoon,False,False,False,False,False
2022-08-05,Chennai,South,35.2,30.0,20.1,57.0,15.1,Rain,32.6,5.200000000000003,2022,8,August,217,Monsoon,False,False,False,False,False
2022-08-05,Delhi,North,43.9,33.3,49.8,80.4,14.0,Rain,38.599999999999994,10.600000000000001,2022,8,August,217,Monsoon,False,True,False,False,True
2022-08-05,Jaipur,Northwest,41.2,31.4,0.0,70.2,7.8,Clear,36.3,9.800000000000004,2022,8,August,217,Monsoon,False,True,False,False,True
2022-08-05,Kolkata,East,36.6,28.6,116.9,73.2,13.0,Heavy Rain,32.6,8.0,2022,8,August,217,Monsoon,True,False,False,False,True
2022-08-05,Mumbai,West,34.0,29.0,184.0,88.3,9.9,Heavy Rain,31.5,5.0,2022,8,August,217,Monsoon,True,False,False,False,True
2022-08-06,Bengaluru,South,30.1,21.4,0.0,58.2,3.0,Clear,25.75,8.700000000000003,2022,8,August,218,Monsoon,False,False,False,False,False
2022-08-06,Chennai,South,36.3,30.6,0.0,66.2,6.6,Clear,33.45,5.699999999999996,2022,8,August,218,Monsoon,False,False,False,False,False
2022-08-06,Delhi,North,42.3,31.7,0.0,72.4,2.9,Clear,37.0,10.599999999999998,2022,8,August,218,Monsoon,False,True,False,False,True
2022-08-06,Jaipur,Northwest,43.2,32.5,40.9,85.6,15.2,Rain,37.85,10.700000000000003,2022,8,August,218,Monsoon,False,True,False,False,True
2022-08-06,Kolkata,East,36.9,29.6,15.2,88.6,13.4,Rain,33.25,7.299999999999997,2022,8,August,218,Monsoon,False,False,False,False,False
2022-08-06,Mumbai,West,31.4,23.5,0.0,68.2,11.8,Clear,27.45,7.899999999999999,2022,8,August,218,Monsoon,False,False,False,False,False
2022-08-07,Bengaluru,South,31.4,23.4,0.0,47.0,11.4,Clear,27.4,8.0,2022,8,August,219,Monsoon,False,False,False,False,False
2022-08-07,Chennai,South,33.4,27.7,36.3,67.0,22.0,Rain,30.549999999999997,5.699999999999999,2022,8,August,219,Monsoon,False,False,False,False,False
2022-08-07,Delhi,North,36.3,27.8,30.0,100.0,26.5,Rain,32.05,8.499999999999996,2022,8,August,219,Monsoon,False,False,False,False,False
2022-08-07,Jaipur,Northwest,46.4,34.8,0.0,66.4,28.2,Clear,40.599999999999994,11.600000000000001,2022,8,August,219,Monsoon,False,True,False,False,True
2022-08-07,Kolkata,East,35.9,27.3,54.6,71.7,12.2,Rain,31.6,8.599999999999998,2022,8,August,219,Monsoon,False,False,False,False,False
2022-08-07,Mumbai,West,34.3,25.3,18.9,71.2,15.5,Rain,29.799999999999997,8.999999999999996,2022,8,August,219,Monsoon,False,False,False,False,False
2022-08-08,Bengaluru,South,31.3,26.3,0.0,38.7,5.5,Clear,28.8,5.0,2022,8,August,220,Monsoon,False,False,False,False,False
2022-08-08,Chennai,South,32.0,25.9,13.0,68.9,11.5,Rain,28.95,6.100000000000001,2022,8,August,220,Monsoon,False,False,False,False,False
2022-08-08,Delhi,North,44.5,31.6,158.0,88.5,6.0,Heavy Rain,38.05,12.899999999999999,2022,8,August,220,Monsoon,True,True,False,False,True
2022-08-08,Jaipur,Northwest,40.8,30.0,35.7,82.5,7.7,Rain,35.4,10.799999999999997,2022,8,August,220,Monsoon,False,True,False,False,True
2022-08-08,Kolkata,East,35.2,28.5,7.8,87.7,17.4,Light Rain,31.85,6.700000000000003,2022,8,August,220,Monsoon,False,False,False,False,False
2022-08-08,Mumbai,West,34.9,27.8,0.0,76.2,8.9,Clear,31.35,7.099999999999998,2022,8,August,220,Monsoon,False,False,False,False,False
2022-08-09,Bengaluru,South,31.1,21.7,0.0,54.2,10.0,Clear,26.4,9.400000000000002,2022,8,August,221,Monsoon,False,False,False,False,False
2022-08-09,Chennai,South,34.7,26.9,5.3,67.6,13.1,Light Rain,30.8,7.800000000000004,2022,8,August,221,Monsoon,False,False,False,False,False
2022-08-09,Delhi,North,42.8,30.5,64.7,84.2,7.3,Heavy Rain,36.65,12.299999999999997,2022,8,August,221,Monsoon,True,True,False,False,True
2022-08-09,Jaipur,Northwest,42.3,33.3,105.7,71.6,23.3,Heavy Rain,37.8,9.0,2022,8,August,221,Monsoon,True,True,False,False,True
2022-08-09,Kolkata,East,36.7,29.7,0.0,63.3,9.0,Clear,33.2,7.0000000000000036,2022,8,August,221,Monsoon,False,False,False,False,False
2022-08-09,Mumbai,West,35.6,27.9,0.0,60.7,8.2,Clear,31.75,7.700000000000003,2022,8,August,221,Monsoon,False,False,False,False,False
2022-08-10,Bengaluru,South,30.7,23.8,0.0,51.3,12.3,Clear,27.25,6.899999999999999,2022,8,August,222,Monsoon,False,False,False,False,False
2022-08-10,Chennai,South,37.0,28.9,0.0,59.8,13.8,Clear,32.95,8.100000000000001,2022,8,August,222,Monsoon,False,False,False,False,False
2022-08-10,Delhi,North,39.8,30.8,0.0,73.6,10.0,Clear,35.3,8.999999999999996,2022,8,August,222,Monsoon,False,False,False,False,False
2022-08-10,Jaipur,Northwest,41.9,31.5,12.3,77.7,16.7,Rain,36.7,10.399999999999999,2022,8,August,222,Monsoon,False,True,False,False,True
2022-08-10,Kolkata,East,37.8,29.7,40.6,76.2,16.0,Rain,33.75,8.099999999999998,2022,8,August,222,Monsoon,False,False,False,False,False
2022-08-10,Mumbai,West,32.8,27.8,51.4,80.7,6.7,Rain,30.299999999999997,4.9999999999999964,2022,8,August,222,Monsoon,False,False,False,False,False
2022-08-11,Bengaluru,South,28.8,23.4,0.0,50.9,4.1,Clear,26.1,5.400000000000002,2022,8,August,223,Monsoon,False,False,False,False,False
2022-08-11,Chennai,South,35.6,27.8,0.0,51.8,24.0,Clear,31.700000000000003,7.800000000000001,2022,8,August,223,Monsoon,False,False,False,False,False
2022-08-11,Delhi,North,41.2,30.1,38.4,75.6,12.8,Rain,35.650000000000006,11.100000000000001,2022,8,August,223,Monsoon,False,True,False,False,True
2022-08-11,Jaipur,Northwest,44.0,33.6,68.5,88.1,14.8,Heavy Rain,38.8,10.399999999999999,2022,8,August,223,Monsoon,True,True,False,False,True
2022-08-11,Kolkata,East,31.7,25.8,99.1,89.7,13.9,Heavy Rain,28.75,5.899999999999999,2022,8,August,223,Monsoon,True,False,False,False,True
2022-08-11,Mumbai,West,31.4,23.2,183.2,89.7,8.3,Heavy Rain,27.299999999999997,8.2,2022,8,August,223,Monsoon,True,False,False,False,True
2022-08-12,Bengaluru,South,30.5,23.1,0.0,54.2,5.5,Clear,26.8,7.399999999999999,2022,8,August,224,Monsoon,False,False,False,False,False
2022-08-12,Chennai,South,38.0,31.1,64.5,58.2,21.9,Heavy Rain,34.55,6.899999999999999,2022,8,August,224,Monsoon,True,False,False,False,True
2022-08-12,Delhi,North,44.2,33.2,15.2,76.0,11.9,Rain,38.7,11.0,2022,8,August,224,Monsoon,False,True,False,False,True
2022-08-12,Jaipur,Northwest,43.6,31.2,0.0,74.3,15.4,Clear,37.4,12.400000000000002,2022,8,August,224,Monsoon,False,True,False,False,True
2022-08-12,Kolkata,East,36.4,28.9,0.0,70.8,4.9,Clear,32.65,7.5,2022,8,August,224,Monsoon,False,False,False,False,False
2022-08-12,Mumbai,West,35.0,28.4,0.0,63.3,14.7,Clear,31.7,6.600000000000001,2022,8,August,224,Monsoon,False,False,False,False,False
2022-08-13,Bengaluru,South,30.4,23.6,0.0,59.3,6.9,Clear,27.0,6.799999999999997,2022,8,August,225,Monsoon,False,False,False,False,False
2022-08-13,Chennai,South,33.0,27.5,0.0,57.1,4.2,Clear,30.25,5.5,2022,8,August,225,Monsoon,False,False,False,False,False
2022-08-13,Delhi,North,37.4,28.5,1.5,91.8,16.7,Light Rain,32.95,8.899999999999999,2022,8,August,225,Monsoon,False,False,False,False,False
2022-08-13,Jaipur,Northwest,41.4,30.2,107.0,72.7,11.9,Heavy Rain,35.8,11.2,2022,8,August,225,Monsoon,True,True,False,False,True
2022-08-13,Kolkata,East,36.4,29.5,7.8,72.3,8.3,Light Rain,32.95,6.899999999999999,2022,8,August,225,Monsoon,False,False,False,False,False
2022-08-13,Mumbai,West,33.2,26.5,109.4,80.3,20.4,Heavy Rain,29.85,6.700000000000003,2022,8,August,225,Monsoon,True,False,False,False,True
2022-08-14,Bengaluru,South,31.7,24.7,0.0,45.2,15.9,Clear,28.2,7.0,2022,8,August,226,Monsoon,False,False,False,False,False
2022-08-14,Chennai,South,39.7,29.9,0.0,48.8,4.3,Clear,34.8,9.800000000000004,2022,8,August,226,Monsoon,False,False,False,False,False
2022-08-14,Delhi,North,36.0,25.0,17.2,76.1,10.4,Rain,30.5,11.0,2022,8,August,226,Monsoon,False,False,False,False,False
2022-08-14,Jaipur,Northwest,39.4,27.3,18.9,67.5,19.5,Rain,33.35,12.099999999999998,2022,8,August,226,Monsoon,False,False,False,False,False
2022-08-14,Kolkata,East,33.1,24.9,7.5,81.8,15.3,Light Rain,29.0,8.200000000000003,2022,8,August,226,Monsoon,False,False,False,False,False
2022-08-14,Mumbai,West,34.5,25.9,37.2,77.7,19.0,Rain,30.2,8.600000000000001,2022,8,August,226,Monsoon,False,False,False,False,False
2022-08-15,Bengaluru,South,32.1,23.9,0.0,57.8,13.4,Clear,28.0,8.200000000000003,2022,8,August,227,Monsoon,False,False,False,False,False
2022-08-15,Chennai,South,36.0,29.1,15.7,46.4,20.0,Rain,32.55,6.899999999999999,2022,8,August,227,Monsoon,False,False,False,False,False
2022-08-15,Delhi,North,40.4,31.9,0.0,64.3,21.3,Clear,36.15,8.5,2022,8,August,227,Monsoon,False,True,False,False,True
2022-08-15,Jaipur,Northwest,41.6,30.1,42.3,82.2,35.9,Rain,35.85,11.5,2022,8,August,227,Monsoon,False,True,False,False,True
2022-08-15,Kolkata,East,35.7,27.2,77.7,80.5,7.9,Heavy Rain,31.450000000000003,8.500000000000004,2022,8,August,227,Monsoon,True,False,False,False,True
2022-08-15,Mumbai,West,33.6,25.1,28.5,86.4,16.9,Rain,29.35,8.5,2022,8,August,227,Monsoon,False,False,False,False,False
2022-08-16,Bengaluru,South,26.9,17.3,0.0,52.6,4.0,Clear,22.1,9.599999999999998,2022,8,August,228,Monsoon,False,False,False,False,False
2022-08-16,Chennai,South,34.3,28.2,19.8,63.7,6.4,Rain,31.25,6.099999999999998,2022,8,August,228,Monsoon,False,False,False,False,False
2022-08-16,Delhi,North,42.4,31.4,56.9,71.5,7.0,Rain,36.9,11.0,2022,8,August,228,Monsoon,False,True,False,False,True
2022-08-16,Jaipur,Northwest,41.6,30.4,79.4,78.8,11.2,Heavy Rain,36.0,11.200000000000003,2022,8,August,228,Monsoon,True,True,False,False,True
2022-08-16,Kolkata,East,33.5,25.8,14.3,67.3,6.4,Rain,29.65,7.699999999999999,2022,8,August,228,Monsoon,False,False,False,False,False
2022-08-16,Mumbai,West,33.6,26.8,56.8,83.3,11.0,Rain,30.200000000000003,6.800000000000001,2022,8,August,228,Monsoon,False,False,False,False,False
2022-08-17,Bengaluru,South,31.5,23.6,0.0,39.7,11.9,Clear,27.55,7.899999999999999,2022,8,August,229,Monsoon,False,False,False,False,False
2022-08-17,Chennai,South,35.2,27.0,29.2,54.9,16.1,Rain,31.1,8.200000000000003,2022,8,August,229,Monsoon,False,False,False,False,False
2022-08-17,Delhi,North,40.8,29.0,98.6,67.6,14.1,Heavy Rain,34.9,11.799999999999997,2022,8,August,229,Monsoon,True,True,False,False,True
2022-08-17,Jaipur,Northwest,41.6,29.6,0.0,64.9,2.5,Clear,35.6,12.0,2022,8,August,229,Monsoon,False,True,False,False,True
2022-08-17,Kolkata,East,35.5,28.3,17.5,77.8,12.2,Rain,31.9,7.199999999999999,2022,8,August,229,Monsoon,False,False,False,False,False
2022-08-17,Mumbai,West,31.5,24.5,0.0,79.5,3.3,Clear,28.0,7.0,2022,8,August,229,Monsoon,False,False,False,False,False
2022-08-18,Bengaluru,South,30.9,22.5,0.0,44.5,8.2,Clear,26.7,8.399999999999999,2022,8,August,230,Monsoon,False,False,False,False,False
2022-08-18,Chennai,South,36.3,28.3,0.0,48.7,19.1,Clear,32.3,7.9999999999999964,2022,8,August,230,Monsoon,False,False,False,False,False
2022-08-18,Delhi,North,41.9,31.3,66.7,69.0,12.5,Heavy Rain,36.6,10.599999999999998,2022,8,August,230,Monsoon,True,True,False,False,True
2022-08-18,Jaipur,Northwest,41.1,30.4,0.0,57.1,17.5,Clear,35.75,10.700000000000003,2022,8,August,230,Monsoon,False,True,False,False,True
2022-08-18,Kolkata,East,36.3,29.6,63.5,77.3,6.9,Rain,32.95,6.699999999999996,2022,8,August,230,Monsoon,False,False,False,False,False
2022-08-18,Mumbai,West,32.2,27.2,42.6,74.0,14.4,Rain,29.700000000000003,5.0000000000000036,2022,8,August,230,Monsoon,False,False,False,False,False
2022-08-19,Bengaluru,South,29.4,21.9,1.3,39.4,25.7,Light Rain,25.65,7.5,2022,8,August,231,Monsoon,False,False,False,False,False
2022-08-19,Chennai,South,35.6,28.3,0.0,61.4,9.2,Clear,31.950000000000003,7.300000000000001,2022,8,August,231,Monsoon,False,False,False,False,False
2022-08-19,Delhi,North,42.9,32.4,0.0,64.9,12.3,Clear,37.65,10.5,2022,8,August,231,Monsoon,False,True,False,False,True
2022-08-19,Jaipur,Northwest,39.1,27.4,0.0,72.0,6.0,Clear,33.25,11.700000000000003,2022,8,August,231,Monsoon,False,False,False,False,False
2022-08-19,Kolkata,East,33.6,26.2,109.4,79.8,22.0,Heavy Rain,29.9,7.400000000000002,2022,8,August,231,Monsoon,True,False,False,False,True
2022-08-19,Mumbai,West,31.9,25.2,8.1,82.5,21.2,Light Rain,28.549999999999997,6.699999999999999,2022,8,August,231,Monsoon,False,False,False,False,False
2022-08-20,Bengaluru,South,31.6,24.0,0.0,43.1,15.0,Clear,27.8,7.600000000000001,2022,8,August,232,Monsoon,False,False,False,False,False
2022-08-20,Chennai,South,34.9,28.0,116.9,76.6,7.5,Heavy Rain,31.45,6.899999999999999,2022,8,August,232,Monsoon,True,False,False,False,True
2022-08-20,Delhi,North,39.7,28.3,69.2,76.0,8.6,Heavy Rain,34.0,11.400000000000002,2022,8,August,232,Monsoon,True,False,False,False,True
2022-08-20,Jaipur,Northwest,42.9,31.8,0.0,59.8,5.8,Clear,37.35,11.099999999999998,2022,8,August,232,Monsoon,False,True,False,False,True
2022-08-20,Kolkata,East,35.0,28.0,41.0,78.4,11.6,Rain,31.5,7.0,2022,8,August,232,Monsoon,False,False,False,False,False
2022-08-20,Mumbai,West,34.5,26.2,43.2,76.2,27.5,Rain,30.35,8.3,2022,8,August,232,Monsoon,False,False,False,False,False
2022-08-21,Bengaluru,South,26.8,21.8,0.0,52.5,28.8,Clear,24.3,5.0,2022,8,August,233,Monsoon,False,False,False,False,False
2022-08-21,Chennai,South,37.7,31.2,0.0,42.1,8.9,Clear,34.45,6.5000000000000036,2022,8,August,233,Monsoon,False,False,False,False,False
2022-08-21,Delhi,North,38.7,28.8,42.7,83.2,13.1,Rain,33.75,9.900000000000002,2022,8,August,233,Monsoon,False,False,False,False,False
2022-08-21,Jaipur,Northwest,42.2,29.3,47.2,68.9,16.7,Rain,35.75,12.900000000000002,2022,8,August,233,Monsoon,False,True,False,False,True
2022-08-21,Kolkata,East,34.8,27.9,49.8,75.3,14.6,Rain,31.349999999999998,6.899999999999999,2022,8,August,233,Monsoon,False,False,False,False,False
2022-08-21,Mumbai,West,33.8,26.5,59.4,85.1,16.9,Rain,30.15,7.299999999999997,2022,8,August,233,Monsoon,False,False,False,False,False
2022-08-22,Bengaluru,South,29.8,21.9,0.0,32.8,9.1,Clear,25.85,7.900000000000002,2022,8,August,234,Monsoon,False,False,False,False,False
2022-08-22,Chennai,South,36.8,28.5,0.0,56.3,17.5,Clear,32.65,8.299999999999997,2022,8,August,234,Monsoon,False,False,False,False,False
2022-08-22,Delhi,North,41.4,30.2,89.7,67.4,16.6,Heavy Rain,35.8,11.2,2022,8,August,234,Monsoon,True,True,False,False,True
2022-08-22,Jaipur,Northwest,44.3,34.2,7.9,79.2,6.3,Light Rain,39.25,10.099999999999994,2022,8,August,234,Monsoon,False,True,False,False,True
2022-08-22,Kolkata,East,34.5,27.7,0.0,77.3,12.4,Clear,31.1,6.800000000000001,2022,8,August,234,Monsoon,False,False,False,False,False
2022-08-22,Mumbai,West,31.9,25.3,0.0,67.9,8.8,Clear,28.6,6.599999999999998,2022,8,August,234,Monsoon,False,False,False,False,False
2022-08-23,Bengaluru,South,25.2,19.2,0.0,50.1,14.0,Clear,22.2,6.0,2022,8,August,235,Monsoon,False,False,False,False,False
2022-08-23,Chennai,South,37.2,30.9,0.0,52.2,3.7,Clear,34.05,6.300000000000004,2022,8,August,235,Monsoon,False,False,False,False,False
2022-08-23,Delhi,North,40.0,28.7,27.1,72.6,16.6,Rain,34.35,11.3,2022,8,August,235,Monsoon,False,True,False,False,True
2022-08-23,Jaipur,Northwest,40.7,29.3,0.0,63.2,7.0,Clear,35.0,11.400000000000002,2022,8,August,235,Monsoon,False,True,False,False,True
2022-08-23,Kolkata,East,35.0,27.5,13.4,75.0,30.7,Rain,31.25,7.5,2022,8,August,235,Monsoon,False,False,False,False,False
2022-08-23,Mumbai,West,32.5,24.1,25.2,87.5,12.8,Rain,28.3,8.399999999999999,2022,8,August,235,Monsoon,False,False,False,False,False
2022-08-24,Bengaluru,South,23.9,18.4,0.0,50.9,8.4,Clear,21.15,5.5,2022,8,August,236,Monsoon,False,False,False,False,False
2022-08-24,Chennai,South,31.7,25.7,0.0,41.9,9.6,Clear,28.7,6.0,2022,8,August,236,Monsoon,False,False,False,False,False
2022-08-24,Delhi,North,39.3,27.0,47.4,67.9,29.2,Rain,33.15,12.299999999999997,2022,8,August,236,Monsoon,False,False,False,False,False
2022-08-24,Jaipur,Northwest,41.7,30.5,31.9,67.2,8.4,Rain,36.1,11.200000000000003,2022,8,August,236,Monsoon,False,True,False,False,True
2022-08-24,Kolkata,East,33.5,26.3,28.8,76.2,7.1,Rain,29.9,7.199999999999999,2022,8,August,236,Monsoon,False,False,False,False,False
2022-08-24,Mumbai,West,35.1,26.6,102.7,100.0,13.7,Heavy Rain,30.85,8.5,2022,8,August,236,Monsoon,True,False,False,False,True
2022-08-25,Bengaluru,South,31.2,25.4,0.0,41.3,14.3,Clear,28.299999999999997,5.800000000000001,2022,8,August,237,Monsoon,False,False,False,False,False
2022-08-25,Chennai,South,35.0,28.7,0.0,62.9,3.9,Clear,31.85,6.300000000000001,2022,8,August,237,Monsoon,False,False,False,False,False
2022-08-25,Delhi,North,39.0,25.9,11.8,82.3,9.1,Rain,32.45,13.100000000000001,2022,8,August,237,Monsoon,False,False,False,False,False
2022-08-25,Jaipur,Northwest,36.6,26.2,0.0,67.4,5.0,Clear,31.4,10.400000000000002,2022,8,August,237,Monsoon,False,False,False,False,False
2022-08-25,Kolkata,East,33.6,26.5,0.0,71.7,6.3,Clear,30.05,7.100000000000001,2022,8,August,237,Monsoon,False,False,False,False,False
2022-08-25,Mumbai,West,35.3,25.1,6.4,80.3,7.9,Light Rain,30.2,10.199999999999996,2022,8,August,237,Monsoon,False,False,False,False,False
2022-08-26,Bengaluru,South,28.2,22.7,0.0,41.5,14.0,Clear,25.45,5.5,2022,8,August,238,Monsoon,False,False,False,False,False
2022-08-26,Chennai,South,33.4,25.4,0.0,50.7,24.7,Clear,29.4,8.0,2022,8,August,238,Monsoon,False,False,False,False,False
2022-08-26,Delhi,North,41.9,31.4,35.2,72.2,12.1,Rain,36.65,10.5,2022,8,August,238,Monsoon,False,True,False,False,True
2022-08-26,Jaipur,Northwest,40.5,28.5,0.0,70.1,7.8,Clear,34.5,12.0,2022,8,August,238,Monsoon,False,True,False,False,True
2022-08-26,Kolkata,East,30.0,25.0,63.6,80.4,12.7,Rain,27.5,5.0,2022,8,August,238,Monsoon,False,False,False,False,False
2022-08-26,Mumbai,West,33.6,26.6,25.5,74.9,11.6,Rain,30.1,7.0,2022,8,August,238,Monsoon,False,False,False,False,False
2022-08-27,Bengaluru,South,33.7,25.9,0.0,62.0,8.1,Clear,29.8,7.800000000000004,2022,8,August,239,Monsoon,False,False,False,False,False
2022-08-27,Chennai,South,33.7,27.4,0.0,50.1,8.7,Clear,30.55,6.300000000000004,2022,8,August,239,Monsoon,False,False,False,False,False
2022-08-27,Delhi,North,41.2,28.3,0.0,72.2,3.8,Clear,34.75,12.900000000000002,2022,8,August,239,Monsoon,False,True,False,False,True
2022-08-27,Jaipur,Northwest,35.9,25.2,0.0,64.3,22.0,Clear,30.549999999999997,10.7,2022,8,August,239,Monsoon,False,False,False,False,False
2022-08-27,Kolkata,East,31.4,25.5,0.0,52.1,14.2,Clear,28.45,5.899999999999999,2022,8,August,239,Monsoon,False,False,False,False,False
2022-08-27,Mumbai,West,32.9,25.4,83.7,77.2,10.4,Heavy Rain,29.15,7.5,2022,8,August,239,Monsoon,True,False,False,False,True
2022-08-28,Bengaluru,South,26.7,21.2,0.0,56.0,11.7,Clear,23.95,5.5,2022,8,August,240,Monsoon,False,False,False,False,False
2022-08-28,Chennai,South,36.1,29.7,6.8,62.1,22.1,Light Rain,32.9,6.400000000000002,2022,8,August,240,Monsoon,False,False,False,False,False
2022-08-28,Delhi,North,39.8,28.5,63.4,69.8,16.2,Rain,34.15,11.299999999999997,2022,8,August,240,Monsoon,False,False,False,False,False
2022-08-28,Jaipur,Northwest,37.8,27.2,59.7,81.6,10.6,Rain,32.5,10.599999999999998,2022,8,August,240,Monsoon,False,False,False,False,False
2022-08-28,Kolkata,East,29.4,23.2,0.0,78.7,5.8,Clear,26.299999999999997,6.199999999999999,2022,8,August,240,Monsoon,False,False,False,False,False
2022-08-28,Mumbai,West,31.4,23.8,0.0,75.9,17.0,Clear,27.6,7.599999999999998,2022,8,August,240,Monsoon,False,False,False,False,False
2022-08-29,Bengaluru,South,30.3,22.0,0.0,46.1,10.4,Clear,26.15,8.3,2022,8,August,241,Monsoon,False,False,False,False,False
2022-08-29,Chennai,South,32.0,27.0,0.0,52.6,4.0,Clear,29.5,5.0,2022,8,August,241,Monsoon,False,False,False,False,False
2022-08-29,Delhi,North,40.8,28.9,0.0,64.4,20.7,Clear,34.849999999999994,11.899999999999999,2022,8,August,241,Monsoon,False,True,False,False,True
2022-08-29,Jaipur,Northwest,40.0,28.9,0.0,72.1,2.4,Clear,34.45,11.100000000000001,2022,8,August,241,Monsoon,False,True,False,False,True
2022-08-29,Kolkata,East,37.1,26.5,0.0,74.8,13.9,Clear,31.8,10.600000000000001,2022,8,August,241,Monsoon,False,False,False,False,False
2022-08-29,Mumbai,West,33.2,24.4,0.0,69.4,8.7,Clear,28.8,8.800000000000004,2022,8,August,241,Monsoon,False,False,False,False,False
2022-08-30,Bengaluru,South,27.5,19.1,0.0,40.4,9.7,Clear,23.3,8.399999999999999,2022,8,August,242,Monsoon,False,False,False,False,False
2022-08-30,Chennai,South,34.8,26.3,2.4,67.0,28.9,Light Rain,30.549999999999997,8.499999999999996,2022,8,August,242,Monsoon,False,False,False,False,False
2022-08-30,Delhi,North,35.8,25.4,62.9,82.2,9.9,Rain,30.599999999999998,10.399999999999999,2022,8,August,242,Monsoon,False,False,False,False,False
2022-08-30,Jaipur,Northwest,38.3,28.8,12.7,81.2,12.0,Rain,33.55,9.499999999999996,2022,8,August,242,Monsoon,False,False,False,False,False
2022-08-30,Kolkata,East,36.7,29.0,90.5,83.0,9.5,Heavy Rain,32.85,7.700000000000003,2022,8,August,242,Monsoon,True,False,False,False,True
2022-08-30,Mumbai,West,33.5,27.0,110.0,69.9,17.0,Heavy Rain,30.25,6.5,2022,8,August,242,Monsoon,True,False,False,False,True
2022-08-31,Bengaluru,South,27.2,21.0,0.0,38.3,10.8,Clear,24.1,6.199999999999999,2022,8,August,243,Monsoon,False,False,False,False,False
2022-08-31,Chennai,South,36.3,28.2,6.1,65.5,13.7,Light Rain,32.25,8.099999999999998,2022,8,August,243,Monsoon,False,False,False,False,False
2022-08-31,Delhi,North,36.0,23.3,0.0,53.0,14.6,Clear,29.65,12.7,2022,8,August,243,Monsoon,False,False,False,False,False
2022-08-31,Jaipur,Northwest,37.6,27.0,0.0,76.1,10.7,Clear,32.3,10.600000000000001,2022,8,August,243,Monsoon,False,False,False,False,False
2022-08-31,Kolkata,East,33.7,26.3,0.0,63.9,8.8,Clear,30.0,7.400000000000002,2022,8,August,243,Monsoon,False,False,False,False,False
2022-08-31,Mumbai,West,30.1,22.4,0.0,59.3,6.8,Clear,26.25,7.700000000000003,2022,8,August,243,Monsoon,False,False,False,False,False
2022-09-01,Bengaluru,South,26.4,20.1,0.0,78.5,3.6,Clear,23.25,6.299999999999997,2022,9,September,244,Monsoon,False,False,False,False,False
2022-09-01,Chennai,South,34.6,26.3,8.8,51.3,9.4,Light Rain,30.450000000000003,8.3,2022,9,September,244,Monsoon,False,False,False,False,False
2022-09-01,Delhi,North,37.5,25.8,7.4,80.3,19.8,Light Rain,31.65,11.7,2022,9,September,244,Monsoon,False,False,False,False,False
2022-09-01,Jaipur,Northwest,37.6,26.6,75.6,69.5,18.3,Heavy Rain,32.1,11.0,2022,9,September,244,Monsoon,True,False,False,False,True
2022-09-01,Kolkata,East,34.8,28.2,47.2,90.0,16.4,Rain,31.5,6.599999999999998,2022,9,September,244,Monsoon,False,False,False,False,False
2022-09-01,Mumbai,West,33.2,24.6,16.3,90.7,12.2,Rain,28.900000000000002,8.600000000000001,2022,9,September,244,Monsoon,False,False,False,False,False
2022-09-02,Bengaluru,South,27.6,19.8,0.0,61.0,15.5,Clear,23.700000000000003,7.800000000000001,2022,9,September,245,Monsoon,False,False,False,False,False
2022-09-02,Chennai,South,34.9,29.1,15.1,60.9,13.6,Rain,32.0,5.799999999999997,2022,9,September,245,Monsoon,False,False,False,False,False
2022-09-02,Delhi,North,41.7,29.7,81.5,75.5,11.3,Heavy Rain,35.7,12.000000000000004,2022,9,September,245,Monsoon,True,True,False,False,True
2022-09-02,Jaipur,Northwest,39.0,24.4,0.0,70.4,13.1,Clear,31.7,14.600000000000001,2022,9,September,245,Monsoon,False,False,False,False,False
2022-09-02,Kolkata,East,33.9,28.7,12.6,75.8,19.4,Rain,31.299999999999997,5.199999999999999,2022,9,September,245,Monsoon,False,False,False,False,False
2022-09-02,Mumbai,West,32.2,26.2,71.1,86.6,20.0,Heavy Rain,29.200000000000003,6.0000000000000036,2022,9,September,245,Monsoon,True,False,False,False,True
2022-09-03,Bengaluru,South,28.9,21.4,0.0,69.8,2.8,Clear,25.15,7.5,2022,9,September,246,Monsoon,False,False,False,False,False
2022-09-03,Chennai,South,34.2,26.2,0.0,57.6,7.5,Clear,30.200000000000003,8.000000000000004,2022,9,September,246,Monsoon,False,False,False,False,False
2022-09-03,Delhi,North,39.5,28.8,23.4,82.5,11.9,Rain,34.15,10.7,2022,9,September,246,Monsoon,False,False,False,False,False
2022-09-03,Jaipur,Northwest,38.1,28.1,51.2,80.0,23.8,Rain,33.1,10.0,2022,9,September,246,Monsoon,False,False,False,False,False
2022-09-03,Kolkata,East,32.2,24.4,15.0,72.2,11.9,Rain,28.3,7.800000000000004,2022,9,September,246,Monsoon,False,False,False,False,False
2022-09-03,Mumbai,West,30.8,22.5,127.4,87.1,26.2,Heavy Rain,26.65,8.3,2022,9,September,246,Monsoon,True,False,False,False,True
2022-09-04,Bengaluru,South,29.1,22.5,27.1,69.1,18.6,Rain,25.8,6.600000000000001,2022,9,September,247,Monsoon,False,False,False,False,False
2022-09-04,Chennai,South,32.5,27.5,4.4,55.9,8.9,Light Rain,30.0,5.0,2022,9,September,247,Monsoon,False,False,False,False,False
2022-09-04,Delhi,North,38.3,29.4,79.9,81.2,6.5,Heavy Rain,33.849999999999994,8.899999999999999,2022,9,September,247,Monsoon,True,False,False,False,True
2022-09-04,Jaipur,Northwest,38.3,27.6,7.0,76.8,15.0,Light Rain,32.95,10.699999999999996,2022,9,September,247,Monsoon,False,False,False,False,False
2022-09-04,Kolkata,East,32.5,26.4,0.0,69.1,7.0,Clear,29.45,6.100000000000001,2022,9,September,247,Monsoon,False,False,False,False,False
2022-09-04,Mumbai,West,31.5,24.6,35.5,77.4,10.6,Rain,28.05,6.899999999999999,2022,9,September,247,Monsoon,False,False,False,False,False
2022-09-05,Bengaluru,South,29.0,20.9,0.0,51.2,2.6,Clear,24.95,8.100000000000001,2022,9,September,248,Monsoon,False,False,False,False,False
2022-09-05,Chennai,South,33.7,28.7,0.0,52.3,9.9,Clear,31.200000000000003,5.0000000000000036,2022,9,September,248,Monsoon,False,False,False,False,False
2022-09-05,Delhi,North,35.3,25.2,74.9,87.9,7.8,Heavy Rain,30.25,10.099999999999998,2022,9,September,248,Monsoon,True,False,False,False,True
2022-09-05,Jaipur,Northwest,35.0,23.3,63.2,61.2,12.0,Rain,29.15,11.7,2022,9,September,248,Monsoon,False,False,False,False,False
2022-09-05,Kolkata,East,34.7,28.0,0.0,72.4,13.7,Clear,31.35,6.700000000000003,2022,9,September,248,Monsoon,False,False,False,False,False
2022-09-05,Mumbai,West,30.1,22.6,59.8,76.1,18.2,Rain,26.35,7.5,2022,9,September,248,Monsoon,False,False,False,False,False
2022-09-06,Bengaluru,South,30.9,24.6,0.0,44.9,17.4,Clear,27.75,6.299999999999997,2022,9,September,249,Monsoon,False,False,False,False,False
2022-09-06,Chennai,South,34.7,25.7,0.0,54.9,15.9,Clear,30.200000000000003,9.000000000000004,2022,9,September,249,Monsoon,False,False,False,False,False
2022-09-06,Delhi,North,38.2,27.1,61.7,86.4,18.1,Rain,32.650000000000006,11.100000000000001,2022,9,September,249,Monsoon,False,False,False,False,False
2022-09-06,Jaipur,Northwest,37.1,29.3,75.6,84.0,18.9,Heavy Rain,33.2,7.800000000000001,2022,9,September,249,Monsoon,True,False,False,False,True
2022-09-06,Kolkata,East,33.0,25.5,24.1,82.2,6.1,Rain,29.25,7.5,2022,9,September,249,Monsoon,False,False,False,False,False
2022-09-06,Mumbai,West,36.3,29.2,180.7,69.6,17.6,Heavy Rain,32.75,7.099999999999998,2022,9,September,249,Monsoon,True,False,False,False,True
2022-09-07,Bengaluru,South,25.3,18.9,19.9,57.3,8.2,Rain,22.1,6.400000000000002,2022,9,September,250,Monsoon,False,False,False,False,False
2022-09-07,Chennai,South,33.4,26.1,19.6,68.5,16.2,Rain,29.75,7.299999999999997,2022,9,September,250,Monsoon,False,False,False,False,False
2022-09-07,Delhi,North,40.2,27.3,0.0,59.6,3.1,Clear,33.75,12.900000000000002,2022,9,September,250,Monsoon,False,True,False,False,True
2022-09-07,Jaipur,Northwest,43.7,31.7,26.6,73.0,24.8,Rain,37.7,12.000000000000004,2022,9,September,250,Monsoon,False,True,False,False,True
2022-09-07,Kolkata,East,31.5,26.1,116.2,67.0,10.8,Heavy Rain,28.8,5.399999999999999,2022,9,September,250,Monsoon,True,False,False,False,True
2022-09-07,Mumbai,West,31.0,24.5,9.9,74.7,18.9,Light Rain,27.75,6.5,2022,9,September,250,Monsoon,False,False,False,False,False
2022-09-08,Bengaluru,South,28.7,22.6,0.0,43.3,7.1,Clear,25.65,6.099999999999998,2022,9,September,251,Monsoon,False,False,False,False,False
2022-09-08,Chennai,South,34.9,29.9,0.0,52.3,13.9,Clear,32.4,5.0,2022,9,September,251,Monsoon,False,False,False,False,False
2022-09-08,Delhi,North,33.9,24.4,42.3,85.3,18.1,Rain,29.15,9.5,2022,9,September,251,Monsoon,False,False,False,False,False
2022-09-08,Jaipur,Northwest,37.3,27.6,0.0,72.0,8.6,Clear,32.45,9.699999999999996,2022,9,September,251,Monsoon,False,False,False,False,False
2022-09-08,Kolkata,East,34.1,28.9,21.0,78.3,17.4,Rain,31.5,5.200000000000003,2022,9,September,251,Monsoon,False,False,False,False,False
2022-09-08,Mumbai,West,33.5,28.1,38.9,72.2,9.8,Rain,30.8,5.399999999999999,2022,9,September,251,Monsoon,False,False,False,False,False
2022-09-09,Bengaluru,South,27.7,21.8,0.0,61.5,10.4,Clear,24.75,5.899999999999999,2022,9,September,252,Monsoon,False,False,False,False,False
2022-09-09,Chennai,South,30.5,25.0,0.0,69.9,2.3,Clear,27.75,5.5,2022,9,September,252,Monsoon,False,False,False,False,False
2022-09-09,Delhi,North,39.9,29.8,64.4,91.9,9.2,Rain,34.85,10.099999999999998,2022,9,September,252,Monsoon,False,False,False,False,False
2022-09-09,Jaipur,Northwest,36.7,25.8,89.7,76.6,13.2,Heavy Rain,31.25,10.900000000000002,2022,9,September,252,Monsoon,True,False,False,False,True
2022-09-09,Kolkata,East,34.7,26.3,111.7,85.0,11.7,Heavy Rain,30.5,8.400000000000002,2022,9,September,252,Monsoon,True,False,False,False,True
2022-09-09,Mumbai,West,33.4,27.8,66.0,91.2,9.3,Heavy Rain,30.6,5.599999999999998,2022,9,September,252,Monsoon,True,False,False,False,True
2022-09-10,Bengaluru,South,24.2,18.5,0.0,48.4,20.9,Clear,21.35,5.699999999999999,2022,9,September,253,Monsoon,False,False,False,False,False
2022-09-10,Chennai,South,29.4,24.3,0.0,57.6,8.0,Clear,26.85,5.099999999999998,2022,9,September,253,Monsoon,False,False,False,False,False
2022-09-10,Delhi,North,34.3,24.2,270.4,87.4,18.4,Heavy Rain,29.25,10.099999999999998,2022,9,September,253,Monsoon,True,False,False,False,True
2022-09-10,Jaipur,Northwest,37.9,27.5,22.0,88.2,14.6,Rain,32.7,10.399999999999999,2022,9,September,253,Monsoon,False,False,False,False,False
2022-09-10,Kolkata,East,30.4,25.2,103.1,65.6,20.7,Heavy Rain,27.799999999999997,5.199999999999999,2022,9,September,253,Monsoon,True,False,False,False,True
2022-09-10,Mumbai,West,34.9,27.6,109.3,90.0,16.2,Heavy Rain,31.25,7.299999999999997,2022,9,September,253,Monsoon,True,False,False,False,True
2022-09-11,Bengaluru,South,25.7,20.7,11.5,59.3,8.2,Rain,23.2,5.0,2022,9,September,254,Monsoon,False,False,False,False,False
2022-09-11,Chennai,South,34.7,28.6,0.0,65.1,26.1,Clear,31.650000000000002,6.100000000000001,2022,9,September,254,Monsoon,False,False,False,False,False
2022-09-11,Delhi,North,34.7,22.9,97.9,63.5,8.2,Heavy Rain,28.8,11.800000000000004,2022,9,September,254,Monsoon,True,False,False,False,True
2022-09-11,Jaipur,Northwest,37.3,27.3,199.1,85.5,21.2,Heavy Rain,32.3,9.999999999999996,2022,9,September,254,Monsoon,True,False,False,False,True
2022-09-11,Kolkata,East,30.9,25.9,0.0,63.6,14.0,Clear,28.4,5.0,2022,9,September,254,Monsoon,False,False,False,False,False
2022-09-11,Mumbai,West,32.1,24.7,120.3,75.2,19.9,Heavy Rain,28.4,7.400000000000002,2022,9,September,254,Monsoon,True,False,False,False,True
2022-09-12,Bengaluru,South,27.1,19.9,0.0,53.5,11.8,Clear,23.5,7.200000000000003,2022,9,September,255,Monsoon,False,False,False,False,False
2022-09-12,Chennai,South,29.4,22.5,0.0,57.5,4.9,Clear,25.95,6.899999999999999,2022,9,September,255,Monsoon,False,False,False,False,False
2022-09-12,Delhi,North,36.1,25.8,0.0,60.1,5.9,Clear,30.950000000000003,10.3,2022,9,September,255,Monsoon,False,False,False,False,False
2022-09-12,Jaipur,Northwest,39.2,26.5,58.1,71.2,28.2,Rain,32.85,12.700000000000003,2022,9,September,255,Monsoon,False,False,False,False,False
2022-09-12,Kolkata,East,33.5,26.5,105.2,91.8,12.7,Heavy Rain,30.0,7.0,2022,9,September,255,Monsoon,True,False,False,False,True
2022-09-12,Mumbai,West,30.3,19.9,76.8,98.3,16.7,Heavy Rain,25.1,10.400000000000002,2022,9,September,255,Monsoon,True,False,False,False,True
2022-09-13,Bengaluru,South,27.5,21.5,10.4,57.6,14.2,Rain,24.5,6.0,2022,9,September,256,Monsoon,False,False,False,False,False
2022-09-13,Chennai,South,34.8,26.1,0.0,43.4,4.9,Clear,30.45,8.699999999999996,2022,9,September,256,Monsoon,False,False,False,False,False
2022-09-13,Delhi,North,37.8,25.3,134.7,82.7,8.8,Heavy Rain,31.549999999999997,12.499999999999996,2022,9,September,256,Monsoon,True,False,False,False,True
2022-09-13,Jaipur,Northwest,39.0,29.4,148.0,87.7,15.1,Heavy Rain,34.2,9.600000000000001,2022,9,September,256,Monsoon,True,False,False,False,True
2022-09-13,Kolkata,East,32.6,23.8,0.0,52.2,15.5,Clear,28.200000000000003,8.8,2022,9,September,256,Monsoon,False,False,False,False,False
2022-09-13,Mumbai,West,30.0,20.0,81.9,80.4,7.5,Heavy Rain,25.0,10.0,2022,9,September,256,Monsoon,True,False,False,False,True
2022-09-14,Bengaluru,South,30.2,23.9,0.0,55.1,3.8,Clear,27.049999999999997,6.300000000000001,2022,9,September,257,Monsoon,False,False,False,False,False
2022-09-14,Chennai,South,36.2,29.7,21.5,64.7,17.9,Rain,32.95,6.5000000000000036,2022,9,September,257,Monsoon,False,False,False,False,False
2022-09-14,Delhi,North,34.0,24.2,203.2,80.2,8.3,Heavy Rain,29.1,9.8,2022,9,September,257,Monsoon,True,False,False,False,True
2022-09-14,Jaipur,Northwest,37.7,26.7,111.5,63.9,17.8,Heavy Rain,32.2,11.000000000000004,2022,9,September,257,Monsoon,True,False,False,False,True
2022-09-14,Kolkata,East,32.8,27.0,0.0,60.5,1.8,Clear,29.9,5.799999999999997,2022,9,September,257,Monsoon,False,False,False,False,False
2022-09-14,Mumbai,West,34.3,25.2,195.8,74.2,18.2,Heavy Rain,29.75,9.099999999999998,2022,9,September,257,Monsoon,True,False,False,False,True
2022-09-15,Bengaluru,South,27.8,20.0,0.0,63.1,6.6,Clear,23.9,7.800000000000001,2022,9,September,258,Monsoon,False,False,False,False,False
2022-09-15,Chennai,South,31.7,24.3,0.0,57.7,3.1,Clear,28.0,7.399999999999999,2022,9,September,258,Monsoon,False,False,False,False,False
2022-09-15,Delhi,North,39.5,26.4,0.0,76.4,13.4,Clear,32.95,13.100000000000001,2022,9,September,258,Monsoon,False,False,False,False,False
2022-09-15,Jaipur,Northwest,41.2,28.3,61.9,97.7,7.9,Rain,34.75,12.900000000000002,2022,9,September,258,Monsoon,False,True,False,False,True
2022-09-15,Kolkata,East,35.9,27.6,0.0,70.9,7.4,Clear,31.75,8.299999999999997,2022,9,September,258,Monsoon,False,False,False,False,False
2022-09-15,Mumbai,West,35.8,29.0,0.0,74.9,6.9,Clear,32.4,6.799999999999997,2022,9,September,258,Monsoon,False,False,False,False,False
2022-09-16,Bengaluru,South,26.4,20.2,0.0,39.0,17.1,Clear,23.299999999999997,6.199999999999999,2022,9,September,259,Monsoon,False,False,False,False,False
2022-09-16,Chennai,South,33.9,28.1,0.0,54.2,17.0,Clear,31.0,5.799999999999997,2022,9,September,259,Monsoon,False,False,False,False,False
2022-09-16,Delhi,North,36.3,27.3,165.5,75.8,10.5,Heavy Rain,31.799999999999997,8.999999999999996,2022,9,September,259,Monsoon,True,False,False,False,True
2022-09-16,Jaipur,Northwest,37.9,26.5,28.4,76.6,9.5,Rain,32.2,11.399999999999999,2022,9,September,259,Monsoon,False,False,False,False,False
2022-09-16,Kolkata,East,30.7,24.8,48.6,68.9,12.7,Rain,27.75,5.899999999999999,2022,9,September,259,Monsoon,False,False,False,False,False
2022-09-16,Mumbai,West,33.1,23.2,53.1,79.7,13.9,Rain,28.15,9.900000000000002,2022,9,September,259,Monsoon,False,False,False,False,False
2022-09-17,Bengaluru,South,29.9,21.6,0.0,54.1,7.7,Clear,25.75,8.299999999999997,2022,9,September,260,Monsoon,False,False,False,False,False
2022-09-17,Chennai,South,30.3,24.3,23.7,51.8,33.8,Rain,27.3,6.0,2022,9,September,260,Monsoon,False,False,False,False,False
2022-09-17,Delhi,North,37.1,24.9,69.9,78.2,11.1,Heavy Rain,31.0,12.200000000000003,2022,9,September,260,Monsoon,True,False,False,False,True
2022-09-17,Jaipur,Northwest,38.0,27.4,0.0,66.8,9.8,Clear,32.7,10.600000000000001,2022,9,September,260,Monsoon,False,False,False,False,False
2022-09-17,Kolkata,East,32.3,27.0,0.0,74.9,3.2,Clear,29.65,5.299999999999997,2022,9,September,260,Monsoon,False,False,False,False,False
2022-09-17,Mumbai,West,33.8,27.9,0.0,73.4,9.6,Clear,30.849999999999998,5.899999999999999,2022,9,September,260,Monsoon,False,False,False,False,False
2022-09-18,Bengaluru,South,27.6,20.6,0.0,57.4,11.5,Clear,24.1,7.0,2022,9,September,261,Monsoon,False,False,False,False,False
2022-09-18,Chennai,South,35.3,27.5,18.2,54.7,9.2,Rain,31.4,7.799999999999997,2022,9,September,261,Monsoon,False,False,False,False,False
2022-09-18,Delhi,North,32.8,21.7,17.2,90.0,7.7,Rain,27.25,11.099999999999998,2022,9,September,261,Monsoon,False,False,False,False,False
2022-09-18,Jaipur,Northwest,36.0,23.8,0.0,76.0,14.7,Clear,29.9,12.2,2022,9,September,261,Monsoon,False,False,False,False,False
2022-09-18,Kolkata,East,32.7,26.8,0.0,63.9,9.9,Clear,29.75,5.900000000000002,2022,9,September,261,Monsoon,False,False,False,False,False
2022-09-18,Mumbai,West,31.8,22.5,18.1,74.4,17.5,Rain,27.15,9.3,2022,9,September,261,Monsoon,False,False,False,False,False
2022-09-19,Bengaluru,South,29.9,23.7,0.0,67.0,15.1,Clear,26.799999999999997,6.199999999999999,2022,9,September,262,Monsoon,False,False,False,False,False
2022-09-19,Chennai,South,33.6,25.8,24.1,61.6,16.0,Rain,29.700000000000003,7.800000000000001,2022,9,September,262,Monsoon,False,False,False,False,False
2022-09-19,Delhi,North,36.9,26.2,0.0,67.0,20.8,Clear,31.549999999999997,10.7,2022,9,September,262,Monsoon,False,False,False,False,False
2022-09-19,Jaipur,Northwest,33.9,23.0,78.2,85.6,9.7,Heavy Rain,28.45,10.899999999999999,2022,9,September,262,Monsoon,True,False,False,False,True
2022-09-19,Kolkata,East,32.2,23.9,69.0,83.9,26.6,Heavy Rain,28.05,8.300000000000004,2022,9,September,262,Monsoon,True,False,False,False,True
2022-09-19,Mumbai,West,32.4,24.4,0.0,82.4,3.6,Cloudy,28.4,8.0,2022,9,September,262,Monsoon,False,False,False,False,False
2022-09-20,Bengaluru,South,31.1,22.5,18.1,56.6,13.0,Rain,26.8,8.600000000000001,2022,9,September,263,Monsoon,False,False,False,False,False
2022-09-20,Chennai,South,35.9,30.3,18.4,57.2,20.2,Rain,33.1,5.599999999999998,2022,9,September,263,Monsoon,False,False,False,False,False
2022-09-20,Delhi,North,33.9,23.2,125.4,73.2,19.0,Heavy Rain,28.549999999999997,10.7,2022,9,September,263,Monsoon,True,False,False,False,True
2022-09-20,Jaipur,Northwest,33.2,23.3,105.4,87.1,25.3,Heavy Rain,28.25,9.900000000000002,2022,9,September,263,Monsoon,True,False,False,False,True
2022-09-20,Kolkata,East,31.5,23.9,0.0,72.5,17.6,Clear,27.7,7.600000000000001,2022,9,September,263,Monsoon,False,False,False,False,False
2022-09-20,Mumbai,West,33.7,27.5,91.0,82.2,12.0,Heavy Rain,30.6,6.200000000000003,2022,9,September,263,Monsoon,True,False,False,False,True
2022-09-21,Bengaluru,South,27.2,21.0,0.0,57.7,18.6,Clear,24.1,6.199999999999999,2022,9,September,264,Monsoon,False,False,False,False,False
2022-09-21,Chennai,South,29.5,23.3,1.8,52.1,11.4,Light Rain,26.4,6.199999999999999,2022,9,September,264,Monsoon,False,False,False,False,False
2022-09-21,Delhi,North,34.1,23.3,0.0,85.6,15.0,Cloudy,28.700000000000003,10.8,2022,9,September,264,Monsoon,False,False,False,False,False
2022-09-21,Jaipur,Northwest,36.9,25.6,82.0,89.3,8.9,Heavy Rain,31.25,11.299999999999997,2022,9,September,264,Monsoon,True,False,False,False,True
2022-09-21,Kolkata,East,31.6,25.5,0.0,79.5,11.3,Clear,28.55,6.100000000000001,2022,9,September,264,Monsoon,False,False,False,False,False
2022-09-21,Mumbai,West,32.4,26.9,11.2,66.7,10.6,Rain,29.65,5.5,2022,9,September,264,Monsoon,False,False,False,False,False
2022-09-22,Bengaluru,South,26.9,21.6,35.3,62.7,7.6,Rain,24.25,5.299999999999997,2022,9,September,265,Monsoon,False,False,False,False,False
2022-09-22,Chennai,South,32.9,27.9,0.0,44.9,4.6,Clear,30.4,5.0,2022,9,September,265,Monsoon,False,False,False,False,False
2022-09-22,Delhi,North,34.3,24.1,107.8,78.5,9.8,Heavy Rain,29.2,10.199999999999996,2022,9,September,265,Monsoon,True,False,False,False,True
2022-09-22,Jaipur,Northwest,38.6,26.3,13.6,100.0,11.9,Rain,32.45,12.3,2022,9,September,265,Monsoon,False,False,False,False,False
2022-09-22,Kolkata,East,32.7,25.8,95.4,100.0,25.4,Heavy Rain,29.25,6.900000000000002,2022,9,September,265,Monsoon,True,False,False,False,True
2022-09-22,Mumbai,West,32.3,25.1,0.0,73.5,11.1,Clear,28.7,7.199999999999996,2022,9,September,265,Monsoon,False,False,False,False,False
2022-09-23,Bengaluru,South,28.7,20.3,0.0,48.5,6.9,Clear,24.5,8.399999999999999,2022,9,September,266,Monsoon,False,False,False,False,False
2022-09-23,Chennai,South,34.1,28.3,18.2,53.7,12.6,Rain,31.200000000000003,5.800000000000001,2022,9,September,266,Monsoon,False,False,False,False,False
2022-09-23,Delhi,North,33.5,25.3,0.0,71.8,22.9,Clear,29.4,8.2,2022,9,September,266,Monsoon,False,False,False,False,False
2022-09-23,Jaipur,Northwest,37.0,26.2,46.4,78.6,14.9,Rain,31.6,10.8,2022,9,September,266,Monsoon,False,False,False,False,False
2022-09-23,Kolkata,East,31.6,25.0,0.0,77.9,6.8,Clear,28.3,6.600000000000001,2022,9,September,266,Monsoon,False,False,False,False,False
2022-09-23,Mumbai,West,30.2,23.5,39.6,83.2,19.3,Rain,26.85,6.699999999999999,2022,9,September,266,Monsoon,False,False,False,False,False
2022-09-24,Bengaluru,South,30.1,22.1,0.0,48.2,30.8,Clear,26.1,8.0,2022,9,September,267,Monsoon,False,False,False,False,False
2022-09-24,Chennai,South,30.9,25.9,0.0,55.3,6.2,Clear,28.4,5.0,2022,9,September,267,Monsoon,False,False,False,False,False
2022-09-24,Delhi,North,33.7,22.6,71.6,73.2,22.1,Heavy Rain,28.150000000000002,11.100000000000001,2022,9,September,267,Monsoon,True,False,False,False,True
2022-09-24,Jaipur,Northwest,34.8,23.6,0.0,65.2,4.7,Clear,29.2,11.199999999999996,2022,9,September,267,Monsoon,False,False,False,False,False
2022-09-24,Kolkata,East,32.0,25.0,25.4,79.1,10.9,Rain,28.5,7.0,2022,9,September,267,Monsoon,False,False,False,False,False
2022-09-24,Mumbai,West,31.2,23.9,0.0,78.3,2.7,Clear,27.549999999999997,7.300000000000001,2022,9,September,267,Monsoon,False,False,False,False,False
2022-09-25,Bengaluru,South,26.3,20.2,0.0,45.6,5.9,Clear,23.25,6.100000000000001,2022,9,September,268,Monsoon,False,False,False,False,False
2022-09-25,Chennai,South,34.4,28.4,0.0,48.8,11.5,Clear,31.4,6.0,2022,9,September,268,Monsoon,False,False,False,False,False
2022-09-25,Delhi,North,36.6,24.2,2.9,83.4,8.8,Light Rain,30.4,12.400000000000002,2022,9,September,268,Monsoon,False,False,False,False,False
2022-09-25,Jaipur,Northwest,34.2,22.4,132.9,83.4,13.4,Heavy Rain,28.3,11.800000000000004,2022,9,September,268,Monsoon,True,False,False,False,True
2022-09-25,Kolkata,East,35.7,27.0,158.9,82.4,8.2,Heavy Rain,31.35,8.700000000000003,2022,9,September,268,Monsoon,True,False,False,False,True
2022-09-25,Mumbai,West,29.9,23.0,0.0,64.4,6.0,Clear,26.45,6.899999999999999,2022,9,September,268,Monsoon,False,False,False,False,False
2022-09-26,Bengaluru,South,28.5,21.5,0.0,73.4,2.9,Clear,25.0,7.0,2022,9,September,269,Monsoon,False,False,False,False,False
2022-09-26,Chennai,South,34.7,23.8,0.0,63.0,5.4,Clear,29.25,10.900000000000002,2022,9,September,269,Monsoon,False,False,False,False,False
2022-09-26,Delhi,North,33.4,23.5,119.3,68.6,11.5,Heavy Rain,28.45,9.899999999999999,2022,9,September,269,Monsoon,True,False,False,False,True
2022-09-26,Jaipur,Northwest,33.6,21.9,26.0,87.4,10.7,Rain,27.75,11.700000000000003,2022,9,September,269,Monsoon,False,False,False,False,False
2022-09-26,Kolkata,East,30.8,23.4,98.0,85.0,26.9,Heavy Rain,27.1,7.400000000000002,2022,9,September,269,Monsoon,True,False,False,False,True
2022-09-26,Mumbai,West,32.5,23.9,43.9,90.0,13.6,Rain,28.2,8.600000000000001,2022,9,September,269,Monsoon,False,False,False,False,False
2022-09-27,Bengaluru,South,29.0,21.1,50.3,67.8,9.3,Rain,25.05,7.899999999999999,2022,9,September,270,Monsoon,False,False,False,False,False
2022-09-27,Chennai,South,34.1,27.4,23.2,71.7,22.3,Rain,30.75,6.700000000000003,2022,9,September,270,Monsoon,False,False,False,False,False
2022-09-27,Delhi,North,34.9,23.6,121.9,70.8,12.0,Heavy Rain,29.25,11.299999999999997,2022,9,September,270,Monsoon,True,False,False,False,True
2022-09-27,Jaipur,Northwest,32.5,23.0,29.1,76.8,14.3,Rain,27.75,9.5,2022,9,September,270,Monsoon,False,False,False,False,False
2022-09-27,Kolkata,East,30.6,25.6,19.5,73.0,11.3,Rain,28.1,5.0,2022,9,September,270,Monsoon,False,False,False,False,False
2022-09-27,Mumbai,West,29.5,22.7,153.2,80.4,16.0,Heavy Rain,26.1,6.800000000000001,2022,9,September,270,Monsoon,True,False,False,False,True
2022-09-28,Bengaluru,South,28.2,21.8,22.3,58.5,22.7,Rain,25.0,6.399999999999999,2022,9,September,271,Monsoon,False,False,False,False,False
2022-09-28,Chennai,South,31.5,26.5,25.1,58.9,8.1,Rain,29.0,5.0,2022,9,September,271,Monsoon,False,False,False,False,False
2022-09-28,Delhi,North,34.7,21.2,150.5,54.4,16.6,Heavy Rain,27.950000000000003,13.500000000000004,2022,9,September,271,Monsoon,True,False,False,False,True
2022-09-28,Jaipur,Northwest,39.5,27.3,0.0,67.5,5.3,Clear,33.4,12.2,2022,9,September,271,Monsoon,False,False,False,False,False
2022-09-28,Kolkata,East,31.0,26.0,183.4,89.5,24.5,Heavy Rain,28.5,5.0,2022,9,September,271,Monsoon,True,False,False,False,True
2022-09-28,Mumbai,West,32.5,26.0,0.0,79.1,2.9,Clear,29.25,6.5,2022,9,September,271,Monsoon,False,False,False,False,False
2022-09-29,Bengaluru,South,26.9,19.6,1.4,60.4,20.2,Light Rain,23.25,7.299999999999997,2022,9,September,272,Monsoon,False,False,False,False,False
2022-09-29,Chennai,South,33.6,26.2,0.0,39.1,15.6,Clear,29.9,7.400000000000002,2022,9,September,272,Monsoon,False,False,False,False,False
2022-09-29,Delhi,North,35.6,25.5,24.2,67.0,13.0,Rain,30.55,10.100000000000001,2022,9,September,272,Monsoon,False,False,False,False,False
2022-09-29,Jaipur,Northwest,34.7,23.5,130.0,75.5,6.9,Heavy Rain,29.1,11.200000000000003,2022,9,September,272,Monsoon,True,False,False,False,True
2022-09-29,Kolkata,East,30.2,20.6,106.4,93.1,18.1,Heavy Rain,25.4,9.599999999999998,2022,9,September,272,Monsoon,True,False,False,False,True
2022-09-29,Mumbai,West,30.6,21.6,0.0,71.7,4.0,Clear,26.1,9.0,2022,9,September,272,Monsoon,False,False,False,False,False
2022-09-30,Bengaluru,South,27.6,21.9,0.0,58.8,7.4,Clear,24.75,5.700000000000003,2022,9,September,273,Monsoon,False,False,False,False,False
2022-09-30,Chennai,South,34.3,27.2,0.0,54.9,19.4,Clear,30.75,7.099999999999998,2022,9,September,273,Monsoon,False,False,False,False,False
2022-09-30,Delhi,North,31.2,19.4,73.7,78.3,13.7,Heavy Rain,25.299999999999997,11.8,2022,9,September,273,Monsoon,True,False,False,False,True
2022-09-30,Jaipur,Northwest,34.9,24.1,243.0,87.2,6.4,Heavy Rain,29.5,10.799999999999997,2022,9,September,273,Monsoon,True,False,False,False,True
2022-09-30,Kolkata,East,32.4,26.0,94.5,92.5,11.8,Heavy Rain,29.2,6.399999999999999,2022,9,September,273,Monsoon,True,False,False,False,True
2022-09-30,Mumbai,West,34.2,26.2,35.8,86.3,17.1,Rain,30.200000000000003,8.000000000000004,2022,9,September,273,Monsoon,False,False,False,False,False
2022-10-01,Bengaluru,South,28.6,22.5,36.7,47.8,16.9,Rain,25.55,6.100000000000001,2022,10,October,274,Post-Monsoon,False,False,False,False,False
2022-10-01,Chennai,South,30.7,25.4,25.7,82.3,14.1,Rain,28.049999999999997,5.300000000000001,2022,10,October,274,Post-Monsoon,False,False,False,False,False
2022-10-01,Delhi,North,34.1,22.7,8.7,56.0,7.2,Light Rain,28.4,11.400000000000002,2022,10,October,274,Post-Monsoon,False,False,False,False,False
2022-10-01,Jaipur,Northwest,35.4,24.9,0.0,49.1,20.3,Clear,30.15,10.5,2022,10,October,274,Post-Monsoon,False,False,False,False,False
2022-10-01,Kolkata,East,30.0,22.2,0.0,69.8,8.2,Clear,26.1,7.800000000000001,2022,10,October,274,Post-Monsoon,False,False,False,False,False
2022-10-01,Mumbai,West,26.7,21.3,0.0,68.6,14.4,Clear,24.0,5.399999999999999,2022,10,October,274,Post-Monsoon,False,False,False,False,False
2022-10-02,Bengaluru,South,26.4,21.1,0.0,61.6,12.8,Clear,23.75,5.299999999999997,2022,10,October,275,Post-Monsoon,False,False,False,False,False
2022-10-02,Chennai,South,31.2,24.5,132.3,64.1,8.6,Heavy Rain,27.85,6.699999999999999,2022,10,October,275,Post-Monsoon,True,False,False,False,True
2022-10-02,Delhi,North,31.1,19.6,0.0,49.6,0.8,Clear,25.35,11.5,2022,10,October,275,Post-Monsoon,False,False,False,False,False
2022-10-02,Jaipur,Northwest,35.9,26.1,0.0,53.1,31.7,Clear,31.0,9.799999999999997,2022,10,October,275,Post-Monsoon,False,False,False,False,False
2022-10-02,Kolkata,East,30.9,23.0,0.0,53.0,9.7,Clear,26.95,7.899999999999999,2022,10,October,275,Post-Monsoon,False,False,False,False,False
2022-10-02,Mumbai,West,31.6,23.9,10.4,45.4,35.4,Rain,27.75,7.700000000000003,2022,10,October,275,Post-Monsoon,False,False,False,False,False
2022-10-03,Bengaluru,South,24.5,18.7,3.4,66.8,14.4,Light Rain,21.6,5.800000000000001,2022,10,October,276,Post-Monsoon,False,False,False,False,False
2022-10-03,Chennai,South,34.9,26.8,134.2,70.6,8.4,Heavy Rain,30.85,8.099999999999998,2022,10,October,276,Post-Monsoon,True,False,False,False,True
2022-10-03,Delhi,North,33.6,22.1,0.0,44.8,18.2,Clear,27.85,11.5,2022,10,October,276,Post-Monsoon,False,False,False,False,False
2022-10-03,Jaipur,Northwest,34.9,23.3,0.0,54.5,11.9,Clear,29.1,11.599999999999998,2022,10,October,276,Post-Monsoon,False,False,False,False,False
2022-10-03,Kolkata,East,32.1,25.7,42.4,62.4,14.2,Rain,28.9,6.400000000000002,2022,10,October,276,Post-Monsoon,False,False,False,False,False
2022-10-03,Mumbai,West,32.5,27.1,0.0,57.6,8.5,Clear,29.8,5.399999999999999,2022,10,October,276,Post-Monsoon,False,False,False,False,False
2022-10-04,Bengaluru,South,29.1,23.8,0.0,55.0,3.5,Clear,26.450000000000003,5.300000000000001,2022,10,October,277,Post-Monsoon,False,False,False,False,False
2022-10-04,Chennai,South,31.3,25.5,43.7,76.5,7.4,Rain,28.4,5.800000000000001,2022,10,October,277,Post-Monsoon,False,False,False,False,False
2022-10-04,Delhi,North,32.2,19.3,0.0,45.5,14.6,Clear,25.75,12.900000000000002,2022,10,October,277,Post-Monsoon,False,False,False,False,False
2022-10-04,Jaipur,Northwest,31.3,21.2,0.0,51.0,23.4,Clear,26.25,10.100000000000001,2022,10,October,277,Post-Monsoon,False,False,False,False,False
2022-10-04,Kolkata,East,31.4,23.6,0.0,57.5,2.9,Clear,27.5,7.799999999999997,2022,10,October,277,Post-Monsoon,False,False,False,False,False
2022-10-04,Mumbai,West,32.4,25.7,27.9,67.4,9.0,Rain,29.049999999999997,6.699999999999999,2022,10,October,277,Post-Monsoon,False,False,False,False,False
2022-10-05,Bengaluru,South,26.6,20.3,0.0,46.8,11.2,Clear,23.450000000000003,6.300000000000001,2022,10,October,278,Post-Monsoon,False,False,False,False,False
2022-10-05,Chennai,South,30.9,24.3,30.7,65.0,8.5,Rain,27.6,6.599999999999998,2022,10,October,278,Post-Monsoon,False,False,False,False,False
2022-10-05,Delhi,North,32.7,22.1,0.0,60.2,7.0,Clear,27.400000000000002,10.600000000000001,2022,10,October,278,Post-Monsoon,False,False,False,False,False
2022-10-05,Jaipur,Northwest,36.9,24.4,0.0,51.9,6.6,Clear,30.65,12.5,2022,10,October,278,Post-Monsoon,False,False,False,False,False
2022-10-05,Kolkata,East,30.2,22.6,0.0,41.7,6.1,Clear,26.4,7.599999999999998,2022,10,October,278,Post-Monsoon,False,False,False,False,False
2022-10-05,Mumbai,West,31.1,24.9,0.0,58.3,5.3,Clear,28.0,6.200000000000003,2022,10,October,278,Post-Monsoon,False,False,False,False,False
2022-10-06,Bengaluru,South,26.8,21.8,0.0,71.0,12.9,Clear,24.3,5.0,2022,10,October,279,Post-Monsoon,False,False,False,False,False
2022-10-06,Chennai,South,32.4,25.4,84.8,84.8,19.6,Heavy Rain,28.9,7.0,2022,10,October,279,Post-Monsoon,True,False,False,False,True
2022-10-06,Delhi,North,34.2,22.1,4.0,47.6,8.5,Light Rain,28.150000000000002,12.100000000000001,2022,10,October,279,Post-Monsoon,False,False,False,False,False
2022-10-06,Jaipur,Northwest,35.1,26.0,0.0,53.8,10.6,Clear,30.55,9.100000000000001,2022,10,October,279,Post-Monsoon,False,False,False,False,False
2022-10-06,Kolkata,East,31.5,23.5,8.0,57.4,14.4,Light Rain,27.5,8.0,2022,10,October,279,Post-Monsoon,False,False,False,False,False
2022-10-06,Mumbai,West,30.9,25.3,0.0,51.6,10.7,Clear,28.1,5.599999999999998,2022,10,October,279,Post-Monsoon,False,False,False,False,False
2022-10-07,Bengaluru,South,27.5,18.7,0.0,62.1,9.8,Clear,23.1,8.8,2022,10,October,280,Post-Monsoon,False,False,False,False,False
2022-10-07,Chennai,South,30.7,21.3,166.9,78.1,13.8,Heavy Rain,26.0,9.399999999999999,2022,10,October,280,Post-Monsoon,True,False,False,False,True
2022-10-07,Delhi,North,31.4,23.1,0.0,59.0,5.8,Clear,27.25,8.299999999999997,2022,10,October,280,Post-Monsoon,False,False,False,False,False
2022-10-07,Jaipur,Northwest,33.4,22.6,12.7,56.3,10.0,Rain,28.0,10.799999999999997,2022,10,October,280,Post-Monsoon,False,False,False,False,False
2022-10-07,Kolkata,East,27.5,21.2,0.0,64.2,12.0,Clear,24.35,6.300000000000001,2022,10,October,280,Post-Monsoon,False,False,False,False,False
2022-10-07,Mumbai,West,34.1,26.6,38.5,61.7,10.0,Rain,30.35,7.5,2022,10,October,280,Post-Monsoon,False,False,False,False,False
2022-10-08,Bengaluru,South,27.4,17.7,8.0,77.3,10.4,Light Rain,22.549999999999997,9.7,2022,10,October,281,Post-Monsoon,False,False,False,False,False
2022-10-08,Chennai,South,32.7,27.4,3.7,77.0,20.6,Light Rain,30.05,5.300000000000004,2022,10,October,281,Post-Monsoon,False,False,False,False,False
2022-10-08,Delhi,North,32.3,21.8,0.0,51.5,22.0,Clear,27.049999999999997,10.499999999999996,2022,10,October,281,Post-Monsoon,False,False,False,False,False
2022-10-08,Jaipur,Northwest,33.2,22.2,0.0,56.5,8.1,Clear,27.700000000000003,11.000000000000004,2022,10,October,281,Post-Monsoon,False,False,False,False,False
2022-10-08,Kolkata,East,30.1,23.2,9.0,58.9,10.6,Light Rain,26.65,6.900000000000002,2022,10,October,281,Post-Monsoon,False,False,False,False,False
2022-10-08,Mumbai,West,31.1,22.6,0.0,63.7,3.0,Clear,26.85,8.5,2022,10,October,281,Post-Monsoon,False,False,False,False,False
2022-10-09,Bengaluru,South,25.6,19.4,3.8,54.1,13.2,Light Rain,22.5,6.200000000000003,2022,10,October,282,Post-Monsoon,False,False,False,False,False
2022-10-09,Chennai,South,33.2,25.4,40.1,75.0,13.2,Rain,29.3,7.800000000000004,2022,10,October,282,Post-Monsoon,False,False,False,False,False
2022-10-09,Delhi,North,33.5,22.8,0.0,54.1,7.6,Clear,28.15,10.7,2022,10,October,282,Post-Monsoon,False,False,False,False,False
2022-10-09,Jaipur,Northwest,31.5,21.7,18.6,62.0,12.7,Rain,26.6,9.8,2022,10,October,282,Post-Monsoon,False,False,False,False,False
2022-10-09,Kolkata,East,29.0,22.4,17.5,60.5,11.0,Rain,25.7,6.600000000000001,2022,10,October,282,Post-Monsoon,False,False,False,False,False
2022-10-09,Mumbai,West,32.4,25.8,13.9,63.8,8.6,Rain,29.1,6.599999999999998,2022,10,October,282,Post-Monsoon,False,False,False,False,False
2022-10-10,Bengaluru,South,28.2,21.6,1.5,65.3,19.5,Light Rain,24.9,6.599999999999998,2022,10,October,283,Post-Monsoon,False,False,False,False,False
2022-10-10,Chennai,South,29.4,23.3,30.1,83.6,11.9,Rain,26.35,6.099999999999998,2022,10,October,283,Post-Monsoon,False,False,False,False,False
2022-10-10,Delhi,North,31.5,21.1,0.0,59.4,18.6,Clear,26.3,10.399999999999999,2022,10,October,283,Post-Monsoon,False,False,False,False,False
2022-10-10,Jaipur,Northwest,31.2,19.5,0.0,55.9,7.6,Clear,25.35,11.7,2022,10,October,283,Post-Monsoon,False,False,False,False,False
2022-10-10,Kolkata,East,29.1,24.1,33.0,50.8,9.4,Rain,26.6,5.0,2022,10,October,283,Post-Monsoon,False,False,False,False,False
2022-10-10,Mumbai,West,32.5,24.7,8.4,60.7,17.4,Light Rain,28.6,7.800000000000001,2022,10,October,283,Post-Monsoon,False,False,False,False,False
2022-10-11,Bengaluru,South,26.2,19.9,0.0,45.0,25.9,Clear,23.049999999999997,6.300000000000001,2022,10,October,284,Post-Monsoon,False,False,False,False,False
2022-10-11,Chennai,South,36.2,28.2,0.0,63.8,14.4,Clear,32.2,8.000000000000004,2022,10,October,284,Post-Monsoon,False,False,False,False,False
2022-10-11,Delhi,North,32.7,22.6,0.0,45.4,11.5,Clear,27.650000000000002,10.100000000000001,2022,10,October,284,Post-Monsoon,False,False,False,False,False
2022-10-11,Jaipur,Northwest,34.2,20.3,0.0,56.5,14.3,Clear,27.25,13.900000000000002,2022,10,October,284,Post-Monsoon,False,False,False,False,False
2022-10-11,Kolkata,East,31.5,26.0,0.0,59.5,3.0,Clear,28.75,5.5,2022,10,October,284,Post-Monsoon,False,False,False,False,False
2022-10-11,Mumbai,West,30.6,22.7,33.2,58.6,14.4,Rain,26.65,7.900000000000002,2022,10,October,284,Post-Monsoon,False,False,False,False,False
2022-10-12,Bengaluru,South,23.4,18.4,13.0,65.8,20.1,Rain,20.9,5.0,2022,10,October,285,Post-Monsoon,False,False,False,False,False
2022-10-12,Chennai,South,29.3,24.3,0.0,88.4,7.8,Cloudy,26.8,5.0,2022,10,October,285,Post-Monsoon,False,False,False,False,False
2022-10-12,Delhi,North,29.6,19.8,0.0,56.3,6.0,Clear,24.700000000000003,9.8,2022,10,October,285,Post-Monsoon,False,False,False,False,False
2022-10-12,Jaipur,Northwest,30.4,19.4,0.0,69.9,7.7,Clear,24.9,11.0,2022,10,October,285,Post-Monsoon,False,False,False,False,False
2022-10-12,Kolkata,East,30.1,22.9,4.6,66.4,13.5,Light Rain,26.5,7.200000000000003,2022,10,October,285,Post-Monsoon,False,False,False,False,False
2022-10-12,Mumbai,West,34.0,25.4,0.0,47.4,10.5,Clear,29.7,8.600000000000001,2022,10,October,285,Post-Monsoon,False,False,False,False,False
2022-10-13,Bengaluru,South,27.3,20.5,0.0,56.5,9.8,Clear,23.9,6.800000000000001,2022,10,October,286,Post-Monsoon,False,False,False,False,False
2022-10-13,Chennai,South,34.9,26.0,78.7,85.3,20.5,Heavy Rain,30.45,8.899999999999999,2022,10,October,286,Post-Monsoon,True,False,False,False,True
2022-10-13,Delhi,North,29.9,15.7,0.0,46.7,1.8,Clear,22.799999999999997,14.2,2022,10,October,286,Post-Monsoon,False,False,False,False,False
2022-10-13,Jaipur,Northwest,31.7,21.3,0.0,50.0,1.7,Clear,26.5,10.399999999999999,2022,10,October,286,Post-Monsoon,False,False,False,False,False
2022-10-13,Kolkata,East,30.3,24.7,8.3,74.3,13.1,Light Rain,27.5,5.600000000000001,2022,10,October,286,Post-Monsoon,False,False,False,False,False
2022-10-13,Mumbai,West,32.0,25.5,27.4,69.2,10.7,Rain,28.75,6.5,2022,10,October,286,Post-Monsoon,False,False,False,False,False
2022-10-14,Bengaluru,South,28.8,21.2,0.0,64.2,21.1,Clear,25.0,7.600000000000001,2022,10,October,287,Post-Monsoon,False,False,False,False,False
2022-10-14,Chennai,South,29.6,23.6,0.0,81.1,6.9,Clear,26.6,6.0,2022,10,October,287,Post-Monsoon,False,False,False,False,False
2022-10-14,Delhi,North,32.1,20.0,6.2,74.0,23.4,Light Rain,26.05,12.100000000000001,2022,10,October,287,Post-Monsoon,False,False,False,False,False
2022-10-14,Jaipur,Northwest,30.6,21.2,0.0,63.4,6.7,Clear,25.9,9.400000000000002,2022,10,October,287,Post-Monsoon,False,False,False,False,False
2022-10-14,Kolkata,East,28.5,23.0,0.0,52.9,17.9,Clear,25.75,5.5,2022,10,October,287,Post-Monsoon,False,False,False,False,False
2022-10-14,Mumbai,West,29.8,24.8,3.0,58.7,18.2,Light Rain,27.3,5.0,2022,10,October,287,Post-Monsoon,False,False,False,False,False
2022-10-15,Bengaluru,South,26.8,19.2,0.0,52.9,12.1,Clear,23.0,7.600000000000001,2022,10,October,288,Post-Monsoon,False,False,False,False,False
2022-10-15,Chennai,South,35.5,25.4,130.5,72.9,20.3,Heavy Rain,30.45,10.100000000000001,2022,10,October,288,Post-Monsoon,True,False,False,False,True
2022-10-15,Delhi,North,27.2,15.6,0.0,62.8,8.3,Clear,21.4,11.6,2022,10,October,288,Post-Monsoon,False,False,False,False,False
2022-10-15,Jaipur,Northwest,27.1,14.6,0.0,49.6,14.6,Clear,20.85,12.500000000000002,2022,10,October,288,Post-Monsoon,False,False,False,False,False
2022-10-15,Kolkata,East,30.4,25.2,0.0,51.1,11.7,Clear,27.799999999999997,5.199999999999999,2022,10,October,288,Post-Monsoon,False,False,False,False,False
2022-10-15,Mumbai,West,31.0,23.1,23.0,75.6,18.2,Rain,27.05,7.899999999999999,2022,10,October,288,Post-Monsoon,False,False,False,False,False
2022-10-16,Bengaluru,South,24.4,17.0,0.0,60.6,15.6,Clear,20.7,7.399999999999999,2022,10,October,289,Post-Monsoon,False,False,False,False,False
2022-10-16,Chennai,South,32.5,25.7,9.5,79.3,10.7,Light Rain,29.1,6.800000000000001,2022,10,October,289,Post-Monsoon,False,False,False,False,False
2022-10-16,Delhi,North,32.9,21.0,0.0,49.6,14.3,Clear,26.95,11.899999999999999,2022,10,October,289,Post-Monsoon,False,False,False,False,False
2022-10-16,Jaipur,Northwest,29.8,18.8,80.8,69.1,15.0,Heavy Rain,24.3,11.0,2022,10,October,289,Post-Monsoon,True,False,False,False,True
2022-10-16,Kolkata,East,29.3,20.4,30.8,65.0,8.6,Rain,24.85,8.900000000000002,2022,10,October,289,Post-Monsoon,False,False,False,False,False
2022-10-16,Mumbai,West,28.5,22.5,23.4,63.0,23.7,Rain,25.5,6.0,2022,10,October,289,Post-Monsoon,False,False,False,False,False
2022-10-17,Bengaluru,South,25.1,18.2,0.0,41.4,3.9,Clear,21.65,6.900000000000002,2022,10,October,290,Post-Monsoon,False,False,False,False,False
2022-10-17,Chennai,South,30.2,24.6,28.9,72.3,17.9,Rain,27.4,5.599999999999998,2022,10,October,290,Post-Monsoon,False,False,False,False,False
2022-10-17,Delhi,North,29.4,18.4,27.7,68.0,12.2,Rain,23.9,11.0,2022,10,October,290,Post-Monsoon,False,False,False,False,False
2022-10-17,Jaipur,Northwest,27.2,15.4,0.0,55.3,10.7,Clear,21.3,11.799999999999999,2022,10,October,290,Post-Monsoon,False,False,False,False,False
2022-10-17,Kolkata,East,31.6,24.3,3.0,60.5,8.2,Light Rain,27.950000000000003,7.300000000000001,2022,10,October,290,Post-Monsoon,False,False,False,False,False
2022-10-17,Mumbai,West,30.8,24.8,0.0,40.6,20.1,Clear,27.8,6.0,2022,10,October,290,Post-Monsoon,False,False,False,False,False
2022-10-18,Bengaluru,South,27.3,21.3,0.0,57.8,18.2,Clear,24.3,6.0,2022,10,October,291,Post-Monsoon,False,False,False,False,False
2022-10-18,Chennai,South,30.9,24.0,0.0,73.3,10.3,Clear,27.45,6.899999999999999,2022,10,October,291,Post-Monsoon,False,False,False,False,False
2022-10-18,Delhi,North,31.6,20.9,19.2,64.2,7.9,Rain,26.25,10.700000000000003,2022,10,October,291,Post-Monsoon,False,False,False,False,False
2022-10-18,Jaipur,Northwest,29.6,18.9,20.4,54.9,9.1,Rain,24.25,10.700000000000003,2022,10,October,291,Post-Monsoon,False,False,False,False,False
2022-10-18,Kolkata,East,32.2,25.1,0.0,44.9,11.5,Clear,28.650000000000002,7.100000000000001,2022,10,October,291,Post-Monsoon,False,False,False,False,False
2022-10-18,Mumbai,West,33.9,27.4,14.7,49.4,16.8,Rain,30.65,6.5,2022,10,October,291,Post-Monsoon,False,False,False,False,False
2022-10-19,Bengaluru,South,24.8,17.0,0.0,71.2,8.4,Clear,20.9,7.800000000000001,2022,10,October,292,Post-Monsoon,False,False,False,False,False
2022-10-19,Chennai,South,28.8,21.0,110.3,87.3,11.2,Heavy Rain,24.9,7.800000000000001,2022,10,October,292,Post-Monsoon,True,False,False,False,True
2022-10-19,Delhi,North,29.5,20.2,0.0,62.2,5.3,Clear,24.85,9.3,2022,10,October,292,Post-Monsoon,False,False,False,False,False
2022-10-19,Jaipur,Northwest,29.6,19.5,0.0,56.3,2.3,Clear,24.55,10.100000000000001,2022,10,October,292,Post-Monsoon,False,False,False,False,False
2022-10-19,Kolkata,East,27.7,20.6,29.0,67.0,21.6,Rain,24.15,7.099999999999998,2022,10,October,292,Post-Monsoon,False,False,False,False,False
2022-10-19,Mumbai,West,29.3,20.1,2.4,66.1,6.6,Light Rain,24.700000000000003,9.2,2022,10,October,292,Post-Monsoon,False,False,False,False,False
2022-10-20,Bengaluru,South,30.1,19.2,21.7,52.1,15.6,Rain,24.65,10.900000000000002,2022,10,October,293,Post-Monsoon,False,False,False,False,False
2022-10-20,Chennai,South,29.5,22.4,0.0,63.4,12.8,Clear,25.95,7.100000000000001,2022,10,October,293,Post-Monsoon,False,False,False,False,False
2022-10-20,Delhi,North,32.2,19.6,0.0,52.7,7.7,Clear,25.900000000000002,12.600000000000001,2022,10,October,293,Post-Monsoon,False,False,False,False,False
2022-10-20,Jaipur,Northwest,32.2,20.6,0.0,47.6,22.6,Clear,26.400000000000002,11.600000000000001,2022,10,October,293,Post-Monsoon,False,False,False,False,False
2022-10-20,Kolkata,East,26.5,21.0,0.0,59.6,2.6,Clear,23.75,5.5,2022,10,October,293,Post-Monsoon,False,False,False,False,False
2022-10-20,Mumbai,West,28.5,22.2,3.9,46.2,10.6,Light Rain,25.35,6.300000000000001,2022,10,October,293,Post-Monsoon,False,False,False,False,False
2022-10-21,Bengaluru,South,25.2,19.5,2.1,57.8,7.7,Light Rain,22.35,5.699999999999999,2022,10,October,294,Post-Monsoon,False,False,False,False,False
2022-10-21,Chennai,South,34.1,26.6,127.3,87.0,21.1,Heavy Rain,30.35,7.5,2022,10,October,294,Post-Monsoon,True,False,False,False,True
2022-10-21,Delhi,North,29.2,17.9,0.0,56.1,14.9,Clear,23.549999999999997,11.3,2022,10,October,294,Post-Monsoon,False,False,False,False,False
2022-10-21,Jaipur,Northwest,31.1,21.3,0.0,59.7,4.5,Clear,26.200000000000003,9.8,2022,10,October,294,Post-Monsoon,False,False,False,False,False
2022-10-21,Kolkata,East,33.2,25.5,0.0,50.0,4.2,Clear,29.35,7.700000000000003,2022,10,October,294,Post-Monsoon,False,False,False,False,False
2022-10-21,Mumbai,West,32.6,24.9,20.2,58.3,24.6,Rain,28.75,7.700000000000003,2022,10,October,294,Post-Monsoon,False,False,False,False,False
2022-10-22,Bengaluru,South,24.3,19.1,6.4,65.4,18.3,Light Rain,21.700000000000003,5.199999999999999,2022,10,October,295,Post-Monsoon,False,False,False,False,False
2022-10-22,Chennai,South,32.8,26.0,5.0,86.4,9.5,Light Rain,29.4,6.799999999999997,2022,10,October,295,Post-Monsoon,False,False,False,False,False
2022-10-22,Delhi,North,28.3,19.9,0.0,55.8,16.5,Clear,24.1,8.400000000000002,2022,10,October,295,Post-Monsoon,False,False,False,False,False
2022-10-22,Jaipur,Northwest,29.8,17.5,0.0,70.6,6.6,Clear,23.65,12.3,2022,10,October,295,Post-Monsoon,False,False,False,False,False
2022-10-22,Kolkata,East,28.6,21.5,0.0,48.8,11.3,Clear,25.05,7.100000000000001,2022,10,October,295,Post-Monsoon,False,False,False,False,False
2022-10-22,Mumbai,West,31.3,23.0,19.0,34.3,10.8,Rain,27.15,8.3,2022,10,October,295,Post-Monsoon,False,False,False,False,False
2022-10-23,Bengaluru,South,26.9,19.8,0.0,58.5,23.3,Clear,23.35,7.099999999999998,2022,10,October,296,Post-Monsoon,False,False,False,False,False
2022-10-23,Chennai,South,32.7,25.6,71.1,77.3,24.0,Heavy Rain,29.150000000000002,7.100000000000001,2022,10,October,296,Post-Monsoon,True,False,False,False,True
2022-10-23,Delhi,North,29.9,16.9,0.0,47.8,6.7,Clear,23.4,13.0,2022,10,October,296,Post-Monsoon,False,False,False,False,False
2022-10-23,Jaipur,Northwest,29.4,19.1,0.0,50.1,19.9,Clear,24.25,10.299999999999997,2022,10,October,296,Post-Monsoon,False,False,False,False,False
2022-10-23,Kolkata,East,28.9,22.1,8.3,55.2,10.3,Light Rain,25.5,6.799999999999997,2022,10,October,296,Post-Monsoon,False,False,False,False,False
2022-10-23,Mumbai,West,33.4,26.7,53.2,52.2,9.0,Rain,30.049999999999997,6.699999999999999,2022,10,October,296,Post-Monsoon,False,False,False,False,False
2022-10-24,Bengaluru,South,28.2,21.2,0.0,59.7,10.2,Clear,24.7,7.0,2022,10,October,297,Post-Monsoon,False,False,False,False,False
2022-10-24,Chennai,South,33.3,26.2,0.0,78.5,26.8,Clear,29.75,7.099999999999998,2022,10,October,297,Post-Monsoon,False,False,False,False,False
2022-10-24,Delhi,North,28.8,20.1,0.0,55.2,9.9,Clear,24.450000000000003,8.7,2022,10,October,297,Post-Monsoon,False,False,False,False,False
2022-10-24,Jaipur,Northwest,28.0,14.4,0.0,52.5,6.9,Clear,21.2,13.6,2022,10,October,297,Post-Monsoon,False,False,False,False,False
2022-10-24,Kolkata,East,29.7,21.7,19.2,58.5,18.2,Rain,25.7,8.0,2022,10,October,297,Post-Monsoon,False,False,False,False,False
2022-10-24,Mumbai,West,31.5,24.0,16.6,47.9,10.1,Rain,27.75,7.5,2022,10,October,297,Post-Monsoon,False,False,False,False,False
2022-10-25,Bengaluru,South,25.5,18.6,0.0,44.8,4.5,Clear,22.05,6.899999999999999,2022,10,October,298,Post-Monsoon,False,False,False,False,False
2022-10-25,Chennai,South,33.2,26.9,0.0,84.3,4.7,Cloudy,30.05,6.300000000000004,2022,10,October,298,Post-Monsoon,False,False,False,False,False
2022-10-25,Delhi,North,29.1,18.9,0.0,54.0,12.3,Clear,24.0,10.200000000000003,2022,10,October,298,Post-Monsoon,False,False,False,False,False
2022-10-25,Jaipur,Northwest,28.2,17.1,0.0,62.9,2.4,Clear,22.65,11.099999999999998,2022,10,October,298,Post-Monsoon,False,False,False,False,False
2022-10-25,Kolkata,East,29.9,20.5,0.0,47.1,6.1,Clear,25.2,9.399999999999999,2022,10,October,298,Post-Monsoon,False,False,False,False,False
2022-10-25,Mumbai,West,28.1,21.9,13.4,60.4,16.6,Rain,25.0,6.200000000000003,2022,10,October,298,Post-Monsoon,False,False,False,False,False
2022-10-26,Bengaluru,South,27.0,20.5,0.0,51.9,12.4,Clear,23.75,6.5,2022,10,October,299,Post-Monsoon,False,False,False,False,False
2022-10-26,Chennai,South,30.0,25.0,0.0,64.8,12.9,Clear,27.5,5.0,2022,10,October,299,Post-Monsoon,False,False,False,False,False
2022-10-26,Delhi,North,26.8,17.3,0.0,46.4,7.3,Clear,22.05,9.5,2022,10,October,299,Post-Monsoon,False,False,False,False,False
2022-10-26,Jaipur,Northwest,29.9,20.5,0.0,33.9,8.6,Clear,25.2,9.399999999999999,2022,10,October,299,Post-Monsoon,False,False,False,False,False
2022-10-26,Kolkata,East,28.8,21.7,10.2,65.3,9.4,Rain,25.25,7.100000000000001,2022,10,October,299,Post-Monsoon,False,False,False,False,False
2022-10-26,Mumbai,West,29.5,24.5,0.0,48.1,13.2,Clear,27.0,5.0,2022,10,October,299,Post-Monsoon,False,False,False,False,False
2022-10-27,Bengaluru,South,24.2,16.2,0.0,53.5,2.6,Clear,20.2,8.0,2022,10,October,300,Post-Monsoon,False,False,False,False,False
2022-10-27,Chennai,South,28.3,22.9,47.9,74.7,9.0,Rain,25.6,5.400000000000002,2022,10,October,300,Post-Monsoon,False,False,False,False,False
2022-10-27,Delhi,North,28.1,17.9,0.0,62.6,11.7,Clear,23.0,10.200000000000003,2022,10,October,300,Post-Monsoon,False,False,False,False,False
2022-10-27,Jaipur,Northwest,26.2,19.2,30.1,63.0,12.7,Rain,22.7,7.0,2022,10,October,300,Post-Monsoon,False,False,False,False,False
2022-10-27,Kolkata,East,26.7,19.3,21.5,57.7,7.4,Rain,23.0,7.399999999999999,2022,10,October,300,Post-Monsoon,False,False,False,False,False
2022-10-27,Mumbai,West,33.1,26.0,0.0,59.2,27.3,Clear,29.55,7.100000000000001,2022,10,October,300,Post-Monsoon,False,False,False,False,False
2022-10-28,Bengaluru,South,24.6,16.5,0.0,59.7,12.2,Clear,20.55,8.100000000000001,2022,10,October,301,Post-Monsoon,False,False,False,False,False
2022-10-28,Chennai,South,30.7,23.1,13.2,84.5,22.5,Rain,26.9,7.599999999999998,2022,10,October,301,Post-Monsoon,False,False,False,False,False
2022-10-28,Delhi,North,27.2,17.2,0.0,53.4,9.7,Clear,22.2,10.0,2022,10,October,301,Post-Monsoon,False,False,False,False,False
2022-10-28,Jaipur,Northwest,26.7,13.8,40.9,57.7,12.5,Rain,20.25,12.899999999999999,2022,10,October,301,Post-Monsoon,False,False,False,False,False
2022-10-28,Kolkata,East,28.2,20.7,0.0,50.1,4.5,Clear,24.45,7.5,2022,10,October,301,Post-Monsoon,False,False,False,False,False
2022-10-28,Mumbai,West,29.8,23.3,13.8,64.4,11.0,Rain,26.55,6.5,2022,10,October,301,Post-Monsoon,False,False,False,False,False
2022-10-29,Bengaluru,South,24.2,18.3,6.2,69.2,21.1,Light Rain,21.25,5.899999999999999,2022,10,October,302,Post-Monsoon,False,False,False,False,False
2022-10-29,Chennai,South,29.4,23.2,0.0,77.8,16.4,Clear,26.299999999999997,6.199999999999999,2022,10,October,302,Post-Monsoon,False,False,False,False,False
2022-10-29,Delhi,North,29.9,17.0,0.0,52.2,11.0,Clear,23.45,12.899999999999999,2022,10,October,302,Post-Monsoon,False,False,False,False,False
2022-10-29,Jaipur,Northwest,27.6,15.3,0.0,63.3,22.9,Clear,21.450000000000003,12.3,2022,10,October,302,Post-Monsoon,False,False,False,False,False
2022-10-29,Kolkata,East,32.0,24.0,84.4,67.6,13.6,Heavy Rain,28.0,8.0,2022,10,October,302,Post-Monsoon,True,False,False,False,True
2022-10-29,Mumbai,West,32.0,22.3,0.0,54.4,12.9,Clear,27.15,9.7,2022,10,October,302,Post-Monsoon,False,False,False,False,False
2022-10-30,Bengaluru,South,26.8,20.6,0.0,49.6,13.0,Clear,23.700000000000003,6.199999999999999,2022,10,October,303,Post-Monsoon,False,False,False,False,False
2022-10-30,Chennai,South,31.8,25.8,52.8,82.1,7.6,Rain,28.8,6.0,2022,10,October,303,Post-Monsoon,False,False,False,False,False
2022-10-30,Delhi,North,25.7,13.1,0.0,52.3,5.4,Clear,19.4,12.6,2022,10,October,303,Post-Monsoon,False,False,False,False,False
2022-10-30,Jaipur,Northwest,28.5,17.8,5.4,57.6,6.1,Light Rain,23.15,10.7,2022,10,October,303,Post-Monsoon,False,False,False,False,False
2022-10-30,Kolkata,East,27.9,21.2,1.0,59.1,8.1,Light Rain,24.549999999999997,6.699999999999999,2022,10,October,303,Post-Monsoon,False,False,False,False,False
2022-10-30,Mumbai,West,29.4,20.8,0.0,53.5,4.9,Clear,25.1,8.599999999999998,2022,10,October,303,Post-Monsoon,False,False,False,False,False
2022-10-31,Bengaluru,South,29.4,22.5,4.8,56.9,22.3,Light Rain,25.95,6.899999999999999,2022,10,October,304,Post-Monsoon,False,False,False,False,False
2022-10-31,Chennai,South,30.1,22.7,49.1,78.3,32.1,Rain,26.4,7.400000000000002,2022,10,October,304,Post-Monsoon,False,False,False,False,False
2022-10-31,Delhi,North,30.3,19.4,22.9,65.8,27.5,Rain,24.85,10.900000000000002,2022,10,October,304,Post-Monsoon,False,False,False,False,False
2022-10-31,Jaipur,Northwest,30.1,17.6,0.0,61.2,21.4,Clear,23.85,12.5,2022,10,October,304,Post-Monsoon,False,False,False,False,False
2022-10-31,Kolkata,East,26.0,18.2,4.7,72.6,11.3,Light Rain,22.1,7.800000000000001,2022,10,October,304,Post-Monsoon,False,False,False,False,False
2022-10-31,Mumbai,West,27.4,19.8,0.0,45.3,12.7,Clear,23.6,7.599999999999998,2022,10,October,304,Post-Monsoon,False,False,False,False,False
2022-11-01,Bengaluru,South,24.9,18.3,0.0,56.7,3.2,Clear,21.6,6.599999999999998,2022,11,November,305,Post-Monsoon,False,False,False,False,False
2022-11-01,Chennai,South,29.7,22.3,0.0,64.7,2.9,Clear,26.0,7.399999999999999,2022,11,November,305,Post-Monsoon,False,False,False,False,False
2022-11-01,Delhi,North,23.6,14.3,0.0,41.0,9.3,Clear,18.950000000000003,9.3,2022,11,November,305,Post-Monsoon,False,False,False,False,False
2022-11-01,Jaipur,Northwest,28.9,16.7,0.0,43.0,25.5,Clear,22.799999999999997,12.2,2022,11,November,305,Post-Monsoon,False,False,False,False,False
2022-11-01,Kolkata,East,26.3,17.3,0.0,39.6,7.9,Clear,21.8,9.0,2022,11,November,305,Post-Monsoon,False,False,False,False,False
2022-11-01,Mumbai,West,31.2,23.6,0.0,60.4,7.3,Clear,27.4,7.599999999999998,2022,11,November,305,Post-Monsoon,False,False,False,False,False
2022-11-02,Bengaluru,South,28.3,19.9,0.0,48.6,15.4,Clear,24.1,8.400000000000002,2022,11,November,306,Post-Monsoon,False,False,False,False,False
2022-11-02,Chennai,South,30.2,23.2,0.0,78.9,5.7,Clear,26.7,7.0,2022,11,November,306,Post-Monsoon,False,False,False,False,False
2022-11-02,Delhi,North,25.5,15.2,0.0,41.9,3.5,Clear,20.35,10.3,2022,11,November,306,Post-Monsoon,False,False,False,False,False
2022-11-02,Jaipur,Northwest,29.1,18.1,0.0,48.6,6.4,Clear,23.6,11.0,2022,11,November,306,Post-Monsoon,False,False,False,False,False
2022-11-02,Kolkata,East,26.0,18.8,0.0,49.5,10.9,Clear,22.4,7.199999999999999,2022,11,November,306,Post-Monsoon,False,False,False,False,False
2022-11-02,Mumbai,West,25.7,18.2,0.0,46.5,13.2,Clear,21.95,7.5,2022,11,November,306,Post-Monsoon,False,False,False,False,False
2022-11-03,Bengaluru,South,25.9,19.0,0.0,49.5,2.5,Clear,22.45,6.899999999999999,2022,11,November,307,Post-Monsoon,False,False,False,False,False
2022-11-03,Chennai,South,31.4,24.7,0.0,70.4,21.3,Clear,28.049999999999997,6.699999999999999,2022,11,November,307,Post-Monsoon,False,False,False,False,False
2022-11-03,Delhi,North,24.8,13.8,0.0,30.4,11.9,Clear,19.3,11.0,2022,11,November,307,Post-Monsoon,False,False,False,False,False
2022-11-03,Jaipur,Northwest,28.1,15.8,0.0,55.2,7.5,Clear,21.950000000000003,12.3,2022,11,November,307,Post-Monsoon,False,False,False,False,False
2022-11-03,Kolkata,East,27.9,19.6,0.0,52.4,6.3,Clear,23.75,8.299999999999997,2022,11,November,307,Post-Monsoon,False,False,False,False,False
2022-11-03,Mumbai,West,30.0,23.4,0.0,40.5,19.5,Clear,26.7,6.600000000000001,2022,11,November,307,Post-Monsoon,False,False,False,False,False
2022-11-04,Bengaluru,South,25.7,20.7,0.0,57.6,3.2,Clear,23.2,5.0,2022,11,November,308,Post-Monsoon,False,False,False,False,False
2022-11-04,Chennai,South,28.8,19.8,43.4,79.1,6.6,Rain,24.3,9.0,2022,11,November,308,Post-Monsoon,False,False,False,False,False
2022-11-04,Delhi,North,31.0,15.3,0.0,53.8,7.6,Clear,23.15,15.7,2022,11,November,308,Post-Monsoon,False,False,False,False,False
2022-11-04,Jaipur,Northwest,29.0,18.3,0.0,44.9,6.3,Clear,23.65,10.7,2022,11,November,308,Post-Monsoon,False,False,False,False,False
2022-11-04,Kolkata,East,26.5,19.1,0.3,54.3,11.9,Light Rain,22.8,7.399999999999999,2022,11,November,308,Post-Monsoon,False,False,False,False,False
2022-11-04,Mumbai,West,28.4,21.3,3.5,42.4,23.5,Light Rain,24.85,7.099999999999998,2022,11,November,308,Post-Monsoon,False,False,False,False,False
2022-11-05,Bengaluru,South,23.8,16.2,0.0,57.8,11.0,Clear,20.0,7.600000000000001,2022,11,November,309,Post-Monsoon,False,False,False,False,False
2022-11-05,Chennai,South,31.4,24.6,88.7,70.7,17.9,Heavy Rain,28.0,6.799999999999997,2022,11,November,309,Post-Monsoon,True,False,False,False,True
2022-11-05,Delhi,North,26.9,15.6,0.0,49.0,6.9,Clear,21.25,11.299999999999999,2022,11,November,309,Post-Monsoon,False,False,False,False,False
2022-11-05,Jaipur,Northwest,26.0,16.5,0.0,44.4,5.3,Clear,21.25,9.5,2022,11,November,309,Post-Monsoon,False,False,False,False,False
2022-11-05,Kolkata,East,26.1,20.7,0.0,60.9,4.3,Clear,23.4,5.400000000000002,2022,11,November,309,Post-Monsoon,False,False,False,False,False
2022-11-05,Mumbai,West,31.1,22.5,0.0,50.6,11.2,Clear,26.8,8.600000000000001,2022,11,November,309,Post-Monsoon,False,False,False,False,False
2022-11-06,Bengaluru,South,26.4,18.7,0.0,44.5,19.9,Clear,22.549999999999997,7.699999999999999,2022,11,November,310,Post-Monsoon,False,False,False,False,False
2022-11-06,Chennai,South,29.8,24.8,40.5,87.0,8.0,Rain,27.3,5.0,2022,11,November,310,Post-Monsoon,False,False,False,False,False
2022-11-06,Delhi,North,26.3,15.9,0.9,69.3,19.9,Light Rain,21.1,10.4,2022,11,November,310,Post-Monsoon,False,False,False,False,False
2022-11-06,Jaipur,Northwest,29.8,17.3,0.0,41.6,3.1,Clear,23.55,12.5,2022,11,November,310,Post-Monsoon,False,False,False,False,False
2022-11-06,Kolkata,East,29.1,21.0,0.3,66.3,12.6,Light Rain,25.05,8.100000000000001,2022,11,November,310,Post-Monsoon,False,False,False,False,False
2022-11-06,Mumbai,West,30.0,22.3,0.0,46.1,2.8,Clear,26.15,7.699999999999999,2022,11,November,310,Post-Monsoon,False,False,False,False,False
2022-11-07,Bengaluru,South,27.2,19.7,0.0,51.6,8.1,Clear,23.45,7.5,2022,11,November,311,Post-Monsoon,False,False,False,False,False
2022-11-07,Chennai,South,27.6,21.8,0.0,79.8,15.1,Clear,24.700000000000003,5.800000000000001,2022,11,November,311,Post-Monsoon,False,False,False,False,False
2022-11-07,Delhi,North,25.0,12.5,9.3,73.3,13.7,Light Rain,18.75,12.5,2022,11,November,311,Post-Monsoon,False,False,False,False,False
2022-11-07,Jaipur,Northwest,27.6,17.2,0.0,44.5,3.5,Clear,22.4,10.400000000000002,2022,11,November,311,Post-Monsoon,False,False,False,False,False
2022-11-07,Kolkata,East,26.2,18.1,2.1,72.1,27.5,Light Rain,22.15,8.099999999999998,2022,11,November,311,Post-Monsoon,False,False,False,False,False
2022-11-07,Mumbai,West,28.7,20.6,0.0,35.8,9.3,Clear,24.65,8.099999999999998,2022,11,November,311,Post-Monsoon,False,False,False,False,False
2022-11-08,Bengaluru,South,27.0,19.5,0.0,55.7,4.3,Clear,23.25,7.5,2022,11,November,312,Post-Monsoon,False,False,False,False,False
2022-11-08,Chennai,South,29.9,23.4,239.7,88.2,29.5,Heavy Rain,26.65,6.5,2022,11,November,312,Post-Monsoon,True,False,False,False,True
2022-11-08,Delhi,North,25.8,13.9,0.0,53.3,21.9,Clear,19.85,11.9,2022,11,November,312,Post-Monsoon,False,False,False,False,False
2022-11-08,Jaipur,Northwest,24.6,14.6,0.0,51.1,7.3,Clear,19.6,10.000000000000002,2022,11,November,312,Post-Monsoon,False,False,False,False,False
2022-11-08,Kolkata,East,30.1,23.8,0.0,56.6,4.7,Clear,26.950000000000003,6.300000000000001,2022,11,November,312,Post-Monsoon,False,False,False,False,False
2022-11-08,Mumbai,West,29.0,21.4,8.0,60.5,21.4,Light Rain,25.2,7.600000000000001,2022,11,November,312,Post-Monsoon,False,False,False,False,False
2022-11-09,Bengaluru,South,26.1,18.8,0.0,55.2,11.7,Clear,22.450000000000003,7.300000000000001,2022,11,November,313,Post-Monsoon,False,False,False,False,False
2022-11-09,Chennai,South,32.2,25.6,127.4,81.0,19.0,Heavy Rain,28.900000000000002,6.600000000000001,2022,11,November,313,Post-Monsoon,True,False,False,False,True
2022-11-09,Delhi,North,20.2,10.8,0.0,57.2,5.8,Clear,15.5,9.399999999999999,2022,11,November,313,Post-Monsoon,False,False,False,False,False
2022-11-09,Jaipur,Northwest,25.9,12.7,0.0,55.5,14.7,Clear,19.299999999999997,13.2,2022,11,November,313,Post-Monsoon,False,False,False,False,False
2022-11-09,Kolkata,East,27.1,22.1,0.0,40.8,8.0,Clear,24.6,5.0,2022,11,November,313,Post-Monsoon,False,False,False,False,False
2022-11-09,Mumbai,West,30.5,22.4,0.0,40.8,14.7,Clear,26.45,8.100000000000001,2022,11,November,313,Post-Monsoon,False,False,False,False,False
2022-11-10,Bengaluru,South,27.0,16.8,0.0,58.1,13.2,Clear,21.9,10.2,2022,11,November,314,Post-Monsoon,False,False,False,False,False
2022-11-10,Chennai,South,28.3,23.1,0.0,69.5,11.5,Clear,25.700000000000003,5.199999999999999,2022,11,November,314,Post-Monsoon,False,False,False,False,False
2022-11-10,Delhi,North,28.1,20.1,0.0,49.6,18.9,Clear,24.1,8.0,2022,11,November,314,Post-Monsoon,False,False,False,False,False
2022-11-10,Jaipur,Northwest,23.8,11.2,0.0,44.9,9.4,Clear,17.5,12.600000000000001,2022,11,November,314,Post-Monsoon,False,False,False,False,False
2022-11-10,Kolkata,East,27.3,21.6,0.0,46.4,2.7,Clear,24.450000000000003,5.699999999999999,2022,11,November,314,Post-Monsoon,False,False,False,False,False
2022-11-10,Mumbai,West,29.1,20.2,0.0,59.6,11.4,Clear,24.65,8.900000000000002,2022,11,November,314,Post-Monsoon,False,False,False,False,False
2022-11-11,Bengaluru,South,25.5,17.5,0.0,71.9,12.2,Clear,21.5,8.0,2022,11,November,315,Post-Monsoon,False,False,False,False,False
2022-11-11,Chennai,South,28.9,21.5,39.8,81.2,14.7,Rain,25.2,7.399999999999999,2022,11,November,315,Post-Monsoon,False,False,False,False,False
2022-11-11,Delhi,North,22.3,11.0,0.0,47.4,10.0,Clear,16.65,11.3,2022,11,November,315,Post-Monsoon,False,False,False,False,False
2022-11-11,Jaipur,Northwest,28.2,16.3,0.0,55.5,25.3,Clear,22.25,11.899999999999999,2022,11,November,315,Post-Monsoon,False,False,False,False,False
2022-11-11,Kolkata,East,24.4,16.1,0.0,58.2,2.7,Clear,20.25,8.299999999999997,2022,11,November,315,Post-Monsoon,False,False,False,False,False
2022-11-11,Mumbai,West,32.0,25.7,0.0,55.3,37.0,Clear,28.85,6.300000000000001,2022,11,November,315,Post-Monsoon,False,False,False,False,False
2022-11-12,Bengaluru,South,23.1,16.6,0.0,44.1,8.1,Clear,19.85,6.5,2022,11,November,316,Post-Monsoon,False,False,False,False,False
2022-11-12,Chennai,South,27.7,20.7,0.0,58.8,10.5,Clear,24.2,7.0,2022,11,November,316,Post-Monsoon,False,False,False,False,False
2022-11-12,Delhi,North,23.0,13.0,0.0,42.8,4.2,Clear,18.0,10.0,2022,11,November,316,Post-Monsoon,False,False,False,False,False
2022-11-12,Jaipur,Northwest,27.5,15.9,0.0,35.5,1.3,Clear,21.7,11.6,2022,11,November,316,Post-Monsoon,False,False,False,False,False
2022-11-12,Kolkata,East,25.3,17.4,0.0,64.1,14.3,Clear,21.35,7.900000000000002,2022,11,November,316,Post-Monsoon,False,False,False,False,False
2022-11-12,Mumbai,West,27.1,20.8,0.0,48.3,7.9,Clear,23.950000000000003,6.300000000000001,2022,11,November,316,Post-Monsoon,False,False,False,False,False
2022-11-13,Bengaluru,South,24.7,17.5,0.0,45.8,4.8,Clear,21.1,7.199999999999999,2022,11,November,317,Post-Monsoon,False,False,False,False,False
2022-11-13,Chennai,South,30.6,24.1,0.0,74.1,8.5,Clear,27.35,6.5,2022,11,November,317,Post-Monsoon,False,False,False,False,False
2022-11-13,Delhi,North,23.4,11.2,0.0,54.8,6.7,Clear,17.299999999999997,12.2,2022,11,November,317,Post-Monsoon,False,False,False,False,False
2022-11-13,Jaipur,Northwest,30.0,15.9,0.0,63.2,19.5,Clear,22.95,14.1,2022,11,November,317,Post-Monsoon,False,False,False,False,False
2022-11-13,Kolkata,East,26.5,20.2,0.0,50.3,16.3,Clear,23.35,6.300000000000001,2022,11,November,317,Post-Monsoon,False,False,False,False,False
2022-11-13,Mumbai,West,29.0,21.6,6.4,54.9,11.8,Light Rain,25.3,7.399999999999999,2022,11,November,317,Post-Monsoon,False,False,False,False,False
2022-11-14,Bengaluru,South,25.2,17.4,0.0,60.7,5.5,Clear,21.299999999999997,7.800000000000001,2022,11,November,318,Post-Monsoon,False,False,False,False,False
2022-11-14,Chennai,South,29.3,21.8,0.0,69.9,8.2,Clear,25.55,7.5,2022,11,November,318,Post-Monsoon,False,False,False,False,False
2022-11-14,Delhi,North,27.5,17.0,0.0,49.2,9.5,Clear,22.25,10.5,2022,11,November,318,Post-Monsoon,False,False,False,False,False
2022-11-14,Jaipur,Northwest,27.0,15.8,8.3,67.2,9.2,Light Rain,21.4,11.2,2022,11,November,318,Post-Monsoon,False,False,False,False,False
2022-11-14,Kolkata,East,27.8,20.1,0.0,38.2,10.8,Clear,23.950000000000003,7.699999999999999,2022,11,November,318,Post-Monsoon,False,False,False,False,False
2022-11-14,Mumbai,West,26.2,17.3,0.0,50.2,15.4,Clear,21.75,8.899999999999999,2022,11,November,318,Post-Monsoon,False,False,False,False,False
2022-11-15,Bengaluru,South,26.4,20.1,1.1,47.1,8.7,Light Rain,23.25,6.299999999999997,2022,11,November,319,Post-Monsoon,False,False,False,False,False
2022-11-15,Chennai,South,28.1,20.8,137.1,86.1,11.2,Heavy Rain,24.450000000000003,7.300000000000001,2022,11,November,319,Post-Monsoon,True,False,False,False,True
2022-11-15,Delhi,North,23.9,12.5,0.0,64.2,7.7,Clear,18.2,11.399999999999999,2022,11,November,319,Post-Monsoon,False,False,False,False,False
2022-11-15,Jaipur,Northwest,25.7,14.5,0.0,43.8,0.6,Clear,20.1,11.2,2022,11,November,319,Post-Monsoon,False,False,False,False,False
2022-11-15,Kolkata,East,23.3,16.9,0.0,60.6,8.2,Clear,20.1,6.400000000000002,2022,11,November,319,Post-Monsoon,False,False,False,False,False
2022-11-15,Mumbai,West,27.0,21.7,5.6,54.8,7.6,Light Rain,24.35,5.300000000000001,2022,11,November,319,Post-Monsoon,False,False,False,False,False
2022-11-16,Bengaluru,South,23.6,17.0,0.0,46.9,20.5,Clear,20.3,6.600000000000001,2022,11,November,320,Post-Monsoon,False,False,False,False,False
2022-11-16,Chennai,South,33.5,25.7,188.5,91.0,15.8,Heavy Rain,29.6,7.800000000000001,2022,11,November,320,Post-Monsoon,True,False,False,False,True
2022-11-16,Delhi,North,24.7,11.8,0.0,58.0,4.8,Clear,18.25,12.899999999999999,2022,11,November,320,Post-Monsoon,False,False,False,False,False
2022-11-16,Jaipur,Northwest,22.7,14.1,0.0,49.2,6.5,Clear,18.4,8.6,2022,11,November,320,Post-Monsoon,False,False,False,False,False
2022-11-16,Kolkata,East,29.8,19.9,0.0,46.4,7.3,Clear,24.85,9.900000000000002,2022,11,November,320,Post-Monsoon,False,False,False,False,False
2022-11-16,Mumbai,West,27.5,21.1,0.0,52.8,13.3,Clear,24.3,6.399999999999999,2022,11,November,320,Post-Monsoon,False,False,False,False,False
2022-11-17,Bengaluru,South,24.2,16.3,0.0,50.8,8.2,Clear,20.25,7.899999999999999,2022,11,November,321,Post-Monsoon,False,False,False,False,False
2022-11-17,Chennai,South,26.0,19.5,50.8,78.8,13.8,Rain,22.75,6.5,2022,11,November,321,Post-Monsoon,False,False,False,False,False
2022-11-17,Delhi,North,24.7,14.0,0.0,43.8,11.8,Clear,19.35,10.7,2022,11,November,321,Post-Monsoon,False,False,False,False,False
2022-11-17,Jaipur,Northwest,24.1,13.8,0.0,56.8,19.0,Clear,18.950000000000003,10.3,2022,11,November,321,Post-Monsoon,False,False,False,False,False
2022-11-17,Kolkata,East,24.8,18.9,0.0,53.6,17.6,Clear,21.85,5.900000000000002,2022,11,November,321,Post-Monsoon,False,False,False,False,False
2022-11-17,Mumbai,West,30.8,24.3,3.5,42.8,8.7,Light Rain,27.55,6.5,2022,11,November,321,Post-Monsoon,False,False,False,False,False
2022-11-18,Bengaluru,South,26.3,18.8,4.9,58.6,10.2,Light Rain,22.55,7.5,2022,11,November,322,Post-Monsoon,False,False,False,False,False
2022-11-18,Chennai,South,28.7,23.2,40.4,96.7,7.6,Rain,25.95,5.5,2022,11,November,322,Post-Monsoon,False,False,False,False,False
2022-11-18,Delhi,North,24.5,13.0,0.0,35.1,8.4,Clear,18.75,11.5,2022,11,November,322,Post-Monsoon,False,False,False,False,False
2022-11-18,Jaipur,Northwest,22.8,12.3,0.0,61.2,23.9,Clear,17.55,10.5,2022,11,November,322,Post-Monsoon,False,False,False,False,False
2022-11-18,Kolkata,East,25.5,18.5,0.0,51.2,9.7,Clear,22.0,7.0,2022,11,November,322,Post-Monsoon,False,False,False,False,False
2022-11-18,Mumbai,West,29.0,22.4,0.0,45.7,6.8,Clear,25.7,6.600000000000001,2022,11,November,322,Post-Monsoon,False,False,False,False,False
2022-11-19,Bengaluru,South,25.6,19.2,0.0,45.7,12.8,Clear,22.4,6.400000000000002,2022,11,November,323,Post-Monsoon,False,False,False,False,False
2022-11-19,Chennai,South,30.9,22.8,0.0,62.0,1.5,Clear,26.85,8.099999999999998,2022,11,November,323,Post-Monsoon,False,False,False,False,False
2022-11-19,Delhi,North,22.5,10.2,0.0,57.3,13.1,Clear,16.35,12.3,2022,11,November,323,Post-Monsoon,False,False,False,False,False
2022-11-19,Jaipur,Northwest,23.3,13.3,0.0,46.0,21.6,Clear,18.3,10.0,2022,11,November,323,Post-Monsoon,False,False,False,False,False
2022-11-19,Kolkata,East,24.0,17.6,0.0,43.0,13.9,Clear,20.8,6.399999999999999,2022,11,November,323,Post-Monsoon,False,False,False,False,False
2022-11-19,Mumbai,West,28.4,21.5,0.0,48.2,5.1,Clear,24.95,6.899999999999999,2022,11,November,323,Post-Monsoon,False,False,False,False,False
2022-11-20,Bengaluru,South,21.8,16.8,0.0,53.7,4.1,Clear,19.3,5.0,2022,11,November,324,Post-Monsoon,False,False,False,False,False
2022-11-20,Chennai,South,30.3,20.8,14.3,71.5,15.4,Rain,25.55,9.5,2022,11,November,324,Post-Monsoon,False,False,False,False,False
2022-11-20,Delhi,North,20.1,10.1,6.2,56.7,8.6,Light Rain,15.100000000000001,10.000000000000002,2022,11,November,324,Post-Monsoon,False,False,False,False,False
2022-11-20,Jaipur,Northwest,20.3,12.1,0.0,37.8,3.7,Clear,16.2,8.200000000000001,2022,11,November,324,Post-Monsoon,False,False,False,False,False
2022-11-20,Kolkata,East,27.9,19.8,0.0,49.0,6.9,Clear,23.85,8.099999999999998,2022,11,November,324,Post-Monsoon,False,False,False,False,False
2022-11-20,Mumbai,West,29.5,23.0,0.0,58.1,10.7,Clear,26.25,6.5,2022,11,November,324,Post-Monsoon,False,False,False,False,False
2022-11-21,Bengaluru,South,20.7,13.5,0.0,38.5,24.3,Clear,17.1,7.199999999999999,2022,11,November,325,Post-Monsoon,False,False,False,False,False
2022-11-21,Chennai,South,29.9,21.5,0.0,82.9,4.9,Cloudy,25.7,8.399999999999999,2022,11,November,325,Post-Monsoon,False,False,False,False,False
2022-11-21,Delhi,North,21.3,12.9,0.0,43.2,14.0,Clear,17.1,8.4,2022,11,November,325,Post-Monsoon,False,False,False,False,False
2022-11-21,Jaipur,Northwest,25.1,14.9,0.0,64.5,0.7,Clear,20.0,10.200000000000001,2022,11,November,325,Post-Monsoon,False,False,False,False,False
2022-11-21,Kolkata,East,25.2,18.1,2.7,61.2,15.3,Light Rain,21.65,7.099999999999998,2022,11,November,325,Post-Monsoon,False,False,False,False,False
2022-11-21,Mumbai,West,29.7,22.2,0.0,60.3,11.3,Clear,25.95,7.5,2022,11,November,325,Post-Monsoon,False,False,False,False,False
2022-11-22,Bengaluru,South,27.0,17.7,0.0,61.6,7.8,Clear,22.35,9.3,2022,11,November,326,Post-Monsoon,False,False,False,False,False
2022-11-22,Chennai,South,28.1,21.2,63.1,85.8,12.8,Rain,24.65,6.900000000000002,2022,11,November,326,Post-Monsoon,False,False,False,False,False
2022-11-22,Delhi,North,24.0,13.3,0.0,54.8,9.0,Clear,18.65,10.7,2022,11,November,326,Post-Monsoon,False,False,False,False,False
2022-11-22,Jaipur,Northwest,25.9,14.7,0.0,67.7,19.9,Clear,20.299999999999997,11.2,2022,11,November,326,Post-Monsoon,False,False,False,False,False
2022-11-22,Kolkata,East,24.8,18.1,0.0,59.5,15.6,Clear,21.450000000000003,6.699999999999999,2022,11,November,326,Post-Monsoon,False,False,False,False,False
2022-11-22,Mumbai,West,29.5,24.5,0.0,51.7,2.9,Clear,27.0,5.0,2022,11,November,326,Post-Monsoon,False,False,False,False,False
2022-11-23,Bengaluru,South,25.9,19.2,0.0,52.3,15.0,Clear,22.549999999999997,6.699999999999999,2022,11,November,327,Post-Monsoon,False,False,False,False,False
2022-11-23,Chennai,South,29.2,19.6,74.7,94.4,21.9,Heavy Rain,24.4,9.599999999999998,2022,11,November,327,Post-Monsoon,True,False,False,False,True
2022-11-23,Delhi,North,22.3,10.2,0.0,36.1,21.6,Clear,16.25,12.100000000000001,2022,11,November,327,Post-Monsoon,False,False,False,False,False
2022-11-23,Jaipur,Northwest,26.0,14.8,0.0,43.2,7.8,Clear,20.4,11.2,2022,11,November,327,Post-Monsoon,False,False,False,False,False
2022-11-23,Kolkata,East,27.2,18.6,0.0,60.3,14.6,Clear,22.9,8.599999999999998,2022,11,November,327,Post-Monsoon,False,False,False,False,False
2022-11-23,Mumbai,West,28.6,22.9,2.8,49.5,9.0,Light Rain,25.75,5.700000000000003,2022,11,November,327,Post-Monsoon,False,False,False,False,False
2022-11-24,Bengaluru,South,23.5,17.5,0.0,61.3,14.0,Clear,20.5,6.0,2022,11,November,328,Post-Monsoon,False,False,False,False,False
2022-11-24,Chennai,South,34.8,26.6,37.2,77.2,33.6,Rain,30.7,8.199999999999996,2022,11,November,328,Post-Monsoon,False,False,False,False,False
2022-11-24,Delhi,North,22.8,11.0,0.0,69.7,9.1,Clear,16.9,11.8,2022,11,November,328,Post-Monsoon,False,False,False,False,False
2022-11-24,Jaipur,Northwest,24.4,12.4,0.0,55.3,6.4,Clear,18.4,11.999999999999998,2022,11,November,328,Post-Monsoon,False,False,False,False,False
2022-11-24,Kolkata,East,27.6,20.5,10.7,68.7,15.5,Rain,24.05,7.100000000000001,2022,11,November,328,Post-Monsoon,False,False,False,False,False
2022-11-24,Mumbai,West,32.0,25.3,0.0,60.1,6.3,Clear,28.65,6.699999999999999,2022,11,November,328,Post-Monsoon,False,False,False,False,False
2022-11-25,Bengaluru,South,26.1,21.0,0.0,38.1,3.2,Clear,23.55,5.100000000000001,2022,11,November,329,Post-Monsoon,False,False,False,False,False
2022-11-25,Chennai,South,29.4,21.7,29.1,61.1,17.8,Rain,25.549999999999997,7.699999999999999,2022,11,November,329,Post-Monsoon,False,False,False,False,False
2022-11-25,Delhi,North,22.1,10.5,0.0,48.7,8.9,Clear,16.3,11.600000000000001,2022,11,November,329,Post-Monsoon,False,False,False,False,False
2022-11-25,Jaipur,Northwest,24.3,12.0,0.0,42.1,11.3,Clear,18.15,12.3,2022,11,November,329,Post-Monsoon,False,False,False,False,False
2022-11-25,Kolkata,East,21.0,16.0,0.0,58.9,2.1,Clear,18.5,5.0,2022,11,November,329,Post-Monsoon,False,False,False,False,False
2022-11-25,Mumbai,West,25.9,20.9,0.0,59.4,18.9,Clear,23.4,5.0,2022,11,November,329,Post-Monsoon,False,False,False,False,False
2022-11-26,Bengaluru,South,28.9,22.6,0.0,70.5,18.7,Clear,25.75,6.299999999999997,2022,11,November,330,Post-Monsoon,False,False,False,False,False
2022-11-26,Chennai,South,24.3,17.2,22.8,91.9,9.6,Rain,20.75,7.100000000000001,2022,11,November,330,Post-Monsoon,False,False,False,False,False
2022-11-26,Delhi,North,25.3,14.2,8.3,77.6,15.8,Light Rain,19.75,11.100000000000001,2022,11,November,330,Post-Monsoon,False,False,False,False,False
2022-11-26,Jaipur,Northwest,25.9,12.8,0.0,36.7,20.7,Clear,19.35,13.099999999999998,2022,11,November,330,Post-Monsoon,False,False,False,False,False
2022-11-26,Kolkata,East,23.5,18.5,0.0,57.0,18.1,Clear,21.0,5.0,2022,11,November,330,Post-Monsoon,False,False,False,False,False
2022-11-26,Mumbai,West,29.9,21.9,0.0,58.6,17.1,Clear,25.9,8.0,2022,11,November,330,Post-Monsoon,False,False,False,False,False
2022-11-27,Bengaluru,South,23.9,17.8,0.0,59.7,4.2,Clear,20.85,6.099999999999998,2022,11,November,331,Post-Monsoon,False,False,False,False,False
2022-11-27,Chennai,South,29.6,23.8,9.0,77.3,25.4,Light Rain,26.700000000000003,5.800000000000001,2022,11,November,331,Post-Monsoon,False,False,False,False,False
2022-11-27,Delhi,North,20.4,10.0,0.0,60.5,7.9,Clear,15.2,10.399999999999999,2022,11,November,331,Post-Monsoon,False,False,False,False,False
2022-11-27,Jaipur,Northwest,25.3,14.1,0.0,57.6,17.6,Clear,19.7,11.200000000000001,2022,11,November,331,Post-Monsoon,False,False,False,False,False
2022-11-27,Kolkata,East,23.4,18.4,0.0,56.6,6.5,Clear,20.9,5.0,2022,11,November,331,Post-Monsoon,False,False,False,False,False
2022-11-27,Mumbai,West,28.7,19.6,0.0,51.7,12.5,Clear,24.15,9.099999999999998,2022,11,November,331,Post-Monsoon,False,False,False,False,False
2022-11-28,Bengaluru,South,24.2,17.3,0.0,40.1,2.3,Clear,20.75,6.899999999999999,2022,11,November,332,Post-Monsoon,False,False,False,False,False
2022-11-28,Chennai,South,29.5,23.7,25.6,70.7,6.6,Rain,26.6,5.800000000000001,2022,11,November,332,Post-Monsoon,False,False,False,False,False
2022-11-28,Delhi,North,23.3,11.1,0.0,58.1,1.9,Clear,17.2,12.200000000000001,2022,11,November,332,Post-Monsoon,False,False,False,False,False
2022-11-28,Jaipur,Northwest,23.7,12.5,0.0,57.5,3.5,Clear,18.1,11.2,2022,11,November,332,Post-Monsoon,False,False,False,False,False
2022-11-28,Kolkata,East,26.6,19.2,0.0,46.7,7.8,Clear,22.9,7.400000000000002,2022,11,November,332,Post-Monsoon,False,False,False,False,False
2022-11-28,Mumbai,West,27.3,20.6,0.0,45.7,2.0,Clear,23.950000000000003,6.699999999999999,2022,11,November,332,Post-Monsoon,False,False,False,False,False
2022-11-29,Bengaluru,South,23.7,17.6,0.0,51.2,6.9,Clear,20.65,6.099999999999998,2022,11,November,333,Post-Monsoon,False,False,False,False,False
2022-11-29,Chennai,South,27.7,19.6,0.0,72.4,17.0,Clear,23.65,8.099999999999998,2022,11,November,333,Post-Monsoon,False,False,False,False,False
2022-11-29,Delhi,North,22.3,11.9,0.0,54.2,8.4,Clear,17.1,10.4,2022,11,November,333,Post-Monsoon,False,False,False,False,False
2022-11-29,Jaipur,Northwest,22.1,12.4,0.0,50.9,3.8,Clear,17.25,9.700000000000001,2022,11,November,333,Post-Monsoon,False,False,False,False,False
2022-11-29,Kolkata,East,24.6,18.5,0.0,50.4,2.0,Clear,21.55,6.100000000000001,2022,11,November,333,Post-Monsoon,False,False,False,False,False
2022-11-29,Mumbai,West,30.5,23.8,0.0,55.5,4.3,Clear,27.15,6.699999999999999,2022,11,November,333,Post-Monsoon,False,False,False,False,False
2022-11-30,Bengaluru,South,24.0,17.4,0.0,48.2,6.5,Clear,20.7,6.600000000000001,2022,11,November,334,Post-Monsoon,False,False,False,False,False
2022-11-30,Chennai,South,28.3,23.0,58.1,78.3,10.6,Rain,25.65,5.300000000000001,2022,11,November,334,Post-Monsoon,False,False,False,False,False
2022-11-30,Delhi,North,19.1,8.3,0.0,68.4,3.7,Clear,13.700000000000001,10.8,2022,11,November,334,Post-Monsoon,False,False,False,False,False
2022-11-30,Jaipur,Northwest,27.2,15.0,0.0,49.6,12.0,Clear,21.1,12.2,2022,11,November,334,Post-Monsoon,False,False,False,False,False
2022-11-30,Kolkata,East,27.3,17.3,0.0,62.7,8.9,Clear,22.3,10.0,2022,11,November,334,Post-Monsoon,False,False,False,False,False
2022-11-30,Mumbai,West,29.5,20.6,0.0,59.2,14.1,Clear,25.05,8.899999999999999,2022,11,November,334,Post-Monsoon,False,False,False,False,False
2022-12-01,Bengaluru,South,26.3,17.7,0.0,64.2,13.1,Clear,22.0,8.600000000000001,2022,12,December,335,Winter,False,False,False,False,False
2022-12-01,Chennai,South,29.5,23.9,0.0,73.5,5.6,Clear,26.7,5.600000000000001,2022,12,December,335,Winter,False,False,False,False,False
2022-12-01,Delhi,North,22.0,9.9,0.0,50.8,0.2,Clear,15.95,12.1,2022,12,December,335,Winter,False,False,False,False,False
2022-12-01,Jaipur,Northwest,24.9,13.9,0.0,49.1,10.1,Clear,19.4,10.999999999999998,2022,12,December,335,Winter,False,False,False,False,False
2022-12-01,Kolkata,East,22.9,16.6,0.0,56.6,19.2,Clear,19.75,6.299999999999997,2022,12,December,335,Winter,False,False,False,False,False
2022-12-01,Mumbai,West,27.5,19.2,2.5,58.4,15.2,Light Rain,23.35,8.3,2022,12,December,335,Winter,False,False,False,False,False
2022-12-02,Bengaluru,South,22.8,15.4,0.0,53.9,8.2,Clear,19.1,7.4,2022,12,December,336,Winter,False,False,False,False,False
2022-12-02,Chennai,South,27.7,22.3,102.6,83.9,6.5,Heavy Rain,25.0,5.399999999999999,2022,12,December,336,Winter,True,False,False,False,True
2022-12-02,Delhi,North,20.8,9.1,0.0,46.2,8.7,Clear,14.95,11.700000000000001,2022,12,December,336,Winter,False,False,False,False,False
2022-12-02,Jaipur,Northwest,22.9,15.0,0.0,61.5,14.9,Clear,18.95,7.899999999999999,2022,12,December,336,Winter,False,False,False,False,False
2022-12-02,Kolkata,East,25.2,17.1,0.0,52.7,3.7,Clear,21.15,8.099999999999998,2022,12,December,336,Winter,False,False,False,False,False
2022-12-02,Mumbai,West,28.3,20.4,0.0,51.4,8.4,Clear,24.35,7.900000000000002,2022,12,December,336,Winter,False,False,False,False,False
2022-12-03,Bengaluru,South,26.8,18.0,3.4,55.7,31.1,Light Rain,22.4,8.8,2022,12,December,337,Winter,False,False,False,False,False
2022-12-03,Chennai,South,25.3,18.5,7.0,81.1,17.2,Light Rain,21.9,6.800000000000001,2022,12,December,337,Winter,False,False,False,False,False
2022-12-03,Delhi,North,19.2,7.9,4.0,66.6,13.0,Light Rain,13.55,11.299999999999999,2022,12,December,337,Winter,False,False,False,False,False
2022-12-03,Jaipur,Northwest,23.0,12.1,0.0,49.4,12.0,Clear,17.55,10.9,2022,12,December,337,Winter,False,False,False,False,False
2022-12-03,Kolkata,East,24.3,17.6,0.0,48.7,10.3,Clear,20.950000000000003,6.699999999999999,2022,12,December,337,Winter,False,False,False,False,False
2022-12-03,Mumbai,West,28.7,22.6,7.5,63.6,10.8,Light Rain,25.65,6.099999999999998,2022,12,December,337,Winter,False,False,False,False,False
2022-12-04,Bengaluru,South,25.4,17.1,0.0,53.4,3.8,Clear,21.25,8.299999999999997,2022,12,December,338,Winter,False,False,False,False,False
2022-12-04,Chennai,South,29.2,22.1,38.4,82.1,9.4,Rain,25.65,7.099999999999998,2022,12,December,338,Winter,False,False,False,False,False
2022-12-04,Delhi,North,21.5,11.4,1.3,70.5,14.9,Light Rain,16.45,10.1,2022,12,December,338,Winter,False,False,False,False,False
2022-12-04,Jaipur,Northwest,24.7,13.9,0.0,67.7,21.8,Clear,19.3,10.799999999999999,2022,12,December,338,Winter,False,False,False,False,False
2022-12-04,Kolkata,East,26.1,19.8,0.0,52.8,12.5,Clear,22.950000000000003,6.300000000000001,2022,12,December,338,Winter,False,False,False,False,False
2022-12-04,Mumbai,West,27.3,19.9,0.0,53.1,11.5,Clear,23.6,7.400000000000002,2022,12,December,338,Winter,False,False,False,False,False
2022-12-05,Bengaluru,South,23.5,15.9,0.0,58.5,6.5,Clear,19.7,7.6,2022,12,December,339,Winter,False,False,False,False,False
2022-12-05,Chennai,South,27.4,22.4,0.0,83.5,15.7,Cloudy,24.9,5.0,2022,12,December,339,Winter,False,False,False,False,False
2022-12-05,Delhi,North,18.9,7.1,0.0,64.4,4.5,Clear,13.0,11.799999999999999,2022,12,December,339,Winter,False,False,False,False,False
2022-12-05,Jaipur,Northwest,22.4,14.2,0.0,61.4,9.6,Clear,18.299999999999997,8.2,2022,12,December,339,Winter,False,False,False,False,False
2022-12-05,Kolkata,East,22.3,15.8,0.0,57.1,4.6,Clear,19.05,6.5,2022,12,December,339,Winter,False,False,False,False,False
2022-12-05,Mumbai,West,29.9,22.6,0.0,46.0,13.6,Clear,26.25,7.299999999999997,2022,12,December,339,Winter,False,False,False,False,False
2022-12-06,Bengaluru,South,22.7,16.3,2.5,61.9,19.8,Light Rain,19.5,6.399999999999999,2022,12,December,340,Winter,False,False,False,False,False
2022-12-06,Chennai,South,31.0,20.9,76.0,74.3,7.2,Heavy Rain,25.95,10.100000000000001,2022,12,December,340,Winter,True,False,False,False,True
2022-12-06,Delhi,North,21.5,11.3,0.0,46.6,14.1,Clear,16.4,10.2,2022,12,December,340,Winter,False,False,False,False,False
2022-12-06,Jaipur,Northwest,23.8,12.7,0.0,63.3,6.2,Clear,18.25,11.100000000000001,2022,12,December,340,Winter,False,False,False,False,False
2022-12-06,Kolkata,East,23.2,17.4,0.0,64.2,4.1,Clear,20.299999999999997,5.800000000000001,2022,12,December,340,Winter,False,False,False,False,False
2022-12-06,Mumbai,West,32.4,26.5,0.0,47.0,15.8,Clear,29.45,5.899999999999999,2022,12,December,340,Winter,False,False,False,False,False
2022-12-07,Bengaluru,South,24.4,18.1,0.0,51.3,4.6,Clear,21.25,6.299999999999997,2022,12,December,341,Winter,False,False,False,False,False
2022-12-07,Chennai,South,29.5,22.7,0.0,77.0,8.1,Clear,26.1,6.800000000000001,2022,12,December,341,Winter,False,False,False,False,False
2022-12-07,Delhi,North,22.1,9.6,0.0,55.6,5.5,Clear,15.850000000000001,12.500000000000002,2022,12,December,341,Winter,False,False,False,False,False
2022-12-07,Jaipur,Northwest,20.8,10.1,0.0,46.6,7.0,Clear,15.45,10.700000000000001,2022,12,December,341,Winter,False,False,False,False,False
2022-12-07,Kolkata,East,25.7,19.0,0.0,43.5,6.8,Clear,22.35,6.699999999999999,2022,12,December,341,Winter,False,False,False,False,False
2022-12-07,Mumbai,West,27.1,19.6,0.0,59.3,4.0,Clear,23.35,7.5,2022,12,December,341,Winter,False,False,False,False,False
2022-12-08,Bengaluru,South,23.2,16.5,0.0,42.8,7.0,Clear,19.85,6.699999999999999,2022,12,December,342,Winter,False,False,False,False,False
2022-12-08,Chennai,South,26.2,19.7,0.0,79.8,9.8,Clear,22.95,6.5,2022,12,December,342,Winter,False,False,False,False,False
2022-12-08,Delhi,North,18.9,9.8,0.0,62.6,10.7,Clear,14.35,9.099999999999998,2022,12,December,342,Winter,False,False,False,False,False
2022-12-08,Jaipur,Northwest,21.4,8.1,0.0,40.8,3.3,Clear,14.75,13.299999999999999,2022,12,December,342,Winter,False,False,False,False,False
2022-12-08,Kolkata,East,23.1,18.1,0.0,39.8,17.1,Clear,20.6,5.0,2022,12,December,342,Winter,False,False,False,False,False
2022-12-08,Mumbai,West,26.3,18.5,0.0,58.7,22.4,Clear,22.4,7.800000000000001,2022,12,December,342,Winter,False,False,False,False,False
2022-12-09,Bengaluru,South,24.6,16.3,0.0,55.5,16.4,Clear,20.450000000000003,8.3,2022,12,December,343,Winter,False,False,False,False,False
2022-12-09,Chennai,South,25.3,19.9,0.0,80.0,9.1,Clear,22.6,5.400000000000002,2022,12,December,343,Winter,False,False,False,False,False
2022-12-09,Delhi,North,25.0,13.1,0.0,53.2,8.0,Clear,19.05,11.9,2022,12,December,343,Winter,False,False,False,False,False
2022-12-09,Jaipur,Northwest,22.6,11.1,0.0,55.4,4.8,Clear,16.85,11.500000000000002,2022,12,December,343,Winter,False,False,False,False,False
2022-12-09,Kolkata,East,27.0,19.0,4.4,45.2,8.4,Light Rain,23.0,8.0,2022,12,December,343,Winter,False,False,False,False,False
2022-12-09,Mumbai,West,26.6,18.2,0.0,56.6,1.2,Clear,22.4,8.400000000000002,2022,12,December,343,Winter,False,False,False,False,False
2022-12-10,Bengaluru,South,26.2,19.0,0.0,42.4,7.5,Clear,22.6,7.199999999999999,2022,12,December,344,Winter,False,False,False,False,False
2022-12-10,Chennai,South,26.9,19.4,0.0,73.6,8.9,Clear,23.15,7.5,2022,12,December,344,Winter,False,False,False,False,False
2022-12-10,Delhi,North,19.4,7.6,0.0,72.8,7.3,Clear,13.5,11.799999999999999,2022,12,December,344,Winter,False,False,False,False,False
2022-12-10,Jaipur,Northwest,23.3,13.2,0.0,51.7,6.5,Clear,18.25,10.100000000000001,2022,12,December,344,Winter,False,False,False,False,False
2022-12-10,Kolkata,East,23.8,15.5,0.0,53.4,5.9,Clear,19.65,8.3,2022,12,December,344,Winter,False,False,False,False,False
2022-12-10,Mumbai,West,31.8,24.3,0.0,46.7,1.3,Clear,28.05,7.5,2022,12,December,344,Winter,False,False,False,False,False
2022-12-11,Bengaluru,South,25.4,19.6,0.0,57.4,2.6,Clear,22.5,5.799999999999997,2022,12,December,345,Winter,False,False,False,False,False
2022-12-11,Chennai,South,25.7,20.7,43.9,86.1,21.5,Rain,23.2,5.0,2022,12,December,345,Winter,False,False,False,False,False
2022-12-11,Delhi,North,20.0,8.4,0.0,60.4,6.7,Clear,14.2,11.6,2022,12,December,345,Winter,False,False,False,False,False
2022-12-11,Jaipur,Northwest,21.6,11.6,0.0,47.4,5.5,Clear,16.6,10.000000000000002,2022,12,December,345,Winter,False,False,False,False,False
2022-12-11,Kolkata,East,24.3,18.4,2.8,58.4,15.1,Light Rain,21.35,5.900000000000002,2022,12,December,345,Winter,False,False,False,False,False
2022-12-11,Mumbai,West,32.0,24.9,0.0,44.5,10.6,Clear,28.45,7.100000000000001,2022,12,December,345,Winter,False,False,False,False,False
2022-12-12,Bengaluru,South,23.2,16.6,0.0,48.9,2.4,Clear,19.9,6.599999999999998,2022,12,December,346,Winter,False,False,False,False,False
2022-12-12,Chennai,South,28.5,22.8,0.0,80.4,16.1,Clear,25.65,5.699999999999999,2022,12,December,346,Winter,False,False,False,False,False
2022-12-12,Delhi,North,21.2,10.6,0.0,59.5,6.2,Clear,15.899999999999999,10.6,2022,12,December,346,Winter,False,False,False,False,False
2022-12-12,Jaipur,Northwest,19.1,9.2,0.0,56.0,17.4,Clear,14.15,9.900000000000002,2022,12,December,346,Winter,False,False,False,False,False
2022-12-12,Kolkata,East,23.9,16.6,0.0,39.4,3.0,Clear,20.25,7.299999999999997,2022,12,December,346,Winter,False,False,False,False,False
2022-12-12,Mumbai,West,30.3,22.7,0.0,47.8,3.3,Clear,26.5,7.600000000000001,2022,12,December,346,Winter,False,False,False,False,False
2022-12-13,Bengaluru,South,25.0,18.3,0.0,64.0,8.2,Clear,21.65,6.699999999999999,2022,12,December,347,Winter,False,False,False,False,False
2022-12-13,Chennai,South,30.7,22.1,102.5,77.6,13.1,Heavy Rain,26.4,8.599999999999998,2022,12,December,347,Winter,True,False,False,False,True
2022-12-13,Delhi,North,23.0,11.0,0.0,59.6,19.2,Clear,17.0,12.0,2022,12,December,347,Winter,False,False,False,False,False
2022-12-13,Jaipur,Northwest,18.6,5.8,0.0,62.8,10.4,Clear,12.200000000000001,12.8,2022,12,December,347,Winter,False,False,False,False,False
2022-12-13,Kolkata,East,24.8,19.0,0.0,52.9,4.4,Clear,21.9,5.800000000000001,2022,12,December,347,Winter,False,False,False,False,False
2022-12-13,Mumbai,West,27.3,22.3,0.0,53.6,3.6,Clear,24.8,5.0,2022,12,December,347,Winter,False,False,False,False,False
2022-12-14,Bengaluru,South,24.5,16.7,0.0,55.4,4.0,Clear,20.6,7.800000000000001,2022,12,December,348,Winter,False,False,False,False,False
2022-12-14,Chennai,South,26.0,17.9,46.0,87.6,15.5,Rain,21.95,8.100000000000001,2022,12,December,348,Winter,False,False,False,False,False
2022-12-14,Delhi,North,20.9,10.4,0.0,62.4,15.5,Clear,15.649999999999999,10.499999999999998,2022,12,December,348,Winter,False,False,False,False,False
2022-12-14,Jaipur,Northwest,19.2,9.7,0.0,59.7,14.0,Clear,14.45,9.5,2022,12,December,348,Winter,False,False,False,False,False
2022-12-14,Kolkata,East,23.4,16.5,1.8,57.2,16.2,Light Rain,19.95,6.899999999999999,2022,12,December,348,Winter,False,False,False,False,False
2022-12-14,Mumbai,West,30.1,23.3,1.6,63.5,28.7,Light Rain,26.700000000000003,6.800000000000001,2022,12,December,348,Winter,False,False,False,False,False
2022-12-15,Bengaluru,South,23.9,17.1,0.0,49.3,17.1,Clear,20.5,6.799999999999997,2022,12,December,349,Winter,False,False,False,False,False
2022-12-15,Chennai,South,26.7,18.3,0.0,74.8,12.4,Clear,22.5,8.399999999999999,2022,12,December,349,Winter,False,False,False,False,False
2022-12-15,Delhi,North,18.3,7.8,0.0,55.8,12.9,Clear,13.05,10.5,2022,12,December,349,Winter,False,False,False,False,False
2022-12-15,Jaipur,Northwest,20.8,8.3,0.0,53.7,2.0,Clear,14.55,12.5,2022,12,December,349,Winter,False,False,False,False,False
2022-12-15,Kolkata,East,24.2,15.6,0.0,38.6,5.8,Clear,19.9,8.6,2022,12,December,349,Winter,False,False,False,False,False
2022-12-15,Mumbai,West,25.4,19.7,0.0,54.4,16.5,Clear,22.549999999999997,5.699999999999999,2022,12,December,349,Winter,False,False,False,False,False
2022-12-16,Bengaluru,South,25.6,18.5,0.0,42.0,19.9,Clear,22.05,7.100000000000001,2022,12,December,350,Winter,False,False,False,False,False
2022-12-16,Chennai,South,29.5,22.6,122.7,73.7,7.0,Heavy Rain,26.05,6.899999999999999,2022,12,December,350,Winter,True,False,False,False,True
2022-12-16,Delhi,North,22.4,11.6,0.0,51.6,9.9,Clear,17.0,10.799999999999999,2022,12,December,350,Winter,False,False,False,False,False
2022-12-16,Jaipur,Northwest,20.0,9.1,0.0,43.9,19.4,Clear,14.55,10.9,2022,12,December,350,Winter,False,False,False,False,False
2022-12-16,Kolkata,East,26.9,17.8,0.0,56.6,10.7,Clear,22.35,9.099999999999998,2022,12,December,350,Winter,False,False,False,False,False
2022-12-16,Mumbai,West,25.0,17.2,0.0,57.4,13.3,Clear,21.1,7.800000000000001,2022,12,December,350,Winter,False,False,False,False,False
2022-12-17,Bengaluru,South,21.6,14.0,0.0,40.4,7.5,Clear,17.8,7.600000000000001,2022,12,December,351,Winter,False,False,False,False,False
2022-12-17,Chennai,South,28.2,22.6,0.0,68.2,5.1,Clear,25.4,5.599999999999998,2022,12,December,351,Winter,False,False,False,False,False
2022-12-17,Delhi,North,19.1,6.3,0.0,49.3,3.0,Clear,12.700000000000001,12.8,2022,12,December,351,Winter,False,False,False,False,False
2022-12-17,Jaipur,Northwest,21.3,8.6,0.0,35.3,6.0,Clear,14.95,12.700000000000001,2022,12,December,351,Winter,False,False,False,False,False
2022-12-17,Kolkata,East,22.5,14.8,0.0,66.7,14.6,Clear,18.65,7.699999999999999,2022,12,December,351,Winter,False,False,False,False,False
2022-12-17,Mumbai,West,29.3,20.5,0.0,42.3,8.9,Clear,24.9,8.8,2022,12,December,351,Winter,False,False,False,False,False
2022-12-18,Bengaluru,South,24.1,17.7,0.0,39.6,8.7,Clear,20.9,6.400000000000002,2022,12,December,352,Winter,False,False,False,False,False
2022-12-18,Chennai,South,25.3,17.5,30.3,82.6,7.5,Rain,21.4,7.800000000000001,2022,12,December,352,Winter,False,False,False,False,False
2022-12-18,Delhi,North,18.8,7.4,0.0,37.0,5.9,Clear,13.100000000000001,11.4,2022,12,December,352,Winter,False,False,False,False,False
2022-12-18,Jaipur,Northwest,21.3,9.2,0.0,41.2,6.1,Clear,15.25,12.100000000000001,2022,12,December,352,Winter,False,False,False,False,False
2022-12-18,Kolkata,East,21.5,13.5,0.0,47.7,12.9,Clear,17.5,8.0,2022,12,December,352,Winter,False,False,False,False,False
2022-12-18,Mumbai,West,28.5,22.1,0.0,27.1,5.9,Clear,25.3,6.399999999999999,2022,12,December,352,Winter,False,False,False,False,False
2022-12-19,Bengaluru,South,22.5,12.6,0.0,43.2,2.0,Clear,17.55,9.9,2022,12,December,353,Winter,False,False,False,False,False
2022-12-19,Chennai,South,31.3,23.9,30.7,75.0,7.3,Rain,27.6,7.400000000000002,2022,12,December,353,Winter,False,False,False,False,False
2022-12-19,Delhi,North,21.8,9.4,0.0,50.2,2.9,Clear,15.600000000000001,12.4,2022,12,December,353,Winter,False,False,False,False,False
2022-12-19,Jaipur,Northwest,23.9,13.2,0.0,47.2,7.1,Clear,18.549999999999997,10.7,2022,12,December,353,Winter,False,False,False,False,False
2022-12-19,Kolkata,East,24.8,17.8,0.0,59.0,3.1,Clear,21.3,7.0,2022,12,December,353,Winter,False,False,False,False,False
2022-12-19,Mumbai,West,30.4,23.3,2.8,52.6,11.9,Light Rain,26.85,7.099999999999998,2022,12,December,353,Winter,False,False,False,False,False
2022-12-20,Bengaluru,South,20.9,15.4,0.0,53.3,5.7,Clear,18.15,5.499999999999998,2022,12,December,354,Winter,False,False,False,False,False
2022-12-20,Chennai,South,27.2,20.1,84.7,97.3,15.5,Heavy Rain,23.65,7.099999999999998,2022,12,December,354,Winter,True,False,False,False,True
2022-12-20,Delhi,North,18.7,8.4,0.0,46.1,9.9,Clear,13.55,10.299999999999999,2022,12,December,354,Winter,False,False,False,False,False
2022-12-20,Jaipur,Northwest,22.4,11.1,0.0,50.0,19.9,Clear,16.75,11.299999999999999,2022,12,December,354,Winter,False,False,False,False,False
2022-12-20,Kolkata,East,22.3,16.2,0.7,64.6,19.2,Light Rain,19.25,6.100000000000001,2022,12,December,354,Winter,False,False,False,False,False
2022-12-20,Mumbai,West,24.7,18.1,0.0,44.1,7.0,Clear,21.4,6.599999999999998,2022,12,December,354,Winter,False,False,False,False,False
2022-12-21,Bengaluru,South,22.5,15.3,0.0,58.0,12.9,Clear,18.9,7.199999999999999,2022,12,December,355,Winter,False,False,False,False,False
2022-12-21,Chennai,South,28.1,20.3,23.5,84.9,15.3,Rain,24.200000000000003,7.800000000000001,2022,12,December,355,Winter,False,False,False,False,False
2022-12-21,Delhi,North,16.9,7.5,0.0,65.3,4.6,Clear,12.2,9.399999999999999,2022,12,December,355,Winter,False,False,False,False,False
2022-12-21,Jaipur,Northwest,23.8,11.4,0.0,44.6,7.3,Clear,17.6,12.4,2022,12,December,355,Winter,False,False,False,False,False
2022-12-21,Kolkata,East,22.5,17.5,0.0,55.9,4.8,Clear,20.0,5.0,2022,12,December,355,Winter,False,False,False,False,False
2022-12-21,Mumbai,West,30.4,23.0,0.0,40.1,6.1,Clear,26.7,7.399999999999999,2022,12,December,355,Winter,False,False,False,False,False
2022-12-22,Bengaluru,South,26.0,17.5,0.0,42.3,3.8,Clear,21.75,8.5,2022,12,December,356,Winter,False,False,False,False,False
2022-12-22,Chennai,South,28.9,22.9,51.6,80.3,21.2,Rain,25.9,6.0,2022,12,December,356,Winter,False,False,False,False,False
2022-12-22,Delhi,North,23.7,12.7,0.0,68.2,15.6,Clear,18.2,11.0,2022,12,December,356,Winter,False,False,False,False,False
2022-12-22,Jaipur,Northwest,19.0,8.9,0.0,35.1,1.3,Clear,13.95,10.1,2022,12,December,356,Winter,False,False,False,False,False
2022-12-22,Kolkata,East,22.4,14.9,0.0,38.8,9.5,Clear,18.65,7.499999999999998,2022,12,December,356,Winter,False,False,False,False,False
2022-12-22,Mumbai,West,24.0,18.6,0.0,69.4,11.3,Clear,21.3,5.399999999999999,2022,12,December,356,Winter,False,False,False,False,False
2022-12-23,Bengaluru,South,22.9,16.5,0.0,56.7,6.2,Clear,19.7,6.399999999999999,2022,12,December,357,Winter,False,False,False,False,False
2022-12-23,Chennai,South,27.5,21.5,22.8,73.9,15.1,Rain,24.5,6.0,2022,12,December,357,Winter,False,False,False,False,False
2022-12-23,Delhi,North,16.8,6.4,0.0,52.4,4.3,Clear,11.600000000000001,10.4,2022,12,December,357,Winter,False,False,False,False,False
2022-12-23,Jaipur,Northwest,21.5,9.2,0.0,41.8,15.5,Clear,15.35,12.3,2022,12,December,357,Winter,False,False,False,False,False
2022-12-23,Kolkata,East,24.5,15.6,0.0,43.0,3.4,Clear,20.05,8.9,2022,12,December,357,Winter,False,False,False,False,False
2022-12-23,Mumbai,West,26.8,21.1,0.0,55.3,12.0,Clear,23.950000000000003,5.699999999999999,2022,12,December,357,Winter,False,False,False,False,False
2022-12-24,Bengaluru,South,24.1,18.3,0.0,51.6,6.2,Clear,21.200000000000003,5.800000000000001,2022,12,December,358,Winter,False,False,False,False,False
2022-12-24,Chennai,South,29.0,21.2,51.9,78.9,18.8,Rain,25.1,7.800000000000001,2022,12,December,358,Winter,False,False,False,False,False
2022-12-24,Delhi,North,19.3,7.9,0.0,49.5,7.7,Clear,13.600000000000001,11.4,2022,12,December,358,Winter,False,False,False,False,False
2022-12-24,Jaipur,Northwest,23.3,13.1,0.0,41.6,7.2,Clear,18.2,10.200000000000001,2022,12,December,358,Winter,False,False,False,False,False
2022-12-24,Kolkata,East,24.7,16.2,3.3,49.8,13.5,Light Rain,20.45,8.5,2022,12,December,358,Winter,False,False,False,False,False
2022-12-24,Mumbai,West,25.7,19.2,0.0,57.0,5.6,Clear,22.45,6.5,2022,12,December,358,Winter,False,False,False,False,False
2022-12-25,Bengaluru,South,25.6,18.5,0.0,51.7,4.0,Clear,22.05,7.100000000000001,2022,12,December,359,Winter,False,False,False,False,False
2022-12-25,Chennai,South,23.7,18.3,107.0,71.1,40.7,Heavy Rain,21.0,5.399999999999999,2022,12,December,359,Winter,True,False,False,True,True
2022-12-25,Delhi,North,16.6,6.0,0.0,44.8,6.5,Clear,11.3,10.600000000000001,2022,12,December,359,Winter,False,False,False,False,False
2022-12-25,Jaipur,Northwest,21.9,11.0,0.0,53.2,5.8,Clear,16.45,10.899999999999999,2022,12,December,359,Winter,False,False,False,False,False
2022-12-25,Kolkata,East,21.5,14.6,0.0,53.7,7.4,Clear,18.05,6.9,2022,12,December,359,Winter,False,False,False,False,False
2022-12-25,Mumbai,West,28.8,23.8,0.0,50.7,7.6,Clear,26.3,5.0,2022,12,December,359,Winter,False,False,False,False,False
2022-12-26,Bengaluru,South,21.6,14.0,0.7,49.6,6.1,Light Rain,17.8,7.600000000000001,2022,12,December,360,Winter,False,False,False,False,False
2022-12-26,Chennai,South,31.2,24.2,10.0,70.3,14.9,Light Rain,27.7,7.0,2022,12,December,360,Winter,False,False,False,False,False
2022-12-26,Delhi,North,19.1,9.8,0.0,51.5,6.0,Clear,14.450000000000001,9.3,2022,12,December,360,Winter,False,False,False,False,False
2022-12-26,Jaipur,Northwest,22.6,13.7,0.0,69.1,18.5,Clear,18.15,8.900000000000002,2022,12,December,360,Winter,False,False,False,False,False
2022-12-26,Kolkata,East,23.5,15.6,0.0,41.5,16.7,Clear,19.55,7.9,2022,12,December,360,Winter,False,False,False,False,False
2022-12-26,Mumbai,West,29.4,21.4,0.0,71.0,5.5,Clear,25.4,8.0,2022,12,December,360,Winter,False,False,False,False,False
2022-12-27,Bengaluru,South,21.0,15.7,0.0,42.1,6.4,Clear,18.35,5.300000000000001,2022,12,December,361,Winter,False,False,False,False,False
2022-12-27,Chennai,South,31.6,22.7,0.0,75.1,4.0,Clear,27.15,8.900000000000002,2022,12,December,361,Winter,False,False,False,False,False
2022-12-27,Delhi,North,17.6,7.7,0.0,60.6,13.4,Clear,12.65,9.900000000000002,2022,12,December,361,Winter,False,False,False,False,False
2022-12-27,Jaipur,Northwest,22.8,10.5,0.0,44.1,6.2,Clear,16.65,12.3,2022,12,December,361,Winter,False,False,False,False,False
2022-12-27,Kolkata,East,25.2,18.1,0.0,61.4,9.0,Clear,21.65,7.099999999999998,2022,12,December,361,Winter,False,False,False,False,False
2022-12-27,Mumbai,West,26.4,20.6,0.0,37.5,18.2,Clear,23.5,5.799999999999997,2022,12,December,361,Winter,False,False,False,False,False
2022-12-28,Bengaluru,South,23.5,17.0,0.0,50.3,12.6,Clear,20.25,6.5,2022,12,December,362,Winter,False,False,False,False,False
2022-12-28,Chennai,South,27.9,22.6,63.4,67.7,16.2,Rain,25.25,5.299999999999997,2022,12,December,362,Winter,False,False,False,False,False
2022-12-28,Delhi,North,17.6,8.2,0.0,53.3,6.0,Clear,12.9,9.400000000000002,2022,12,December,362,Winter,False,False,False,False,False
2022-12-28,Jaipur,Northwest,19.2,9.2,0.0,52.2,8.2,Clear,14.2,10.0,2022,12,December,362,Winter,False,False,False,False,False
2022-12-28,Kolkata,East,22.1,16.2,0.0,46.5,3.2,Clear,19.15,5.900000000000002,2022,12,December,362,Winter,False,False,False,False,False
2022-12-28,Mumbai,West,26.4,17.6,0.0,49.6,9.6,Clear,22.0,8.799999999999997,2022,12,December,362,Winter,False,False,False,False,False
2022-12-29,Bengaluru,South,22.2,14.6,0.0,57.9,5.0,Clear,18.4,7.6,2022,12,December,363,Winter,False,False,False,False,False
2022-12-29,Chennai,South,26.9,20.0,44.3,72.3,16.6,Rain,23.45,6.899999999999999,2022,12,December,363,Winter,False,False,False,False,False
2022-12-29,Delhi,North,18.7,7.9,0.0,39.7,10.8,Clear,13.3,10.799999999999999,2022,12,December,363,Winter,False,False,False,False,False
2022-12-29,Jaipur,Northwest,20.3,8.9,0.0,58.2,29.1,Clear,14.600000000000001,11.4,2022,12,December,363,Winter,False,False,False,False,False
2022-12-29,Kolkata,East,19.6,11.7,0.0,59.2,4.5,Clear,15.65,7.900000000000002,2022,12,December,363,Winter,False,False,False,False,False
2022-12-29,Mumbai,West,29.2,21.6,0.0,50.7,7.7,Clear,25.4,7.599999999999998,2022,12,December,363,Winter,False,False,False,False,False
2022-12-30,Bengaluru,South,22.8,15.9,0.0,47.9,15.9,Clear,19.35,6.9,2022,12,December,364,Winter,False,False,False,False,False
2022-12-30,Chennai,South,26.7,21.1,0.0,68.8,11.0,Clear,23.9,5.599999999999998,2022,12,December,364,Winter,False,False,False,False,False
2022-12-30,Delhi,North,17.0,7.8,0.0,49.2,7.3,Clear,12.4,9.2,2022,12,December,364,Winter,False,False,False,False,False
2022-12-30,Jaipur,Northwest,22.5,11.2,0.0,38.8,4.0,Clear,16.85,11.3,2022,12,December,364,Winter,False,False,False,False,False
2022-12-30,Kolkata,East,28.0,17.6,0.0,46.6,22.6,Clear,22.8,10.399999999999999,2022,12,December,364,Winter,False,False,False,False,False
2022-12-30,Mumbai,West,25.6,20.0,0.0,57.4,5.9,Clear,22.8,5.600000000000001,2022,12,December,364,Winter,False,False,False,False,False
2022-12-31,Bengaluru,South,22.5,16.7,0.0,52.2,9.6,Clear,19.6,5.800000000000001,2022,12,December,365,Winter,False,False,False,False,False
2022-12-31,Chennai,South,26.3,19.5,62.4,90.4,17.3,Rain,22.9,6.800000000000001,2022,12,December,365,Winter,False,False,False,False,False
2022-12-31,Delhi,North,19.5,9.7,0.0,45.0,13.8,Clear,14.6,9.8,2022,12,December,365,Winter,False,False,False,False,False
2022-12-31,Jaipur,Northwest,20.2,10.7,0.0,58.2,11.2,Clear,15.45,9.5,2022,12,December,365,Winter,False,False,False,False,False
2022-12-31,Kolkata,East,21.3,13.7,0.0,42.3,7.3,Clear,17.5,7.600000000000001,2022,12,December,365,Winter,False,False,False,False,False
2022-12-31,Mumbai,West,24.2,16.3,0.0,57.8,9.9,Clear,20.25,7.899999999999999,2022,12,December,365,Winter,False,False,False,False,False
2023-01-01,Bengaluru,South,23.9,16.3,0.0,39.4,13.3,Clear,20.1,7.599999999999998,2023,1,January,1,Winter,False,False,False,False,False
2023-01-01,Chennai,South,28.9,22.2,0.0,44.9,17.0,Clear,25.549999999999997,6.699999999999999,2023,1,January,1,Winter,False,False,False,False,False
2023-01-01,Delhi,North,20.7,8.0,0.0,42.2,10.7,Clear,14.35,12.7,2023,1,January,1,Winter,False,False,False,False,False
2023-01-01,Jaipur,Northwest,22.8,11.5,0.0,53.8,6.2,Clear,17.15,11.3,2023,1,January,1,Winter,False,False,False,False,False
2023-01-01,Kolkata,East,22.6,14.7,0.0,63.6,2.0,Clear,18.65,7.900000000000002,2023,1,January,1,Winter,False,False,False,False,False
2023-01-01,Mumbai,West,26.2,19.1,0.0,59.9,22.4,Clear,22.65,7.099999999999998,2023,1,January,1,Winter,False,False,False,False,False
2023-01-02,Bengaluru,South,25.6,18.0,0.0,44.7,7.9,Clear,21.8,7.600000000000001,2023,1,January,2,Winter,False,False,False,False,False
2023-01-02,Chennai,South,27.1,21.5,3.4,66.9,12.9,Light Rain,24.3,5.600000000000001,2023,1,January,2,Winter,False,False,False,False,False
2023-01-02,Delhi,North,19.4,8.2,0.0,62.1,18.6,Clear,13.799999999999999,11.2,2023,1,January,2,Winter,False,False,False,False,False
2023-01-02,Jaipur,Northwest,17.7,4.9,0.0,42.9,8.7,Clear,11.3,12.799999999999999,2023,1,January,2,Winter,False,False,True,False,True
2023-01-02,Kolkata,East,23.7,16.7,0.0,43.0,25.3,Clear,20.2,7.0,2023,1,January,2,Winter,False,False,False,False,False
2023-01-02,Mumbai,West,24.6,19.2,0.0,46.8,13.8,Clear,21.9,5.400000000000002,2023,1,January,2,Winter,False,False,False,False,False
2023-01-03,Bengaluru,South,24.3,17.1,0.0,49.0,4.9,Clear,20.700000000000003,7.199999999999999,2023,1,January,3,Winter,False,False,False,False,False
2023-01-03,Chennai,South,28.7,22.4,0.0,63.4,7.0,Clear,25.549999999999997,6.300000000000001,2023,1,January,3,Winter,False,False,False,False,False
2023-01-03,Delhi,North,18.6,8.4,2.1,65.0,20.3,Light Rain,13.5,10.200000000000001,2023,1,January,3,Winter,False,False,False,False,False
2023-01-03,Jaipur,Northwest,22.4,8.9,0.0,58.4,7.7,Clear,15.649999999999999,13.499999999999998,2023,1,January,3,Winter,False,False,False,False,False
2023-01-03,Kolkata,East,25.8,17.7,0.0,25.5,8.6,Clear,21.75,8.100000000000001,2023,1,January,3,Winter,False,False,False,False,False
2023-01-03,Mumbai,West,27.2,20.2,0.0,49.6,4.8,Clear,23.7,7.0,2023,1,January,3,Winter,False,False,False,False,False
2023-01-04,Bengaluru,South,21.7,12.6,0.0,56.7,8.3,Clear,17.15,9.1,2023,1,January,4,Winter,False,False,False,False,False
2023-01-04,Chennai,South,27.2,20.7,0.0,60.8,4.0,Clear,23.95,6.5,2023,1,January,4,Winter,False,False,False,False,False
2023-01-04,Delhi,North,18.2,7.6,0.0,49.0,4.9,Clear,12.899999999999999,10.6,2023,1,January,4,Winter,False,False,False,False,False
2023-01-04,Jaipur,Northwest,20.6,11.2,0.0,59.7,21.7,Clear,15.9,9.400000000000002,2023,1,January,4,Winter,False,False,False,False,False
2023-01-04,Kolkata,East,25.0,14.8,0.0,46.2,27.2,Clear,19.9,10.2,2023,1,January,4,Winter,False,False,False,False,False
2023-01-04,Mumbai,West,29.0,20.5,0.4,63.1,27.8,Light Rain,24.75,8.5,2023,1,January,4,Winter,False,False,False,False,False
2023-01-05,Bengaluru,South,19.9,14.3,0.0,58.7,9.2,Clear,17.1,5.599999999999998,2023,1,January,5,Winter,False,False,False,False,False
2023-01-05,Chennai,South,28.3,20.9,0.0,47.3,5.0,Clear,24.6,7.400000000000002,2023,1,January,5,Winter,False,False,False,False,False
2023-01-05,Delhi,North,17.0,5.4,0.0,54.0,4.5,Clear,11.2,11.6,2023,1,January,5,Winter,False,False,False,False,False
2023-01-05,Jaipur,Northwest,21.4,9.9,0.0,51.0,5.8,Clear,15.649999999999999,11.499999999999998,2023,1,January,5,Winter,False,False,False,False,False
2023-01-05,Kolkata,East,22.7,16.5,0.0,35.9,4.9,Clear,19.6,6.199999999999999,2023,1,January,5,Winter,False,False,False,False,False
2023-01-05,Mumbai,West,25.9,19.0,0.0,42.5,20.1,Clear,22.45,6.899999999999999,2023,1,January,5,Winter,False,False,False,False,False
2023-01-06,Bengaluru,South,23.3,18.3,0.0,53.5,6.7,Clear,20.8,5.0,2023,1,January,6,Winter,False,False,False,False,False
2023-01-06,Chennai,South,24.7,17.2,0.0,51.1,5.6,Clear,20.95,7.5,2023,1,January,6,Winter,False,False,False,False,False
2023-01-06,Delhi,North,21.4,8.6,0.0,81.2,2.5,Clear,15.0,12.799999999999999,2023,1,January,6,Winter,False,False,False,False,False
2023-01-06,Jaipur,Northwest,20.6,10.2,0.0,46.9,13.2,Clear,15.4,10.400000000000002,2023,1,January,6,Winter,False,False,False,False,False
2023-01-06,Kolkata,East,26.6,19.2,0.0,43.5,18.2,Clear,22.9,7.400000000000002,2023,1,January,6,Winter,False,False,False,False,False
2023-01-06,Mumbai,West,27.2,20.2,0.0,43.4,11.9,Clear,23.7,7.0,2023,1,January,6,Winter,False,False,False,False,False
2023-01-07,Bengaluru,South,25.8,16.5,0.0,29.9,12.9,Clear,21.15,9.3,2023,1,January,7,Winter,False,False,False,False,False
2023-01-07,Chennai,South,30.3,22.0,0.0,42.1,3.3,Clear,26.15,8.3,2023,1,January,7,Winter,False,False,False,False,False
2023-01-07,Delhi,North,21.6,10.4,0.0,48.8,20.0,Clear,16.0,11.200000000000001,2023,1,January,7,Winter,False,False,False,False,False
2023-01-07,Jaipur,Northwest,19.6,10.6,0.0,40.7,4.2,Clear,15.100000000000001,9.000000000000002,2023,1,January,7,Winter,False,False,False,False,False
2023-01-07,Kolkata,East,23.8,15.9,0.0,58.7,4.5,Clear,19.85,7.9,2023,1,January,7,Winter,False,False,False,False,False
2023-01-07,Mumbai,West,25.7,18.4,0.0,42.9,5.6,Clear,22.049999999999997,7.300000000000001,2023,1,January,7,Winter,False,False,False,False,False
2023-01-08,Bengaluru,South,24.9,16.7,0.0,48.2,7.6,Clear,20.799999999999997,8.2,2023,1,January,8,Winter,False,False,False,False,False
2023-01-08,Chennai,South,28.6,21.9,0.0,47.7,7.7,Clear,25.25,6.700000000000003,2023,1,January,8,Winter,False,False,False,False,False
2023-01-08,Delhi,North,17.7,7.1,0.0,51.9,22.7,Clear,12.399999999999999,10.6,2023,1,January,8,Winter,False,False,False,False,False
2023-01-08,Jaipur,Northwest,20.2,9.1,0.0,61.2,16.9,Clear,14.649999999999999,11.1,2023,1,January,8,Winter,False,False,False,False,False
2023-01-08,Kolkata,East,22.7,14.4,0.0,55.7,4.9,Clear,18.55,8.299999999999999,2023,1,January,8,Winter,False,False,False,False,False
2023-01-08,Mumbai,West,30.3,20.6,0.0,55.2,5.1,Clear,25.450000000000003,9.7,2023,1,January,8,Winter,False,False,False,False,False
2023-01-09,Bengaluru,South,23.5,15.8,0.0,60.8,7.1,Clear,19.65,7.699999999999999,2023,1,January,9,Winter,False,False,False,False,False
2023-01-09,Chennai,South,30.0,23.0,0.0,49.6,9.0,Clear,26.5,7.0,2023,1,January,9,Winter,False,False,False,False,False
2023-01-09,Delhi,North,19.7,8.4,0.0,47.6,11.5,Clear,14.05,11.299999999999999,2023,1,January,9,Winter,False,False,False,False,False
2023-01-09,Jaipur,Northwest,20.9,8.7,0.0,48.1,42.6,Clear,14.799999999999999,12.2,2023,1,January,9,Winter,False,False,False,True,True
2023-01-09,Kolkata,East,25.8,18.4,0.0,33.7,9.7,Clear,22.1,7.400000000000002,2023,1,January,9,Winter,False,False,False,False,False
2023-01-09,Mumbai,West,29.8,23.1,0.0,41.3,1.4,Clear,26.450000000000003,6.699999999999999,2023,1,January,9,Winter,False,False,False,False,False
2023-01-10,Bengaluru,South,22.8,15.9,0.0,55.4,6.2,Clear,19.35,6.9,2023,1,January,10,Winter,False,False,False,False,False
2023-01-10,Chennai,South,29.7,23.0,0.0,49.0,8.2,Clear,26.35,6.699999999999999,2023,1,January,10,Winter,False,False,False,False,False
2023-01-10,Delhi,North,19.7,7.8,0.0,48.9,4.0,Clear,13.75,11.899999999999999,2023,1,January,10,Winter,False,False,False,False,False
2023-01-10,Jaipur,Northwest,21.3,7.1,0.0,61.2,22.0,Clear,14.2,14.200000000000001,2023,1,January,10,Winter,False,False,False,False,False
2023-01-10,Kolkata,East,22.0,13.1,0.0,68.4,4.8,Clear,17.55,8.9,2023,1,January,10,Winter,False,False,False,False,False
2023-01-10,Mumbai,West,24.0,18.6,0.0,40.7,21.9,Clear,21.3,5.399999999999999,2023,1,January,10,Winter,False,False,False,False,False
2023-01-11,Bengaluru,South,23.0,15.0,0.0,59.6,12.4,Clear,19.0,8.0,2023,1,January,11,Winter,False,False,False,False,False
2023-01-11,Chennai,South,28.7,21.1,0.0,41.2,19.4,Clear,24.9,7.599999999999998,2023,1,January,11,Winter,False,False,False,False,False
2023-01-11,Delhi,North,17.5,7.4,0.0,44.4,9.0,Clear,12.45,10.1,2023,1,January,11,Winter,False,False,False,False,False
2023-01-11,Jaipur,Northwest,20.9,10.3,0.0,48.7,7.7,Clear,15.6,10.599999999999998,2023,1,January,11,Winter,False,False,False,False,False
2023-01-11,Kolkata,East,25.2,18.0,0.0,48.5,13.0,Clear,21.6,7.199999999999999,2023,1,January,11,Winter,False,False,False,False,False
2023-01-11,Mumbai,West,22.5,17.5,0.0,48.1,14.3,Clear,20.0,5.0,2023,1,January,11,Winter,False,False,False,False,False
2023-01-12,Bengaluru,South,23.5,16.4,0.0,53.7,3.6,Clear,19.95,7.100000000000001,2023,1,January,12,Winter,False,False,False,False,False
2023-01-12,Chennai,South,27.5,21.8,0.0,44.4,11.5,Clear,24.65,5.699999999999999,2023,1,January,12,Winter,False,False,False,False,False
2023-01-12,Delhi,North,18.3,7.8,0.0,67.0,4.4,Clear,13.05,10.5,2023,1,January,12,Winter,False,False,False,False,False
2023-01-12,Jaipur,Northwest,21.1,9.8,0.0,59.8,1.9,Clear,15.450000000000001,11.3,2023,1,January,12,Winter,False,False,False,False,False
2023-01-12,Kolkata,East,25.7,17.8,0.0,45.9,17.6,Clear,21.75,7.899999999999999,2023,1,January,12,Winter,False,False,False,False,False
2023-01-12,Mumbai,West,27.4,18.5,0.0,43.9,3.0,Clear,22.95,8.899999999999999,2023,1,January,12,Winter,False,False,False,False,False
2023-01-13,Bengaluru,South,21.5,15.5,0.0,53.9,8.6,Clear,18.5,6.0,2023,1,January,13,Winter,False,False,False,False,False
2023-01-13,Chennai,South,26.7,20.7,0.0,52.9,10.3,Clear,23.7,6.0,2023,1,January,13,Winter,False,False,False,False,False
2023-01-13,Delhi,North,17.1,5.1,0.0,40.4,6.2,Clear,11.100000000000001,12.000000000000002,2023,1,January,13,Winter,False,False,False,False,False
2023-01-13,Jaipur,Northwest,17.5,8.1,0.0,56.8,8.6,Clear,12.8,9.4,2023,1,January,13,Winter,False,False,False,False,False
2023-01-13,Kolkata,East,25.4,18.9,0.0,61.1,4.4,Clear,22.15,6.5,2023,1,January,13,Winter,False,False,False,False,False
2023-01-13,Mumbai,West,25.6,17.6,0.0,41.1,9.8,Clear,21.6,8.0,2023,1,January,13,Winter,False,False,False,False,False
2023-01-14,Bengaluru,South,23.2,17.2,0.0,53.0,11.3,Clear,20.2,6.0,2023,1,January,14,Winter,False,False,False,False,False
2023-01-14,Chennai,South,29.4,21.0,0.0,49.7,12.4,Clear,25.2,8.399999999999999,2023,1,January,14,Winter,False,False,False,False,False
2023-01-14,Delhi,North,18.1,6.7,0.0,48.4,8.7,Clear,12.4,11.400000000000002,2023,1,January,14,Winter,False,False,False,False,False
2023-01-14,Jaipur,Northwest,19.9,10.7,0.0,52.2,4.0,Clear,15.299999999999999,9.2,2023,1,January,14,Winter,False,False,False,False,False
2023-01-14,Kolkata,East,21.8,14.4,0.0,51.8,11.8,Clear,18.1,7.4,2023,1,January,14,Winter,False,False,False,False,False
2023-01-14,Mumbai,West,25.0,18.7,0.0,49.3,9.7,Clear,21.85,6.300000000000001,2023,1,January,14,Winter,False,False,False,False,False
2023-01-15,Bengaluru,South,23.1,13.8,0.0,63.5,17.8,Clear,18.450000000000003,9.3,2023,1,January,15,Winter,False,False,False,False,False
2023-01-15,Chennai,South,31.1,23.2,0.0,45.0,21.3,Clear,27.15,7.900000000000002,2023,1,January,15,Winter,False,False,False,False,False
2023-01-15,Delhi,North,17.9,6.6,0.0,50.0,4.3,Clear,12.25,11.299999999999999,2023,1,January,15,Winter,False,False,False,False,False
2023-01-15,Jaipur,Northwest,17.9,7.7,0.0,50.8,1.4,Clear,12.799999999999999,10.2,2023,1,January,15,Winter,False,False,False,False,False
2023-01-15,Kolkata,East,21.6,14.7,0.0,67.5,15.5,Clear,18.15,6.900000000000002,2023,1,January,15,Winter,False,False,False,False,False
2023-01-15,Mumbai,West,30.1,23.1,0.0,49.8,13.5,Clear,26.6,7.0,2023,1,January,15,Winter,False,False,False,False,False
2023-01-16,Bengaluru,South,24.2,18.0,0.0,48.4,6.5,Clear,21.1,6.199999999999999,2023,1,January,16,Winter,False,False,False,False,False
2023-01-16,Chennai,South,28.4,20.4,0.0,61.3,6.5,Clear,24.4,8.0,2023,1,January,16,Winter,False,False,False,False,False
2023-01-16,Delhi,North,21.2,10.2,0.0,29.3,10.2,Clear,15.7,11.0,2023,1,January,16,Winter,False,False,False,False,False
2023-01-16,Jaipur,Northwest,19.7,8.2,0.0,42.6,5.6,Clear,13.95,11.5,2023,1,January,16,Winter,False,False,False,False,False
2023-01-16,Kolkata,East,24.0,16.9,0.0,36.9,4.8,Clear,20.45,7.100000000000001,2023,1,January,16,Winter,False,False,False,False,False
2023-01-16,Mumbai,West,27.0,19.7,0.0,61.9,8.4,Clear,23.35,7.300000000000001,2023,1,January,16,Winter,False,False,False,False,False
2023-01-17,Bengaluru,South,22.1,15.7,0.0,34.0,19.3,Clear,18.9,6.400000000000002,2023,1,January,17,Winter,False,False,False,False,False
2023-01-17,Chennai,South,29.8,22.9,0.0,48.3,1.5,Clear,26.35,6.900000000000002,2023,1,January,17,Winter,False,False,False,False,False
2023-01-17,Delhi,North,19.5,6.6,0.0,45.0,3.8,Clear,13.05,12.9,2023,1,January,17,Winter,False,False,False,False,False
2023-01-17,Jaipur,Northwest,20.3,10.1,0.0,45.9,15.6,Clear,15.2,10.200000000000001,2023,1,January,17,Winter,False,False,False,False,False
2023-01-17,Kolkata,East,23.8,18.8,0.0,55.7,5.8,Clear,21.3,5.0,2023,1,January,17,Winter,False,False,False,False,False
2023-01-17,Mumbai,West,24.3,16.0,0.0,37.7,6.7,Clear,20.15,8.3,2023,1,January,17,Winter,False,False,False,False,False
2023-01-18,Bengaluru,South,24.8,17.5,0.0,66.8,20.7,Clear,21.15,7.300000000000001,2023,1,January,18,Winter,False,False,False,False,False
2023-01-18,Chennai,South,28.2,21.8,0.0,54.9,6.1,Clear,25.0,6.399999999999999,2023,1,January,18,Winter,False,False,False,False,False
2023-01-18,Delhi,North,18.7,7.1,0.0,53.4,19.1,Clear,12.899999999999999,11.6,2023,1,January,18,Winter,False,False,False,False,False
2023-01-18,Jaipur,Northwest,19.6,7.6,0.0,52.4,2.2,Clear,13.600000000000001,12.000000000000002,2023,1,January,18,Winter,False,False,False,False,False
2023-01-18,Kolkata,East,24.3,16.1,0.0,59.4,12.8,Clear,20.200000000000003,8.2,2023,1,January,18,Winter,False,False,False,False,False
2023-01-18,Mumbai,West,26.1,19.8,0.0,52.7,9.5,Clear,22.950000000000003,6.300000000000001,2023,1,January,18,Winter,False,False,False,False,False
2023-01-19,Bengaluru,South,20.1,13.8,0.0,48.1,16.2,Clear,16.950000000000003,6.300000000000001,2023,1,January,19,Winter,False,False,False,False,False
2023-01-19,Chennai,South,28.6,22.8,0.0,48.6,23.3,Clear,25.700000000000003,5.800000000000001,2023,1,January,19,Winter,False,False,False,False,False
2023-01-19,Delhi,North,18.7,6.0,0.0,54.3,12.9,Clear,12.35,12.7,2023,1,January,19,Winter,False,False,False,False,False
2023-01-19,Jaipur,Northwest,18.5,6.5,0.0,51.4,10.9,Clear,12.5,12.0,2023,1,January,19,Winter,False,False,False,False,False
2023-01-19,Kolkata,East,19.7,13.8,0.0,60.3,14.1,Clear,16.75,5.899999999999999,2023,1,January,19,Winter,False,False,False,False,False
2023-01-19,Mumbai,West,24.1,19.1,0.0,36.8,6.6,Clear,21.6,5.0,2023,1,January,19,Winter,False,False,False,False,False
2023-01-20,Bengaluru,South,25.1,18.9,0.0,61.2,17.9,Clear,22.0,6.200000000000003,2023,1,January,20,Winter,False,False,False,False,False
2023-01-20,Chennai,South,28.4,19.7,0.0,69.9,4.8,Clear,24.049999999999997,8.7,2023,1,January,20,Winter,False,False,False,False,False
2023-01-20,Delhi,North,17.7,6.4,0.0,50.5,3.1,Clear,12.05,11.299999999999999,2023,1,January,20,Winter,False,False,False,False,False
2023-01-20,Jaipur,Northwest,18.9,6.3,0.0,56.9,9.8,Clear,12.6,12.599999999999998,2023,1,January,20,Winter,False,False,False,False,False
2023-01-20,Kolkata,East,21.1,12.0,0.0,51.7,3.7,Clear,16.55,9.100000000000001,2023,1,January,20,Winter,False,False,False,False,False
2023-01-20,Mumbai,West,27.9,18.4,0.0,64.7,9.9,Clear,23.15,9.5,2023,1,January,20,Winter,False,False,False,False,False
2023-01-21,Bengaluru,South,24.9,17.3,0.0,43.5,9.5,Clear,21.1,7.599999999999998,2023,1,January,21,Winter,False,False,False,False,False
2023-01-21,Chennai,South,29.1,21.5,3.3,52.6,11.9,Light Rain,25.3,7.600000000000001,2023,1,January,21,Winter,False,False,False,False,False
2023-01-21,Delhi,North,15.3,6.0,0.0,58.9,17.7,Clear,10.65,9.3,2023,1,January,21,Winter,False,False,False,False,False
2023-01-21,Jaipur,Northwest,20.6,9.9,0.0,41.1,2.6,Clear,15.25,10.700000000000001,2023,1,January,21,Winter,False,False,False,False,False
2023-01-21,Kolkata,East,26.6,17.9,6.8,64.5,7.3,Light Rain,22.25,8.700000000000003,2023,1,January,21,Winter,False,False,False,False,False
2023-01-21,Mumbai,West,25.8,19.0,0.0,55.5,9.7,Clear,22.4,6.800000000000001,2023,1,January,21,Winter,False,False,False,False,False
2023-01-22,Bengaluru,South,25.2,17.8,0.0,62.2,21.8,Clear,21.5,7.399999999999999,2023,1,January,22,Winter,False,False,False,False,False
2023-01-22,Chennai,South,27.5,22.5,0.0,42.8,13.9,Clear,25.0,5.0,2023,1,January,22,Winter,False,False,False,False,False
2023-01-22,Delhi,North,13.8,3.5,0.0,57.8,6.7,Clear,8.65,10.3,2023,1,January,22,Winter,False,False,True,False,True
2023-01-22,Jaipur,Northwest,18.5,6.7,0.0,56.3,5.6,Clear,12.6,11.8,2023,1,January,22,Winter,False,False,False,False,False
2023-01-22,Kolkata,East,22.7,17.2,0.0,44.0,24.1,Clear,19.95,5.5,2023,1,January,22,Winter,False,False,False,False,False
2023-01-22,Mumbai,West,26.0,16.8,0.0,55.5,13.9,Clear,21.4,9.2,2023,1,January,22,Winter,False,False,False,False,False
2023-01-23,Bengaluru,South,23.1,18.1,0.0,58.2,2.2,Clear,20.6,5.0,2023,1,January,23,Winter,False,False,False,False,False
2023-01-23,Chennai,South,29.8,23.4,0.0,48.0,23.6,Clear,26.6,6.400000000000002,2023,1,January,23,Winter,False,False,False,False,False
2023-01-23,Delhi,North,20.5,8.1,0.0,54.4,6.7,Clear,14.3,12.4,2023,1,January,23,Winter,False,False,False,False,False
2023-01-23,Jaipur,Northwest,18.2,7.8,0.0,40.2,15.0,Clear,13.0,10.399999999999999,2023,1,January,23,Winter,False,False,False,False,False
2023-01-23,Kolkata,East,22.6,16.3,0.0,53.9,4.7,Clear,19.450000000000003,6.300000000000001,2023,1,January,23,Winter,False,False,False,False,False
2023-01-23,Mumbai,West,26.8,20.1,0.5,65.4,19.7,Light Rain,23.450000000000003,6.699999999999999,2023,1,January,23,Winter,False,False,False,False,False
2023-01-24,Bengaluru,South,23.2,15.3,0.0,38.7,11.9,Clear,19.25,7.899999999999999,2023,1,January,24,Winter,False,False,False,False,False
2023-01-24,Chennai,South,26.5,20.2,0.0,48.7,11.3,Clear,23.35,6.300000000000001,2023,1,January,24,Winter,False,False,False,False,False
2023-01-24,Delhi,North,18.8,6.5,0.0,55.0,16.8,Clear,12.65,12.3,2023,1,January,24,Winter,False,False,False,False,False
2023-01-24,Jaipur,Northwest,17.8,8.2,0.0,52.5,12.2,Clear,13.0,9.600000000000001,2023,1,January,24,Winter,False,False,False,False,False
2023-01-24,Kolkata,East,22.9,13.1,0.0,49.6,3.3,Clear,18.0,9.799999999999999,2023,1,January,24,Winter,False,False,False,False,False
2023-01-24,Mumbai,West,24.5,17.4,0.0,38.9,12.1,Clear,20.95,7.100000000000001,2023,1,January,24,Winter,False,False,False,False,False
2023-01-25,Bengaluru,South,22.3,14.9,0.0,55.0,16.7,Clear,18.6,7.4,2023,1,January,25,Winter,False,False,False,False,False
2023-01-25,Chennai,South,32.6,25.4,0.0,54.3,16.4,Clear,29.0,7.200000000000003,2023,1,January,25,Winter,False,False,False,False,False
2023-01-25,Delhi,North,18.4,8.9,0.0,61.3,10.8,Clear,13.649999999999999,9.499999999999998,2023,1,January,25,Winter,False,False,False,False,False
2023-01-25,Jaipur,Northwest,22.1,10.1,0.0,49.1,10.6,Clear,16.1,12.000000000000002,2023,1,January,25,Winter,False,False,False,False,False
2023-01-25,Kolkata,East,20.1,13.9,0.0,45.9,20.1,Clear,17.0,6.200000000000001,2023,1,January,25,Winter,False,False,False,False,False
2023-01-25,Mumbai,West,27.4,21.0,0.0,50.2,12.1,Clear,24.2,6.399999999999999,2023,1,January,25,Winter,False,False,False,False,False
2023-01-26,Bengaluru,South,24.2,17.2,0.0,50.6,6.6,Clear,20.7,7.0,2023,1,January,26,Winter,False,False,False,False,False
2023-01-26,Chennai,South,27.3,22.3,0.0,53.5,7.4,Clear,24.8,5.0,2023,1,January,26,Winter,False,False,False,False,False
2023-01-26,Delhi,North,17.2,8.4,0.0,62.2,20.6,Clear,12.8,8.799999999999999,2023,1,January,26,Winter,False,False,False,False,False
2023-01-26,Jaipur,Northwest,20.9,8.5,0.0,59.9,10.2,Clear,14.7,12.399999999999999,2023,1,January,26,Winter,False,False,False,False,False
2023-01-26,Kolkata,East,23.3,14.3,4.8,53.4,20.6,Light Rain,18.8,9.0,2023,1,January,26,Winter,False,False,False,False,False
2023-01-26,Mumbai,West,25.3,18.1,0.0,48.8,3.7,Clear,21.700000000000003,7.199999999999999,2023,1,January,26,Winter,False,False,False,False,False
2023-01-27,Bengaluru,South,20.0,12.4,0.0,50.8,1.6,Clear,16.2,7.6,2023,1,January,27,Winter,False,False,False,False,False
2023-01-27,Chennai,South,29.0,20.8,0.0,63.2,0.4,Clear,24.9,8.2,2023,1,January,27,Winter,False,False,False,False,False
2023-01-27,Delhi,North,19.8,8.1,0.0,64.8,2.7,Clear,13.95,11.700000000000001,2023,1,January,27,Winter,False,False,False,False,False
2023-01-27,Jaipur,Northwest,22.6,13.6,0.0,31.8,12.7,Clear,18.1,9.000000000000002,2023,1,January,27,Winter,False,False,False,False,False
2023-01-27,Kolkata,East,21.1,15.0,0.0,49.9,8.3,Clear,18.05,6.100000000000001,2023,1,January,27,Winter,False,False,False,False,False
2023-01-27,Mumbai,West,23.3,16.7,0.0,59.8,7.2,Clear,20.0,6.600000000000001,2023,1,January,27,Winter,False,False,False,False,False
2023-01-28,Bengaluru,South,26.6,17.5,0.0,38.8,4.6,Clear,22.05,9.100000000000001,2023,1,January,28,Winter,False,False,False,False,False
2023-01-28,Chennai,South,26.0,19.3,0.0,39.1,11.6,Clear,22.65,6.699999999999999,2023,1,January,28,Winter,False,False,False,False,False
2023-01-28,Delhi,North,19.2,9.1,0.0,53.3,8.4,Clear,14.149999999999999,10.1,2023,1,January,28,Winter,False,False,False,False,False
2023-01-28,Jaipur,Northwest,23.3,12.1,0.0,48.8,4.2,Clear,17.7,11.200000000000001,2023,1,January,28,Winter,False,False,False,False,False
2023-01-28,Kolkata,East,27.2,19.3,0.0,47.7,26.3,Clear,23.25,7.899999999999999,2023,1,January,28,Winter,False,False,False,False,False
2023-01-28,Mumbai,West,25.9,16.3,0.0,52.8,20.0,Clear,21.1,9.599999999999998,2023,1,January,28,Winter,False,False,False,False,False
2023-01-29,Bengaluru,South,27.0,20.5,0.0,53.6,13.7,Clear,23.75,6.5,2023,1,January,29,Winter,False,False,False,False,False
2023-01-29,Chennai,South,28.8,21.8,0.0,50.7,10.2,Clear,25.3,7.0,2023,1,January,29,Winter,False,False,False,False,False
2023-01-29,Delhi,North,19.8,9.7,0.0,43.3,3.8,Clear,14.75,10.100000000000001,2023,1,January,29,Winter,False,False,False,False,False
2023-01-29,Jaipur,Northwest,24.7,14.7,0.0,63.8,12.1,Clear,19.7,10.0,2023,1,January,29,Winter,False,False,False,False,False
2023-01-29,Kolkata,East,23.9,17.4,0.0,48.0,18.6,Clear,20.65,6.5,2023,1,January,29,Winter,False,False,False,False,False
2023-01-29,Mumbai,West,26.2,21.2,6.8,54.9,13.5,Light Rain,23.7,5.0,2023,1,January,29,Winter,False,False,False,False,False
2023-01-30,Bengaluru,South,21.8,14.2,2.0,45.0,28.4,Light Rain,18.0,7.600000000000001,2023,1,January,30,Winter,False,False,False,False,False
2023-01-30,Chennai,South,23.9,18.9,0.0,53.0,4.8,Clear,21.4,5.0,2023,1,January,30,Winter,False,False,False,False,False
2023-01-30,Delhi,North,20.7,9.2,0.0,61.7,10.4,Clear,14.95,11.5,2023,1,January,30,Winter,False,False,False,False,False
2023-01-30,Jaipur,Northwest,20.7,10.9,0.0,55.7,10.7,Clear,15.8,9.799999999999999,2023,1,January,30,Winter,False,False,False,False,False
2023-01-30,Kolkata,East,20.8,14.4,0.0,52.9,13.8,Clear,17.6,6.4,2023,1,January,30,Winter,False,False,False,False,False
2023-01-30,Mumbai,West,26.3,19.9,0.0,56.5,4.4,Clear,23.1,6.400000000000002,2023,1,January,30,Winter,False,False,False,False,False
2023-01-31,Bengaluru,South,27.6,18.1,0.0,50.2,15.7,Clear,22.85,9.5,2023,1,January,31,Winter,False,False,False,False,False
2023-01-31,Chennai,South,27.9,21.5,0.0,52.0,6.6,Clear,24.7,6.399999999999999,2023,1,January,31,Winter,False,False,False,False,False
2023-01-31,Delhi,North,15.9,4.7,0.0,52.9,6.7,Clear,10.3,11.2,2023,1,January,31,Winter,False,False,True,False,True
2023-01-31,Jaipur,Northwest,17.8,6.1,0.0,65.8,16.3,Clear,11.95,11.700000000000001,2023,1,January,31,Winter,False,False,False,False,False
2023-01-31,Kolkata,East,25.0,16.3,0.0,45.5,10.5,Clear,20.65,8.7,2023,1,January,31,Winter,False,False,False,False,False
2023-01-31,Mumbai,West,30.4,24.1,0.0,47.0,8.3,Clear,27.25,6.299999999999997,2023,1,January,31,Winter,False,False,False,False,False
2023-02-01,Bengaluru,South,24.5,16.8,0.0,30.2,6.8,Clear,20.65,7.699999999999999,2023,2,February,32,Winter,False,False,False,False,False
2023-02-01,Chennai,South,24.2,16.5,0.0,48.8,6.4,Clear,20.35,7.699999999999999,2023,2,February,32,Winter,False,False,False,False,False
2023-02-01,Delhi,North,18.7,7.4,0.0,47.6,13.8,Clear,13.05,11.299999999999999,2023,2,February,32,Winter,False,False,False,False,False
2023-02-01,Jaipur,Northwest,21.9,11.0,0.0,45.9,12.3,Clear,16.45,10.899999999999999,2023,2,February,32,Winter,False,False,False,False,False
2023-02-01,Kolkata,East,23.0,16.3,0.0,59.3,1.8,Clear,19.65,6.699999999999999,2023,2,February,32,Winter,False,False,False,False,False
2023-02-01,Mumbai,West,30.8,22.0,0.0,49.4,3.1,Clear,26.4,8.8,2023,2,February,32,Winter,False,False,False,False,False
2023-02-02,Bengaluru,South,26.3,18.1,0.0,65.6,8.4,Clear,22.200000000000003,8.2,2023,2,February,33,Winter,False,False,False,False,False
2023-02-02,Chennai,South,27.6,22.2,0.0,43.9,15.2,Clear,24.9,5.400000000000002,2023,2,February,33,Winter,False,False,False,False,False
2023-02-02,Delhi,North,21.6,11.7,0.0,57.5,2.4,Clear,16.65,9.900000000000002,2023,2,February,33,Winter,False,False,False,False,False
2023-02-02,Jaipur,Northwest,20.5,9.4,0.0,45.1,27.6,Clear,14.95,11.1,2023,2,February,33,Winter,False,False,False,False,False
2023-02-02,Kolkata,East,22.3,15.2,0.0,58.0,14.1,Clear,18.75,7.100000000000001,2023,2,February,33,Winter,False,False,False,False,False
2023-02-02,Mumbai,West,27.4,20.1,0.0,32.6,18.0,Clear,23.75,7.299999999999997,2023,2,February,33,Winter,False,False,False,False,False
2023-02-03,Bengaluru,South,25.9,20.9,0.0,42.2,9.0,Clear,23.4,5.0,2023,2,February,34,Winter,False,False,False,False,False
2023-02-03,Chennai,South,27.8,21.3,0.0,56.2,14.1,Clear,24.55,6.5,2023,2,February,34,Winter,False,False,False,False,False
2023-02-03,Delhi,North,21.5,10.7,0.0,63.3,11.2,Clear,16.1,10.8,2023,2,February,34,Winter,False,False,False,False,False
2023-02-03,Jaipur,Northwest,20.4,10.5,0.0,52.6,18.9,Clear,15.45,9.899999999999999,2023,2,February,34,Winter,False,False,False,False,False
2023-02-03,Kolkata,East,23.0,16.1,0.0,42.7,8.1,Clear,19.55,6.899999999999999,2023,2,February,34,Winter,False,False,False,False,False
2023-02-03,Mumbai,West,26.9,19.0,0.0,58.0,16.4,Clear,22.95,7.899999999999999,2023,2,February,34,Winter,False,False,False,False,False
2023-02-04,Bengaluru,South,25.0,19.3,0.0,58.8,7.1,Clear,22.15,5.699999999999999,2023,2,February,35,Winter,False,False,False,False,False
2023-02-04,Chennai,South,26.5,21.5,0.0,51.5,7.6,Clear,24.0,5.0,2023,2,February,35,Winter,False,False,False,False,False
2023-02-04,Delhi,North,18.4,8.2,0.0,59.3,10.3,Clear,13.299999999999999,10.2,2023,2,February,35,Winter,False,False,False,False,False
2023-02-04,Jaipur,Northwest,21.9,10.5,0.0,42.0,3.4,Clear,16.2,11.399999999999999,2023,2,February,35,Winter,False,False,False,False,False
2023-02-04,Kolkata,East,26.0,17.4,0.0,42.1,9.5,Clear,21.7,8.600000000000001,2023,2,February,35,Winter,False,False,False,False,False
2023-02-04,Mumbai,West,26.5,21.3,0.0,42.4,0.9,Clear,23.9,5.199999999999999,2023,2,February,35,Winter,False,False,False,False,False
2023-02-05,Bengaluru,South,26.9,17.4,0.0,54.9,13.2,Clear,22.15,9.5,2023,2,February,36,Winter,False,False,False,False,False
2023-02-05,Chennai,South,32.2,26.0,0.0,42.6,7.1,Clear,29.1,6.200000000000003,2023,2,February,36,Winter,False,False,False,False,False
2023-02-05,Delhi,North,17.7,7.7,0.0,58.6,17.1,Clear,12.7,10.0,2023,2,February,36,Winter,False,False,False,False,False
2023-02-05,Jaipur,Northwest,21.5,10.9,0.0,51.2,10.4,Clear,16.2,10.6,2023,2,February,36,Winter,False,False,False,False,False
2023-02-05,Kolkata,East,27.3,18.5,0.0,33.8,4.2,Clear,22.9,8.8,2023,2,February,36,Winter,False,False,False,False,False
2023-02-05,Mumbai,West,28.7,23.3,0.0,39.5,3.0,Clear,26.0,5.399999999999999,2023,2,February,36,Winter,False,False,False,False,False
2023-02-06,Bengaluru,South,26.5,18.1,0.0,46.3,4.7,Clear,22.3,8.399999999999999,2023,2,February,37,Winter,False,False,False,False,False
2023-02-06,Chennai,South,29.0,21.8,2.3,60.4,12.6,Light Rain,25.4,7.199999999999999,2023,2,February,37,Winter,False,False,False,False,False
2023-02-06,Delhi,North,20.5,9.5,0.0,51.0,3.0,Clear,15.0,11.0,2023,2,February,37,Winter,False,False,False,False,False
2023-02-06,Jaipur,Northwest,22.1,9.0,0.0,38.5,7.6,Clear,15.55,13.100000000000001,2023,2,February,37,Winter,False,False,False,False,False
2023-02-06,Kolkata,East,25.2,18.9,0.0,55.3,6.6,Clear,22.049999999999997,6.300000000000001,2023,2,February,37,Winter,False,False,False,False,False
2023-02-06,Mumbai,West,25.4,17.7,0.0,54.5,11.6,Clear,21.549999999999997,7.699999999999999,2023,2,February,37,Winter,False,False,False,False,False
2023-02-07,Bengaluru,South,23.7,17.3,0.0,37.4,5.6,Clear,20.5,6.399999999999999,2023,2,February,38,Winter,False,False,False,False,False
2023-02-07,Chennai,South,26.8,20.6,0.0,56.4,6.2,Clear,23.700000000000003,6.199999999999999,2023,2,February,38,Winter,False,False,False,False,False
2023-02-07,Delhi,North,18.2,9.0,0.0,57.6,13.5,Clear,13.6,9.2,2023,2,February,38,Winter,False,False,False,False,False
2023-02-07,Jaipur,Northwest,26.0,15.4,0.0,44.9,22.3,Clear,20.7,10.6,2023,2,February,38,Winter,False,False,False,False,False
2023-02-07,Kolkata,East,23.3,15.4,0.0,48.3,22.5,Clear,19.35,7.9,2023,2,February,38,Winter,False,False,False,False,False
2023-02-07,Mumbai,West,28.4,22.4,0.0,51.7,12.8,Clear,25.4,6.0,2023,2,February,38,Winter,False,False,False,False,False
2023-02-08,Bengaluru,South,27.6,19.5,0.0,47.3,19.6,Clear,23.55,8.100000000000001,2023,2,February,39,Winter,False,False,False,False,False
2023-02-08,Chennai,South,28.9,22.6,3.9,62.2,21.8,Light Rain,25.75,6.299999999999997,2023,2,February,39,Winter,False,False,False,False,False
2023-02-08,Delhi,North,20.1,8.4,0.0,45.7,11.7,Clear,14.25,11.700000000000001,2023,2,February,39,Winter,False,False,False,False,False
2023-02-08,Jaipur,Northwest,22.9,12.6,0.0,44.4,9.0,Clear,17.75,10.299999999999999,2023,2,February,39,Winter,False,False,False,False,False
2023-02-08,Kolkata,East,27.5,19.4,0.0,28.5,2.1,Clear,23.45,8.100000000000001,2023,2,February,39,Winter,False,False,False,False,False
2023-02-08,Mumbai,West,29.7,22.9,0.0,55.5,15.1,Clear,26.299999999999997,6.800000000000001,2023,2,February,39,Winter,False,False,False,False,False
2023-02-09,Bengaluru,South,24.1,16.9,0.0,48.9,20.3,Clear,20.5,7.200000000000003,2023,2,February,40,Winter,False,False,False,False,False
2023-02-09,Chennai,South,25.4,19.5,0.0,47.1,7.0,Clear,22.45,5.899999999999999,2023,2,February,40,Winter,False,False,False,False,False
2023-02-09,Delhi,North,17.0,8.0,0.0,56.0,13.8,Clear,12.5,9.0,2023,2,February,40,Winter,False,False,False,False,False
2023-02-09,Jaipur,Northwest,20.7,10.3,0.0,55.7,3.9,Clear,15.5,10.399999999999999,2023,2,February,40,Winter,False,False,False,False,False
2023-02-09,Kolkata,East,25.1,18.7,0.0,40.5,15.1,Clear,21.9,6.400000000000002,2023,2,February,40,Winter,False,False,False,False,False
2023-02-09,Mumbai,West,25.5,20.5,0.0,53.3,10.4,Clear,23.0,5.0,2023,2,February,40,Winter,False,False,False,False,False
2023-02-10,Bengaluru,South,22.5,16.5,0.0,43.5,2.7,Clear,19.5,6.0,2023,2,February,41,Winter,False,False,False,False,False
2023-02-10,Chennai,South,28.1,18.8,0.0,53.9,25.5,Clear,23.450000000000003,9.3,2023,2,February,41,Winter,False,False,False,False,False
2023-02-10,Delhi,North,14.5,6.1,0.0,55.3,13.6,Clear,10.3,8.4,2023,2,February,41,Winter,False,False,False,False,False
2023-02-10,Jaipur,Northwest,22.7,12.4,0.0,64.8,5.8,Clear,17.55,10.299999999999999,2023,2,February,41,Winter,False,False,False,False,False
2023-02-10,Kolkata,East,24.3,17.7,0.0,60.6,7.7,Clear,21.0,6.600000000000001,2023,2,February,41,Winter,False,False,False,False,False
2023-02-10,Mumbai,West,26.8,18.2,0.0,40.7,3.8,Clear,22.5,8.600000000000001,2023,2,February,41,Winter,False,False,False,False,False
2023-02-11,Bengaluru,South,26.0,16.7,0.0,46.9,6.3,Clear,21.35,9.3,2023,2,February,42,Winter,False,False,False,False,False
2023-02-11,Chennai,South,29.5,21.5,0.0,52.2,5.7,Clear,25.5,8.0,2023,2,February,42,Winter,False,False,False,False,False
2023-02-11,Delhi,North,19.5,11.4,0.0,60.7,12.9,Clear,15.45,8.1,2023,2,February,42,Winter,False,False,False,False,False
2023-02-11,Jaipur,Northwest,22.4,9.7,0.0,53.1,14.8,Clear,16.049999999999997,12.7,2023,2,February,42,Winter,False,False,False,False,False
2023-02-11,Kolkata,East,21.8,13.1,0.0,53.5,1.4,Clear,17.45,8.700000000000001,2023,2,February,42,Winter,False,False,False,False,False
2023-02-11,Mumbai,West,27.7,19.8,0.0,42.6,7.3,Clear,23.75,7.899999999999999,2023,2,February,42,Winter,False,False,False,False,False
2023-02-12,Bengaluru,South,22.4,14.7,0.0,55.9,5.9,Clear,18.549999999999997,7.699999999999999,2023,2,February,43,Winter,False,False,False,False,False
2023-02-12,Chennai,South,31.5,25.2,0.0,52.7,13.0,Clear,28.35,6.300000000000001,2023,2,February,43,Winter,False,False,False,False,False
2023-02-12,Delhi,North,21.1,7.1,0.0,59.5,5.1,Clear,14.100000000000001,14.000000000000002,2023,2,February,43,Winter,False,False,False,False,False
2023-02-12,Jaipur,Northwest,22.8,12.4,0.0,58.8,6.0,Clear,17.6,10.4,2023,2,February,43,Winter,False,False,False,False,False
2023-02-12,Kolkata,East,23.5,17.5,0.0,48.3,6.9,Clear,20.5,6.0,2023,2,February,43,Winter,False,False,False,False,False
2023-02-12,Mumbai,West,27.5,19.5,0.0,54.4,11.9,Clear,23.5,8.0,2023,2,February,43,Winter,False,False,False,False,False
2023-02-13,Bengaluru,South,25.8,18.1,0.0,51.5,4.0,Clear,21.950000000000003,7.699999999999999,2023,2,February,44,Winter,False,False,False,False,False
2023-02-13,Chennai,South,26.5,18.7,0.0,38.2,3.3,Clear,22.6,7.800000000000001,2023,2,February,44,Winter,False,False,False,False,False
2023-02-13,Delhi,North,19.9,10.6,0.0,56.0,5.8,Clear,15.25,9.299999999999999,2023,2,February,44,Winter,False,False,False,False,False
2023-02-13,Jaipur,Northwest,23.1,10.8,0.0,63.1,10.8,Clear,16.950000000000003,12.3,2023,2,February,44,Winter,False,False,False,False,False
2023-02-13,Kolkata,East,29.0,20.1,0.0,53.5,26.8,Clear,24.55,8.899999999999999,2023,2,February,44,Winter,False,False,False,False,False
2023-02-13,Mumbai,West,27.0,21.1,0.0,45.3,10.1,Clear,24.05,5.899999999999999,2023,2,February,44,Winter,False,False,False,False,False
2023-02-14,Bengaluru,South,24.2,19.2,0.0,52.6,2.7,Clear,21.7,5.0,2023,2,February,45,Winter,False,False,False,False,False
2023-02-14,Chennai,South,26.6,20.2,0.0,49.9,5.2,Clear,23.4,6.400000000000002,2023,2,February,45,Winter,False,False,False,False,False
2023-02-14,Delhi,North,19.7,7.8,0.0,62.0,8.7,Clear,13.75,11.899999999999999,2023,2,February,45,Winter,False,False,False,False,False
2023-02-14,Jaipur,Northwest,24.0,11.7,0.0,50.6,13.6,Clear,17.85,12.3,2023,2,February,45,Winter,False,False,False,False,False
2023-02-14,Kolkata,East,23.7,15.6,0.0,49.8,12.7,Clear,19.65,8.1,2023,2,February,45,Winter,False,False,False,False,False
2023-02-14,Mumbai,West,29.1,20.7,0.0,66.1,16.0,Clear,24.9,8.400000000000002,2023,2,February,45,Winter,False,False,False,False,False
2023-02-15,Bengaluru,South,24.6,16.8,0.0,51.8,7.6,Clear,20.700000000000003,7.800000000000001,2023,2,February,46,Winter,False,False,False,False,False
2023-02-15,Chennai,South,28.2,21.4,0.0,34.4,14.1,Clear,24.799999999999997,6.800000000000001,2023,2,February,46,Winter,False,False,False,False,False
2023-02-15,Delhi,North,19.5,10.2,0.0,59.0,7.0,Clear,14.85,9.3,2023,2,February,46,Winter,False,False,False,False,False
2023-02-15,Jaipur,Northwest,21.3,10.8,0.0,52.1,22.8,Clear,16.05,10.5,2023,2,February,46,Winter,False,False,False,False,False
2023-02-15,Kolkata,East,26.8,20.8,0.0,47.3,6.8,Clear,23.8,6.0,2023,2,February,46,Winter,False,False,False,False,False
2023-02-15,Mumbai,West,31.9,24.2,0.0,30.1,9.6,Clear,28.049999999999997,7.699999999999999,2023,2,February,46,Winter,False,False,False,False,False
2023-02-16,Bengaluru,South,24.5,18.8,0.0,39.8,3.8,Clear,21.65,5.699999999999999,2023,2,February,47,Winter,False,False,False,False,False
2023-02-16,Chennai,South,30.6,25.6,0.0,44.2,18.7,Clear,28.1,5.0,2023,2,February,47,Winter,False,False,False,False,False
2023-02-16,Delhi,North,22.7,11.7,0.0,40.9,10.5,Clear,17.2,11.0,2023,2,February,47,Winter,False,False,False,False,False
2023-02-16,Jaipur,Northwest,21.3,10.4,0.0,48.8,2.9,Clear,15.850000000000001,10.9,2023,2,February,47,Winter,False,False,False,False,False
2023-02-16,Kolkata,East,26.0,18.3,0.0,49.8,3.2,Clear,22.15,7.699999999999999,2023,2,February,47,Winter,False,False,False,False,False
2023-02-16,Mumbai,West,28.2,23.2,0.0,48.1,5.3,Clear,25.7,5.0,2023,2,February,47,Winter,False,False,False,False,False
2023-02-17,Bengaluru,South,21.4,15.5,0.0,52.9,3.9,Clear,18.45,5.899999999999999,2023,2,February,48,Winter,False,False,False,False,False
2023-02-17,Chennai,South,28.8,23.8,0.0,54.3,5.1,Clear,26.3,5.0,2023,2,February,48,Winter,False,False,False,False,False
2023-02-17,Delhi,North,20.3,8.4,0.0,56.4,2.7,Clear,14.350000000000001,11.9,2023,2,February,48,Winter,False,False,False,False,False
2023-02-17,Jaipur,Northwest,24.6,12.1,0.0,48.6,4.8,Clear,18.35,12.500000000000002,2023,2,February,48,Winter,False,False,False,False,False
2023-02-17,Kolkata,East,21.0,15.3,1.7,65.7,11.6,Light Rain,18.15,5.699999999999999,2023,2,February,48,Winter,False,False,False,False,False
2023-02-17,Mumbai,West,24.6,19.6,0.0,62.0,26.9,Clear,22.1,5.0,2023,2,February,48,Winter,False,False,False,False,False
2023-02-18,Bengaluru,South,25.0,19.8,0.0,51.2,7.1,Clear,22.4,5.199999999999999,2023,2,February,49,Winter,False,False,False,False,False
2023-02-18,Chennai,South,29.0,23.8,0.0,46.0,7.7,Clear,26.4,5.199999999999999,2023,2,February,49,Winter,False,False,False,False,False
2023-02-18,Delhi,North,21.0,10.0,0.0,59.2,5.2,Clear,15.5,11.0,2023,2,February,49,Winter,False,False,False,False,False
2023-02-18,Jaipur,Northwest,22.9,11.8,0.0,59.4,13.6,Clear,17.35,11.099999999999998,2023,2,February,49,Winter,False,False,False,False,False
2023-02-18,Kolkata,East,24.2,15.8,0.0,52.0,12.0,Clear,20.0,8.399999999999999,2023,2,February,49,Winter,False,False,False,False,False
2023-02-18,Mumbai,West,29.4,21.1,0.0,53.9,13.1,Clear,25.25,8.299999999999997,2023,2,February,49,Winter,False,False,False,False,False
2023-02-19,Bengaluru,South,24.2,18.9,0.0,47.4,4.0,Clear,21.549999999999997,5.300000000000001,2023,2,February,50,Winter,False,False,False,False,False
2023-02-19,Chennai,South,27.4,19.8,0.0,20.9,6.3,Clear,23.6,7.599999999999998,2023,2,February,50,Winter,False,False,False,False,False
2023-02-19,Delhi,North,21.1,13.5,0.0,63.2,14.3,Clear,17.3,7.600000000000001,2023,2,February,50,Winter,False,False,False,False,False
2023-02-19,Jaipur,Northwest,25.2,14.3,0.0,39.6,10.7,Clear,19.75,10.899999999999999,2023,2,February,50,Winter,False,False,False,False,False
2023-02-19,Kolkata,East,28.5,18.6,0.0,41.5,2.1,Clear,23.55,9.899999999999999,2023,2,February,50,Winter,False,False,False,False,False
2023-02-19,Mumbai,West,27.8,18.1,0.0,60.2,3.7,Clear,22.950000000000003,9.7,2023,2,February,50,Winter,False,False,False,False,False
2023-02-20,Bengaluru,South,27.8,20.5,0.0,51.2,8.5,Clear,24.15,7.300000000000001,2023,2,February,51,Winter,False,False,False,False,False
2023-02-20,Chennai,South,30.2,21.8,0.0,48.0,7.2,Clear,26.0,8.399999999999999,2023,2,February,51,Winter,False,False,False,False,False
2023-02-20,Delhi,North,22.5,10.5,0.0,43.1,11.7,Clear,16.5,12.0,2023,2,February,51,Winter,False,False,False,False,False
2023-02-20,Jaipur,Northwest,24.0,13.5,0.0,56.4,20.9,Clear,18.75,10.5,2023,2,February,51,Winter,False,False,False,False,False
2023-02-20,Kolkata,East,24.2,15.4,0.0,56.2,5.4,Clear,19.8,8.799999999999999,2023,2,February,51,Winter,False,False,False,False,False
2023-02-20,Mumbai,West,29.3,23.3,6.4,56.7,9.3,Light Rain,26.3,6.0,2023,2,February,51,Winter,False,False,False,False,False
2023-02-21,Bengaluru,South,23.7,16.2,2.2,63.6,12.0,Light Rain,19.95,7.5,2023,2,February,52,Winter,False,False,False,False,False
2023-02-21,Chennai,South,29.5,22.4,0.0,52.5,12.9,Clear,25.95,7.100000000000001,2023,2,February,52,Winter,False,False,False,False,False
2023-02-21,Delhi,North,21.0,10.9,0.0,52.2,6.9,Clear,15.95,10.1,2023,2,February,52,Winter,False,False,False,False,False
2023-02-21,Jaipur,Northwest,22.7,13.6,0.0,45.8,4.9,Clear,18.15,9.1,2023,2,February,52,Winter,False,False,False,False,False
2023-02-21,Kolkata,East,26.0,19.0,0.0,45.3,3.6,Clear,22.5,7.0,2023,2,February,52,Winter,False,False,False,False,False
2023-02-21,Mumbai,West,30.7,23.8,0.0,37.4,19.5,Clear,27.25,6.899999999999999,2023,2,February,52,Winter,False,False,False,False,False
2023-02-22,Bengaluru,South,26.0,19.7,0.0,41.9,18.2,Clear,22.85,6.300000000000001,2023,2,February,53,Winter,False,False,False,False,False
2023-02-22,Chennai,South,28.3,22.6,0.0,61.9,3.3,Clear,25.450000000000003,5.699999999999999,2023,2,February,53,Winter,False,False,False,False,False
2023-02-22,Delhi,North,20.7,11.5,0.0,48.0,2.2,Clear,16.1,9.2,2023,2,February,53,Winter,False,False,False,False,False
2023-02-22,Jaipur,Northwest,21.0,11.0,0.0,37.5,2.2,Clear,16.0,10.0,2023,2,February,53,Winter,False,False,False,False,False
2023-02-22,Kolkata,East,25.5,17.7,0.0,64.2,12.6,Clear,21.6,7.800000000000001,2023,2,February,53,Winter,False,False,False,False,False
2023-02-22,Mumbai,West,30.1,22.8,0.0,43.3,2.8,Clear,26.450000000000003,7.300000000000001,2023,2,February,53,Winter,False,False,False,False,False
2023-02-23,Bengaluru,South,21.8,14.3,0.0,69.3,21.2,Clear,18.05,7.5,2023,2,February,54,Winter,False,False,False,False,False
2023-02-23,Chennai,South,31.9,23.1,0.0,45.2,4.4,Clear,27.5,8.799999999999997,2023,2,February,54,Winter,False,False,False,False,False
2023-02-23,Delhi,North,20.9,9.8,0.0,56.0,10.0,Clear,15.35,11.099999999999998,2023,2,February,54,Winter,False,False,False,False,False
2023-02-23,Jaipur,Northwest,24.6,11.6,0.0,51.1,7.6,Clear,18.1,13.000000000000002,2023,2,February,54,Winter,False,False,False,False,False
2023-02-23,Kolkata,East,26.5,18.8,0.0,57.4,5.4,Clear,22.65,7.699999999999999,2023,2,February,54,Winter,False,False,False,False,False
2023-02-23,Mumbai,West,29.1,21.8,0.0,49.8,10.8,Clear,25.450000000000003,7.300000000000001,2023,2,February,54,Winter,False,False,False,False,False
2023-02-24,Bengaluru,South,27.4,19.7,0.0,59.2,10.0,Clear,23.549999999999997,7.699999999999999,2023,2,February,55,Winter,False,False,False,False,False
2023-02-24,Chennai,South,30.3,23.2,3.0,56.8,22.1,Light Rain,26.75,7.100000000000001,2023,2,February,55,Winter,False,False,False,False,False
2023-02-24,Delhi,North,22.6,11.0,0.0,45.4,8.4,Clear,16.8,11.600000000000001,2023,2,February,55,Winter,False,False,False,False,False
2023-02-24,Jaipur,Northwest,23.0,11.8,5.7,50.1,24.7,Light Rain,17.4,11.2,2023,2,February,55,Winter,False,False,False,False,False
2023-02-24,Kolkata,East,24.2,17.2,0.0,57.7,16.3,Clear,20.7,7.0,2023,2,February,55,Winter,False,False,False,False,False
2023-02-24,Mumbai,West,30.6,19.5,0.0,56.3,20.4,Clear,25.05,11.100000000000001,2023,2,February,55,Winter,False,False,False,False,False
2023-02-25,Bengaluru,South,26.3,20.6,0.0,52.4,8.8,Clear,23.450000000000003,5.699999999999999,2023,2,February,56,Winter,False,False,False,False,False
2023-02-25,Chennai,South,28.5,21.2,0.0,50.9,8.0,Clear,24.85,7.300000000000001,2023,2,February,56,Winter,False,False,False,False,False
2023-02-25,Delhi,North,19.6,10.4,0.0,65.5,10.0,Clear,15.0,9.200000000000001,2023,2,February,56,Winter,False,False,False,False,False
2023-02-25,Jaipur,Northwest,21.6,10.5,0.0,46.6,16.9,Clear,16.05,11.100000000000001,2023,2,February,56,Winter,False,False,False,False,False
2023-02-25,Kolkata,East,20.1,14.2,0.0,61.1,8.6,Clear,17.15,5.900000000000002,2023,2,February,56,Winter,False,False,False,False,False
2023-02-25,Mumbai,West,26.6,18.2,0.7,63.1,6.9,Light Rain,22.4,8.400000000000002,2023,2,February,56,Winter,False,False,False,False,False
2023-02-26,Bengaluru,South,23.8,16.5,0.0,45.1,12.6,Clear,20.15,7.300000000000001,2023,2,February,57,Winter,False,False,False,False,False
2023-02-26,Chennai,South,28.8,22.2,0.0,48.4,5.2,Clear,25.5,6.600000000000001,2023,2,February,57,Winter,False,False,False,False,False
2023-02-26,Delhi,North,21.9,10.9,0.0,47.0,5.2,Clear,16.4,10.999999999999998,2023,2,February,57,Winter,False,False,False,False,False
2023-02-26,Jaipur,Northwest,22.9,12.5,0.0,43.2,32.5,Clear,17.7,10.399999999999999,2023,2,February,57,Winter,False,False,False,False,False
2023-02-26,Kolkata,East,24.6,17.0,0.0,50.8,3.5,Clear,20.8,7.600000000000001,2023,2,February,57,Winter,False,False,False,False,False
2023-02-26,Mumbai,West,26.6,21.6,1.8,53.7,11.7,Light Rain,24.1,5.0,2023,2,February,57,Winter,False,False,False,False,False
2023-02-27,Bengaluru,South,25.5,16.2,0.0,53.4,10.7,Clear,20.85,9.3,2023,2,February,58,Winter,False,False,False,False,False
2023-02-27,Chennai,South,25.9,18.0,0.0,52.9,12.7,Clear,21.95,7.899999999999999,2023,2,February,58,Winter,False,False,False,False,False
2023-02-27,Delhi,North,24.2,15.0,0.0,31.7,4.6,Clear,19.6,9.2,2023,2,February,58,Winter,False,False,False,False,False
2023-02-27,Jaipur,Northwest,23.3,12.6,0.0,51.5,10.5,Clear,17.95,10.700000000000001,2023,2,February,58,Winter,False,False,False,False,False
2023-02-27,Kolkata,East,23.3,16.5,0.0,40.5,12.5,Clear,19.9,6.800000000000001,2023,2,February,58,Winter,False,False,False,False,False
2023-02-27,Mumbai,West,25.2,20.2,0.0,45.9,12.9,Clear,22.7,5.0,2023,2,February,58,Winter,False,False,False,False,False
2023-02-28,Bengaluru,South,23.1,16.6,0.0,50.0,8.4,Clear,19.85,6.5,2023,2,February,59,Winter,False,False,False,False,False
2023-02-28,Chennai,South,28.2,20.8,0.0,39.5,8.5,Clear,24.5,7.399999999999999,2023,2,February,59,Winter,False,False,False,False,False
2023-02-28,Delhi,North,25.5,13.7,0.0,58.1,9.5,Clear,19.6,11.8,2023,2,February,59,Winter,False,False,False,False,False
2023-02-28,Jaipur,Northwest,23.6,11.1,0.0,40.2,3.5,Clear,17.35,12.500000000000002,2023,2,February,59,Winter,False,False,False,False,False
2023-02-28,Kolkata,East,21.1,15.5,0.0,49.7,9.2,Clear,18.3,5.600000000000001,2023,2,February,59,Winter,False,False,False,False,False
2023-02-28,Mumbai,West,24.9,16.6,0.0,46.6,5.6,Clear,20.75,8.299999999999997,2023,2,February,59,Winter,False,False,False,False,False
2023-03-01,Bengaluru,South,22.8,14.9,0.0,43.5,14.9,Clear,18.85,7.9,2023,3,March,60,Summer,False,False,False,False,False
2023-03-01,Chennai,South,30.2,25.1,0.0,49.1,15.3,Clear,27.65,5.099999999999998,2023,3,March,60,Summer,False,False,False,False,False
2023-03-01,Delhi,North,24.6,12.1,0.0,54.2,14.3,Clear,18.35,12.500000000000002,2023,3,March,60,Summer,False,False,False,False,False
2023-03-01,Jaipur,Northwest,24.5,11.9,0.0,63.9,5.4,Clear,18.2,12.6,2023,3,March,60,Summer,False,False,False,False,False
2023-03-01,Kolkata,East,24.9,18.6,1.5,65.5,14.7,Light Rain,21.75,6.299999999999997,2023,3,March,60,Summer,False,False,False,False,False
2023-03-01,Mumbai,West,24.8,15.6,0.0,50.4,12.1,Clear,20.2,9.200000000000001,2023,3,March,60,Summer,False,False,False,False,False
2023-03-02,Bengaluru,South,23.8,17.5,0.0,50.5,9.3,Clear,20.65,6.300000000000001,2023,3,March,61,Summer,False,False,False,False,False
2023-03-02,Chennai,South,28.6,21.2,0.0,45.1,13.2,Clear,24.9,7.400000000000002,2023,3,March,61,Summer,False,False,False,False,False
2023-03-02,Delhi,North,21.4,10.1,0.0,61.5,11.2,Clear,15.75,11.299999999999999,2023,3,March,61,Summer,False,False,False,False,False
2023-03-02,Jaipur,Northwest,20.3,9.0,0.0,49.7,12.0,Clear,14.65,11.3,2023,3,March,61,Summer,False,False,False,False,False
2023-03-02,Kolkata,East,28.3,20.7,0.0,49.5,5.8,Clear,24.5,7.600000000000001,2023,3,March,61,Summer,False,False,False,False,False
2023-03-02,Mumbai,West,29.1,22.5,0.0,51.4,5.5,Clear,25.8,6.600000000000001,2023,3,March,61,Summer,False,False,False,False,False
2023-03-03,Bengaluru,South,24.1,16.2,0.0,57.9,2.4,Clear,20.15,7.900000000000002,2023,3,March,62,Summer,False,False,False,False,False
2023-03-03,Chennai,South,27.8,21.0,0.0,45.2,2.4,Clear,24.4,6.800000000000001,2023,3,March,62,Summer,False,False,False,False,False
2023-03-03,Delhi,North,25.1,13.4,0.0,62.0,9.0,Clear,19.25,11.700000000000001,2023,3,March,62,Summer,False,False,False,False,False
2023-03-03,Jaipur,Northwest,26.5,16.1,0.0,53.4,14.5,Clear,21.3,10.399999999999999,2023,3,March,62,Summer,False,False,False,False,False
2023-03-03,Kolkata,East,22.8,15.1,0.0,58.7,7.2,Clear,18.95,7.700000000000001,2023,3,March,62,Summer,False,False,False,False,False
2023-03-03,Mumbai,West,26.7,21.0,0.0,51.0,13.3,Clear,23.85,5.699999999999999,2023,3,March,62,Summer,False,False,False,False,False
2023-03-04,Bengaluru,South,26.1,20.1,0.0,55.1,16.5,Clear,23.1,6.0,2023,3,March,63,Summer,False,False,False,False,False
2023-03-04,Chennai,South,28.5,21.6,0.0,44.4,11.9,Clear,25.05,6.899999999999999,2023,3,March,63,Summer,False,False,False,False,False
2023-03-04,Delhi,North,19.4,9.2,0.0,60.8,33.6,Clear,14.299999999999999,10.2,2023,3,March,63,Summer,False,False,False,False,False
2023-03-04,Jaipur,Northwest,23.3,12.7,0.0,48.2,6.1,Clear,18.0,10.600000000000001,2023,3,March,63,Summer,False,False,False,False,False
2023-03-04,Kolkata,East,22.5,16.7,0.0,57.2,11.5,Clear,19.6,5.800000000000001,2023,3,March,63,Summer,False,False,False,False,False
2023-03-04,Mumbai,West,28.0,19.1,0.0,60.6,9.0,Clear,23.55,8.899999999999999,2023,3,March,63,Summer,False,False,False,False,False
2023-03-05,Bengaluru,South,25.7,18.7,0.0,54.9,7.0,Clear,22.2,7.0,2023,3,March,64,Summer,False,False,False,False,False
2023-03-05,Chennai,South,26.2,21.2,0.0,60.0,5.3,Clear,23.7,5.0,2023,3,March,64,Summer,False,False,False,False,False
2023-03-05,Delhi,North,24.6,11.6,0.0,45.3,4.4,Clear,18.1,13.000000000000002,2023,3,March,64,Summer,False,False,False,False,False
2023-03-05,Jaipur,Northwest,23.1,12.6,0.0,51.4,2.2,Clear,17.85,10.500000000000002,2023,3,March,64,Summer,False,False,False,False,False
2023-03-05,Kolkata,East,27.3,20.5,5.4,55.4,18.6,Light Rain,23.9,6.800000000000001,2023,3,March,64,Summer,False,False,False,False,False
2023-03-05,Mumbai,West,31.0,24.4,0.0,53.9,4.7,Clear,27.7,6.600000000000001,2023,3,March,64,Summer,False,False,False,False,False
2023-03-06,Bengaluru,South,27.1,19.4,0.0,66.9,3.0,Clear,23.25,7.700000000000003,2023,3,March,65,Summer,False,False,False,False,False
2023-03-06,Chennai,South,27.4,20.2,0.0,42.7,4.9,Clear,23.799999999999997,7.199999999999999,2023,3,March,65,Summer,False,False,False,False,False
2023-03-06,Delhi,North,23.4,11.4,0.0,49.8,4.1,Clear,17.4,11.999999999999998,2023,3,March,65,Summer,False,False,False,False,False
2023-03-06,Jaipur,Northwest,24.5,15.0,4.3,61.5,19.2,Light Rain,19.75,9.5,2023,3,March,65,Summer,False,False,False,False,False
2023-03-06,Kolkata,East,23.7,16.1,0.0,38.3,14.9,Clear,19.9,7.599999999999998,2023,3,March,65,Summer,False,False,False,False,False
2023-03-06,Mumbai,West,28.9,22.6,0.0,51.9,3.4,Clear,25.75,6.299999999999997,2023,3,March,65,Summer,False,False,False,False,False
2023-03-07,Bengaluru,South,24.6,17.7,0.0,64.1,4.3,Clear,21.15,6.900000000000002,2023,3,March,66,Summer,False,False,False,False,False
2023-03-07,Chennai,South,25.4,18.1,4.3,50.4,6.4,Light Rain,21.75,7.299999999999997,2023,3,March,66,Summer,False,False,False,False,False
2023-03-07,Delhi,North,25.5,13.9,0.0,64.5,8.4,Clear,19.7,11.6,2023,3,March,66,Summer,False,False,False,False,False
2023-03-07,Jaipur,Northwest,24.9,14.1,0.0,52.6,7.1,Clear,19.5,10.799999999999999,2023,3,March,66,Summer,False,False,False,False,False
2023-03-07,Kolkata,East,29.4,23.1,0.0,53.7,8.6,Clear,26.25,6.299999999999997,2023,3,March,66,Summer,False,False,False,False,False
2023-03-07,Mumbai,West,29.0,19.0,0.0,38.5,12.6,Clear,24.0,10.0,2023,3,March,66,Summer,False,False,False,False,False
2023-03-08,Bengaluru,South,22.7,14.1,0.0,59.8,5.9,Clear,18.4,8.6,2023,3,March,67,Summer,False,False,False,False,False
2023-03-08,Chennai,South,29.5,22.9,0.0,60.6,6.5,Clear,26.2,6.600000000000001,2023,3,March,67,Summer,False,False,False,False,False
2023-03-08,Delhi,North,22.9,10.9,3.0,81.9,10.1,Light Rain,16.9,11.999999999999998,2023,3,March,67,Summer,False,False,False,False,False
2023-03-08,Jaipur,Northwest,26.9,12.5,0.0,48.7,1.8,Clear,19.7,14.399999999999999,2023,3,March,67,Summer,False,False,False,False,False
2023-03-08,Kolkata,East,23.5,17.5,0.0,49.5,7.6,Clear,20.5,6.0,2023,3,March,67,Summer,False,False,False,False,False
2023-03-08,Mumbai,West,28.3,20.4,0.0,41.6,21.0,Clear,24.35,7.900000000000002,2023,3,March,67,Summer,False,False,False,False,False
2023-03-09,Bengaluru,South,25.6,17.3,4.0,64.4,15.0,Light Rain,21.450000000000003,8.3,2023,3,March,68,Summer,False,False,False,False,False
2023-03-09,Chennai,South,26.4,21.4,0.0,44.8,14.5,Clear,23.9,5.0,2023,3,March,68,Summer,False,False,False,False,False
2023-03-09,Delhi,North,21.8,11.7,0.0,51.3,12.4,Clear,16.75,10.100000000000001,2023,3,March,68,Summer,False,False,False,False,False
2023-03-09,Jaipur,Northwest,26.7,15.9,0.0,50.3,10.8,Clear,21.3,10.799999999999999,2023,3,March,68,Summer,False,False,False,False,False
2023-03-09,Kolkata,East,24.8,17.4,0.0,58.1,14.1,Clear,21.1,7.400000000000002,2023,3,March,68,Summer,False,False,False,False,False
2023-03-09,Mumbai,West,26.3,20.4,0.0,40.9,10.5,Clear,23.35,5.900000000000002,2023,3,March,68,Summer,False,False,False,False,False
2023-03-10,Bengaluru,South,23.1,14.4,0.0,42.0,4.1,Clear,18.75,8.700000000000001,2023,3,March,69,Summer,False,False,False,False,False
2023-03-10,Chennai,South,26.6,19.1,0.0,47.1,9.0,Clear,22.85,7.5,2023,3,March,69,Summer,False,False,False,False,False
2023-03-10,Delhi,North,24.1,15.1,0.0,50.9,9.5,Clear,19.6,9.000000000000002,2023,3,March,69,Summer,False,False,False,False,False
2023-03-10,Jaipur,Northwest,25.2,13.7,0.0,62.4,1.9,Clear,19.45,11.5,2023,3,March,69,Summer,False,False,False,False,False
2023-03-10,Kolkata,East,28.3,22.2,0.0,59.2,0.5,Clear,25.25,6.100000000000001,2023,3,March,69,Summer,False,False,False,False,False
2023-03-10,Mumbai,West,30.4,23.2,0.0,49.9,15.2,Clear,26.799999999999997,7.199999999999999,2023,3,March,69,Summer,False,False,False,False,False
2023-03-11,Bengaluru,South,25.5,19.5,0.0,55.5,4.5,Clear,22.5,6.0,2023,3,March,70,Summer,False,False,False,False,False
2023-03-11,Chennai,South,29.8,22.1,0.0,55.3,2.6,Clear,25.950000000000003,7.699999999999999,2023,3,March,70,Summer,False,False,False,False,False
2023-03-11,Delhi,North,24.1,13.6,0.0,56.0,8.3,Clear,18.85,10.500000000000002,2023,3,March,70,Summer,False,False,False,False,False
2023-03-11,Jaipur,Northwest,24.3,13.4,0.0,47.5,2.5,Clear,18.85,10.9,2023,3,March,70,Summer,False,False,False,False,False
2023-03-11,Kolkata,East,28.0,21.8,0.0,58.0,6.1,Clear,24.9,6.199999999999999,2023,3,March,70,Summer,False,False,False,False,False
2023-03-11,Mumbai,West,27.8,22.8,0.0,53.7,3.4,Clear,25.3,5.0,2023,3,March,70,Summer,False,False,False,False,False
2023-03-12,Bengaluru,South,25.8,17.1,0.0,43.7,9.5,Clear,21.450000000000003,8.7,2023,3,March,71,Summer,False,False,False,False,False
2023-03-12,Chennai,South,29.6,21.9,0.0,66.2,7.8,Clear,25.75,7.700000000000003,2023,3,March,71,Summer,False,False,False,False,False
2023-03-12,Delhi,North,24.9,13.2,0.0,57.4,11.7,Clear,19.049999999999997,11.7,2023,3,March,71,Summer,False,False,False,False,False
2023-03-12,Jaipur,Northwest,22.6,12.7,0.0,50.4,10.6,Clear,17.65,9.900000000000002,2023,3,March,71,Summer,False,False,False,False,False
2023-03-12,Kolkata,East,24.3,19.0,0.0,59.7,5.6,Clear,21.65,5.300000000000001,2023,3,March,71,Summer,False,False,False,False,False
2023-03-12,Mumbai,West,27.2,21.4,0.0,49.5,12.6,Clear,24.299999999999997,5.800000000000001,2023,3,March,71,Summer,False,False,False,False,False
2023-03-13,Bengaluru,South,21.5,14.6,0.0,47.4,8.6,Clear,18.05,6.9,2023,3,March,72,Summer,False,False,False,False,False
2023-03-13,Chennai,South,29.7,21.4,0.0,45.0,10.9,Clear,25.549999999999997,8.3,2023,3,March,72,Summer,False,False,False,False,False
2023-03-13,Delhi,North,23.2,14.6,0.0,49.9,14.2,Clear,18.9,8.6,2023,3,March,72,Summer,False,False,False,False,False
2023-03-13,Jaipur,Northwest,23.3,13.0,0.0,60.2,9.5,Clear,18.15,10.3,2023,3,March,72,Summer,False,False,False,False,False
2023-03-13,Kolkata,East,28.6,20.9,0.0,55.1,4.2,Clear,24.75,7.700000000000003,2023,3,March,72,Summer,False,False,False,False,False
2023-03-13,Mumbai,West,28.2,18.3,2.2,71.3,17.7,Light Rain,23.25,9.899999999999999,2023,3,March,72,Summer,False,False,False,False,False
2023-03-14,Bengaluru,South,22.7,14.9,0.0,40.1,9.7,Clear,18.8,7.799999999999999,2023,3,March,73,Summer,False,False,False,False,False
2023-03-14,Chennai,South,26.6,18.5,0.0,43.4,5.3,Clear,22.55,8.100000000000001,2023,3,March,73,Summer,False,False,False,False,False
2023-03-14,Delhi,North,24.2,14.1,0.0,48.6,5.2,Clear,19.15,10.1,2023,3,March,73,Summer,False,False,False,False,False
2023-03-14,Jaipur,Northwest,25.7,14.4,0.5,58.7,10.1,Light Rain,20.05,11.299999999999999,2023,3,March,73,Summer,False,False,False,False,False
2023-03-14,Kolkata,East,28.7,20.0,0.0,56.5,21.0,Clear,24.35,8.7,2023,3,March,73,Summer,False,False,False,False,False
2023-03-14,Mumbai,West,29.9,23.6,0.0,52.9,10.0,Clear,26.75,6.299999999999997,2023,3,March,73,Summer,False,False,False,False,False
2023-03-15,Bengaluru,South,26.6,17.7,0.0,45.2,5.4,Clear,22.15,8.900000000000002,2023,3,March,74,Summer,False,False,False,False,False
2023-03-15,Chennai,South,31.3,24.4,0.0,49.4,13.8,Clear,27.85,6.900000000000002,2023,3,March,74,Summer,False,False,False,False,False
2023-03-15,Delhi,North,26.0,14.4,0.0,56.0,6.3,Clear,20.2,11.6,2023,3,March,74,Summer,False,False,False,False,False
2023-03-15,Jaipur,Northwest,28.6,16.7,0.0,61.1,8.7,Clear,22.65,11.900000000000002,2023,3,March,74,Summer,False,False,False,False,False
2023-03-15,Kolkata,East,26.1,17.6,0.0,49.6,9.3,Clear,21.85,8.5,2023,3,March,74,Summer,False,False,False,False,False
2023-03-15,Mumbai,West,28.4,22.5,0.0,40.7,10.5,Clear,25.45,5.899999999999999,2023,3,March,74,Summer,False,False,False,False,False
2023-03-16,Bengaluru,South,25.5,15.5,0.0,52.4,12.8,Clear,20.5,10.0,2023,3,March,75,Summer,False,False,False,False,False
2023-03-16,Chennai,South,30.1,22.2,0.0,29.4,9.8,Clear,26.15,7.900000000000002,2023,3,March,75,Summer,False,False,False,False,False
2023-03-16,Delhi,North,23.5,13.3,0.0,50.9,14.9,Clear,18.4,10.2,2023,3,March,75,Summer,False,False,False,False,False
2023-03-16,Jaipur,Northwest,28.6,15.4,0.0,46.6,11.4,Clear,22.0,13.200000000000001,2023,3,March,75,Summer,False,False,False,False,False
2023-03-16,Kolkata,East,28.6,20.3,0.0,51.2,2.4,Clear,24.450000000000003,8.3,2023,3,March,75,Summer,False,False,False,False,False
2023-03-16,Mumbai,West,28.8,21.1,0.0,51.2,9.2,Clear,24.950000000000003,7.699999999999999,2023,3,March,75,Summer,False,False,False,False,False
2023-03-17,Bengaluru,South,24.1,19.1,0.0,48.7,8.6,Clear,21.6,5.0,2023,3,March,76,Summer,False,False,False,False,False
2023-03-17,Chennai,South,29.0,20.9,2.9,48.4,12.5,Light Rain,24.95,8.100000000000001,2023,3,March,76,Summer,False,False,False,False,False
2023-03-17,Delhi,North,25.2,15.4,0.0,42.9,15.8,Clear,20.3,9.799999999999999,2023,3,March,76,Summer,False,False,False,False,False
2023-03-17,Jaipur,Northwest,25.4,14.3,0.0,47.0,6.2,Clear,19.85,11.099999999999998,2023,3,March,76,Summer,False,False,False,False,False
2023-03-17,Kolkata,East,23.8,18.6,0.0,34.0,5.5,Clear,21.200000000000003,5.199999999999999,2023,3,March,76,Summer,False,False,False,False,False
2023-03-17,Mumbai,West,27.3,19.9,0.0,57.3,15.3,Clear,23.6,7.400000000000002,2023,3,March,76,Summer,False,False,False,False,False
2023-03-18,Bengaluru,South,25.4,18.3,0.0,41.7,13.8,Clear,21.85,7.099999999999998,2023,3,March,77,Summer,False,False,False,False,False
2023-03-18,Chennai,South,28.4,22.5,0.0,43.1,17.4,Clear,25.45,5.899999999999999,2023,3,March,77,Summer,False,False,False,False,False
2023-03-18,Delhi,North,25.1,13.9,0.0,55.8,5.8,Clear,19.5,11.200000000000001,2023,3,March,77,Summer,False,False,False,False,False
2023-03-18,Jaipur,Northwest,26.9,14.2,0.0,37.4,8.4,Clear,20.549999999999997,12.7,2023,3,March,77,Summer,False,False,False,False,False
2023-03-18,Kolkata,East,25.7,18.9,3.4,75.7,19.1,Light Rain,22.299999999999997,6.800000000000001,2023,3,March,77,Summer,False,False,False,False,False
2023-03-18,Mumbai,West,23.5,17.1,8.3,52.6,12.1,Light Rain,20.3,6.399999999999999,2023,3,March,77,Summer,False,False,False,False,False
2023-03-19,Bengaluru,South,25.7,17.0,0.0,51.9,6.7,Clear,21.35,8.7,2023,3,March,78,Summer,False,False,False,False,False
2023-03-19,Chennai,South,28.1,22.5,0.0,42.7,20.5,Clear,25.3,5.600000000000001,2023,3,March,78,Summer,False,False,False,False,False
2023-03-19,Delhi,North,23.8,11.9,0.0,49.4,10.8,Clear,17.85,11.9,2023,3,March,78,Summer,False,False,False,False,False
2023-03-19,Jaipur,Northwest,26.0,13.6,0.0,49.3,9.6,Clear,19.8,12.4,2023,3,March,78,Summer,False,False,False,False,False
2023-03-19,Kolkata,East,28.6,20.6,0.0,55.5,9.4,Clear,24.6,8.0,2023,3,March,78,Summer,False,False,False,False,False
2023-03-19,Mumbai,West,29.5,23.2,0.0,56.4,10.4,Clear,26.35,6.300000000000001,2023,3,March,78,Summer,False,False,False,False,False
2023-03-20,Bengaluru,South,21.6,14.7,0.0,53.5,13.9,Clear,18.15,6.900000000000002,2023,3,March,79,Summer,False,False,False,False,False
2023-03-20,Chennai,South,26.4,20.4,0.0,43.6,4.2,Clear,23.4,6.0,2023,3,March,79,Summer,False,False,False,False,False
2023-03-20,Delhi,North,29.6,17.8,0.0,44.9,12.1,Clear,23.700000000000003,11.8,2023,3,March,79,Summer,False,False,False,False,False
2023-03-20,Jaipur,Northwest,28.0,17.2,0.0,48.0,9.1,Clear,22.6,10.8,2023,3,March,79,Summer,False,False,False,False,False
2023-03-20,Kolkata,East,24.8,17.0,0.0,55.4,18.0,Clear,20.9,7.800000000000001,2023,3,March,79,Summer,False,False,False,False,False
2023-03-20,Mumbai,West,32.9,25.1,0.0,49.4,1.8,Clear,29.0,7.799999999999997,2023,3,March,79,Summer,False,False,False,False,False
2023-03-21,Bengaluru,South,27.5,21.0,0.0,59.4,6.8,Clear,24.25,6.5,2023,3,March,80,Summer,False,False,False,False,False
2023-03-21,Chennai,South,31.7,25.2,0.0,47.8,4.4,Clear,28.45,6.5,2023,3,March,80,Summer,False,False,False,False,False
2023-03-21,Delhi,North,23.3,10.4,0.0,50.5,11.7,Clear,16.85,12.9,2023,3,March,80,Summer,False,False,False,False,False
2023-03-21,Jaipur,Northwest,28.3,17.7,0.0,48.7,8.8,Clear,23.0,10.600000000000001,2023,3,March,80,Summer,False,False,False,False,False
2023-03-21,Kolkata,East,30.3,20.5,0.0,45.2,6.4,Clear,25.4,9.8,2023,3,March,80,Summer,False,False,False,False,False
2023-03-21,Mumbai,West,27.8,20.5,0.0,33.3,7.8,Clear,24.15,7.300000000000001,2023,3,March,80,Summer,False,False,False,False,False
2023-03-22,Bengaluru,South,24.5,19.5,0.0,63.6,3.3,Clear,22.0,5.0,2023,3,March,81,Summer,False,False,False,False,False
2023-03-22,Chennai,South,29.3,22.2,4.0,67.5,8.3,Light Rain,25.75,7.100000000000001,2023,3,March,81,Summer,False,False,False,False,False
2023-03-22,Delhi,North,27.6,16.9,0.0,39.6,2.8,Clear,22.25,10.700000000000003,2023,3,March,81,Summer,False,False,False,False,False
2023-03-22,Jaipur,Northwest,28.6,16.8,0.0,47.3,15.8,Clear,22.700000000000003,11.8,2023,3,March,81,Summer,False,False,False,False,False
2023-03-22,Kolkata,East,27.1,19.3,0.0,38.8,1.6,Clear,23.200000000000003,7.800000000000001,2023,3,March,81,Summer,False,False,False,False,False
2023-03-22,Mumbai,West,29.3,24.3,0.0,48.5,2.1,Clear,26.8,5.0,2023,3,March,81,Summer,False,False,False,False,False
2023-03-23,Bengaluru,South,25.6,18.9,0.0,54.5,11.6,Clear,22.25,6.700000000000003,2023,3,March,82,Summer,False,False,False,False,False
2023-03-23,Chennai,South,33.3,24.9,0.0,57.6,5.4,Clear,29.099999999999998,8.399999999999999,2023,3,March,82,Summer,False,False,False,False,False
2023-03-23,Delhi,North,27.3,16.7,0.0,46.1,7.3,Clear,22.0,10.600000000000001,2023,3,March,82,Summer,False,False,False,False,False
2023-03-23,Jaipur,Northwest,30.0,18.7,0.0,51.4,0.7,Clear,24.35,11.3,2023,3,March,82,Summer,False,False,False,False,False
2023-03-23,Kolkata,East,26.3,21.3,0.0,56.3,8.6,Clear,23.8,5.0,2023,3,March,82,Summer,False,False,False,False,False
2023-03-23,Mumbai,West,31.9,26.5,0.0,48.7,4.7,Clear,29.2,5.399999999999999,2023,3,March,82,Summer,False,False,False,False,False
2023-03-24,Bengaluru,South,27.3,21.3,0.0,56.3,9.5,Clear,24.3,6.0,2023,3,March,83,Summer,False,False,False,False,False
2023-03-24,Chennai,South,29.3,22.1,0.0,62.5,2.1,Clear,25.700000000000003,7.199999999999999,2023,3,March,83,Summer,False,False,False,False,False
2023-03-24,Delhi,North,26.1,16.3,0.0,56.5,5.6,Clear,21.200000000000003,9.8,2023,3,March,83,Summer,False,False,False,False,False
2023-03-24,Jaipur,Northwest,26.0,15.5,0.0,62.4,9.4,Clear,20.75,10.5,2023,3,March,83,Summer,False,False,False,False,False
2023-03-24,Kolkata,East,27.6,20.0,0.0,54.5,16.6,Clear,23.8,7.600000000000001,2023,3,March,83,Summer,False,False,False,False,False
2023-03-24,Mumbai,West,28.8,20.2,0.0,51.8,9.4,Clear,24.5,8.600000000000001,2023,3,March,83,Summer,False,False,False,False,False
2023-03-25,Bengaluru,South,27.0,19.9,0.0,47.3,3.5,Clear,23.45,7.100000000000001,2023,3,March,84,Summer,False,False,False,False,False
2023-03-25,Chennai,South,31.6,24.1,0.0,37.5,6.8,Clear,27.85,7.5,2023,3,March,84,Summer,False,False,False,False,False
2023-03-25,Delhi,North,24.0,13.4,0.0,48.1,3.3,Clear,18.7,10.6,2023,3,March,84,Summer,False,False,False,False,False
2023-03-25,Jaipur,Northwest,27.8,14.1,0.0,51.5,4.2,Clear,20.95,13.700000000000001,2023,3,March,84,Summer,False,False,False,False,False
2023-03-25,Kolkata,East,25.2,17.1,0.0,44.2,10.1,Clear,21.15,8.099999999999998,2023,3,March,84,Summer,False,False,False,False,False
2023-03-25,Mumbai,West,28.2,20.7,0.0,48.8,16.3,Clear,24.45,7.5,2023,3,March,84,Summer,False,False,False,False,False
2023-03-26,Bengaluru,South,24.2,18.9,0.0,48.6,11.0,Clear,21.549999999999997,5.300000000000001,2023,3,March,85,Summer,False,False,False,False,False
2023-03-26,Chennai,South,32.4,26.7,0.0,60.1,10.4,Clear,29.549999999999997,5.699999999999999,2023,3,March,85,Summer,False,False,False,False,False
2023-03-26,Delhi,North,28.7,17.5,8.5,51.6,19.1,Light Rain,23.1,11.2,2023,3,March,85,Summer,False,False,False,False,False
2023-03-26,Jaipur,Northwest,28.3,17.0,0.0,57.3,22.6,Clear,22.65,11.3,2023,3,March,85,Summer,False,False,False,False,False
2023-03-26,Kolkata,East,26.6,18.4,0.0,34.1,15.2,Clear,22.5,8.200000000000003,2023,3,March,85,Summer,False,False,False,False,False
2023-03-26,Mumbai,West,29.5,20.9,0.0,44.4,5.8,Clear,25.2,8.600000000000001,2023,3,March,85,Summer,False,False,False,False,False
2023-03-27,Bengaluru,South,25.1,19.3,0.0,45.3,4.1,Clear,22.200000000000003,5.800000000000001,2023,3,March,86,Summer,False,False,False,False,False
2023-03-27,Chennai,South,31.1,23.2,0.0,45.1,9.7,Clear,27.15,7.900000000000002,2023,3,March,86,Summer,False,False,False,False,False
2023-03-27,Delhi,North,26.2,15.4,0.0,61.6,6.1,Clear,20.8,10.799999999999999,2023,3,March,86,Summer,False,False,False,False,False
2023-03-27,Jaipur,Northwest,26.8,14.2,0.0,47.0,11.9,Clear,20.5,12.600000000000001,2023,3,March,86,Summer,False,False,False,False,False
2023-03-27,Kolkata,East,24.7,18.5,2.3,61.9,6.5,Light Rain,21.6,6.199999999999999,2023,3,March,86,Summer,False,False,False,False,False
2023-03-27,Mumbai,West,29.7,20.6,0.0,34.5,2.7,Clear,25.15,9.099999999999998,2023,3,March,86,Summer,False,False,False,False,False
2023-03-28,Bengaluru,South,25.3,18.6,0.0,58.9,6.3,Clear,21.950000000000003,6.699999999999999,2023,3,March,87,Summer,False,False,False,False,False
2023-03-28,Chennai,South,30.4,25.0,0.0,56.5,14.0,Clear,27.7,5.399999999999999,2023,3,March,87,Summer,False,False,False,False,False
2023-03-28,Delhi,North,27.0,16.3,0.0,55.2,8.6,Clear,21.65,10.7,2023,3,March,87,Summer,False,False,False,False,False
2023-03-28,Jaipur,Northwest,25.1,14.4,0.0,37.9,12.2,Clear,19.75,10.700000000000001,2023,3,March,87,Summer,False,False,False,False,False
2023-03-28,Kolkata,East,27.7,22.7,0.0,32.6,11.4,Clear,25.2,5.0,2023,3,March,87,Summer,False,False,False,False,False
2023-03-28,Mumbai,West,26.5,20.5,0.0,50.6,8.0,Clear,23.5,6.0,2023,3,March,87,Summer,False,False,False,False,False
2023-03-29,Bengaluru,South,24.4,19.4,0.0,53.2,10.2,Clear,21.9,5.0,2023,3,March,88,Summer,False,False,False,False,False
2023-03-29,Chennai,South,31.3,24.6,0.0,59.2,11.5,Clear,27.950000000000003,6.699999999999999,2023,3,March,88,Summer,False,False,False,False,False
2023-03-29,Delhi,North,25.8,12.8,0.0,50.6,15.0,Clear,19.3,13.0,2023,3,March,88,Summer,False,False,False,False,False
2023-03-29,Jaipur,Northwest,25.8,13.8,0.0,54.4,13.2,Clear,19.8,12.0,2023,3,March,88,Summer,False,False,False,False,False
2023-03-29,Kolkata,East,31.6,24.6,0.0,36.2,9.3,Clear,28.1,7.0,2023,3,March,88,Summer,False,False,False,False,False
2023-03-29,Mumbai,West,24.0,19.0,0.0,64.8,13.0,Clear,21.5,5.0,2023,3,March,88,Summer,False,False,False,False,False
2023-03-30,Bengaluru,South,26.6,18.0,0.0,51.3,13.2,Clear,22.3,8.600000000000001,2023,3,March,89,Summer,False,False,False,False,False
2023-03-30,Chennai,South,29.5,22.9,0.0,55.8,15.2,Clear,26.2,6.600000000000001,2023,3,March,89,Summer,False,False,False,False,False
2023-03-30,Delhi,North,28.7,16.8,0.0,49.3,2.0,Clear,22.75,11.899999999999999,2023,3,March,89,Summer,False,False,False,False,False
2023-03-30,Jaipur,Northwest,25.6,16.2,0.0,45.5,12.6,Clear,20.9,9.400000000000002,2023,3,March,89,Summer,False,False,False,False,False
2023-03-30,Kolkata,East,26.8,20.5,0.0,50.1,14.0,Clear,23.65,6.300000000000001,2023,3,March,89,Summer,False,False,False,False,False
2023-03-30,Mumbai,West,30.0,23.0,0.0,43.4,21.7,Clear,26.5,7.0,2023,3,March,89,Summer,False,False,False,False,False
2023-03-31,Bengaluru,South,26.0,19.7,0.0,49.9,7.1,Clear,22.85,6.300000000000001,2023,3,March,90,Summer,False,False,False,False,False
2023-03-31,Chennai,South,31.5,22.5,0.0,52.6,4.7,Clear,27.0,9.0,2023,3,March,90,Summer,False,False,False,False,False
2023-03-31,Delhi,North,30.1,17.7,0.0,60.3,13.6,Clear,23.9,12.400000000000002,2023,3,March,90,Summer,False,False,False,False,False
2023-03-31,Jaipur,Northwest,29.1,16.7,0.0,36.5,9.6,Clear,22.9,12.400000000000002,2023,3,March,90,Summer,False,False,False,False,False
2023-03-31,Kolkata,East,31.3,23.6,0.0,43.6,5.2,Clear,27.450000000000003,7.699999999999999,2023,3,March,90,Summer,False,False,False,False,False
2023-03-31,Mumbai,West,28.9,23.0,0.0,56.1,14.6,Clear,25.95,5.899999999999999,2023,3,March,90,Summer,False,False,False,False,False
2023-04-01,Bengaluru,South,25.0,19.0,0.0,33.5,5.2,Clear,22.0,6.0,2023,4,April,91,Summer,False,False,False,False,False
2023-04-01,Chennai,South,31.3,26.3,0.0,45.5,0.3,Clear,28.8,5.0,2023,4,April,91,Summer,False,False,False,False,False
2023-04-01,Delhi,North,27.0,15.0,0.0,58.8,5.0,Clear,21.0,12.0,2023,4,April,91,Summer,False,False,False,False,False
2023-04-01,Jaipur,Northwest,27.7,15.8,0.0,54.8,5.1,Clear,21.75,11.899999999999999,2023,4,April,91,Summer,False,False,False,False,False
2023-04-01,Kolkata,East,26.5,20.9,3.1,62.2,10.4,Light Rain,23.7,5.600000000000001,2023,4,April,91,Summer,False,False,False,False,False
2023-04-01,Mumbai,West,33.2,24.9,0.4,58.0,11.1,Light Rain,29.05,8.300000000000004,2023,4,April,91,Summer,False,False,False,False,False
2023-04-02,Bengaluru,South,24.4,18.5,1.0,56.5,12.7,Light Rain,21.45,5.899999999999999,2023,4,April,92,Summer,False,False,False,False,False
2023-04-02,Chennai,South,27.7,22.0,0.0,47.4,2.6,Clear,24.85,5.699999999999999,2023,4,April,92,Summer,False,False,False,False,False
2023-04-02,Delhi,North,27.8,18.6,0.0,56.5,8.2,Clear,23.200000000000003,9.2,2023,4,April,92,Summer,False,False,False,False,False
2023-04-02,Jaipur,Northwest,28.1,15.9,0.0,54.6,6.3,Clear,22.0,12.200000000000001,2023,4,April,92,Summer,False,False,False,False,False
2023-04-02,Kolkata,East,27.0,20.8,0.0,55.2,8.8,Clear,23.9,6.199999999999999,2023,4,April,92,Summer,False,False,False,False,False
2023-04-02,Mumbai,West,33.4,25.9,0.0,52.2,22.4,Clear,29.65,7.5,2023,4,April,92,Summer,False,False,False,False,False
2023-04-03,Bengaluru,South,24.5,17.6,0.0,46.2,3.5,Clear,21.05,6.899999999999999,2023,4,April,93,Summer,False,False,False,False,False
2023-04-03,Chennai,South,27.9,18.8,0.0,46.7,1.7,Clear,23.35,9.099999999999998,2023,4,April,93,Summer,False,False,False,False,False
2023-04-03,Delhi,North,29.9,17.1,0.0,44.6,11.9,Clear,23.5,12.799999999999997,2023,4,April,93,Summer,False,False,False,False,False
2023-04-03,Jaipur,Northwest,32.5,19.9,0.0,32.5,9.9,Clear,26.2,12.600000000000001,2023,4,April,93,Summer,False,False,False,False,False
2023-04-03,Kolkata,East,28.0,21.7,0.0,48.0,7.4,Clear,24.85,6.300000000000001,2023,4,April,93,Summer,False,False,False,False,False
2023-04-03,Mumbai,West,29.9,22.8,0.0,43.2,14.7,Clear,26.35,7.099999999999998,2023,4,April,93,Summer,False,False,False,False,False
2023-04-04,Bengaluru,South,24.1,18.1,0.0,41.3,11.6,Clear,21.1,6.0,2023,4,April,94,Summer,False,False,False,False,False
2023-04-04,Chennai,South,26.8,21.8,0.0,41.0,11.3,Clear,24.3,5.0,2023,4,April,94,Summer,False,False,False,False,False
2023-04-04,Delhi,North,29.0,16.8,0.0,56.5,7.1,Clear,22.9,12.2,2023,4,April,94,Summer,False,False,False,False,False
2023-04-04,Jaipur,Northwest,31.0,20.3,0.0,54.6,12.1,Clear,25.65,10.7,2023,4,April,94,Summer,False,False,False,False,False
2023-04-04,Kolkata,East,28.6,21.9,0.0,43.4,6.6,Clear,25.25,6.700000000000003,2023,4,April,94,Summer,False,False,False,False,False
2023-04-04,Mumbai,West,28.4,20.1,7.9,56.7,12.0,Light Rain,24.25,8.299999999999997,2023,4,April,94,Summer,False,False,False,False,False
2023-04-05,Bengaluru,South,28.4,21.8,0.0,50.6,17.2,Clear,25.1,6.599999999999998,2023,4,April,95,Summer,False,False,False,False,False
2023-04-05,Chennai,South,32.0,25.5,0.0,52.9,0.6,Clear,28.75,6.5,2023,4,April,95,Summer,False,False,False,False,False
2023-04-05,Delhi,North,29.6,18.3,0.0,39.2,3.4,Clear,23.950000000000003,11.3,2023,4,April,95,Summer,False,False,False,False,False
2023-04-05,Jaipur,Northwest,28.2,16.8,0.0,60.7,8.6,Clear,22.5,11.399999999999999,2023,4,April,95,Summer,False,False,False,False,False
2023-04-05,Kolkata,East,31.2,23.3,0.0,50.2,0.9,Clear,27.25,7.899999999999999,2023,4,April,95,Summer,False,False,False,False,False
2023-04-05,Mumbai,West,30.4,23.7,0.0,62.6,6.6,Clear,27.049999999999997,6.699999999999999,2023,4,April,95,Summer,False,False,False,False,False
2023-04-06,Bengaluru,South,24.5,19.5,0.0,42.8,16.9,Clear,22.0,5.0,2023,4,April,96,Summer,False,False,False,False,False
2023-04-06,Chennai,South,27.6,20.7,0.0,43.5,1.5,Clear,24.15,6.900000000000002,2023,4,April,96,Summer,False,False,False,False,False
2023-04-06,Delhi,North,27.3,17.2,0.0,44.6,7.8,Clear,22.25,10.100000000000001,2023,4,April,96,Summer,False,False,False,False,False
2023-04-06,Jaipur,Northwest,26.6,15.6,0.9,63.3,15.1,Light Rain,21.1,11.000000000000002,2023,4,April,96,Summer,False,False,False,False,False
2023-04-06,Kolkata,East,26.9,21.1,0.0,62.2,7.7,Clear,24.0,5.799999999999997,2023,4,April,96,Summer,False,False,False,False,False
2023-04-06,Mumbai,West,27.8,22.8,0.0,58.6,4.8,Clear,25.3,5.0,2023,4,April,96,Summer,False,False,False,False,False
2023-04-07,Bengaluru,South,24.0,15.4,0.0,56.4,7.4,Clear,19.7,8.6,2023,4,April,97,Summer,False,False,False,False,False
2023-04-07,Chennai,South,30.6,25.6,0.0,51.9,25.5,Clear,28.1,5.0,2023,4,April,97,Summer,False,False,False,False,False
2023-04-07,Delhi,North,31.6,20.9,0.0,57.0,3.6,Clear,26.25,10.700000000000003,2023,4,April,97,Summer,False,False,False,False,False
2023-04-07,Jaipur,Northwest,31.6,20.7,0.0,55.2,20.7,Clear,26.15,10.900000000000002,2023,4,April,97,Summer,False,False,False,False,False
2023-04-07,Kolkata,East,29.2,23.9,0.0,46.3,9.2,Clear,26.549999999999997,5.300000000000001,2023,4,April,97,Summer,False,False,False,False,False
2023-04-07,Mumbai,West,34.4,25.0,3.8,54.6,17.4,Light Rain,29.7,9.399999999999999,2023,4,April,97,Summer,False,False,False,False,False
2023-04-08,Bengaluru,South,25.7,17.0,0.0,57.4,21.6,Clear,21.35,8.7,2023,4,April,98,Summer,False,False,False,False,False
2023-04-08,Chennai,South,30.5,25.5,0.0,62.8,4.9,Clear,28.0,5.0,2023,4,April,98,Summer,False,False,False,False,False
2023-04-08,Delhi,North,26.3,17.7,0.0,45.3,16.1,Clear,22.0,8.600000000000001,2023,4,April,98,Summer,False,False,False,False,False
2023-04-08,Jaipur,Northwest,26.4,14.7,0.0,56.1,14.9,Clear,20.549999999999997,11.7,2023,4,April,98,Summer,False,False,False,False,False
2023-04-08,Kolkata,East,27.7,21.3,0.0,34.1,9.5,Clear,24.5,6.399999999999999,2023,4,April,98,Summer,False,False,False,False,False
2023-04-08,Mumbai,West,27.8,21.7,0.0,60.0,1.3,Clear,24.75,6.100000000000001,2023,4,April,98,Summer,False,False,False,False,False
2023-04-09,Bengaluru,South,24.9,17.9,0.0,49.9,5.8,Clear,21.4,7.0,2023,4,April,99,Summer,False,False,False,False,False
2023-04-09,Chennai,South,33.0,25.3,0.0,47.2,4.1,Clear,29.15,7.699999999999999,2023,4,April,99,Summer,False,False,False,False,False
2023-04-09,Delhi,North,32.0,21.8,0.0,41.1,3.8,Clear,26.9,10.2,2023,4,April,99,Summer,False,False,False,False,False
2023-04-09,Jaipur,Northwest,29.6,19.6,0.0,48.6,10.7,Clear,24.6,10.0,2023,4,April,99,Summer,False,False,False,False,False
2023-04-09,Kolkata,East,31.8,23.1,0.0,45.1,2.8,Clear,27.450000000000003,8.7,2023,4,April,99,Summer,False,False,False,False,False
2023-04-09,Mumbai,West,31.0,22.7,0.0,35.0,19.3,Clear,26.85,8.3,2023,4,April,99,Summer,False,False,False,False,False
2023-04-10,Bengaluru,South,27.3,20.6,0.0,55.6,6.4,Clear,23.950000000000003,6.699999999999999,2023,4,April,100,Summer,False,False,False,False,False
2023-04-10,Chennai,South,31.0,22.9,0.0,48.6,5.1,Clear,26.95,8.100000000000001,2023,4,April,100,Summer,False,False,False,False,False
2023-04-10,Delhi,North,31.5,20.4,0.0,49.6,10.8,Clear,25.95,11.100000000000001,2023,4,April,100,Summer,False,False,False,False,False
2023-04-10,Jaipur,Northwest,29.7,21.9,0.0,50.3,9.1,Clear,25.799999999999997,7.800000000000001,2023,4,April,100,Summer,False,False,False,False,False
2023-04-10,Kolkata,East,28.1,23.0,0.0,29.9,7.0,Clear,25.55,5.100000000000001,2023,4,April,100,Summer,False,False,False,False,False
2023-04-10,Mumbai,West,28.7,23.7,0.0,39.8,15.0,Clear,26.2,5.0,2023,4,April,100,Summer,False,False,False,False,False
2023-04-11,Bengaluru,South,29.8,19.9,0.0,39.2,6.4,Clear,24.85,9.900000000000002,2023,4,April,101,Summer,False,False,False,False,False
2023-04-11,Chennai,South,30.0,22.5,0.0,67.8,9.0,Clear,26.25,7.5,2023,4,April,101,Summer,False,False,False,False,False
2023-04-11,Delhi,North,27.3,15.4,0.0,48.9,2.9,Clear,21.35,11.9,2023,4,April,101,Summer,False,False,False,False,False
2023-04-11,Jaipur,Northwest,32.3,18.6,0.0,38.8,4.9,Clear,25.45,13.699999999999996,2023,4,April,101,Summer,False,False,False,False,False
2023-04-11,Kolkata,East,26.5,19.1,0.0,41.4,11.1,Clear,22.8,7.399999999999999,2023,4,April,101,Summer,False,False,False,False,False
2023-04-11,Mumbai,West,32.1,23.4,0.0,45.7,22.4,Clear,27.75,8.700000000000003,2023,4,April,101,Summer,False,False,False,False,False
2023-04-12,Bengaluru,South,22.1,14.9,0.0,62.4,9.8,Clear,18.5,7.200000000000001,2023,4,April,102,Summer,False,False,False,False,False
2023-04-12,Chennai,South,28.2,22.2,0.0,54.5,3.2,Clear,25.2,6.0,2023,4,April,102,Summer,False,False,False,False,False
2023-04-12,Delhi,North,31.3,20.9,0.0,38.4,6.7,Clear,26.1,10.400000000000002,2023,4,April,102,Summer,False,False,False,False,False
2023-04-12,Jaipur,Northwest,32.2,20.9,0.0,61.0,5.5,Clear,26.55,11.300000000000004,2023,4,April,102,Summer,False,False,False,False,False
2023-04-12,Kolkata,East,30.0,21.6,0.0,52.5,5.3,Clear,25.8,8.399999999999999,2023,4,April,102,Summer,False,False,False,False,False
2023-04-12,Mumbai,West,30.1,20.5,0.0,49.1,6.5,Clear,25.3,9.600000000000001,2023,4,April,102,Summer,False,False,False,False,False
2023-04-13,Bengaluru,South,27.5,18.3,0.0,50.3,11.5,Clear,22.9,9.2,2023,4,April,103,Summer,False,False,False,False,False
2023-04-13,Chennai,South,31.0,24.1,0.0,57.2,18.6,Clear,27.55,6.899999999999999,2023,4,April,103,Summer,False,False,False,False,False
2023-04-13,Delhi,North,29.5,18.4,0.0,53.7,1.9,Clear,23.95,11.100000000000001,2023,4,April,103,Summer,False,False,False,False,False
2023-04-13,Jaipur,Northwest,32.6,20.9,0.0,53.9,4.4,Clear,26.75,11.700000000000003,2023,4,April,103,Summer,False,False,False,False,False
2023-04-13,Kolkata,East,31.3,24.3,0.0,42.3,13.5,Clear,27.8,7.0,2023,4,April,103,Summer,False,False,False,False,False
2023-04-13,Mumbai,West,31.2,23.7,0.0,47.4,55.0,Clear,27.45,7.5,2023,4,April,103,Summer,False,False,False,True,True
2023-04-14,Bengaluru,South,29.4,23.5,0.0,62.4,2.8,Clear,26.45,5.899999999999999,2023,4,April,104,Summer,False,False,False,False,False
2023-04-14,Chennai,South,32.9,24.9,0.0,52.8,6.8,Clear,28.9,8.0,2023,4,April,104,Summer,False,False,False,False,False
2023-04-14,Delhi,North,29.8,18.2,0.0,46.4,6.2,Clear,24.0,11.600000000000001,2023,4,April,104,Summer,False,False,False,False,False
2023-04-14,Jaipur,Northwest,31.3,21.6,0.0,35.4,3.6,Clear,26.450000000000003,9.7,2023,4,April,104,Summer,False,False,False,False,False
2023-04-14,Kolkata,East,32.4,23.6,0.0,55.0,8.3,Clear,28.0,8.799999999999997,2023,4,April,104,Summer,False,False,False,False,False
2023-04-14,Mumbai,West,27.7,22.5,3.1,53.8,10.2,Light Rain,25.1,5.199999999999999,2023,4,April,104,Summer,False,False,False,False,False
2023-04-15,Bengaluru,South,29.1,22.5,0.0,48.0,3.3,Clear,25.8,6.600000000000001,2023,4,April,105,Summer,False,False,False,False,False
2023-04-15,Chennai,South,32.9,25.2,0.0,42.7,9.1,Clear,29.049999999999997,7.699999999999999,2023,4,April,105,Summer,False,False,False,False,False
2023-04-15,Delhi,North,28.5,14.9,0.0,51.9,33.5,Clear,21.7,13.6,2023,4,April,105,Summer,False,False,False,False,False
2023-04-15,Jaipur,Northwest,30.8,17.5,4.2,57.6,23.9,Light Rain,24.15,13.3,2023,4,April,105,Summer,False,False,False,False,False
2023-04-15,Kolkata,East,28.0,23.0,0.0,58.0,11.0,Clear,25.5,5.0,2023,4,April,105,Summer,False,False,False,False,False
2023-04-15,Mumbai,West,28.6,23.6,0.0,53.6,27.9,Clear,26.1,5.0,2023,4,April,105,Summer,False,False,False,False,False
2023-04-16,Bengaluru,South,28.5,20.7,0.0,46.7,13.0,Clear,24.6,7.800000000000001,2023,4,April,106,Summer,False,False,False,False,False
2023-04-16,Chennai,South,32.5,25.4,1.0,64.5,17.5,Light Rain,28.95,7.100000000000001,2023,4,April,106,Summer,False,False,False,False,False
2023-04-16,Delhi,North,29.9,19.1,0.0,46.5,11.1,Clear,24.5,10.799999999999997,2023,4,April,106,Summer,False,False,False,False,False
2023-04-16,Jaipur,Northwest,31.5,21.8,0.0,43.7,19.4,Clear,26.65,9.7,2023,4,April,106,Summer,False,False,False,False,False
2023-04-16,Kolkata,East,33.1,26.6,0.0,33.7,8.5,Clear,29.85,6.5,2023,4,April,106,Summer,False,False,False,False,False
2023-04-16,Mumbai,West,32.9,25.8,0.0,60.6,14.3,Clear,29.35,7.099999999999998,2023,4,April,106,Summer,False,False,False,False,False
2023-04-17,Bengaluru,South,24.6,18.1,0.0,51.7,3.1,Clear,21.35,6.5,2023,4,April,107,Summer,False,False,False,False,False
2023-04-17,Chennai,South,31.6,23.9,0.0,50.4,1.9,Clear,27.75,7.700000000000003,2023,4,April,107,Summer,False,False,False,False,False
2023-04-17,Delhi,North,32.4,21.6,0.0,42.3,8.0,Clear,27.0,10.799999999999997,2023,4,April,107,Summer,False,False,False,False,False
2023-04-17,Jaipur,Northwest,32.4,18.7,0.0,53.2,18.5,Clear,25.549999999999997,13.7,2023,4,April,107,Summer,False,False,False,False,False
2023-04-17,Kolkata,East,30.1,24.3,1.1,55.0,13.8,Light Rain,27.200000000000003,5.800000000000001,2023,4,April,107,Summer,False,False,False,False,False
2023-04-17,Mumbai,West,31.5,22.7,0.0,35.7,12.3,Clear,27.1,8.8,2023,4,April,107,Summer,False,False,False,False,False
2023-04-18,Bengaluru,South,24.7,19.3,0.0,60.7,2.6,Clear,22.0,5.399999999999999,2023,4,April,108,Summer,False,False,False,False,False
2023-04-18,Chennai,South,32.0,25.5,0.0,38.2,8.2,Clear,28.75,6.5,2023,4,April,108,Summer,False,False,False,False,False
2023-04-18,Delhi,North,33.5,23.5,0.0,35.7,8.1,Clear,28.5,10.0,2023,4,April,108,Summer,False,False,False,False,False
2023-04-18,Jaipur,Northwest,29.4,18.3,0.0,43.7,19.8,Clear,23.85,11.099999999999998,2023,4,April,108,Summer,False,False,False,False,False
2023-04-18,Kolkata,East,29.8,21.1,0.0,42.6,25.1,Clear,25.450000000000003,8.7,2023,4,April,108,Summer,False,False,False,False,False
2023-04-18,Mumbai,West,34.2,26.8,0.0,50.9,5.9,Clear,30.5,7.400000000000002,2023,4,April,108,Summer,False,False,False,False,False
2023-04-19,Bengaluru,South,26.8,20.7,0.0,33.8,5.9,Clear,23.75,6.100000000000001,2023,4,April,109,Summer,False,False,False,False,False
2023-04-19,Chennai,South,35.3,30.3,0.0,44.2,5.8,Clear,32.8,4.9999999999999964,2023,4,April,109,Summer,False,False,False,False,False
2023-04-19,Delhi,North,31.4,20.5,0.0,47.7,10.6,Clear,25.95,10.899999999999999,2023,4,April,109,Summer,False,False,False,False,False
2023-04-19,Jaipur,Northwest,33.7,20.4,0.0,47.6,3.6,Clear,27.05,13.300000000000004,2023,4,April,109,Summer,False,False,False,False,False
2023-04-19,Kolkata,East,30.5,22.2,0.0,44.5,17.1,Clear,26.35,8.3,2023,4,April,109,Summer,False,False,False,False,False
2023-04-19,Mumbai,West,33.5,23.8,0.0,37.4,10.2,Clear,28.65,9.7,2023,4,April,109,Summer,False,False,False,False,False
2023-04-20,Bengaluru,South,23.3,15.3,0.0,55.6,7.6,Clear,19.3,8.0,2023,4,April,110,Summer,False,False,False,False,False
2023-04-20,Chennai,South,31.1,24.2,0.0,67.9,4.8,Clear,27.65,6.900000000000002,2023,4,April,110,Summer,False,False,False,False,False
2023-04-20,Delhi,North,30.9,21.5,0.0,56.8,12.3,Clear,26.2,9.399999999999999,2023,4,April,110,Summer,False,False,False,False,False
2023-04-20,Jaipur,Northwest,34.1,24.1,0.0,54.7,14.9,Clear,29.1,10.0,2023,4,April,110,Summer,False,False,False,False,False
2023-04-20,Kolkata,East,28.1,21.9,0.6,64.6,14.0,Light Rain,25.0,6.200000000000003,2023,4,April,110,Summer,False,False,False,False,False
2023-04-20,Mumbai,West,31.2,24.5,0.0,53.4,9.8,Clear,27.85,6.699999999999999,2023,4,April,110,Summer,False,False,False,False,False
2023-04-21,Bengaluru,South,26.5,21.5,0.0,42.3,10.5,Clear,24.0,5.0,2023,4,April,111,Summer,False,False,False,False,False
2023-04-21,Chennai,South,30.7,23.7,0.0,57.7,8.3,Clear,27.2,7.0,2023,4,April,111,Summer,False,False,False,False,False
2023-04-21,Delhi,North,33.3,21.6,0.0,49.0,6.6,Clear,27.45,11.699999999999996,2023,4,April,111,Summer,False,False,False,False,False
2023-04-21,Jaipur,Northwest,32.8,19.6,0.0,41.7,11.8,Clear,26.2,13.199999999999996,2023,4,April,111,Summer,False,False,False,False,False
2023-04-21,Kolkata,East,30.5,23.6,0.0,51.2,7.9,Clear,27.05,6.899999999999999,2023,4,April,111,Summer,False,False,False,False,False
2023-04-21,Mumbai,West,34.7,25.7,0.0,28.8,23.4,Clear,30.200000000000003,9.000000000000004,2023,4,April,111,Summer,False,False,False,False,False
2023-04-22,Bengaluru,South,28.9,21.7,2.6,68.5,10.4,Light Rain,25.299999999999997,7.199999999999999,2023,4,April,112,Summer,False,False,False,False,False
2023-04-22,Chennai,South,30.8,22.6,0.0,51.0,14.5,Clear,26.700000000000003,8.2,2023,4,April,112,Summer,False,False,False,False,False
2023-04-22,Delhi,North,31.8,18.7,0.0,48.3,2.4,Clear,25.25,13.100000000000001,2023,4,April,112,Summer,False,False,False,False,False
2023-04-22,Jaipur,Northwest,33.1,21.7,0.0,44.4,10.0,Clear,27.4,11.400000000000002,2023,4,April,112,Summer,False,False,False,False,False
2023-04-22,Kolkata,East,30.6,25.0,0.0,38.0,44.5,Clear,27.8,5.600000000000001,2023,4,April,112,Summer,False,False,False,True,True
2023-04-22,Mumbai,West,31.3,24.5,0.0,30.9,3.1,Clear,27.9,6.800000000000001,2023,4,April,112,Summer,False,False,False,False,False
2023-04-23,Bengaluru,South,26.1,18.5,0.0,55.3,1.5,Clear,22.3,7.600000000000001,2023,4,April,113,Summer,False,False,False,False,False
2023-04-23,Chennai,South,31.6,22.7,0.0,56.0,4.4,Clear,27.15,8.900000000000002,2023,4,April,113,Summer,False,False,False,False,False
2023-04-23,Delhi,North,30.9,21.2,0.0,34.5,7.4,Clear,26.049999999999997,9.7,2023,4,April,113,Summer,False,False,False,False,False
2023-04-23,Jaipur,Northwest,31.6,22.5,0.0,49.1,3.0,Clear,27.05,9.100000000000001,2023,4,April,113,Summer,False,False,False,False,False
2023-04-23,Kolkata,East,30.6,21.9,0.0,58.4,10.6,Clear,26.25,8.700000000000003,2023,4,April,113,Summer,False,False,False,False,False
2023-04-23,Mumbai,West,32.1,23.0,0.0,44.1,20.5,Clear,27.55,9.100000000000001,2023,4,April,113,Summer,False,False,False,False,False
2023-04-24,Bengaluru,South,30.5,23.3,0.0,51.3,6.0,Clear,26.9,7.199999999999999,2023,4,April,114,Summer,False,False,False,False,False
2023-04-24,Chennai,South,34.1,26.2,0.0,44.7,1.2,Clear,30.15,7.900000000000002,2023,4,April,114,Summer,False,False,False,False,False
2023-04-24,Delhi,North,31.4,20.4,0.0,43.2,12.1,Clear,25.9,11.0,2023,4,April,114,Summer,False,False,False,False,False
2023-04-24,Jaipur,Northwest,29.7,18.1,0.0,43.4,13.5,Clear,23.9,11.599999999999998,2023,4,April,114,Summer,False,False,False,False,False
2023-04-24,Kolkata,East,32.0,22.3,2.5,67.6,19.1,Light Rain,27.15,9.7,2023,4,April,114,Summer,False,False,False,False,False
2023-04-24,Mumbai,West,29.1,22.0,0.0,58.1,7.2,Clear,25.55,7.100000000000001,2023,4,April,114,Summer,False,False,False,False,False
2023-04-25,Bengaluru,South,28.0,21.0,0.0,43.5,8.5,Clear,24.5,7.0,2023,4,April,115,Summer,False,False,False,False,False
2023-04-25,Chennai,South,30.8,24.7,0.0,51.0,9.2,Clear,27.75,6.100000000000001,2023,4,April,115,Summer,False,False,False,False,False
2023-04-25,Delhi,North,35.6,24.9,0.0,40.3,5.8,Clear,30.25,10.700000000000003,2023,4,April,115,Summer,False,False,False,False,False
2023-04-25,Jaipur,Northwest,32.2,21.7,0.0,47.6,20.7,Clear,26.950000000000003,10.500000000000004,2023,4,April,115,Summer,False,False,False,False,False
2023-04-25,Kolkata,East,31.0,24.1,3.3,56.2,14.3,Light Rain,27.55,6.899999999999999,2023,4,April,115,Summer,False,False,False,False,False
2023-04-25,Mumbai,West,34.1,27.6,0.0,43.4,8.2,Clear,30.85,6.5,2023,4,April,115,Summer,False,False,False,False,False
2023-04-26,Bengaluru,South,29.5,22.0,0.0,52.9,20.5,Clear,25.75,7.5,2023,4,April,116,Summer,False,False,False,False,False
2023-04-26,Chennai,South,32.6,25.2,0.0,37.9,6.7,Clear,28.9,7.400000000000002,2023,4,April,116,Summer,False,False,False,False,False
2023-04-26,Delhi,North,31.4,22.3,0.0,47.5,14.5,Clear,26.85,9.099999999999998,2023,4,April,116,Summer,False,False,False,False,False
2023-04-26,Jaipur,Northwest,35.0,24.4,0.0,50.4,5.2,Clear,29.7,10.600000000000001,2023,4,April,116,Summer,False,False,False,False,False
2023-04-26,Kolkata,East,30.6,24.3,3.7,58.6,18.7,Light Rain,27.450000000000003,6.300000000000001,2023,4,April,116,Summer,False,False,False,False,False
2023-04-26,Mumbai,West,31.4,23.3,0.0,48.1,17.6,Clear,27.35,8.099999999999998,2023,4,April,116,Summer,False,False,False,False,False
2023-04-27,Bengaluru,South,29.1,20.8,0.0,60.5,12.3,Clear,24.950000000000003,8.3,2023,4,April,117,Summer,False,False,False,False,False
2023-04-27,Chennai,South,31.4,23.7,0.0,51.1,5.3,Clear,27.549999999999997,7.699999999999999,2023,4,April,117,Summer,False,False,False,False,False
2023-04-27,Delhi,North,31.6,21.7,0.0,54.3,11.9,Clear,26.65,9.900000000000002,2023,4,April,117,Summer,False,False,False,False,False
2023-04-27,Jaipur,Northwest,32.7,24.0,0.0,41.4,7.8,Clear,28.35,8.700000000000003,2023,4,April,117,Summer,False,False,False,False,False
2023-04-27,Kolkata,East,31.3,23.9,0.0,39.0,18.5,Clear,27.6,7.400000000000002,2023,4,April,117,Summer,False,False,False,False,False
2023-04-27,Mumbai,West,28.5,22.5,0.0,53.9,4.9,Clear,25.5,6.0,2023,4,April,117,Summer,False,False,False,False,False
2023-04-28,Bengaluru,South,25.0,17.6,0.0,40.4,7.3,Clear,21.3,7.399999999999999,2023,4,April,118,Summer,False,False,False,False,False
2023-04-28,Chennai,South,30.0,23.8,0.0,52.1,13.9,Clear,26.9,6.199999999999999,2023,4,April,118,Summer,False,False,False,False,False
2023-04-28,Delhi,North,34.0,23.8,0.0,35.5,7.2,Clear,28.9,10.2,2023,4,April,118,Summer,False,False,False,False,False
2023-04-28,Jaipur,Northwest,34.4,20.6,0.0,49.9,5.2,Clear,27.5,13.799999999999997,2023,4,April,118,Summer,False,False,False,False,False
2023-04-28,Kolkata,East,31.5,25.4,3.9,61.4,16.3,Light Rain,28.45,6.100000000000001,2023,4,April,118,Summer,False,False,False,False,False
2023-04-28,Mumbai,West,31.9,26.1,0.0,48.9,13.0,Clear,29.0,5.799999999999997,2023,4,April,118,Summer,False,False,False,False,False
2023-04-29,Bengaluru,South,27.4,22.4,0.0,43.7,1.8,Clear,24.9,5.0,2023,4,April,119,Summer,False,False,False,False,False
2023-04-29,Chennai,South,32.7,25.4,0.0,34.5,9.6,Clear,29.05,7.300000000000004,2023,4,April,119,Summer,False,False,False,False,False
2023-04-29,Delhi,North,35.3,24.0,0.0,52.6,6.2,Clear,29.65,11.299999999999997,2023,4,April,119,Summer,False,False,False,False,False
2023-04-29,Jaipur,Northwest,34.3,24.2,0.0,41.8,7.4,Clear,29.25,10.099999999999998,2023,4,April,119,Summer,False,False,False,False,False
2023-04-29,Kolkata,East,32.6,26.6,0.0,45.6,14.3,Clear,29.6,6.0,2023,4,April,119,Summer,False,False,False,False,False
2023-04-29,Mumbai,West,28.9,23.9,0.0,47.8,7.0,Clear,26.4,5.0,2023,4,April,119,Summer,False,False,False,False,False
2023-04-30,Bengaluru,South,28.6,19.7,0.0,60.4,0.7,Clear,24.15,8.900000000000002,2023,4,April,120,Summer,False,False,False,False,False
2023-04-30,Chennai,South,31.4,23.7,0.0,56.8,0.5,Clear,27.549999999999997,7.699999999999999,2023,4,April,120,Summer,False,False,False,False,False
2023-04-30,Delhi,North,35.4,24.4,0.0,45.0,8.4,Clear,29.9,11.0,2023,4,April,120,Summer,False,False,False,False,False
2023-04-30,Jaipur,Northwest,34.0,23.8,0.0,53.1,2.1,Clear,28.9,10.2,2023,4,April,120,Summer,False,False,False,False,False
2023-04-30,Kolkata,East,30.0,22.5,0.0,52.4,11.7,Clear,26.25,7.5,2023,4,April,120,Summer,False,False,False,False,False
2023-04-30,Mumbai,West,29.7,23.2,0.0,36.3,8.2,Clear,26.45,6.5,2023,4,April,120,Summer,False,False,False,False,False
2023-05-01,Bengaluru,South,30.4,20.6,25.2,77.8,13.7,Rain,25.5,9.799999999999997,2023,5,May,121,Summer,False,False,False,False,False
2023-05-01,Chennai,South,33.6,27.6,3.9,54.9,10.0,Light Rain,30.6,6.0,2023,5,May,121,Summer,False,False,False,False,False
2023-05-01,Delhi,North,30.3,21.1,0.0,50.3,2.7,Clear,25.700000000000003,9.2,2023,5,May,121,Summer,False,False,False,False,False
2023-05-01,Jaipur,Northwest,36.4,23.9,0.0,59.4,3.6,Clear,30.15,12.5,2023,5,May,121,Summer,False,False,False,False,False
2023-05-01,Kolkata,East,31.2,23.8,0.0,51.0,19.7,Clear,27.5,7.399999999999999,2023,5,May,121,Summer,False,False,False,False,False
2023-05-01,Mumbai,West,31.3,25.2,0.0,38.1,4.5,Clear,28.25,6.100000000000001,2023,5,May,121,Summer,False,False,False,False,False
2023-05-02,Bengaluru,South,26.1,17.7,59.2,74.4,9.2,Rain,21.9,8.400000000000002,2023,5,May,122,Summer,False,False,False,False,False
2023-05-02,Chennai,South,34.3,27.5,0.0,37.6,6.0,Clear,30.9,6.799999999999997,2023,5,May,122,Summer,False,False,False,False,False
2023-05-02,Delhi,North,33.0,20.2,0.0,57.8,13.7,Clear,26.6,12.8,2023,5,May,122,Summer,False,False,False,False,False
2023-05-02,Jaipur,Northwest,36.7,26.7,0.0,53.5,28.7,Clear,31.700000000000003,10.000000000000004,2023,5,May,122,Summer,False,False,False,False,False
2023-05-02,Kolkata,East,33.8,25.2,0.0,38.8,7.7,Clear,29.5,8.599999999999998,2023,5,May,122,Summer,False,False,False,False,False
2023-05-02,Mumbai,West,29.7,22.3,0.0,56.7,9.1,Clear,26.0,7.399999999999999,2023,5,May,122,Summer,False,False,False,False,False
2023-05-03,Bengaluru,South,29.2,21.4,45.9,84.5,21.9,Rain,25.299999999999997,7.800000000000001,2023,5,May,123,Summer,False,False,False,False,False
2023-05-03,Chennai,South,34.0,27.5,0.0,35.2,11.7,Clear,30.75,6.5,2023,5,May,123,Summer,False,False,False,False,False
2023-05-03,Delhi,North,34.7,23.3,0.0,45.9,11.1,Clear,29.0,11.400000000000002,2023,5,May,123,Summer,False,False,False,False,False
2023-05-03,Jaipur,Northwest,36.0,25.3,0.0,48.9,12.1,Clear,30.65,10.7,2023,5,May,123,Summer,False,False,False,False,False
2023-05-03,Kolkata,East,31.8,25.6,0.0,61.6,11.9,Clear,28.700000000000003,6.199999999999999,2023,5,May,123,Summer,False,False,False,False,False
2023-05-03,Mumbai,West,31.1,26.1,0.0,38.4,10.2,Clear,28.6,5.0,2023,5,May,123,Summer,False,False,False,False,False
2023-05-04,Bengaluru,South,28.1,20.3,0.0,75.5,9.7,Clear,24.200000000000003,7.800000000000001,2023,5,May,124,Summer,False,False,False,False,False
2023-05-04,Chennai,South,31.1,24.6,0.0,55.1,6.9,Clear,27.85,6.5,2023,5,May,124,Summer,False,False,False,False,False
2023-05-04,Delhi,North,32.6,24.1,0.0,36.5,15.5,Clear,28.35,8.5,2023,5,May,124,Summer,False,False,False,False,False
2023-05-04,Jaipur,Northwest,36.4,24.6,0.0,47.8,9.0,Clear,30.5,11.799999999999997,2023,5,May,124,Summer,False,False,False,False,False
2023-05-04,Kolkata,East,31.4,23.9,0.0,38.6,12.1,Clear,27.65,7.5,2023,5,May,124,Summer,False,False,False,False,False
2023-05-04,Mumbai,West,33.7,25.8,0.0,49.4,13.4,Clear,29.75,7.900000000000002,2023,5,May,124,Summer,False,False,False,False,False
2023-05-05,Bengaluru,South,26.3,16.6,0.0,67.8,5.2,Clear,21.450000000000003,9.7,2023,5,May,125,Summer,False,False,False,False,False
2023-05-05,Chennai,South,32.4,25.3,0.0,59.8,3.5,Clear,28.85,7.099999999999998,2023,5,May,125,Summer,False,False,False,False,False
2023-05-05,Delhi,North,35.0,24.7,0.0,34.1,11.1,Clear,29.85,10.3,2023,5,May,125,Summer,False,False,False,False,False
2023-05-05,Jaipur,Northwest,32.1,21.7,0.0,44.6,13.1,Clear,26.9,10.400000000000002,2023,5,May,125,Summer,False,False,False,False,False
2023-05-05,Kolkata,East,31.8,25.2,2.5,42.9,13.2,Light Rain,28.5,6.600000000000001,2023,5,May,125,Summer,False,False,False,False,False
2023-05-05,Mumbai,West,33.3,22.6,0.0,56.6,19.0,Clear,27.95,10.699999999999996,2023,5,May,125,Summer,False,False,False,False,False
2023-05-06,Bengaluru,South,26.7,18.9,25.5,90.7,16.0,Rain,22.799999999999997,7.800000000000001,2023,5,May,126,Summer,False,False,False,False,False
2023-05-06,Chennai,South,34.1,26.9,0.0,36.7,10.8,Clear,30.5,7.200000000000003,2023,5,May,126,Summer,False,False,False,False,False
2023-05-06,Delhi,North,34.8,23.9,0.0,43.0,2.6,Clear,29.349999999999998,10.899999999999999,2023,5,May,126,Summer,False,False,False,False,False
2023-05-06,Jaipur,Northwest,36.6,26.9,0.0,59.9,3.5,Clear,31.75,9.700000000000003,2023,5,May,126,Summer,False,False,False,False,False
2023-05-06,Kolkata,East,33.6,24.5,0.0,57.6,8.7,Clear,29.05,9.100000000000001,2023,5,May,126,Summer,False,False,False,False,False
2023-05-06,Mumbai,West,31.2,24.5,0.0,38.8,3.1,Clear,27.85,6.699999999999999,2023,5,May,126,Summer,False,False,False,False,False
2023-05-07,Bengaluru,South,26.3,18.4,0.0,64.2,3.9,Clear,22.35,7.900000000000002,2023,5,May,127,Summer,False,False,False,False,False
2023-05-07,Chennai,South,32.1,26.4,0.0,35.9,2.6,Clear,29.25,5.700000000000003,2023,5,May,127,Summer,False,False,False,False,False
2023-05-07,Delhi,North,35.8,26.3,0.0,35.9,12.8,Clear,31.049999999999997,9.499999999999996,2023,5,May,127,Summer,False,False,False,False,False
2023-05-07,Jaipur,Northwest,37.5,25.5,0.0,65.4,4.2,Clear,31.5,12.0,2023,5,May,127,Summer,False,False,False,False,False
2023-05-07,Kolkata,East,33.3,25.3,0.0,56.6,9.2,Clear,29.299999999999997,7.9999999999999964,2023,5,May,127,Summer,False,False,False,False,False
2023-05-07,Mumbai,West,31.2,23.0,0.0,40.8,7.9,Clear,27.1,8.2,2023,5,May,127,Summer,False,False,False,False,False
2023-05-08,Bengaluru,South,24.3,17.7,123.3,89.3,18.8,Heavy Rain,21.0,6.600000000000001,2023,5,May,128,Summer,True,False,False,False,True
2023-05-08,Chennai,South,34.5,27.1,0.0,52.9,5.9,Clear,30.8,7.399999999999999,2023,5,May,128,Summer,False,False,False,False,False
2023-05-08,Delhi,North,31.1,21.6,0.0,43.0,12.4,Clear,26.35,9.5,2023,5,May,128,Summer,False,False,False,False,False
2023-05-08,Jaipur,Northwest,37.1,24.6,0.0,53.5,2.0,Clear,30.85,12.5,2023,5,May,128,Summer,False,False,False,False,False
2023-05-08,Kolkata,East,30.6,25.6,0.0,46.2,10.4,Clear,28.1,5.0,2023,5,May,128,Summer,False,False,False,False,False
2023-05-08,Mumbai,West,32.3,25.0,0.0,47.2,21.4,Clear,28.65,7.299999999999997,2023,5,May,128,Summer,False,False,False,False,False
2023-05-09,Bengaluru,South,28.4,22.8,4.5,82.9,10.1,Light Rain,25.6,5.599999999999998,2023,5,May,129,Summer,False,False,False,False,False
2023-05-09,Chennai,South,32.0,23.6,0.0,63.6,4.8,Clear,27.8,8.399999999999999,2023,5,May,129,Summer,False,False,False,False,False
2023-05-09,Delhi,North,35.2,24.3,0.0,27.2,15.7,Clear,29.75,10.900000000000002,2023,5,May,129,Summer,False,False,False,False,False
2023-05-09,Jaipur,Northwest,36.1,23.2,0.0,51.4,8.2,Clear,29.65,12.900000000000002,2023,5,May,129,Summer,False,False,False,False,False
2023-05-09,Kolkata,East,33.0,24.0,0.0,25.9,10.5,Clear,28.5,9.0,2023,5,May,129,Summer,False,False,False,False,False
2023-05-09,Mumbai,West,32.0,25.1,0.0,28.5,7.8,Clear,28.55,6.899999999999999,2023,5,May,129,Summer,False,False,False,False,False
2023-05-10,Bengaluru,South,25.6,20.3,0.0,82.9,5.9,Cloudy,22.950000000000003,5.300000000000001,2023,5,May,130,Summer,False,False,False,False,False
2023-05-10,Chennai,South,34.3,29.3,0.0,48.8,6.0,Clear,31.799999999999997,4.9999999999999964,2023,5,May,130,Summer,False,False,False,False,False
2023-05-10,Delhi,North,39.7,27.0,0.0,61.9,6.4,Clear,33.35,12.700000000000003,2023,5,May,130,Summer,False,False,False,False,False
2023-05-10,Jaipur,Northwest,34.5,24.5,0.0,46.5,18.6,Clear,29.5,10.0,2023,5,May,130,Summer,False,False,False,False,False
2023-05-10,Kolkata,East,33.7,27.2,0.0,41.1,1.0,Clear,30.450000000000003,6.5000000000000036,2023,5,May,130,Summer,False,False,False,False,False
2023-05-10,Mumbai,West,31.1,24.0,0.0,39.3,9.3,Clear,27.55,7.100000000000001,2023,5,May,130,Summer,False,False,False,False,False
2023-05-11,Bengaluru,South,28.5,19.3,10.0,90.2,30.2,Rain,23.9,9.2,2023,5,May,131,Summer,False,False,False,False,False
2023-05-11,Chennai,South,33.5,28.3,0.0,39.3,14.7,Clear,30.9,5.199999999999999,2023,5,May,131,Summer,False,False,False,False,False
2023-05-11,Delhi,North,38.8,30.1,0.0,42.1,8.5,Clear,34.45,8.699999999999996,2023,5,May,131,Summer,False,False,False,False,False
2023-05-11,Jaipur,Northwest,35.7,24.5,0.0,57.0,2.5,Clear,30.1,11.200000000000003,2023,5,May,131,Summer,False,False,False,False,False
2023-05-11,Kolkata,East,31.9,24.9,0.0,46.9,12.8,Clear,28.4,7.0,2023,5,May,131,Summer,False,False,False,False,False
2023-05-11,Mumbai,West,34.0,26.9,0.0,48.1,0.5,Clear,30.45,7.100000000000001,2023,5,May,131,Summer,False,False,False,False,False
2023-05-12,Bengaluru,South,30.4,23.5,0.0,83.6,3.4,Cloudy,26.95,6.899999999999999,2023,5,May,132,Summer,False,False,False,False,False
2023-05-12,Chennai,South,29.5,21.9,0.0,64.9,12.8,Clear,25.7,7.600000000000001,2023,5,May,132,Summer,False,False,False,False,False
2023-05-12,Delhi,North,37.9,26.7,0.0,58.2,4.4,Clear,32.3,11.2,2023,5,May,132,Summer,False,False,False,False,False
2023-05-12,Jaipur,Northwest,34.4,21.9,0.0,52.5,3.7,Clear,28.15,12.5,2023,5,May,132,Summer,False,False,False,False,False
2023-05-12,Kolkata,East,34.0,24.7,0.0,54.1,4.2,Clear,29.35,9.3,2023,5,May,132,Summer,False,False,False,False,False
2023-05-12,Mumbai,West,30.0,22.0,0.0,48.6,6.6,Clear,26.0,8.0,2023,5,May,132,Summer,False,False,False,False,False
2023-05-13,Bengaluru,South,29.6,22.2,53.4,82.4,14.8,Rain,25.9,7.400000000000002,2023,5,May,133,Summer,False,False,False,False,False
2023-05-13,Chennai,South,35.4,27.4,6.3,46.3,12.3,Light Rain,31.4,8.0,2023,5,May,133,Summer,False,False,False,False,False
2023-05-13,Delhi,North,36.8,25.4,0.0,40.5,8.2,Clear,31.099999999999998,11.399999999999999,2023,5,May,133,Summer,False,False,False,False,False
2023-05-13,Jaipur,Northwest,36.1,27.8,0.0,53.0,16.4,Clear,31.950000000000003,8.3,2023,5,May,133,Summer,False,False,False,False,False
2023-05-13,Kolkata,East,31.7,25.7,0.0,33.5,13.6,Clear,28.7,6.0,2023,5,May,133,Summer,False,False,False,False,False
2023-05-13,Mumbai,West,29.9,22.9,0.0,47.6,11.4,Clear,26.4,7.0,2023,5,May,133,Summer,False,False,False,False,False
2023-05-14,Bengaluru,South,26.8,19.5,88.0,83.8,9.2,Heavy Rain,23.15,7.300000000000001,2023,5,May,134,Summer,True,False,False,False,True
2023-05-14,Chennai,South,37.0,30.0,0.0,58.0,24.2,Clear,33.5,7.0,2023,5,May,134,Summer,False,False,False,False,False
2023-05-14,Delhi,North,35.8,26.4,0.0,43.6,6.9,Clear,31.099999999999998,9.399999999999999,2023,5,May,134,Summer,False,False,False,False,False
2023-05-14,Jaipur,Northwest,36.0,25.7,0.0,54.2,17.8,Clear,30.85,10.3,2023,5,May,134,Summer,False,False,False,False,False
2023-05-14,Kolkata,East,32.6,24.6,0.0,39.6,2.5,Clear,28.6,8.0,2023,5,May,134,Summer,False,False,False,False,False
2023-05-14,Mumbai,West,30.1,25.1,0.0,45.9,9.3,Clear,27.6,5.0,2023,5,May,134,Summer,False,False,False,False,False
2023-05-15,Bengaluru,South,27.5,21.1,9.1,77.9,8.0,Light Rain,24.3,6.399999999999999,2023,5,May,135,Summer,False,False,False,False,False
2023-05-15,Chennai,South,34.6,28.1,0.0,44.4,21.8,Clear,31.35,6.5,2023,5,May,135,Summer,False,False,False,False,False
2023-05-15,Delhi,North,35.2,23.8,0.0,55.6,10.9,Clear,29.5,11.400000000000002,2023,5,May,135,Summer,False,False,False,False,False
2023-05-15,Jaipur,Northwest,36.9,25.7,0.0,36.5,11.0,Clear,31.299999999999997,11.2,2023,5,May,135,Summer,False,False,False,False,False
2023-05-15,Kolkata,East,32.6,24.5,0.0,45.9,4.3,Clear,28.55,8.100000000000001,2023,5,May,135,Summer,False,False,False,False,False
2023-05-15,Mumbai,West,33.9,26.3,0.0,58.1,6.1,Clear,30.1,7.599999999999998,2023,5,May,135,Summer,False,False,False,False,False
2023-05-16,Bengaluru,South,29.0,21.2,1.7,80.5,24.4,Light Rain,25.1,7.800000000000001,2023,5,May,136,Summer,False,False,False,False,False
2023-05-16,Chennai,South,37.4,27.8,0.0,34.1,5.0,Clear,32.6,9.599999999999998,2023,5,May,136,Summer,False,False,False,False,False
2023-05-16,Delhi,North,36.3,26.7,0.0,41.9,1.6,Clear,31.5,9.599999999999998,2023,5,May,136,Summer,False,False,False,False,False
2023-05-16,Jaipur,Northwest,36.8,26.5,0.0,53.8,3.6,Clear,31.65,10.299999999999997,2023,5,May,136,Summer,False,False,False,False,False
2023-05-16,Kolkata,East,31.5,23.3,0.0,41.3,8.3,Clear,27.4,8.2,2023,5,May,136,Summer,False,False,False,False,False
2023-05-16,Mumbai,West,32.5,25.0,0.0,42.6,3.2,Clear,28.75,7.5,2023,5,May,136,Summer,False,False,False,False,False
2023-05-17,Bengaluru,South,27.3,19.8,110.6,85.5,6.0,Heavy Rain,23.55,7.5,2023,5,May,137,Summer,True,False,False,False,True
2023-05-17,Chennai,South,34.7,29.2,0.0,46.4,5.8,Clear,31.950000000000003,5.5000000000000036,2023,5,May,137,Summer,False,False,False,False,False
2023-05-17,Delhi,North,32.7,21.9,0.0,44.5,4.7,Clear,27.3,10.800000000000004,2023,5,May,137,Summer,False,False,False,False,False
2023-05-17,Jaipur,Northwest,36.6,24.6,0.0,41.2,18.9,Clear,30.6,12.0,2023,5,May,137,Summer,False,False,False,False,False
2023-05-17,Kolkata,East,33.0,27.7,0.5,63.5,12.8,Light Rain,30.35,5.300000000000001,2023,5,May,137,Summer,False,False,False,False,False
2023-05-17,Mumbai,West,30.4,24.5,0.0,50.2,7.1,Clear,27.45,5.899999999999999,2023,5,May,137,Summer,False,False,False,False,False
2023-05-18,Bengaluru,South,29.5,22.4,101.0,85.7,16.8,Heavy Rain,25.95,7.100000000000001,2023,5,May,138,Summer,True,False,False,False,True
2023-05-18,Chennai,South,33.4,27.0,0.0,51.5,12.0,Clear,30.2,6.399999999999999,2023,5,May,138,Summer,False,False,False,False,False
2023-05-18,Delhi,North,36.5,25.9,0.0,38.5,13.1,Clear,31.2,10.600000000000001,2023,5,May,138,Summer,False,False,False,False,False
2023-05-18,Jaipur,Northwest,38.2,26.6,0.0,44.3,10.6,Clear,32.400000000000006,11.600000000000001,2023,5,May,138,Summer,False,False,False,False,False
2023-05-18,Kolkata,East,28.7,21.2,7.2,66.6,16.8,Light Rain,24.95,7.5,2023,5,May,138,Summer,False,False,False,False,False
2023-05-18,Mumbai,West,35.8,28.2,0.0,58.2,5.4,Clear,32.0,7.599999999999998,2023,5,May,138,Summer,False,False,False,False,False
2023-05-19,Bengaluru,South,27.8,21.3,31.8,94.0,7.9,Rain,24.55,6.5,2023,5,May,139,Summer,False,False,False,False,False
2023-05-19,Chennai,South,31.0,22.5,0.0,54.1,21.0,Clear,26.75,8.5,2023,5,May,139,Summer,False,False,False,False,False
2023-05-19,Delhi,North,35.6,25.4,0.0,31.8,8.0,Clear,30.5,10.200000000000003,2023,5,May,139,Summer,False,False,False,False,False
2023-05-19,Jaipur,Northwest,40.3,27.3,0.0,47.8,5.3,Clear,33.8,12.999999999999996,2023,5,May,139,Summer,False,True,False,False,True
2023-05-19,Kolkata,East,28.4,22.4,0.0,52.9,18.5,Clear,25.4,6.0,2023,5,May,139,Summer,False,False,False,False,False
2023-05-19,Mumbai,West,29.9,21.8,0.0,54.3,18.9,Clear,25.85,8.099999999999998,2023,5,May,139,Summer,False,False,False,False,False
2023-05-20,Bengaluru,South,30.6,23.9,85.3,73.9,8.1,Heavy Rain,27.25,6.700000000000003,2023,5,May,140,Summer,True,False,False,False,True
2023-05-20,Chennai,South,33.8,26.8,0.0,57.2,8.7,Clear,30.299999999999997,6.9999999999999964,2023,5,May,140,Summer,False,False,False,False,False
2023-05-20,Delhi,North,37.7,28.9,0.0,46.8,6.8,Clear,33.3,8.800000000000004,2023,5,May,140,Summer,False,False,False,False,False
2023-05-20,Jaipur,Northwest,38.1,26.0,0.0,38.5,13.0,Clear,32.05,12.100000000000001,2023,5,May,140,Summer,False,False,False,False,False
2023-05-20,Kolkata,East,34.2,25.3,0.0,46.0,8.6,Clear,29.75,8.900000000000002,2023,5,May,140,Summer,False,False,False,False,False
2023-05-20,Mumbai,West,28.9,23.9,0.0,47.6,6.2,Clear,26.4,5.0,2023,5,May,140,Summer,False,False,False,False,False
2023-05-21,Bengaluru,South,31.6,25.1,21.5,85.4,14.4,Rain,28.35,6.5,2023,5,May,141,Summer,False,False,False,False,False
2023-05-21,Chennai,South,33.6,27.3,0.0,46.4,21.2,Clear,30.450000000000003,6.300000000000001,2023,5,May,141,Summer,False,False,False,False,False
2023-05-21,Delhi,North,38.4,25.8,0.0,53.9,9.4,Clear,32.1,12.599999999999998,2023,5,May,141,Summer,False,False,False,False,False
2023-05-21,Jaipur,Northwest,37.0,26.5,0.0,56.9,7.0,Clear,31.75,10.5,2023,5,May,141,Summer,False,False,False,False,False
2023-05-21,Kolkata,East,31.9,24.7,0.0,37.6,6.9,Clear,28.299999999999997,7.199999999999999,2023,5,May,141,Summer,False,False,False,False,False
2023-05-21,Mumbai,West,34.0,29.0,0.0,45.6,10.7,Clear,31.5,5.0,2023,5,May,141,Summer,False,False,False,False,False
2023-05-22,Bengaluru,South,27.6,19.7,58.9,81.9,23.8,Rain,23.65,7.900000000000002,2023,5,May,142,Summer,False,False,False,False,False
2023-05-22,Chennai,South,32.8,25.3,0.0,38.3,7.5,Clear,29.049999999999997,7.4999999999999964,2023,5,May,142,Summer,False,False,False,False,False
2023-05-22,Delhi,North,39.9,28.4,0.0,56.3,9.2,Clear,34.15,11.5,2023,5,May,142,Summer,False,False,False,False,False
2023-05-22,Jaipur,Northwest,36.7,25.6,0.0,50.7,9.2,Clear,31.150000000000002,11.100000000000001,2023,5,May,142,Summer,False,False,False,False,False
2023-05-22,Kolkata,East,31.7,24.6,0.0,46.8,28.6,Clear,28.15,7.099999999999998,2023,5,May,142,Summer,False,False,False,False,False
2023-05-22,Mumbai,West,30.5,23.3,8.3,61.9,33.8,Light Rain,26.9,7.199999999999999,2023,5,May,142,Summer,False,False,False,False,False
2023-05-23,Bengaluru,South,26.6,18.4,0.0,81.5,12.7,Clear,22.5,8.200000000000003,2023,5,May,143,Summer,False,False,False,False,False
2023-05-23,Chennai,South,34.2,27.3,0.0,39.4,7.6,Clear,30.75,6.900000000000002,2023,5,May,143,Summer,False,False,False,False,False
2023-05-23,Delhi,North,32.7,22.6,3.9,57.8,16.3,Light Rain,27.650000000000002,10.100000000000001,2023,5,May,143,Summer,False,False,False,False,False
2023-05-23,Jaipur,Northwest,40.2,30.1,0.0,36.1,1.8,Clear,35.150000000000006,10.100000000000001,2023,5,May,143,Summer,False,True,False,False,True
2023-05-23,Kolkata,East,29.1,21.7,0.0,38.8,2.5,Clear,25.4,7.400000000000002,2023,5,May,143,Summer,False,False,False,False,False
2023-05-23,Mumbai,West,36.2,31.2,0.0,56.2,7.3,Clear,33.7,5.0000000000000036,2023,5,May,143,Summer,False,False,False,False,False
2023-05-24,Bengaluru,South,28.3,19.5,150.9,100.0,7.1,Heavy Rain,23.9,8.8,2023,5,May,144,Summer,True,False,False,False,True
2023-05-24,Chennai,South,34.0,27.8,0.0,42.8,10.4,Clear,30.9,6.199999999999999,2023,5,May,144,Summer,False,False,False,False,False
2023-05-24,Delhi,North,39.8,26.9,0.0,49.8,5.9,Clear,33.349999999999994,12.899999999999999,2023,5,May,144,Summer,False,False,False,False,False
2023-05-24,Jaipur,Northwest,37.4,25.9,0.0,45.2,4.5,Clear,31.65,11.5,2023,5,May,144,Summer,False,False,False,False,False
2023-05-24,Kolkata,East,32.2,24.8,0.0,47.1,4.9,Clear,28.5,7.400000000000002,2023,5,May,144,Summer,False,False,False,False,False
2023-05-24,Mumbai,West,33.1,25.6,0.0,51.3,8.9,Clear,29.35,7.5,2023,5,May,144,Summer,False,False,False,False,False
2023-05-25,Bengaluru,South,28.2,22.4,0.0,80.3,7.0,Clear,25.299999999999997,5.800000000000001,2023,5,May,145,Summer,False,False,False,False,False
2023-05-25,Chennai,South,31.8,24.2,0.0,47.5,8.4,Clear,28.0,7.600000000000001,2023,5,May,145,Summer,False,False,False,False,False
2023-05-25,Delhi,North,36.8,27.7,0.0,40.1,12.4,Clear,32.25,9.099999999999998,2023,5,May,145,Summer,False,False,False,False,False
2023-05-25,Jaipur,Northwest,40.3,30.1,0.0,46.4,20.5,Clear,35.2,10.199999999999996,2023,5,May,145,Summer,False,True,False,False,True
2023-05-25,Kolkata,East,36.7,30.1,0.0,51.2,6.2,Clear,33.400000000000006,6.600000000000001,2023,5,May,145,Summer,False,False,False,False,False
2023-05-25,Mumbai,West,35.3,29.6,0.0,43.6,8.9,Clear,32.45,5.699999999999996,2023,5,May,145,Summer,False,False,False,False,False
2023-05-26,Bengaluru,South,27.3,20.7,65.6,88.6,11.9,Heavy Rain,24.0,6.600000000000001,2023,5,May,146,Summer,True,False,False,False,True
2023-05-26,Chennai,South,34.5,27.5,0.4,51.1,21.0,Light Rain,31.0,7.0,2023,5,May,146,Summer,False,False,False,False,False
2023-05-26,Delhi,North,37.4,26.9,0.0,58.1,6.7,Clear,32.15,10.5,2023,5,May,146,Summer,False,False,False,False,False
2023-05-26,Jaipur,Northwest,39.9,28.1,0.0,47.8,28.7,Clear,34.0,11.799999999999997,2023,5,May,146,Summer,False,False,False,False,False
2023-05-26,Kolkata,East,32.3,25.1,0.0,56.9,4.1,Clear,28.7,7.199999999999996,2023,5,May,146,Summer,False,False,False,False,False
2023-05-26,Mumbai,West,30.1,23.1,4.9,72.5,9.8,Light Rain,26.6,7.0,2023,5,May,146,Summer,False,False,False,False,False
2023-05-27,Bengaluru,South,26.2,21.1,0.0,91.2,12.4,Cloudy,23.65,5.099999999999998,2023,5,May,147,Summer,False,False,False,False,False
2023-05-27,Chennai,South,32.2,25.7,0.0,44.3,10.5,Clear,28.950000000000003,6.5000000000000036,2023,5,May,147,Summer,False,False,False,False,False
2023-05-27,Delhi,North,39.6,25.8,0.0,42.8,17.1,Clear,32.7,13.8,2023,5,May,147,Summer,False,False,False,False,False
2023-05-27,Jaipur,Northwest,37.1,26.9,1.5,61.8,6.8,Light Rain,32.0,10.200000000000003,2023,5,May,147,Summer,False,False,False,False,False
2023-05-27,Kolkata,East,33.8,27.9,0.0,48.5,21.7,Clear,30.849999999999998,5.899999999999999,2023,5,May,147,Summer,False,False,False,False,False
2023-05-27,Mumbai,West,31.1,25.0,0.0,49.8,13.0,Clear,28.05,6.100000000000001,2023,5,May,147,Summer,False,False,False,False,False
2023-05-28,Bengaluru,South,30.3,24.1,0.0,86.0,3.2,Cloudy,27.200000000000003,6.199999999999999,2023,5,May,148,Summer,False,False,False,False,False
2023-05-28,Chennai,South,34.0,26.0,0.0,63.0,1.6,Clear,30.0,8.0,2023,5,May,148,Summer,False,False,False,False,False
2023-05-28,Delhi,North,37.2,26.3,0.0,47.0,8.2,Clear,31.75,10.900000000000002,2023,5,May,148,Summer,False,False,False,False,False
2023-05-28,Jaipur,Northwest,38.3,26.5,0.0,56.9,9.7,Clear,32.4,11.799999999999997,2023,5,May,148,Summer,False,False,False,False,False
2023-05-28,Kolkata,East,35.0,27.9,0.0,45.8,2.6,Clear,31.45,7.100000000000001,2023,5,May,148,Summer,False,False,False,False,False
2023-05-28,Mumbai,West,33.9,27.4,0.0,40.8,12.0,Clear,30.65,6.5,2023,5,May,148,Summer,False,False,False,False,False
2023-05-29,Bengaluru,South,26.0,19.5,289.3,74.5,11.1,Heavy Rain,22.75,6.5,2023,5,May,149,Summer,True,False,False,False,True
2023-05-29,Chennai,South,33.3,25.1,0.0,49.2,8.5,Clear,29.2,8.199999999999996,2023,5,May,149,Summer,False,False,False,False,False
2023-05-29,Delhi,North,37.1,27.4,0.0,38.5,18.7,Clear,32.25,9.700000000000003,2023,5,May,149,Summer,False,False,False,False,False
2023-05-29,Jaipur,Northwest,39.8,27.6,0.0,47.8,8.7,Clear,33.7,12.199999999999996,2023,5,May,149,Summer,False,False,False,False,False
2023-05-29,Kolkata,East,32.0,25.1,3.4,62.4,47.1,Light Rain,28.55,6.899999999999999,2023,5,May,149,Summer,False,False,False,True,True
2023-05-29,Mumbai,West,31.8,24.8,0.0,53.6,5.3,Clear,28.3,7.0,2023,5,May,149,Summer,False,False,False,False,False
2023-05-30,Bengaluru,South,27.3,18.3,159.2,75.0,10.0,Heavy Rain,22.8,9.0,2023,5,May,150,Summer,True,False,False,False,True
2023-05-30,Chennai,South,34.4,26.7,0.0,39.0,7.1,Clear,30.549999999999997,7.699999999999999,2023,5,May,150,Summer,False,False,False,False,False
2023-05-30,Delhi,North,40.6,28.1,0.0,60.2,5.4,Clear,34.35,12.5,2023,5,May,150,Summer,False,True,False,False,True
2023-05-30,Jaipur,Northwest,38.8,28.1,0.0,48.3,6.2,Clear,33.45,10.699999999999996,2023,5,May,150,Summer,False,False,False,False,False
2023-05-30,Kolkata,East,35.0,27.0,0.0,41.2,19.6,Clear,31.0,8.0,2023,5,May,150,Summer,False,False,False,False,False
2023-05-30,Mumbai,West,34.1,27.9,2.7,49.9,8.5,Light Rain,31.0,6.200000000000003,2023,5,May,150,Summer,False,False,False,False,False
2023-05-31,Bengaluru,South,29.6,21.0,0.0,77.0,7.5,Clear,25.3,8.600000000000001,2023,5,May,151,Summer,False,False,False,False,False
2023-05-31,Chennai,South,34.7,26.6,0.0,46.1,2.7,Clear,30.650000000000002,8.100000000000001,2023,5,May,151,Summer,False,False,False,False,False
2023-05-31,Delhi,North,37.4,25.9,0.0,34.9,11.7,Clear,31.65,11.5,2023,5,May,151,Summer,False,False,False,False,False
2023-05-31,Jaipur,Northwest,36.7,26.6,0.0,38.8,9.2,Clear,31.650000000000002,10.100000000000001,2023,5,May,151,Summer,False,False,False,False,False
2023-05-31,Kolkata,East,33.2,27.3,0.0,41.1,20.3,Clear,30.25,5.900000000000002,2023,5,May,151,Summer,False,False,False,False,False
2023-05-31,Mumbai,West,33.7,26.5,0.0,45.6,7.4,Clear,30.1,7.200000000000003,2023,5,May,151,Summer,False,False,False,False,False
2023-06-01,Bengaluru,South,28.4,20.8,0.0,54.5,5.0,Clear,24.6,7.599999999999998,2023,6,June,152,Monsoon,False,False,False,False,False
2023-06-01,Chennai,South,30.8,24.7,29.6,61.8,9.4,Rain,27.75,6.100000000000001,2023,6,June,152,Monsoon,False,False,False,False,False
2023-06-01,Delhi,North,40.6,29.8,0.0,47.9,5.7,Clear,35.2,10.8,2023,6,June,152,Monsoon,False,True,False,False,True
2023-06-01,Jaipur,Northwest,39.4,27.4,0.0,36.0,7.3,Clear,33.4,12.0,2023,6,June,152,Monsoon,False,False,False,False,False
2023-06-01,Kolkata,East,33.4,26.5,0.0,45.5,16.4,Clear,29.95,6.899999999999999,2023,6,June,152,Monsoon,False,False,False,False,False
2023-06-01,Mumbai,West,34.5,27.0,6.7,60.3,12.4,Light Rain,30.75,7.5,2023,6,June,152,Monsoon,False,False,False,False,False
2023-06-02,Bengaluru,South,29.7,22.3,0.0,69.2,17.9,Clear,26.0,7.399999999999999,2023,6,June,153,Monsoon,False,False,False,False,False
2023-06-02,Chennai,South,33.8,28.8,0.0,58.5,5.4,Clear,31.299999999999997,4.9999999999999964,2023,6,June,153,Monsoon,False,False,False,False,False
2023-06-02,Delhi,North,39.2,28.1,0.0,64.3,9.9,Clear,33.650000000000006,11.100000000000001,2023,6,June,153,Monsoon,False,False,False,False,False
2023-06-02,Jaipur,Northwest,42.0,31.2,18.3,53.7,8.9,Rain,36.6,10.8,2023,6,June,153,Monsoon,False,True,False,False,True
2023-06-02,Kolkata,East,34.4,26.5,15.0,51.6,23.3,Rain,30.45,7.899999999999999,2023,6,June,153,Monsoon,False,False,False,False,False
2023-06-02,Mumbai,West,35.2,27.9,0.0,64.6,18.0,Clear,31.55,7.300000000000004,2023,6,June,153,Monsoon,False,False,False,False,False
2023-06-03,Bengaluru,South,27.3,19.5,207.8,74.8,14.9,Heavy Rain,23.4,7.800000000000001,2023,6,June,154,Monsoon,True,False,False,False,True
2023-06-03,Chennai,South,33.0,26.0,0.0,52.9,17.4,Clear,29.5,7.0,2023,6,June,154,Monsoon,False,False,False,False,False
2023-06-03,Delhi,North,40.8,30.4,0.0,33.7,26.0,Clear,35.599999999999994,10.399999999999999,2023,6,June,154,Monsoon,False,True,False,False,True
2023-06-03,Jaipur,Northwest,38.5,27.6,0.0,42.1,4.3,Clear,33.05,10.899999999999999,2023,6,June,154,Monsoon,False,False,False,False,False
2023-06-03,Kolkata,East,32.4,25.3,0.0,65.1,5.8,Clear,28.85,7.099999999999998,2023,6,June,154,Monsoon,False,False,False,False,False
2023-06-03,Mumbai,West,31.6,26.2,11.1,62.0,9.3,Rain,28.9,5.400000000000002,2023,6,June,154,Monsoon,False,False,False,False,False
2023-06-04,Bengaluru,South,28.1,21.4,0.0,77.3,5.7,Clear,24.75,6.700000000000003,2023,6,June,155,Monsoon,False,False,False,False,False
2023-06-04,Chennai,South,34.9,26.7,8.4,79.0,31.7,Light Rain,30.799999999999997,8.2,2023,6,June,155,Monsoon,False,False,False,False,False
2023-06-04,Delhi,North,40.8,30.3,0.0,67.9,10.6,Clear,35.55,10.499999999999996,2023,6,June,155,Monsoon,False,True,False,False,True
2023-06-04,Jaipur,Northwest,34.7,25.5,0.0,62.4,13.9,Clear,30.1,9.200000000000003,2023,6,June,155,Monsoon,False,False,False,False,False
2023-06-04,Kolkata,East,35.9,28.6,7.7,42.4,9.3,Light Rain,32.25,7.299999999999997,2023,6,June,155,Monsoon,False,False,False,False,False
2023-06-04,Mumbai,West,36.7,28.7,8.7,56.9,13.2,Light Rain,32.7,8.000000000000004,2023,6,June,155,Monsoon,False,False,False,False,False
2023-06-05,Bengaluru,South,29.8,23.0,114.6,85.9,10.4,Heavy Rain,26.4,6.800000000000001,2023,6,June,156,Monsoon,True,False,False,False,True
2023-06-05,Chennai,South,38.7,29.0,22.3,70.6,14.7,Rain,33.85,9.700000000000003,2023,6,June,156,Monsoon,False,False,False,False,False
2023-06-05,Delhi,North,39.7,27.9,20.2,67.3,14.3,Rain,33.8,11.800000000000004,2023,6,June,156,Monsoon,False,False,False,False,False
2023-06-05,Jaipur,Northwest,38.1,27.3,0.0,60.2,7.0,Clear,32.7,10.8,2023,6,June,156,Monsoon,False,False,False,False,False
2023-06-05,Kolkata,East,34.0,26.1,13.0,61.8,14.3,Rain,30.05,7.899999999999999,2023,6,June,156,Monsoon,False,False,False,False,False
2023-06-05,Mumbai,West,35.5,29.6,0.0,56.2,5.8,Clear,32.55,5.899999999999999,2023,6,June,156,Monsoon,False,False,False,False,False
2023-06-06,Bengaluru,South,28.5,22.0,14.8,80.8,22.5,Rain,25.25,6.5,2023,6,June,157,Monsoon,False,False,False,False,False
2023-06-06,Chennai,South,32.8,24.7,13.9,72.7,13.6,Rain,28.75,8.099999999999998,2023,6,June,157,Monsoon,False,False,False,False,False
2023-06-06,Delhi,North,38.7,30.0,0.0,60.8,20.2,Clear,34.35,8.700000000000003,2023,6,June,157,Monsoon,False,False,False,False,False
2023-06-06,Jaipur,Northwest,41.1,26.9,0.0,58.9,14.3,Clear,34.0,14.200000000000003,2023,6,June,157,Monsoon,False,True,False,False,True
2023-06-06,Kolkata,East,31.0,25.1,9.6,67.7,15.4,Light Rain,28.05,5.899999999999999,2023,6,June,157,Monsoon,False,False,False,False,False
2023-06-06,Mumbai,West,34.0,27.2,59.3,55.8,15.3,Rain,30.6,6.800000000000001,2023,6,June,157,Monsoon,False,False,False,False,False
2023-06-07,Bengaluru,South,29.5,23.4,33.2,81.9,8.2,Rain,26.45,6.100000000000001,2023,6,June,158,Monsoon,False,False,False,False,False
2023-06-07,Chennai,South,34.1,27.5,19.5,63.6,18.2,Rain,30.8,6.600000000000001,2023,6,June,158,Monsoon,False,False,False,False,False
2023-06-07,Delhi,North,41.6,31.5,0.0,52.9,1.7,Clear,36.55,10.100000000000001,2023,6,June,158,Monsoon,False,True,False,False,True
2023-06-07,Jaipur,Northwest,37.6,26.5,0.0,59.5,15.8,Clear,32.05,11.100000000000001,2023,6,June,158,Monsoon,False,False,False,False,False
2023-06-07,Kolkata,East,33.4,26.2,0.0,70.0,10.1,Clear,29.799999999999997,7.199999999999999,2023,6,June,158,Monsoon,False,False,False,False,False
2023-06-07,Mumbai,West,33.6,27.1,14.8,65.4,7.8,Rain,30.35,6.5,2023,6,June,158,Monsoon,False,False,False,False,False
2023-06-08,Bengaluru,South,27.4,20.2,65.6,84.8,16.6,Heavy Rain,23.799999999999997,7.199999999999999,2023,6,June,159,Monsoon,True,False,False,False,True
2023-06-08,Chennai,South,37.2,31.7,19.9,61.7,7.7,Rain,34.45,5.5000000000000036,2023,6,June,159,Monsoon,False,False,False,False,False
2023-06-08,Delhi,North,37.3,26.1,0.0,54.9,4.8,Clear,31.7,11.199999999999996,2023,6,June,159,Monsoon,False,False,False,False,False
2023-06-08,Jaipur,Northwest,40.9,29.9,0.0,57.3,10.6,Clear,35.4,11.0,2023,6,June,159,Monsoon,False,True,False,False,True
2023-06-08,Kolkata,East,32.4,23.6,2.7,53.8,7.1,Light Rain,28.0,8.799999999999997,2023,6,June,159,Monsoon,False,False,False,False,False
2023-06-08,Mumbai,West,35.5,27.6,0.0,56.7,12.4,Clear,31.55,7.899999999999999,2023,6,June,159,Monsoon,False,False,False,False,False
2023-06-09,Bengaluru,South,28.3,19.9,36.5,80.5,23.8,Rain,24.1,8.400000000000002,2023,6,June,160,Monsoon,False,False,False,False,False
2023-06-09,Chennai,South,35.2,28.1,0.0,58.0,8.6,Clear,31.650000000000002,7.100000000000001,2023,6,June,160,Monsoon,False,False,False,False,False
2023-06-09,Delhi,North,42.7,33.1,0.0,47.5,6.9,Clear,37.900000000000006,9.600000000000001,2023,6,June,160,Monsoon,False,True,False,False,True
2023-06-09,Jaipur,Northwest,41.3,31.1,0.0,51.0,2.3,Clear,36.2,10.199999999999996,2023,6,June,160,Monsoon,False,True,False,False,True
2023-06-09,Kolkata,East,32.7,25.7,0.0,46.3,5.7,Clear,29.200000000000003,7.0000000000000036,2023,6,June,160,Monsoon,False,False,False,False,False
2023-06-09,Mumbai,West,31.3,25.4,0.0,62.1,12.7,Clear,28.35,5.900000000000002,2023,6,June,160,Monsoon,False,False,False,False,False
2023-06-10,Bengaluru,South,30.2,22.1,36.3,94.4,9.7,Rain,26.15,8.099999999999998,2023,6,June,161,Monsoon,False,False,False,False,False
2023-06-10,Chennai,South,31.4,25.6,0.0,44.3,28.8,Clear,28.5,5.799999999999997,2023,6,June,161,Monsoon,False,False,False,False,False
2023-06-10,Delhi,North,42.2,30.1,0.0,49.5,20.9,Clear,36.150000000000006,12.100000000000001,2023,6,June,161,Monsoon,False,True,False,False,True
2023-06-10,Jaipur,Northwest,37.5,29.1,0.0,42.1,6.1,Clear,33.3,8.399999999999999,2023,6,June,161,Monsoon,False,False,False,False,False
2023-06-10,Kolkata,East,35.1,27.8,0.0,52.6,7.6,Clear,31.450000000000003,7.300000000000001,2023,6,June,161,Monsoon,False,False,False,False,False
2023-06-10,Mumbai,West,33.1,25.4,8.5,73.1,15.7,Light Rain,29.25,7.700000000000003,2023,6,June,161,Monsoon,False,False,False,False,False
2023-06-11,Bengaluru,South,31.9,26.8,71.9,80.4,15.7,Heavy Rain,29.35,5.099999999999998,2023,6,June,162,Monsoon,True,False,False,False,True
2023-06-11,Chennai,South,34.5,26.1,0.0,52.8,12.3,Clear,30.3,8.399999999999999,2023,6,June,162,Monsoon,False,False,False,False,False
2023-06-11,Delhi,North,39.6,28.7,0.0,54.6,6.4,Clear,34.15,10.900000000000002,2023,6,June,162,Monsoon,False,False,False,False,False
2023-06-11,Jaipur,Northwest,43.1,30.9,0.0,33.7,18.1,Clear,37.0,12.200000000000003,2023,6,June,162,Monsoon,False,True,False,False,True
2023-06-11,Kolkata,East,36.3,27.5,0.0,54.6,4.4,Clear,31.9,8.799999999999997,2023,6,June,162,Monsoon,False,False,False,False,False
2023-06-11,Mumbai,West,35.3,27.8,18.5,66.0,23.9,Rain,31.549999999999997,7.4999999999999964,2023,6,June,162,Monsoon,False,False,False,False,False
2023-06-12,Bengaluru,South,28.5,21.5,81.8,71.2,15.6,Heavy Rain,25.0,7.0,2023,6,June,163,Monsoon,True,False,False,False,True
2023-06-12,Chennai,South,36.4,27.3,24.4,70.0,15.1,Rain,31.85,9.099999999999998,2023,6,June,163,Monsoon,False,False,False,False,False
2023-06-12,Delhi,North,41.6,30.1,0.0,61.0,15.1,Clear,35.85,11.5,2023,6,June,163,Monsoon,False,True,False,False,True
2023-06-12,Jaipur,Northwest,40.4,27.0,0.0,59.9,8.9,Clear,33.7,13.399999999999999,2023,6,June,163,Monsoon,False,True,False,False,True
2023-06-12,Kolkata,East,38.1,32.0,0.0,53.7,11.0,Clear,35.05,6.100000000000001,2023,6,June,163,Monsoon,False,False,False,False,False
2023-06-12,Mumbai,West,32.3,23.5,0.0,56.8,11.4,Clear,27.9,8.799999999999997,2023,6,June,163,Monsoon,False,False,False,False,False
2023-06-13,Bengaluru,South,28.2,21.7,54.1,99.3,15.5,Rain,24.95,6.5,2023,6,June,164,Monsoon,False,False,False,False,False
2023-06-13,Chennai,South,35.2,29.5,0.0,64.5,16.7,Clear,32.35,5.700000000000003,2023,6,June,164,Monsoon,False,False,False,False,False
2023-06-13,Delhi,North,40.1,28.9,58.4,69.7,12.1,Rain,34.5,11.200000000000003,2023,6,June,164,Monsoon,False,True,False,False,True
2023-06-13,Jaipur,Northwest,41.8,32.1,0.0,45.0,21.2,Clear,36.95,9.699999999999996,2023,6,June,164,Monsoon,False,True,False,False,True
2023-06-13,Kolkata,East,36.0,29.3,0.0,51.2,3.8,Clear,32.65,6.699999999999999,2023,6,June,164,Monsoon,False,False,False,False,False
2023-06-13,Mumbai,West,33.7,27.2,0.0,59.0,2.3,Clear,30.450000000000003,6.5000000000000036,2023,6,June,164,Monsoon,False,False,False,False,False
2023-06-14,Bengaluru,South,30.3,24.9,0.0,68.0,1.0,Clear,27.6,5.400000000000002,2023,6,June,165,Monsoon,False,False,False,False,False
2023-06-14,Chennai,South,33.4,27.6,5.0,55.9,13.8,Light Rain,30.5,5.799999999999997,2023,6,June,165,Monsoon,False,False,False,False,False
2023-06-14,Delhi,North,37.8,28.1,0.0,47.0,4.6,Clear,32.95,9.699999999999996,2023,6,June,165,Monsoon,False,False,False,False,False
2023-06-14,Jaipur,Northwest,35.2,24.1,0.0,56.4,10.6,Clear,29.650000000000002,11.100000000000001,2023,6,June,165,Monsoon,False,False,False,False,False
2023-06-14,Kolkata,East,32.4,25.9,27.1,61.6,11.6,Rain,29.15,6.5,2023,6,June,165,Monsoon,False,False,False,False,False
2023-06-14,Mumbai,West,34.7,28.7,15.2,55.8,14.2,Rain,31.700000000000003,6.0000000000000036,2023,6,June,165,Monsoon,False,False,False,False,False
2023-06-15,Bengaluru,South,27.2,20.0,143.9,66.8,12.3,Heavy Rain,23.6,7.199999999999999,2023,6,June,166,Monsoon,True,False,False,False,True
2023-06-15,Chennai,South,36.9,29.4,0.0,66.6,9.9,Clear,33.15,7.5,2023,6,June,166,Monsoon,False,False,False,False,False
2023-06-15,Delhi,North,37.6,27.1,0.0,49.2,3.3,Clear,32.35,10.5,2023,6,June,166,Monsoon,False,False,False,False,False
2023-06-15,Jaipur,Northwest,41.6,30.6,4.2,44.4,9.2,Light Rain,36.1,11.0,2023,6,June,166,Monsoon,False,True,False,False,True
2023-06-15,Kolkata,East,36.9,30.9,28.4,68.7,9.6,Rain,33.9,6.0,2023,6,June,166,Monsoon,False,False,False,False,False
2023-06-15,Mumbai,West,30.8,21.8,0.0,44.0,18.5,Clear,26.3,9.0,2023,6,June,166,Monsoon,False,False,False,False,False
2023-06-16,Bengaluru,South,29.6,22.6,82.2,63.1,15.2,Heavy Rain,26.1,7.0,2023,6,June,167,Monsoon,True,False,False,False,True
2023-06-16,Chennai,South,34.2,29.0,0.0,52.2,13.0,Clear,31.6,5.200000000000003,2023,6,June,167,Monsoon,False,False,False,False,False
2023-06-16,Delhi,North,41.1,31.2,0.0,53.0,4.9,Clear,36.15,9.900000000000002,2023,6,June,167,Monsoon,False,True,False,False,True
2023-06-16,Jaipur,Northwest,44.2,31.3,0.0,60.4,4.3,Clear,37.75,12.900000000000002,2023,6,June,167,Monsoon,False,True,False,False,True
2023-06-16,Kolkata,East,33.3,28.3,0.0,48.1,20.2,Clear,30.799999999999997,4.9999999999999964,2023,6,June,167,Monsoon,False,False,False,False,False
2023-06-16,Mumbai,West,37.6,30.4,7.7,49.8,14.8,Light Rain,34.0,7.200000000000003,2023,6,June,167,Monsoon,False,False,False,False,False
2023-06-17,Bengaluru,South,29.1,23.1,0.0,80.8,7.7,Clear,26.1,6.0,2023,6,June,168,Monsoon,False,False,False,False,False
2023-06-17,Chennai,South,35.6,27.3,25.5,58.2,25.8,Rain,31.450000000000003,8.3,2023,6,June,168,Monsoon,False,False,False,False,False
2023-06-17,Delhi,North,40.4,28.3,0.0,54.9,7.5,Clear,34.35,12.099999999999998,2023,6,June,168,Monsoon,False,True,False,False,True
2023-06-17,Jaipur,Northwest,42.0,30.3,0.0,45.0,13.7,Clear,36.15,11.7,2023,6,June,168,Monsoon,False,True,False,False,True
2023-06-17,Kolkata,East,37.3,29.8,17.2,52.1,13.5,Rain,33.55,7.4999999999999964,2023,6,June,168,Monsoon,False,False,False,False,False
2023-06-17,Mumbai,West,31.7,25.3,24.0,48.9,20.6,Rain,28.5,6.399999999999999,2023,6,June,168,Monsoon,False,False,False,False,False
2023-06-18,Bengaluru,South,27.8,20.5,14.7,81.1,8.5,Rain,24.15,7.300000000000001,2023,6,June,169,Monsoon,False,False,False,False,False
2023-06-18,Chennai,South,37.3,29.0,49.2,63.8,21.9,Rain,33.15,8.299999999999997,2023,6,June,169,Monsoon,False,False,False,False,False
2023-06-18,Delhi,North,43.6,32.1,0.0,59.0,5.5,Clear,37.85,11.5,2023,6,June,169,Monsoon,False,True,False,False,True
2023-06-18,Jaipur,Northwest,38.4,29.3,0.0,54.8,5.3,Clear,33.85,9.099999999999998,2023,6,June,169,Monsoon,False,False,False,False,False
2023-06-18,Kolkata,East,35.5,28.6,0.0,45.0,9.4,Clear,32.05,6.899999999999999,2023,6,June,169,Monsoon,False,False,False,False,False
2023-06-18,Mumbai,West,38.2,30.3,25.2,55.5,14.2,Rain,34.25,7.900000000000002,2023,6,June,169,Monsoon,False,False,False,False,False
2023-06-19,Bengaluru,South,27.5,20.0,88.7,85.6,6.6,Heavy Rain,23.75,7.5,2023,6,June,170,Monsoon,True,False,False,False,True
2023-06-19,Chennai,South,36.6,27.7,2.2,63.4,15.0,Light Rain,32.15,8.900000000000002,2023,6,June,170,Monsoon,False,False,False,False,False
2023-06-19,Delhi,North,41.8,30.3,33.8,41.7,28.0,Rain,36.05,11.499999999999996,2023,6,June,170,Monsoon,False,True,False,False,True
2023-06-19,Jaipur,Northwest,41.8,33.2,9.3,53.0,17.9,Light Rain,37.5,8.599999999999994,2023,6,June,170,Monsoon,False,True,False,False,True
2023-06-19,Kolkata,East,36.2,29.4,0.0,44.6,18.0,Clear,32.8,6.800000000000004,2023,6,June,170,Monsoon,False,False,False,False,False
2023-06-19,Mumbai,West,32.0,27.0,0.0,59.4,16.5,Clear,29.5,5.0,2023,6,June,170,Monsoon,False,False,False,False,False
2023-06-20,Bengaluru,South,28.8,22.4,83.5,87.1,10.9,Heavy Rain,25.6,6.400000000000002,2023,6,June,171,Monsoon,True,False,False,False,True
2023-06-20,Chennai,South,35.3,29.3,0.0,43.2,7.3,Clear,32.3,5.9999999999999964,2023,6,June,171,Monsoon,False,False,False,False,False
2023-06-20,Delhi,North,40.3,29.4,0.0,52.0,11.0,Clear,34.849999999999994,10.899999999999999,2023,6,June,171,Monsoon,False,True,False,False,True
2023-06-20,Jaipur,Northwest,42.8,32.1,0.0,48.0,6.0,Clear,37.45,10.699999999999996,2023,6,June,171,Monsoon,False,True,False,False,True
2023-06-20,Kolkata,East,38.0,28.7,50.4,61.9,9.9,Rain,33.35,9.3,2023,6,June,171,Monsoon,False,False,False,False,False
2023-06-20,Mumbai,West,34.6,26.3,2.7,49.1,20.7,Light Rain,30.450000000000003,8.3,2023,6,June,171,Monsoon,False,False,False,False,False
2023-06-21,Bengaluru,South,29.7,20.4,2.6,77.1,15.1,Light Rain,25.049999999999997,9.3,2023,6,June,172,Monsoon,False,False,False,False,False
2023-06-21,Chennai,South,32.9,26.7,0.0,67.2,24.8,Clear,29.799999999999997,6.199999999999999,2023,6,June,172,Monsoon,False,False,False,False,False
2023-06-21,Delhi,North,41.3,30.3,0.0,48.2,17.9,Clear,35.8,10.999999999999996,2023,6,June,172,Monsoon,False,True,False,False,True
2023-06-21,Jaipur,Northwest,39.8,27.9,0.0,48.2,5.7,Clear,33.849999999999994,11.899999999999999,2023,6,June,172,Monsoon,False,False,False,False,False
2023-06-21,Kolkata,East,34.6,28.9,9.1,69.6,25.3,Light Rain,31.75,5.700000000000003,2023,6,June,172,Monsoon,False,False,False,False,False
2023-06-21,Mumbai,West,33.6,26.1,0.0,42.0,3.3,Clear,29.85,7.5,2023,6,June,172,Monsoon,False,False,False,False,False
2023-06-22,Bengaluru,South,29.1,22.2,53.4,89.7,12.1,Rain,25.65,6.900000000000002,2023,6,June,173,Monsoon,False,False,False,False,False
2023-06-22,Chennai,South,36.5,29.7,15.6,66.1,14.6,Rain,33.1,6.800000000000001,2023,6,June,173,Monsoon,False,False,False,False,False
2023-06-22,Delhi,North,44.0,33.9,0.0,52.3,5.0,Clear,38.95,10.100000000000001,2023,6,June,173,Monsoon,False,True,False,False,True
2023-06-22,Jaipur,Northwest,40.5,29.0,0.0,67.4,13.2,Clear,34.75,11.5,2023,6,June,173,Monsoon,False,True,False,False,True
2023-06-22,Kolkata,East,35.2,26.3,16.0,58.8,9.7,Rain,30.75,8.900000000000002,2023,6,June,173,Monsoon,False,False,False,False,False
2023-06-22,Mumbai,West,33.1,27.8,9.3,62.8,19.0,Light Rain,30.450000000000003,5.300000000000001,2023,6,June,173,Monsoon,False,False,False,False,False
2023-06-23,Bengaluru,South,28.8,23.5,0.0,84.1,7.3,Cloudy,26.15,5.300000000000001,2023,6,June,174,Monsoon,False,False,False,False,False
2023-06-23,Chennai,South,35.1,28.1,11.1,52.9,8.1,Rain,31.6,7.0,2023,6,June,174,Monsoon,False,False,False,False,False
2023-06-23,Delhi,North,40.8,30.9,5.5,64.8,9.2,Light Rain,35.849999999999994,9.899999999999999,2023,6,June,174,Monsoon,False,True,False,False,True
2023-06-23,Jaipur,Northwest,42.1,31.1,0.0,46.0,4.5,Clear,36.6,11.0,2023,6,June,174,Monsoon,False,True,False,False,True
2023-06-23,Kolkata,East,35.9,28.5,10.7,62.6,10.5,Rain,32.2,7.399999999999999,2023,6,June,174,Monsoon,False,False,False,False,False
2023-06-23,Mumbai,West,29.6,22.5,15.5,64.3,11.3,Rain,26.05,7.100000000000001,2023,6,June,174,Monsoon,False,False,False,False,False
2023-06-24,Bengaluru,South,31.6,24.5,0.0,64.3,6.5,Clear,28.05,7.100000000000001,2023,6,June,175,Monsoon,False,False,False,False,False
2023-06-24,Chennai,South,34.7,26.1,21.2,55.4,14.5,Rain,30.400000000000002,8.600000000000001,2023,6,June,175,Monsoon,False,False,False,False,False
2023-06-24,Delhi,North,41.8,29.5,0.0,62.6,18.0,Clear,35.65,12.299999999999997,2023,6,June,175,Monsoon,False,True,False,False,True
2023-06-24,Jaipur,Northwest,43.8,33.3,0.0,46.0,14.2,Clear,38.55,10.5,2023,6,June,175,Monsoon,False,True,False,False,True
2023-06-24,Kolkata,East,35.9,28.7,36.6,67.5,8.8,Rain,32.3,7.199999999999999,2023,6,June,175,Monsoon,False,False,False,False,False
2023-06-24,Mumbai,West,32.3,27.3,19.3,61.7,12.6,Rain,29.799999999999997,4.9999999999999964,2023,6,June,175,Monsoon,False,False,False,False,False
2023-06-25,Bengaluru,South,28.7,20.1,107.8,80.3,14.7,Heavy Rain,24.4,8.599999999999998,2023,6,June,176,Monsoon,True,False,False,False,True
2023-06-25,Chennai,South,37.3,28.2,0.0,36.1,8.8,Clear,32.75,9.099999999999998,2023,6,June,176,Monsoon,False,False,False,False,False
2023-06-25,Delhi,North,43.2,32.8,0.0,47.9,5.4,Clear,38.0,10.400000000000006,2023,6,June,176,Monsoon,False,True,False,False,True
2023-06-25,Jaipur,Northwest,43.1,31.7,7.2,52.5,14.3,Light Rain,37.4,11.400000000000002,2023,6,June,176,Monsoon,False,True,False,False,True
2023-06-25,Kolkata,East,34.2,26.9,16.4,57.3,19.8,Rain,30.55,7.300000000000004,2023,6,June,176,Monsoon,False,False,False,False,False
2023-06-25,Mumbai,West,34.3,25.5,4.3,65.7,7.4,Light Rain,29.9,8.799999999999997,2023,6,June,176,Monsoon,False,False,False,False,False
2023-06-26,Bengaluru,South,30.5,23.7,19.6,91.8,15.2,Rain,27.1,6.800000000000001,2023,6,June,177,Monsoon,False,False,False,False,False
2023-06-26,Chennai,South,36.7,27.9,52.1,63.0,11.9,Rain,32.3,8.800000000000004,2023,6,June,177,Monsoon,False,False,False,False,False
2023-06-26,Delhi,North,41.2,30.4,22.1,58.6,11.2,Rain,35.8,10.800000000000004,2023,6,June,177,Monsoon,False,True,False,False,True
2023-06-26,Jaipur,Northwest,38.1,29.4,0.0,52.8,17.9,Clear,33.75,8.700000000000003,2023,6,June,177,Monsoon,False,False,False,False,False
2023-06-26,Kolkata,East,37.5,30.1,0.0,63.2,7.2,Clear,33.8,7.399999999999999,2023,6,June,177,Monsoon,False,False,False,False,False
2023-06-26,Mumbai,West,36.3,27.1,8.8,64.2,36.1,Light Rain,31.7,9.199999999999996,2023,6,June,177,Monsoon,False,False,False,False,False
2023-06-27,Bengaluru,South,26.7,19.5,51.6,85.5,10.9,Rain,23.1,7.199999999999999,2023,6,June,178,Monsoon,False,False,False,False,False
2023-06-27,Chennai,South,39.4,31.5,0.0,43.5,3.9,Clear,35.45,7.899999999999999,2023,6,June,178,Monsoon,False,False,False,False,False
2023-06-27,Delhi,North,43.0,30.2,58.1,61.2,15.0,Rain,36.6,12.8,2023,6,June,178,Monsoon,False,True,False,False,True
2023-06-27,Jaipur,Northwest,42.2,30.7,0.0,57.7,18.7,Clear,36.45,11.500000000000004,2023,6,June,178,Monsoon,False,True,False,False,True
2023-06-27,Kolkata,East,36.7,30.0,8.9,60.7,9.1,Light Rain,33.35,6.700000000000003,2023,6,June,178,Monsoon,False,False,False,False,False
2023-06-27,Mumbai,West,32.3,24.9,48.7,73.3,12.7,Rain,28.599999999999998,7.399999999999999,2023,6,June,178,Monsoon,False,False,False,False,False
2023-06-28,Bengaluru,South,31.5,24.6,98.9,85.8,16.3,Heavy Rain,28.05,6.899999999999999,2023,6,June,179,Monsoon,True,False,False,False,True
2023-06-28,Chennai,South,33.6,24.8,31.9,62.7,15.3,Rain,29.200000000000003,8.8,2023,6,June,179,Monsoon,False,False,False,False,False
2023-06-28,Delhi,North,41.1,32.3,0.0,46.5,13.1,Clear,36.7,8.800000000000004,2023,6,June,179,Monsoon,False,True,False,False,True
2023-06-28,Jaipur,Northwest,43.6,32.8,0.0,42.5,5.5,Clear,38.2,10.800000000000004,2023,6,June,179,Monsoon,False,True,False,False,True
2023-06-28,Kolkata,East,34.7,27.5,0.0,53.2,2.6,Clear,31.1,7.200000000000003,2023,6,June,179,Monsoon,False,False,False,False,False
2023-06-28,Mumbai,West,32.9,26.1,5.4,52.3,21.1,Light Rain,29.5,6.799999999999997,2023,6,June,179,Monsoon,False,False,False,False,False
2023-06-29,Bengaluru,South,28.1,21.8,0.0,63.4,6.5,Clear,24.950000000000003,6.300000000000001,2023,6,June,180,Monsoon,False,False,False,False,False
2023-06-29,Chennai,South,36.9,28.3,12.2,56.0,11.6,Rain,32.6,8.599999999999998,2023,6,June,180,Monsoon,False,False,False,False,False
2023-06-29,Delhi,North,46.6,35.2,0.0,66.8,8.0,Clear,40.900000000000006,11.399999999999999,2023,6,June,180,Monsoon,False,True,False,False,True
2023-06-29,Jaipur,Northwest,41.5,29.5,0.0,65.5,8.6,Clear,35.5,12.0,2023,6,June,180,Monsoon,False,True,False,False,True
2023-06-29,Kolkata,East,28.5,23.3,0.0,60.8,5.6,Clear,25.9,5.199999999999999,2023,6,June,180,Monsoon,False,False,False,False,False
2023-06-29,Mumbai,West,32.7,24.5,0.0,59.4,5.6,Clear,28.6,8.200000000000003,2023,6,June,180,Monsoon,False,False,False,False,False
2023-06-30,Bengaluru,South,32.6,27.4,25.9,73.6,16.6,Rain,30.0,5.200000000000003,2023,6,June,181,Monsoon,False,False,False,False,False
2023-06-30,Chennai,South,36.3,29.9,0.0,75.4,8.4,Clear,33.099999999999994,6.399999999999999,2023,6,June,181,Monsoon,False,False,False,False,False
2023-06-30,Delhi,North,43.1,33.8,46.8,46.4,15.7,Rain,38.45,9.300000000000004,2023,6,June,181,Monsoon,False,True,False,False,True
2023-06-30,Jaipur,Northwest,40.5,28.0,18.7,57.5,16.6,Rain,34.25,12.5,2023,6,June,181,Monsoon,False,True,False,False,True
2023-06-30,Kolkata,East,32.7,26.2,26.5,69.3,11.7,Rain,29.450000000000003,6.5000000000000036,2023,6,June,181,Monsoon,False,False,False,False,False
2023-06-30,Mumbai,West,32.8,27.8,0.0,45.8,10.0,Clear,30.299999999999997,4.9999999999999964,2023,6,June,181,Monsoon,False,False,False,False,False
2023-07-01,Bengaluru,South,26.2,17.6,0.0,86.7,0.8,Cloudy,21.9,8.599999999999998,2023,7,July,182,Monsoon,False,False,False,False,False
2023-07-01,Chennai,South,35.3,29.8,18.7,72.2,21.8,Rain,32.55,5.4999999999999964,2023,7,July,182,Monsoon,False,False,False,False,False
2023-07-01,Delhi,North,39.6,27.8,72.4,81.0,10.2,Heavy Rain,33.7,11.8,2023,7,July,182,Monsoon,True,False,False,False,True
2023-07-01,Jaipur,Northwest,39.0,29.5,27.2,60.2,22.6,Rain,34.25,9.5,2023,7,July,182,Monsoon,False,False,False,False,False
2023-07-01,Kolkata,East,34.4,27.8,156.2,81.3,8.1,Heavy Rain,31.1,6.599999999999998,2023,7,July,182,Monsoon,True,False,False,False,True
2023-07-01,Mumbai,West,35.5,27.3,129.4,67.2,15.2,Heavy Rain,31.4,8.2,2023,7,July,182,Monsoon,True,False,False,False,True
2023-07-02,Bengaluru,South,28.5,22.1,35.1,71.5,14.7,Rain,25.3,6.399999999999999,2023,7,July,183,Monsoon,False,False,False,False,False
2023-07-02,Chennai,South,36.4,31.3,0.0,56.2,9.1,Clear,33.85,5.099999999999998,2023,7,July,183,Monsoon,False,False,False,False,False
2023-07-02,Delhi,North,42.5,30.1,33.4,94.7,20.7,Rain,36.3,12.399999999999999,2023,7,July,183,Monsoon,False,True,False,False,True
2023-07-02,Jaipur,Northwest,42.1,31.5,193.5,79.6,21.5,Heavy Rain,36.8,10.600000000000001,2023,7,July,183,Monsoon,True,True,False,False,True
2023-07-02,Kolkata,East,40.3,33.8,92.4,78.7,14.1,Heavy Rain,37.05,6.5,2023,7,July,183,Monsoon,True,True,False,False,True
2023-07-02,Mumbai,West,33.0,23.4,13.8,61.9,10.9,Rain,28.2,9.600000000000001,2023,7,July,183,Monsoon,False,False,False,False,False
2023-07-03,Bengaluru,South,32.6,22.9,12.4,86.6,10.9,Rain,27.75,9.700000000000003,2023,7,July,184,Monsoon,False,False,False,False,False
2023-07-03,Chennai,South,35.2,29.3,0.0,55.3,3.3,Clear,32.25,5.900000000000002,2023,7,July,184,Monsoon,False,False,False,False,False
2023-07-03,Delhi,North,40.0,28.3,91.4,80.5,9.2,Heavy Rain,34.15,11.7,2023,7,July,184,Monsoon,True,True,False,False,True
2023-07-03,Jaipur,Northwest,39.2,29.2,99.1,83.0,10.6,Heavy Rain,34.2,10.000000000000004,2023,7,July,184,Monsoon,True,False,False,False,True
2023-07-03,Kolkata,East,36.0,28.8,21.8,86.7,13.7,Rain,32.4,7.199999999999999,2023,7,July,184,Monsoon,False,False,False,False,False
2023-07-03,Mumbai,West,33.4,27.1,26.9,85.5,9.9,Rain,30.25,6.299999999999997,2023,7,July,184,Monsoon,False,False,False,False,False
2023-07-04,Bengaluru,South,29.7,23.9,53.4,69.6,12.5,Rain,26.799999999999997,5.800000000000001,2023,7,July,185,Monsoon,False,False,False,False,False
2023-07-04,Chennai,South,32.8,27.8,0.0,62.6,12.9,Clear,30.299999999999997,4.9999999999999964,2023,7,July,185,Monsoon,False,False,False,False,False
2023-07-04,Delhi,North,40.7,32.7,96.8,80.3,10.9,Heavy Rain,36.7,8.0,2023,7,July,185,Monsoon,True,True,False,False,True
2023-07-04,Jaipur,Northwest,38.9,29.4,0.0,65.4,10.1,Clear,34.15,9.5,2023,7,July,185,Monsoon,False,False,False,False,False
2023-07-04,Kolkata,East,36.4,27.0,0.0,69.4,24.1,Clear,31.7,9.399999999999999,2023,7,July,185,Monsoon,False,False,False,False,False
2023-07-04,Mumbai,West,33.0,28.0,18.9,77.0,11.4,Rain,30.5,5.0,2023,7,July,185,Monsoon,False,False,False,False,False
2023-07-05,Bengaluru,South,29.7,21.1,46.8,81.6,18.3,Rain,25.4,8.599999999999998,2023,7,July,186,Monsoon,False,False,False,False,False
2023-07-05,Chennai,South,39.7,30.3,0.0,43.6,25.3,Clear,35.0,9.400000000000002,2023,7,July,186,Monsoon,False,False,False,False,False
2023-07-05,Delhi,North,43.6,32.4,43.3,89.8,14.1,Rain,38.0,11.200000000000003,2023,7,July,186,Monsoon,False,True,False,False,True
2023-07-05,Jaipur,Northwest,42.5,29.5,31.0,76.6,18.8,Rain,36.0,13.0,2023,7,July,186,Monsoon,False,True,False,False,True
2023-07-05,Kolkata,East,33.0,26.5,193.9,77.9,8.7,Heavy Rain,29.75,6.5,2023,7,July,186,Monsoon,True,False,False,False,True
2023-07-05,Mumbai,West,33.9,26.4,0.0,63.6,4.1,Clear,30.15,7.5,2023,7,July,186,Monsoon,False,False,False,False,False
2023-07-06,Bengaluru,South,29.0,20.2,53.5,87.2,22.9,Rain,24.6,8.8,2023,7,July,187,Monsoon,False,False,False,False,False
2023-07-06,Chennai,South,34.6,28.4,0.0,57.7,13.1,Clear,31.5,6.200000000000003,2023,7,July,187,Monsoon,False,False,False,False,False
2023-07-06,Delhi,North,44.2,32.0,12.8,56.5,10.9,Rain,38.1,12.200000000000003,2023,7,July,187,Monsoon,False,True,False,False,True
2023-07-06,Jaipur,Northwest,40.5,27.7,63.7,81.1,8.3,Rain,34.1,12.8,2023,7,July,187,Monsoon,False,True,False,False,True
2023-07-06,Kolkata,East,35.5,26.8,0.0,75.7,2.9,Clear,31.15,8.7,2023,7,July,187,Monsoon,False,False,False,False,False
2023-07-06,Mumbai,West,30.0,22.9,9.7,85.5,10.2,Light Rain,26.45,7.100000000000001,2023,7,July,187,Monsoon,False,False,False,False,False
2023-07-07,Bengaluru,South,27.9,22.3,138.3,71.2,10.6,Heavy Rain,25.1,5.599999999999998,2023,7,July,188,Monsoon,True,False,False,False,True
2023-07-07,Chennai,South,38.1,30.8,0.0,59.7,6.5,Clear,34.45,7.300000000000001,2023,7,July,188,Monsoon,False,False,False,False,False
2023-07-07,Delhi,North,41.2,28.7,0.0,69.6,7.7,Clear,34.95,12.500000000000004,2023,7,July,188,Monsoon,False,True,False,False,True
2023-07-07,Jaipur,Northwest,41.4,30.2,46.7,73.4,10.2,Rain,35.8,11.2,2023,7,July,188,Monsoon,False,True,False,False,True
2023-07-07,Kolkata,East,35.9,29.8,33.5,80.9,22.4,Rain,32.85,6.099999999999998,2023,7,July,188,Monsoon,False,False,False,False,False
2023-07-07,Mumbai,West,34.7,27.6,0.0,68.2,2.4,Clear,31.150000000000002,7.100000000000001,2023,7,July,188,Monsoon,False,False,False,False,False
2023-07-08,Bengaluru,South,29.4,20.4,39.8,90.1,6.4,Rain,24.9,9.0,2023,7,July,189,Monsoon,False,False,False,False,False
2023-07-08,Chennai,South,34.5,28.3,32.9,61.6,8.4,Rain,31.4,6.199999999999999,2023,7,July,189,Monsoon,False,False,False,False,False
2023-07-08,Delhi,North,43.2,32.7,60.5,66.4,18.6,Rain,37.95,10.5,2023,7,July,189,Monsoon,False,True,False,False,True
2023-07-08,Jaipur,Northwest,41.4,29.8,0.0,80.7,9.5,Clear,35.6,11.599999999999998,2023,7,July,189,Monsoon,False,True,False,False,True
2023-07-08,Kolkata,East,34.0,26.2,84.7,89.6,17.3,Heavy Rain,30.1,7.800000000000001,2023,7,July,189,Monsoon,True,False,False,False,True
2023-07-08,Mumbai,West,35.7,27.8,301.8,83.7,28.1,Heavy Rain,31.75,7.900000000000002,2023,7,July,189,Monsoon,True,False,False,False,True
2023-07-09,Bengaluru,South,29.5,20.2,0.0,83.8,3.6,Cloudy,24.85,9.3,2023,7,July,190,Monsoon,False,False,False,False,False
2023-07-09,Chennai,South,33.4,27.5,0.0,57.1,4.7,Clear,30.45,5.899999999999999,2023,7,July,190,Monsoon,False,False,False,False,False
2023-07-09,Delhi,North,43.7,34.1,158.7,82.0,13.4,Heavy Rain,38.900000000000006,9.600000000000001,2023,7,July,190,Monsoon,True,True,False,False,True
2023-07-09,Jaipur,Northwest,45.3,34.3,114.1,71.6,39.9,Heavy Rain,39.8,11.0,2023,7,July,190,Monsoon,True,True,False,False,True
2023-07-09,Kolkata,East,32.7,26.9,6.8,69.2,14.3,Light Rain,29.8,5.800000000000004,2023,7,July,190,Monsoon,False,False,False,False,False
2023-07-09,Mumbai,West,36.0,30.1,0.0,66.8,4.9,Clear,33.05,5.899999999999999,2023,7,July,190,Monsoon,False,False,False,False,False
2023-07-10,Bengaluru,South,32.3,23.9,93.7,74.0,7.0,Heavy Rain,28.099999999999998,8.399999999999999,2023,7,July,191,Monsoon,True,False,False,False,True
2023-07-10,Chennai,South,38.3,31.1,0.0,43.1,8.7,Clear,34.7,7.199999999999996,2023,7,July,191,Monsoon,False,False,False,False,False
2023-07-10,Delhi,North,43.3,32.3,98.6,58.8,12.1,Heavy Rain,37.8,11.0,2023,7,July,191,Monsoon,True,True,False,False,True
2023-07-10,Jaipur,Northwest,42.4,29.6,0.0,52.6,3.9,Clear,36.0,12.799999999999997,2023,7,July,191,Monsoon,False,True,False,False,True
2023-07-10,Kolkata,East,39.3,31.4,75.1,80.6,7.4,Heavy Rain,35.349999999999994,7.899999999999999,2023,7,July,191,Monsoon,True,False,False,False,True
2023-07-10,Mumbai,West,35.6,29.9,150.9,88.5,9.2,Heavy Rain,32.75,5.700000000000003,2023,7,July,191,Monsoon,True,False,False,False,True
2023-07-11,Bengaluru,South,30.2,21.2,175.5,79.2,14.0,Heavy Rain,25.7,9.0,2023,7,July,192,Monsoon,True,False,False,False,True
2023-07-11,Chennai,South,32.9,27.1,0.0,52.6,15.7,Clear,30.0,5.799999999999997,2023,7,July,192,Monsoon,False,False,False,False,False
2023-07-11,Delhi,North,40.1,31.9,152.6,95.3,10.9,Heavy Rain,36.0,8.200000000000003,2023,7,July,192,Monsoon,True,True,False,False,True
2023-07-11,Jaipur,Northwest,40.3,29.2,21.0,75.7,15.1,Rain,34.75,11.099999999999998,2023,7,July,192,Monsoon,False,True,False,False,True
2023-07-11,Kolkata,East,37.3,28.8,0.0,58.4,1.3,Clear,33.05,8.499999999999996,2023,7,July,192,Monsoon,False,False,False,False,False
2023-07-11,Mumbai,West,32.6,25.9,58.6,86.0,14.1,Rain,29.25,6.700000000000003,2023,7,July,192,Monsoon,False,False,False,False,False
2023-07-12,Bengaluru,South,28.9,21.3,60.0,65.4,9.0,Rain,25.1,7.599999999999998,2023,7,July,193,Monsoon,False,False,False,False,False
2023-07-12,Chennai,South,37.4,28.5,0.0,61.4,18.0,Clear,32.95,8.899999999999999,2023,7,July,193,Monsoon,False,False,False,False,False
2023-07-12,Delhi,North,42.0,31.2,66.6,71.8,17.6,Heavy Rain,36.6,10.8,2023,7,July,193,Monsoon,True,True,False,False,True
2023-07-12,Jaipur,Northwest,40.8,29.0,58.7,78.7,11.3,Rain,34.9,11.799999999999997,2023,7,July,193,Monsoon,False,True,False,False,True
2023-07-12,Kolkata,East,35.5,30.5,9.9,91.3,11.3,Light Rain,33.0,5.0,2023,7,July,193,Monsoon,False,False,False,False,False
2023-07-12,Mumbai,West,33.0,26.7,0.0,65.8,6.7,Clear,29.85,6.300000000000001,2023,7,July,193,Monsoon,False,False,False,False,False
2023-07-13,Bengaluru,South,28.6,20.8,101.9,88.4,9.9,Heavy Rain,24.700000000000003,7.800000000000001,2023,7,July,194,Monsoon,True,False,False,False,True
2023-07-13,Chennai,South,34.3,26.1,0.0,51.2,3.7,Clear,30.2,8.199999999999996,2023,7,July,194,Monsoon,False,False,False,False,False
2023-07-13,Delhi,North,42.9,31.2,55.8,88.3,49.6,Rain,37.05,11.7,2023,7,July,194,Monsoon,False,True,False,True,True
2023-07-13,Jaipur,Northwest,41.7,33.4,49.0,89.6,11.4,Rain,37.55,8.300000000000004,2023,7,July,194,Monsoon,False,True,False,False,True
2023-07-13,Kolkata,East,35.5,29.7,19.0,86.3,19.2,Rain,32.6,5.800000000000001,2023,7,July,194,Monsoon,False,False,False,False,False
2023-07-13,Mumbai,West,34.4,27.3,63.1,74.8,12.7,Rain,30.85,7.099999999999998,2023,7,July,194,Monsoon,False,False,False,False,False
2023-07-14,Bengaluru,South,29.6,22.9,12.9,72.9,23.2,Rain,26.25,6.700000000000003,2023,7,July,195,Monsoon,False,False,False,False,False
2023-07-14,Chennai,South,35.0,26.7,0.0,51.6,17.3,Clear,30.85,8.3,2023,7,July,195,Monsoon,False,False,False,False,False
2023-07-14,Delhi,North,41.1,29.7,18.2,72.5,16.3,Rain,35.4,11.400000000000002,2023,7,July,195,Monsoon,False,True,False,False,True
2023-07-14,Jaipur,Northwest,42.0,33.9,26.3,75.7,21.8,Rain,37.95,8.100000000000001,2023,7,July,195,Monsoon,False,True,False,False,True
2023-07-14,Kolkata,East,36.0,28.9,29.6,75.4,13.7,Rain,32.45,7.100000000000001,2023,7,July,195,Monsoon,False,False,False,False,False
2023-07-14,Mumbai,West,34.2,29.0,65.4,71.2,6.4,Heavy Rain,31.6,5.200000000000003,2023,7,July,195,Monsoon,True,False,False,False,True
2023-07-15,Bengaluru,South,32.2,27.1,6.8,82.4,7.3,Light Rain,29.650000000000002,5.100000000000001,2023,7,July,196,Monsoon,False,False,False,False,False
2023-07-15,Chennai,South,36.3,29.6,0.0,52.3,5.0,Clear,32.95,6.699999999999996,2023,7,July,196,Monsoon,False,False,False,False,False
2023-07-15,Delhi,North,42.7,30.9,0.0,66.2,4.5,Clear,36.8,11.800000000000004,2023,7,July,196,Monsoon,False,True,False,False,True
2023-07-15,Jaipur,Northwest,43.3,30.6,68.7,76.6,11.7,Heavy Rain,36.95,12.699999999999996,2023,7,July,196,Monsoon,True,True,False,False,True
2023-07-15,Kolkata,East,36.7,29.1,0.0,87.6,5.9,Cloudy,32.900000000000006,7.600000000000001,2023,7,July,196,Monsoon,False,False,False,False,False
2023-07-15,Mumbai,West,33.5,24.7,33.4,76.3,15.5,Rain,29.1,8.8,2023,7,July,196,Monsoon,False,False,False,False,False
2023-07-16,Bengaluru,South,28.0,21.6,0.0,65.5,2.8,Clear,24.8,6.399999999999999,2023,7,July,197,Monsoon,False,False,False,False,False
2023-07-16,Chennai,South,32.8,27.4,5.2,61.3,10.3,Light Rain,30.099999999999998,5.399999999999999,2023,7,July,197,Monsoon,False,False,False,False,False
2023-07-16,Delhi,North,47.5,34.4,81.4,75.8,9.0,Heavy Rain,40.95,13.100000000000001,2023,7,July,197,Monsoon,True,True,False,False,True
2023-07-16,Jaipur,Northwest,42.2,32.4,0.0,69.1,17.5,Clear,37.3,9.800000000000004,2023,7,July,197,Monsoon,False,True,False,False,True
2023-07-16,Kolkata,East,34.7,26.6,0.0,82.3,4.7,Cloudy,30.650000000000002,8.100000000000001,2023,7,July,197,Monsoon,False,False,False,False,False
2023-07-16,Mumbai,West,34.4,28.3,42.2,81.6,22.0,Rain,31.35,6.099999999999998,2023,7,July,197,Monsoon,False,False,False,False,False
2023-07-17,Bengaluru,South,30.5,21.7,123.3,80.2,16.0,Heavy Rain,26.1,8.8,2023,7,July,198,Monsoon,True,False,False,False,True
2023-07-17,Chennai,South,35.9,29.0,20.5,65.1,12.0,Rain,32.45,6.899999999999999,2023,7,July,198,Monsoon,False,False,False,False,False
2023-07-17,Delhi,North,40.5,28.3,178.2,87.3,21.7,Heavy Rain,34.4,12.2,2023,7,July,198,Monsoon,True,True,False,False,True
2023-07-17,Jaipur,Northwest,45.1,31.9,34.9,70.6,15.1,Rain,38.5,13.200000000000003,2023,7,July,198,Monsoon,False,True,False,False,True
2023-07-17,Kolkata,East,36.1,28.1,64.8,75.6,28.4,Heavy Rain,32.1,8.0,2023,7,July,198,Monsoon,True,False,False,False,True
2023-07-17,Mumbai,West,37.0,27.6,16.3,77.9,12.9,Rain,32.3,9.399999999999999,2023,7,July,198,Monsoon,False,False,False,False,False
2023-07-18,Bengaluru,South,29.1,20.3,71.6,79.9,8.6,Heavy Rain,24.700000000000003,8.8,2023,7,July,199,Monsoon,True,False,False,False,True
2023-07-18,Chennai,South,35.1,28.6,0.0,45.1,9.2,Clear,31.85,6.5,2023,7,July,199,Monsoon,False,False,False,False,False
2023-07-18,Delhi,North,46.3,34.5,63.7,85.5,27.8,Rain,40.4,11.799999999999997,2023,7,July,199,Monsoon,False,True,False,False,True
2023-07-18,Jaipur,Northwest,40.6,30.4,39.8,81.7,7.8,Rain,35.5,10.200000000000003,2023,7,July,199,Monsoon,False,True,False,False,True
2023-07-18,Kolkata,East,37.0,30.5,4.9,75.7,13.3,Light Rain,33.75,6.5,2023,7,July,199,Monsoon,False,False,False,False,False
2023-07-18,Mumbai,West,32.5,26.9,26.4,78.6,30.1,Rain,29.7,5.600000000000001,2023,7,July,199,Monsoon,False,False,False,False,False
2023-07-19,Bengaluru,South,25.7,20.3,198.4,84.7,14.5,Heavy Rain,23.0,5.399999999999999,2023,7,July,200,Monsoon,True,False,False,False,True
2023-07-19,Chennai,South,37.5,32.3,0.0,35.8,4.6,Clear,34.9,5.200000000000003,2023,7,July,200,Monsoon,False,False,False,False,False
2023-07-19,Delhi,North,44.2,32.1,28.7,74.2,7.8,Rain,38.150000000000006,12.100000000000001,2023,7,July,200,Monsoon,False,True,False,False,True
2023-07-19,Jaipur,Northwest,45.7,34.3,40.7,85.4,9.6,Rain,40.0,11.400000000000006,2023,7,July,200,Monsoon,False,True,False,False,True
2023-07-19,Kolkata,East,35.3,29.0,67.2,74.0,13.5,Heavy Rain,32.15,6.299999999999997,2023,7,July,200,Monsoon,True,False,False,False,True
2023-07-19,Mumbai,West,37.9,30.4,102.7,78.7,18.6,Heavy Rain,34.15,7.5,2023,7,July,200,Monsoon,True,False,False,False,True
2023-07-20,Bengaluru,South,33.8,25.3,26.6,63.9,11.0,Rain,29.549999999999997,8.499999999999996,2023,7,July,201,Monsoon,False,False,False,False,False
2023-07-20,Chennai,South,33.2,26.0,0.0,51.0,4.2,Clear,29.6,7.200000000000003,2023,7,July,201,Monsoon,False,False,False,False,False
2023-07-20,Delhi,North,39.6,30.6,50.3,75.0,11.1,Rain,35.1,9.0,2023,7,July,201,Monsoon,False,False,False,False,False
2023-07-20,Jaipur,Northwest,42.7,29.2,0.0,64.7,11.9,Clear,35.95,13.500000000000004,2023,7,July,201,Monsoon,False,True,False,False,True
2023-07-20,Kolkata,East,33.4,27.1,0.0,89.9,5.7,Cloudy,30.25,6.299999999999997,2023,7,July,201,Monsoon,False,False,False,False,False
2023-07-20,Mumbai,West,29.4,24.4,0.0,73.9,2.2,Clear,26.9,5.0,2023,7,July,201,Monsoon,False,False,False,False,False
2023-07-21,Bengaluru,South,28.3,20.6,64.6,90.2,18.3,Heavy Rain,24.450000000000003,7.699999999999999,2023,7,July,202,Monsoon,True,False,False,False,True
2023-07-21,Chennai,South,33.5,27.5,0.0,57.4,9.3,Clear,30.5,6.0,2023,7,July,202,Monsoon,False,False,False,False,False
2023-07-21,Delhi,North,43.5,33.1,0.0,69.4,12.5,Clear,38.3,10.399999999999999,2023,7,July,202,Monsoon,False,True,False,False,True
2023-07-21,Jaipur,Northwest,42.7,31.2,0.0,61.2,6.0,Clear,36.95,11.500000000000004,2023,7,July,202,Monsoon,False,True,False,False,True
2023-07-21,Kolkata,East,32.4,25.5,65.1,85.8,28.5,Heavy Rain,28.95,6.899999999999999,2023,7,July,202,Monsoon,True,False,False,False,True
2023-07-21,Mumbai,West,31.1,24.1,0.0,79.9,8.6,Clear,27.6,7.0,2023,7,July,202,Monsoon,False,False,False,False,False
2023-07-22,Bengaluru,South,31.6,25.9,0.0,87.8,6.4,Cloudy,28.75,5.700000000000003,2023,7,July,203,Monsoon,False,False,False,False,False
2023-07-22,Chennai,South,38.0,30.9,38.8,42.0,11.8,Rain,34.45,7.100000000000001,2023,7,July,203,Monsoon,False,False,False,False,False
2023-07-22,Delhi,North,43.9,34.3,53.0,67.6,8.4,Rain,39.099999999999994,9.600000000000001,2023,7,July,203,Monsoon,False,True,False,False,True
2023-07-22,Jaipur,Northwest,41.6,32.3,107.4,79.4,7.1,Heavy Rain,36.95,9.300000000000004,2023,7,July,203,Monsoon,True,True,False,False,True
2023-07-22,Kolkata,East,35.8,27.3,147.5,74.0,8.9,Heavy Rain,31.549999999999997,8.499999999999996,2023,7,July,203,Monsoon,True,False,False,False,True
2023-07-22,Mumbai,West,33.3,28.1,47.6,71.3,14.1,Rain,30.7,5.199999999999996,2023,7,July,203,Monsoon,False,False,False,False,False
2023-07-23,Bengaluru,South,27.0,20.1,0.0,68.3,24.3,Clear,23.55,6.899999999999999,2023,7,July,204,Monsoon,False,False,False,False,False
2023-07-23,Chennai,South,34.9,25.8,0.0,25.7,1.4,Clear,30.35,9.099999999999998,2023,7,July,204,Monsoon,False,False,False,False,False
2023-07-23,Delhi,North,38.4,27.4,68.7,68.1,11.1,Heavy Rain,32.9,11.0,2023,7,July,204,Monsoon,True,False,False,False,True
2023-07-23,Jaipur,Northwest,43.7,33.0,0.0,59.1,6.9,Clear,38.35,10.700000000000003,2023,7,July,204,Monsoon,False,True,False,False,True
2023-07-23,Kolkata,East,36.0,29.7,160.3,79.1,9.5,Heavy Rain,32.85,6.300000000000001,2023,7,July,204,Monsoon,True,False,False,False,True
2023-07-23,Mumbai,West,35.2,26.7,21.7,78.2,7.6,Rain,30.950000000000003,8.500000000000004,2023,7,July,204,Monsoon,False,False,False,False,False
2023-07-24,Bengaluru,South,29.9,24.9,2.2,92.6,12.8,Light Rain,27.4,5.0,2023,7,July,205,Monsoon,False,False,False,False,False
2023-07-24,Chennai,South,36.4,28.2,0.0,46.8,19.1,Clear,32.3,8.2,2023,7,July,205,Monsoon,False,False,False,False,False
2023-07-24,Delhi,North,44.2,34.2,70.9,71.0,22.5,Heavy Rain,39.2,10.0,2023,7,July,205,Monsoon,True,True,False,False,True
2023-07-24,Jaipur,Northwest,41.3,32.8,15.0,72.6,17.0,Rain,37.05,8.5,2023,7,July,205,Monsoon,False,True,False,False,True
2023-07-24,Kolkata,East,32.6,26.6,0.0,75.8,16.2,Clear,29.6,6.0,2023,7,July,205,Monsoon,False,False,False,False,False
2023-07-24,Mumbai,West,31.4,24.8,110.4,92.4,9.3,Heavy Rain,28.1,6.599999999999998,2023,7,July,205,Monsoon,True,False,False,False,True
2023-07-25,Bengaluru,South,32.1,24.8,1.4,70.5,12.0,Light Rain,28.450000000000003,7.300000000000001,2023,7,July,206,Monsoon,False,False,False,False,False
2023-07-25,Chennai,South,36.4,29.1,6.9,65.8,15.8,Light Rain,32.75,7.299999999999997,2023,7,July,206,Monsoon,False,False,False,False,False
2023-07-25,Delhi,North,44.6,33.7,6.2,58.6,27.0,Light Rain,39.150000000000006,10.899999999999999,2023,7,July,206,Monsoon,False,True,False,False,True
2023-07-25,Jaipur,Northwest,44.6,32.1,168.4,79.1,10.7,Heavy Rain,38.35,12.5,2023,7,July,206,Monsoon,True,True,False,False,True
2023-07-25,Kolkata,East,33.4,27.9,26.2,85.9,15.4,Rain,30.65,5.5,2023,7,July,206,Monsoon,False,False,False,False,False
2023-07-25,Mumbai,West,29.4,23.6,0.0,66.9,11.2,Clear,26.5,5.799999999999997,2023,7,July,206,Monsoon,False,False,False,False,False
2023-07-26,Bengaluru,South,27.6,20.9,73.7,82.0,28.1,Heavy Rain,24.25,6.700000000000003,2023,7,July,207,Monsoon,True,False,False,False,True
2023-07-26,Chennai,South,38.6,28.3,40.5,83.4,13.8,Rain,33.45,10.3,2023,7,July,207,Monsoon,False,False,False,False,False
2023-07-26,Delhi,North,41.7,31.6,0.0,77.2,6.6,Clear,36.650000000000006,10.100000000000001,2023,7,July,207,Monsoon,False,True,False,False,True
2023-07-26,Jaipur,Northwest,43.9,31.8,0.0,75.5,15.3,Clear,37.85,12.099999999999998,2023,7,July,207,Monsoon,False,True,False,False,True
2023-07-26,Kolkata,East,37.2,29.9,91.6,80.3,11.8,Heavy Rain,33.55,7.300000000000004,2023,7,July,207,Monsoon,True,False,False,False,True
2023-07-26,Mumbai,West,32.2,25.0,6.5,89.6,12.3,Light Rain,28.6,7.200000000000003,2023,7,July,207,Monsoon,False,False,False,False,False
2023-07-27,Bengaluru,South,25.8,18.1,0.0,78.6,6.5,Clear,21.950000000000003,7.699999999999999,2023,7,July,208,Monsoon,False,False,False,False,False
2023-07-27,Chennai,South,34.4,27.9,22.0,49.6,8.6,Rain,31.15,6.5,2023,7,July,208,Monsoon,False,False,False,False,False
2023-07-27,Delhi,North,39.6,30.5,27.8,69.3,12.2,Rain,35.05,9.100000000000001,2023,7,July,208,Monsoon,False,False,False,False,False
2023-07-27,Jaipur,Northwest,43.3,31.1,85.1,76.0,31.9,Heavy Rain,37.2,12.199999999999996,2023,7,July,208,Monsoon,True,True,False,False,True
2023-07-27,Kolkata,East,34.0,27.8,257.4,78.7,8.8,Heavy Rain,30.9,6.199999999999999,2023,7,July,208,Monsoon,True,False,False,False,True
2023-07-27,Mumbai,West,36.9,29.1,0.0,85.4,12.4,Cloudy,33.0,7.799999999999997,2023,7,July,208,Monsoon,False,False,False,False,False
2023-07-28,Bengaluru,South,26.0,19.0,33.5,88.1,7.2,Rain,22.5,7.0,2023,7,July,209,Monsoon,False,False,False,False,False
2023-07-28,Chennai,South,33.5,28.5,2.9,70.3,11.8,Light Rain,31.0,5.0,2023,7,July,209,Monsoon,False,False,False,False,False
2023-07-28,Delhi,North,43.9,34.7,41.0,77.9,15.7,Rain,39.3,9.199999999999996,2023,7,July,209,Monsoon,False,True,False,False,True
2023-07-28,Jaipur,Northwest,43.2,33.8,72.1,55.0,14.9,Heavy Rain,38.5,9.400000000000006,2023,7,July,209,Monsoon,True,True,False,False,True
2023-07-28,Kolkata,East,36.0,30.1,98.5,84.4,20.2,Heavy Rain,33.05,5.899999999999999,2023,7,July,209,Monsoon,True,False,False,False,True
2023-07-28,Mumbai,West,36.2,29.2,0.0,78.7,9.0,Clear,32.7,7.0000000000000036,2023,7,July,209,Monsoon,False,False,False,False,False
2023-07-29,Bengaluru,South,34.0,24.6,21.6,69.6,15.4,Rain,29.3,9.399999999999999,2023,7,July,210,Monsoon,False,False,False,False,False
2023-07-29,Chennai,South,36.4,29.7,14.5,62.6,14.4,Rain,33.05,6.699999999999999,2023,7,July,210,Monsoon,False,False,False,False,False
2023-07-29,Delhi,North,38.6,27.1,18.8,88.2,14.4,Rain,32.85,11.5,2023,7,July,210,Monsoon,False,False,False,False,False
2023-07-29,Jaipur,Northwest,45.0,32.0,0.0,65.7,6.6,Clear,38.5,13.0,2023,7,July,210,Monsoon,False,True,False,False,True
2023-07-29,Kolkata,East,37.8,30.5,42.6,65.8,37.6,Rain,34.15,7.299999999999997,2023,7,July,210,Monsoon,False,False,False,False,False
2023-07-29,Mumbai,West,35.1,27.0,0.0,73.4,26.8,Clear,31.05,8.100000000000001,2023,7,July,210,Monsoon,False,False,False,False,False
2023-07-30,Bengaluru,South,30.0,22.9,83.5,90.8,11.8,Heavy Rain,26.45,7.100000000000001,2023,7,July,211,Monsoon,True,False,False,False,True
2023-07-30,Chennai,South,33.8,28.8,0.0,58.6,4.8,Clear,31.299999999999997,4.9999999999999964,2023,7,July,211,Monsoon,False,False,False,False,False
2023-07-30,Delhi,North,44.2,35.1,0.0,82.7,14.6,Cloudy,39.650000000000006,9.100000000000001,2023,7,July,211,Monsoon,False,True,False,False,True
2023-07-30,Jaipur,Northwest,42.3,30.7,310.1,71.6,17.3,Heavy Rain,36.5,11.599999999999998,2023,7,July,211,Monsoon,True,True,False,False,True
2023-07-30,Kolkata,East,37.0,27.2,0.0,73.9,6.0,Clear,32.1,9.8,2023,7,July,211,Monsoon,False,False,False,False,False
2023-07-30,Mumbai,West,31.4,26.4,61.3,78.8,14.3,Rain,28.9,5.0,2023,7,July,211,Monsoon,False,False,False,False,False
2023-07-31,Bengaluru,South,31.4,25.5,109.4,89.0,21.3,Heavy Rain,28.45,5.899999999999999,2023,7,July,212,Monsoon,True,False,False,False,True
2023-07-31,Chennai,South,36.8,29.3,28.9,70.8,23.3,Rain,33.05,7.4999999999999964,2023,7,July,212,Monsoon,False,False,False,False,False
2023-07-31,Delhi,North,44.6,32.0,0.0,73.7,9.8,Clear,38.3,12.600000000000001,2023,7,July,212,Monsoon,False,True,False,False,True
2023-07-31,Jaipur,Northwest,39.3,30.0,160.9,83.8,9.4,Heavy Rain,34.65,9.299999999999997,2023,7,July,212,Monsoon,True,False,False,False,True
2023-07-31,Kolkata,East,37.1,27.4,0.0,65.0,9.8,Clear,32.25,9.700000000000003,2023,7,July,212,Monsoon,False,False,False,False,False
2023-07-31,Mumbai,West,33.9,28.2,19.2,68.2,16.2,Rain,31.049999999999997,5.699999999999999,2023,7,July,212,Monsoon,False,False,False,False,False
2023-08-01,Bengaluru,South,28.6,23.6,0.0,63.0,8.4,Clear,26.1,5.0,2023,8,August,213,Monsoon,False,False,False,False,False
2023-08-01,Chennai,South,38.1,31.9,0.0,46.8,27.9,Clear,35.0,6.200000000000003,2023,8,August,213,Monsoon,False,False,False,False,False
2023-08-01,Delhi,North,41.8,31.9,21.3,72.4,12.6,Rain,36.849999999999994,9.899999999999999,2023,8,August,213,Monsoon,False,True,False,False,True
2023-08-01,Jaipur,Northwest,41.5,31.3,0.0,70.2,7.9,Clear,36.4,10.2,2023,8,August,213,Monsoon,False,True,False,False,True
2023-08-01,Kolkata,East,34.7,27.1,82.7,91.0,14.4,Heavy Rain,30.900000000000002,7.600000000000001,2023,8,August,213,Monsoon,True,False,False,False,True
2023-08-01,Mumbai,West,31.5,26.5,0.0,77.9,6.0,Clear,29.0,5.0,2023,8,August,213,Monsoon,False,False,False,False,False
2023-08-02,Bengaluru,South,30.2,23.0,0.0,53.1,2.6,Clear,26.6,7.199999999999999,2023,8,August,214,Monsoon,False,False,False,False,False
2023-08-02,Chennai,South,37.3,31.2,15.6,62.4,13.5,Rain,34.25,6.099999999999998,2023,8,August,214,Monsoon,False,False,False,False,False
2023-08-02,Delhi,North,42.5,31.1,105.0,61.2,24.1,Heavy Rain,36.8,11.399999999999999,2023,8,August,214,Monsoon,True,True,False,False,True
2023-08-02,Jaipur,Northwest,42.6,31.6,281.9,95.9,8.1,Heavy Rain,37.1,11.0,2023,8,August,214,Monsoon,True,True,False,False,True
2023-08-02,Kolkata,East,37.5,29.9,43.1,85.0,7.4,Rain,33.7,7.600000000000001,2023,8,August,214,Monsoon,False,False,False,False,False
2023-08-02,Mumbai,West,33.5,27.1,133.3,70.6,10.6,Heavy Rain,30.3,6.399999999999999,2023,8,August,214,Monsoon,True,False,False,False,True
2023-08-03,Bengaluru,South,27.7,21.5,0.0,55.0,17.9,Clear,24.6,6.199999999999999,2023,8,August,215,Monsoon,False,False,False,False,False
2023-08-03,Chennai,South,31.8,25.0,0.0,57.6,10.1,Clear,28.4,6.800000000000001,2023,8,August,215,Monsoon,False,False,False,False,False
2023-08-03,Delhi,North,43.1,31.8,139.2,77.4,28.5,Heavy Rain,37.45,11.3,2023,8,August,215,Monsoon,True,True,False,False,True
2023-08-03,Jaipur,Northwest,38.9,28.2,57.8,75.9,25.9,Rain,33.55,10.7,2023,8,August,215,Monsoon,False,False,False,False,False
2023-08-03,Kolkata,East,37.5,25.0,60.2,81.8,15.7,Rain,31.25,12.5,2023,8,August,215,Monsoon,False,False,False,False,False
2023-08-03,Mumbai,West,36.0,25.9,0.0,77.3,2.9,Clear,30.95,10.100000000000001,2023,8,August,215,Monsoon,False,False,False,False,False
2023-08-04,Bengaluru,South,27.0,20.6,0.0,42.8,10.2,Clear,23.8,6.399999999999999,2023,8,August,216,Monsoon,False,False,False,False,False
2023-08-04,Chennai,South,35.2,29.1,6.7,63.9,13.7,Light Rain,32.150000000000006,6.100000000000001,2023,8,August,216,Monsoon,False,False,False,False,False
2023-08-04,Delhi,North,40.3,27.0,101.5,82.0,11.9,Heavy Rain,33.65,13.299999999999997,2023,8,August,216,Monsoon,True,True,False,False,True
2023-08-04,Jaipur,Northwest,40.8,29.0,0.0,87.4,6.9,Cloudy,34.9,11.799999999999997,2023,8,August,216,Monsoon,False,True,False,False,True
2023-08-04,Kolkata,East,34.4,27.1,111.0,80.1,23.5,Heavy Rain,30.75,7.299999999999997,2023,8,August,216,Monsoon,True,False,False,False,True
2023-08-04,Mumbai,West,33.0,26.4,96.1,77.9,14.1,Heavy Rain,29.7,6.600000000000001,2023,8,August,216,Monsoon,True,False,False,False,True
2023-08-05,Bengaluru,South,29.2,20.2,0.0,46.1,8.9,Clear,24.7,9.0,2023,8,August,217,Monsoon,False,False,False,False,False
2023-08-05,Chennai,South,32.7,26.3,0.0,56.4,6.9,Clear,29.5,6.400000000000002,2023,8,August,217,Monsoon,False,False,False,False,False
2023-08-05,Delhi,North,40.3,29.6,78.7,75.3,10.1,Heavy Rain,34.95,10.699999999999996,2023,8,August,217,Monsoon,True,True,False,False,True
2023-08-05,Jaipur,Northwest,37.6,27.3,0.0,74.8,16.9,Clear,32.45,10.3,2023,8,August,217,Monsoon,False,False,False,False,False
2023-08-05,Kolkata,East,33.1,28.1,12.1,92.1,14.3,Rain,30.6,5.0,2023,8,August,217,Monsoon,False,False,False,False,False
2023-08-05,Mumbai,West,35.0,25.3,39.7,84.9,21.8,Rain,30.15,9.7,2023,8,August,217,Monsoon,False,False,False,False,False
2023-08-06,Bengaluru,South,28.0,21.1,0.0,40.0,5.7,Clear,24.55,6.899999999999999,2023,8,August,218,Monsoon,False,False,False,False,False
2023-08-06,Chennai,South,33.8,24.7,0.0,58.3,9.6,Clear,29.25,9.099999999999998,2023,8,August,218,Monsoon,False,False,False,False,False
2023-08-06,Delhi,North,43.3,31.8,0.0,61.3,6.8,Clear,37.55,11.499999999999996,2023,8,August,218,Monsoon,False,True,False,False,True
2023-08-06,Jaipur,Northwest,38.1,27.1,58.3,82.0,12.6,Rain,32.6,11.0,2023,8,August,218,Monsoon,False,False,False,False,False
2023-08-06,Kolkata,East,36.1,30.7,16.1,85.0,6.1,Rain,33.4,5.400000000000002,2023,8,August,218,Monsoon,False,False,False,False,False
2023-08-06,Mumbai,West,33.9,27.4,123.4,81.1,27.0,Heavy Rain,30.65,6.5,2023,8,August,218,Monsoon,True,False,False,False,True
2023-08-07,Bengaluru,South,28.4,23.4,0.0,55.8,9.8,Clear,25.9,5.0,2023,8,August,219,Monsoon,False,False,False,False,False
2023-08-07,Chennai,South,30.6,22.3,0.0,59.9,15.5,Clear,26.450000000000003,8.3,2023,8,August,219,Monsoon,False,False,False,False,False
2023-08-07,Delhi,North,38.9,27.2,47.6,75.4,18.0,Rain,33.05,11.7,2023,8,August,219,Monsoon,False,False,False,False,False
2023-08-07,Jaipur,Northwest,41.6,29.5,52.4,76.0,9.6,Rain,35.55,12.100000000000001,2023,8,August,219,Monsoon,False,True,False,False,True
2023-08-07,Kolkata,East,35.7,29.3,35.8,90.8,15.1,Rain,32.5,6.400000000000002,2023,8,August,219,Monsoon,False,False,False,False,False
2023-08-07,Mumbai,West,28.6,22.9,151.5,94.5,23.1,Heavy Rain,25.75,5.700000000000003,2023,8,August,219,Monsoon,True,False,False,False,True
2023-08-08,Bengaluru,South,28.8,20.5,0.0,46.6,5.9,Clear,24.65,8.3,2023,8,August,220,Monsoon,False,False,False,False,False
2023-08-08,Chennai,South,36.5,25.9,0.0,51.4,5.8,Clear,31.2,10.600000000000001,2023,8,August,220,Monsoon,False,False,False,False,False
2023-08-08,Delhi,North,41.3,30.3,32.9,75.5,7.1,Rain,35.8,10.999999999999996,2023,8,August,220,Monsoon,False,True,False,False,True
2023-08-08,Jaipur,Northwest,37.9,27.3,248.4,82.6,20.5,Heavy Rain,32.6,10.599999999999998,2023,8,August,220,Monsoon,True,False,False,False,True
2023-08-08,Kolkata,East,36.0,29.0,68.6,75.3,8.7,Heavy Rain,32.5,7.0,2023,8,August,220,Monsoon,True,False,False,False,True
2023-08-08,Mumbai,West,33.8,27.3,95.0,79.9,8.7,Heavy Rain,30.549999999999997,6.4999999999999964,2023,8,August,220,Monsoon,True,False,False,False,True
2023-08-09,Bengaluru,South,31.4,23.1,5.4,56.3,5.5,Light Rain,27.25,8.299999999999997,2023,8,August,221,Monsoon,False,False,False,False,False
2023-08-09,Chennai,South,35.3,27.4,0.0,70.3,26.4,Clear,31.349999999999998,7.899999999999999,2023,8,August,221,Monsoon,False,False,False,False,False
2023-08-09,Delhi,North,41.4,31.0,9.8,63.1,7.9,Light Rain,36.2,10.399999999999999,2023,8,August,221,Monsoon,False,True,False,False,True
2023-08-09,Jaipur,Northwest,44.4,33.9,0.0,56.1,12.1,Clear,39.15,10.5,2023,8,August,221,Monsoon,False,True,False,False,True
2023-08-09,Kolkata,East,33.1,24.7,45.7,81.8,12.0,Rain,28.9,8.400000000000002,2023,8,August,221,Monsoon,False,False,False,False,False
2023-08-09,Mumbai,West,35.1,27.0,0.0,68.8,9.9,Clear,31.05,8.100000000000001,2023,8,August,221,Monsoon,False,False,False,False,False
2023-08-10,Bengaluru,South,29.0,22.3,0.0,45.3,5.7,Clear,25.65,6.699999999999999,2023,8,August,222,Monsoon,False,False,False,False,False
2023-08-10,Chennai,South,37.3,28.6,0.0,58.3,15.5,Clear,32.95,8.699999999999996,2023,8,August,222,Monsoon,False,False,False,False,False
2023-08-10,Delhi,North,42.0,30.5,120.5,79.1,9.0,Heavy Rain,36.25,11.5,2023,8,August,222,Monsoon,True,True,False,False,True
2023-08-10,Jaipur,Northwest,42.1,30.9,0.0,74.1,19.3,Clear,36.5,11.200000000000003,2023,8,August,222,Monsoon,False,True,False,False,True
2023-08-10,Kolkata,East,35.7,27.5,35.8,99.3,22.8,Rain,31.6,8.200000000000003,2023,8,August,222,Monsoon,False,False,False,False,False
2023-08-10,Mumbai,West,34.1,27.4,9.1,81.9,5.9,Light Rain,30.75,6.700000000000003,2023,8,August,222,Monsoon,False,False,False,False,False
2023-08-11,Bengaluru,South,29.7,24.7,0.0,53.7,1.6,Clear,27.2,5.0,2023,8,August,223,Monsoon,False,False,False,False,False
2023-08-11,Chennai,South,34.9,28.6,0.0,54.8,1.5,Clear,31.75,6.299999999999997,2023,8,August,223,Monsoon,False,False,False,False,False
2023-08-11,Delhi,North,42.6,33.5,100.9,75.6,17.1,Heavy Rain,38.05,9.100000000000001,2023,8,August,223,Monsoon,True,True,False,False,True
2023-08-11,Jaipur,Northwest,40.7,29.0,119.7,75.2,15.0,Heavy Rain,34.85,11.700000000000003,2023,8,August,223,Monsoon,True,True,False,False,True
2023-08-11,Kolkata,East,33.2,28.2,10.4,100.0,5.9,Rain,30.700000000000003,5.0000000000000036,2023,8,August,223,Monsoon,False,False,False,False,False
2023-08-11,Mumbai,West,32.5,25.2,3.1,75.9,11.3,Light Rain,28.85,7.300000000000001,2023,8,August,223,Monsoon,False,False,False,False,False
2023-08-12,Bengaluru,South,30.4,24.4,0.0,44.1,3.4,Clear,27.4,6.0,2023,8,August,224,Monsoon,False,False,False,False,False
2023-08-12,Chennai,South,32.5,27.5,3.5,64.9,27.0,Light Rain,30.0,5.0,2023,8,August,224,Monsoon,False,False,False,False,False
2023-08-12,Delhi,North,38.9,28.2,7.1,73.8,7.6,Light Rain,33.55,10.7,2023,8,August,224,Monsoon,False,False,False,False,False
2023-08-12,Jaipur,Northwest,42.4,30.7,18.9,77.5,8.3,Rain,36.55,11.7,2023,8,August,224,Monsoon,False,True,False,False,True
2023-08-12,Kolkata,East,32.0,25.8,177.8,76.5,19.4,Heavy Rain,28.9,6.199999999999999,2023,8,August,224,Monsoon,True,False,False,False,True
2023-08-12,Mumbai,West,33.0,25.4,0.0,80.6,19.3,Clear,29.2,7.600000000000001,2023,8,August,224,Monsoon,False,False,False,False,False
2023-08-13,Bengaluru,South,30.7,24.6,0.0,46.1,3.1,Clear,27.65,6.099999999999998,2023,8,August,225,Monsoon,False,False,False,False,False
2023-08-13,Chennai,South,34.8,29.8,0.0,41.0,4.5,Clear,32.3,4.9999999999999964,2023,8,August,225,Monsoon,False,False,False,False,False
2023-08-13,Delhi,North,43.7,32.8,99.3,63.4,8.7,Heavy Rain,38.25,10.900000000000006,2023,8,August,225,Monsoon,True,True,False,False,True
2023-08-13,Jaipur,Northwest,42.6,32.1,59.7,71.1,12.8,Rain,37.35,10.5,2023,8,August,225,Monsoon,False,True,False,False,True
2023-08-13,Kolkata,East,38.8,31.2,28.2,85.0,11.6,Rain,35.0,7.599999999999998,2023,8,August,225,Monsoon,False,False,False,False,False
2023-08-13,Mumbai,West,32.4,22.6,11.0,76.8,17.9,Rain,27.5,9.799999999999997,2023,8,August,225,Monsoon,False,False,False,False,False
2023-08-14,Bengaluru,South,28.3,23.3,0.0,48.6,33.9,Clear,25.8,5.0,2023,8,August,226,Monsoon,False,False,False,False,False
2023-08-14,Chennai,South,37.0,31.4,18.7,66.2,13.6,Rain,34.2,5.600000000000001,2023,8,August,226,Monsoon,False,False,False,False,False
2023-08-14,Delhi,North,40.3,29.5,88.4,84.1,13.4,Heavy Rain,34.9,10.799999999999997,2023,8,August,226,Monsoon,True,True,False,False,True
2023-08-14,Jaipur,Northwest,46.6,33.8,1.7,81.1,9.0,Light Rain,40.2,12.800000000000004,2023,8,August,226,Monsoon,False,True,False,False,True
2023-08-14,Kolkata,East,34.9,25.5,39.3,71.7,43.7,Rain,30.2,9.399999999999999,2023,8,August,226,Monsoon,False,False,False,True,True
2023-08-14,Mumbai,West,36.0,26.9,93.5,80.9,8.2,Heavy Rain,31.45,9.100000000000001,2023,8,August,226,Monsoon,True,False,False,False,True
2023-08-15,Bengaluru,South,28.1,19.4,3.7,54.1,27.2,Light Rain,23.75,8.700000000000003,2023,8,August,227,Monsoon,False,False,False,False,False
2023-08-15,Chennai,South,37.3,31.0,0.0,50.9,15.9,Clear,34.15,6.299999999999997,2023,8,August,227,Monsoon,False,False,False,False,False
2023-08-15,Delhi,North,38.9,29.7,125.0,77.7,13.5,Heavy Rain,34.3,9.2,2023,8,August,227,Monsoon,True,False,False,False,True
2023-08-15,Jaipur,Northwest,44.8,33.0,49.4,70.8,13.7,Rain,38.9,11.799999999999997,2023,8,August,227,Monsoon,False,True,False,False,True
2023-08-15,Kolkata,East,35.0,25.4,21.4,88.1,7.7,Rain,30.2,9.600000000000001,2023,8,August,227,Monsoon,False,False,False,False,False
2023-08-15,Mumbai,West,33.8,26.0,36.2,80.6,13.1,Rain,29.9,7.799999999999997,2023,8,August,227,Monsoon,False,False,False,False,False
2023-08-16,Bengaluru,South,26.5,17.1,0.0,46.2,1.3,Clear,21.8,9.399999999999999,2023,8,August,228,Monsoon,False,False,False,False,False
2023-08-16,Chennai,South,34.5,26.5,10.0,63.1,13.9,Light Rain,30.5,8.0,2023,8,August,228,Monsoon,False,False,False,False,False
2023-08-16,Delhi,North,39.0,28.1,103.2,81.5,18.0,Heavy Rain,33.55,10.899999999999999,2023,8,August,228,Monsoon,True,False,False,False,True
2023-08-16,Jaipur,Northwest,41.9,29.4,25.4,78.6,12.1,Rain,35.65,12.5,2023,8,August,228,Monsoon,False,True,False,False,True
2023-08-16,Kolkata,East,35.0,28.0,185.3,74.8,13.2,Heavy Rain,31.5,7.0,2023,8,August,228,Monsoon,True,False,False,False,True
2023-08-16,Mumbai,West,33.1,26.5,0.0,77.0,2.1,Clear,29.8,6.600000000000001,2023,8,August,228,Monsoon,False,False,False,False,False
2023-08-17,Bengaluru,South,29.1,20.2,4.8,46.3,5.7,Light Rain,24.65,8.900000000000002,2023,8,August,229,Monsoon,False,False,False,False,False
2023-08-17,Chennai,South,32.3,25.2,7.8,77.5,30.5,Light Rain,28.75,7.099999999999998,2023,8,August,229,Monsoon,False,False,False,False,False
2023-08-17,Delhi,North,43.4,30.7,0.0,59.3,7.6,Clear,37.05,12.7,2023,8,August,229,Monsoon,False,True,False,False,True
2023-08-17,Jaipur,Northwest,40.2,28.9,67.9,83.4,9.9,Heavy Rain,34.55,11.300000000000004,2023,8,August,229,Monsoon,True,True,False,False,True
2023-08-17,Kolkata,East,37.0,30.4,117.9,72.2,13.3,Heavy Rain,33.7,6.600000000000001,2023,8,August,229,Monsoon,True,False,False,False,True
2023-08-17,Mumbai,West,35.2,29.0,0.0,81.4,9.2,Clear,32.1,6.200000000000003,2023,8,August,229,Monsoon,False,False,False,False,False
2023-08-18,Bengaluru,South,26.8,19.7,0.0,37.3,21.7,Clear,23.25,7.100000000000001,2023,8,August,230,Monsoon,False,False,False,False,False
2023-08-18,Chennai,South,36.8,29.5,0.0,53.3,10.7,Clear,33.15,7.299999999999997,2023,8,August,230,Monsoon,False,False,False,False,False
2023-08-18,Delhi,North,41.9,29.7,0.0,61.7,6.8,Clear,35.8,12.2,2023,8,August,230,Monsoon,False,True,False,False,True
2023-08-18,Jaipur,Northwest,43.1,30.4,29.0,91.5,19.9,Rain,36.75,12.700000000000003,2023,8,August,230,Monsoon,False,True,False,False,True
2023-08-18,Kolkata,East,34.4,28.3,31.2,84.6,15.1,Rain,31.35,6.099999999999998,2023,8,August,230,Monsoon,False,False,False,False,False
2023-08-18,Mumbai,West,36.9,27.7,0.0,74.8,17.8,Clear,32.3,9.2,2023,8,August,230,Monsoon,False,False,False,False,False
2023-08-19,Bengaluru,South,31.1,24.6,0.0,43.9,9.0,Clear,27.85,6.5,2023,8,August,231,Monsoon,False,False,False,False,False
2023-08-19,Chennai,South,36.5,29.1,10.6,64.7,7.7,Rain,32.8,7.399999999999999,2023,8,August,231,Monsoon,False,False,False,False,False
2023-08-19,Delhi,North,37.4,26.0,169.2,66.3,20.4,Heavy Rain,31.7,11.399999999999999,2023,8,August,231,Monsoon,True,False,False,False,True
2023-08-19,Jaipur,Northwest,39.9,28.3,0.0,83.1,12.6,Cloudy,34.1,11.599999999999998,2023,8,August,231,Monsoon,False,False,False,False,False
2023-08-19,Kolkata,East,32.3,22.5,42.6,91.1,15.4,Rain,27.4,9.799999999999997,2023,8,August,231,Monsoon,False,False,False,False,False
2023-08-19,Mumbai,West,35.5,28.6,27.7,85.4,18.7,Rain,32.05,6.899999999999999,2023,8,August,231,Monsoon,False,False,False,False,False
2023-08-20,Bengaluru,South,28.6,20.4,0.0,50.6,4.8,Clear,24.5,8.200000000000003,2023,8,August,232,Monsoon,False,False,False,False,False
2023-08-20,Chennai,South,35.5,29.8,0.0,57.6,7.0,Clear,32.65,5.699999999999999,2023,8,August,232,Monsoon,False,False,False,False,False
2023-08-20,Delhi,North,40.4,29.7,0.0,71.5,5.6,Clear,35.05,10.7,2023,8,August,232,Monsoon,False,True,False,False,True
2023-08-20,Jaipur,Northwest,40.2,30.0,0.0,77.2,8.4,Clear,35.1,10.200000000000003,2023,8,August,232,Monsoon,False,True,False,False,True
2023-08-20,Kolkata,East,36.9,27.6,116.4,71.6,15.8,Heavy Rain,32.25,9.299999999999997,2023,8,August,232,Monsoon,True,False,False,False,True
2023-08-20,Mumbai,West,36.8,27.4,50.9,74.5,23.3,Rain,32.099999999999994,9.399999999999999,2023,8,August,232,Monsoon,False,False,False,False,False
2023-08-21,Bengaluru,South,26.3,20.8,0.0,51.8,24.5,Clear,23.55,5.5,2023,8,August,233,Monsoon,False,False,False,False,False
2023-08-21,Chennai,South,37.0,28.2,11.9,57.1,14.3,Rain,32.6,8.8,2023,8,August,233,Monsoon,False,False,False,False,False
2023-08-21,Delhi,North,38.7,25.9,14.0,63.0,10.0,Rain,32.3,12.800000000000004,2023,8,August,233,Monsoon,False,False,False,False,False
2023-08-21,Jaipur,Northwest,37.9,28.8,20.0,80.4,15.3,Rain,33.35,9.099999999999998,2023,8,August,233,Monsoon,False,False,False,False,False
2023-08-21,Kolkata,East,30.6,24.7,67.9,83.5,16.7,Heavy Rain,27.65,5.900000000000002,2023,8,August,233,Monsoon,True,False,False,False,True
2023-08-21,Mumbai,West,29.8,24.8,40.5,79.0,20.6,Rain,27.3,5.0,2023,8,August,233,Monsoon,False,False,False,False,False
2023-08-22,Bengaluru,South,31.1,22.2,0.0,50.9,17.0,Clear,26.65,8.900000000000002,2023,8,August,234,Monsoon,False,False,False,False,False
2023-08-22,Chennai,South,36.4,27.3,14.2,68.5,27.8,Rain,31.85,9.099999999999998,2023,8,August,234,Monsoon,False,False,False,False,False
2023-08-22,Delhi,North,39.6,27.0,170.5,80.3,16.9,Heavy Rain,33.3,12.600000000000001,2023,8,August,234,Monsoon,True,False,False,False,True
2023-08-22,Jaipur,Northwest,41.3,32.6,60.9,76.4,18.8,Rain,36.95,8.699999999999996,2023,8,August,234,Monsoon,False,True,False,False,True
2023-08-22,Kolkata,East,35.9,30.9,145.4,78.3,6.9,Heavy Rain,33.4,5.0,2023,8,August,234,Monsoon,True,False,False,False,True
2023-08-22,Mumbai,West,31.0,26.0,0.0,70.2,10.4,Clear,28.5,5.0,2023,8,August,234,Monsoon,False,False,False,False,False
2023-08-23,Bengaluru,South,28.0,19.7,0.0,41.1,5.9,Clear,23.85,8.3,2023,8,August,235,Monsoon,False,False,False,False,False
2023-08-23,Chennai,South,35.5,30.5,19.5,58.2,5.7,Rain,33.0,5.0,2023,8,August,235,Monsoon,False,False,False,False,False
2023-08-23,Delhi,North,38.3,27.5,98.7,86.5,7.8,Heavy Rain,32.9,10.799999999999997,2023,8,August,235,Monsoon,True,False,False,False,True
2023-08-23,Jaipur,Northwest,41.5,33.3,68.1,91.1,13.5,Heavy Rain,37.4,8.200000000000003,2023,8,August,235,Monsoon,True,True,False,False,True
2023-08-23,Kolkata,East,36.7,28.8,0.0,73.3,33.4,Clear,32.75,7.900000000000002,2023,8,August,235,Monsoon,False,False,False,False,False
2023-08-23,Mumbai,West,32.5,27.4,170.6,77.9,8.2,Heavy Rain,29.95,5.100000000000001,2023,8,August,235,Monsoon,True,False,False,False,True
2023-08-24,Bengaluru,South,27.4,20.2,0.0,58.4,9.1,Clear,23.799999999999997,7.199999999999999,2023,8,August,236,Monsoon,False,False,False,False,False
2023-08-24,Chennai,South,35.3,26.7,5.5,64.1,7.6,Light Rain,31.0,8.599999999999998,2023,8,August,236,Monsoon,False,False,False,False,False
2023-08-24,Delhi,North,39.4,27.0,48.2,59.9,10.8,Rain,33.2,12.399999999999999,2023,8,August,236,Monsoon,False,False,False,False,False
2023-08-24,Jaipur,Northwest,41.7,32.8,0.0,65.7,15.7,Clear,37.25,8.900000000000006,2023,8,August,236,Monsoon,False,True,False,False,True
2023-08-24,Kolkata,East,37.4,30.1,72.9,63.7,13.6,Heavy Rain,33.75,7.299999999999997,2023,8,August,236,Monsoon,True,False,False,False,True
2023-08-24,Mumbai,West,34.2,28.4,0.0,69.2,6.2,Clear,31.3,5.800000000000004,2023,8,August,236,Monsoon,False,False,False,False,False
2023-08-25,Bengaluru,South,27.3,19.3,0.0,44.2,2.1,Clear,23.3,8.0,2023,8,August,237,Monsoon,False,False,False,False,False
2023-08-25,Chennai,South,31.1,25.1,0.0,63.9,5.2,Clear,28.1,6.0,2023,8,August,237,Monsoon,False,False,False,False,False
2023-08-25,Delhi,North,38.6,28.7,14.5,72.5,11.3,Rain,33.65,9.900000000000002,2023,8,August,237,Monsoon,False,False,False,False,False
2023-08-25,Jaipur,Northwest,38.8,26.3,67.8,78.2,25.5,Heavy Rain,32.55,12.499999999999996,2023,8,August,237,Monsoon,True,False,False,False,True
2023-08-25,Kolkata,East,34.6,26.5,43.0,89.3,12.2,Rain,30.55,8.100000000000001,2023,8,August,237,Monsoon,False,False,False,False,False
2023-08-25,Mumbai,West,33.4,24.8,19.9,63.4,11.5,Rain,29.1,8.599999999999998,2023,8,August,237,Monsoon,False,False,False,False,False
2023-08-26,Bengaluru,South,30.9,21.6,0.0,53.1,1.0,Clear,26.25,9.299999999999997,2023,8,August,238,Monsoon,False,False,False,False,False
2023-08-26,Chennai,South,34.7,25.6,0.0,50.1,14.1,Clear,30.150000000000002,9.100000000000001,2023,8,August,238,Monsoon,False,False,False,False,False
2023-08-26,Delhi,North,40.0,30.0,23.3,79.4,17.3,Rain,35.0,10.0,2023,8,August,238,Monsoon,False,True,False,False,True
2023-08-26,Jaipur,Northwest,41.4,29.8,27.3,71.7,32.2,Rain,35.6,11.599999999999998,2023,8,August,238,Monsoon,False,True,False,False,True
2023-08-26,Kolkata,East,32.1,26.2,45.9,79.0,14.5,Rain,29.15,5.900000000000002,2023,8,August,238,Monsoon,False,False,False,False,False
2023-08-26,Mumbai,West,31.0,22.4,0.0,68.6,8.0,Clear,26.7,8.600000000000001,2023,8,August,238,Monsoon,False,False,False,False,False
2023-08-27,Bengaluru,South,28.4,20.2,2.1,55.7,8.9,Light Rain,24.299999999999997,8.2,2023,8,August,239,Monsoon,False,False,False,False,False
2023-08-27,Chennai,South,33.1,27.0,52.3,51.4,20.5,Rain,30.05,6.100000000000001,2023,8,August,239,Monsoon,False,False,False,False,False
2023-08-27,Delhi,North,42.0,30.0,0.0,56.4,6.7,Clear,36.0,12.0,2023,8,August,239,Monsoon,False,True,False,False,True
2023-08-27,Jaipur,Northwest,37.2,26.5,0.0,73.1,4.3,Clear,31.85,10.700000000000003,2023,8,August,239,Monsoon,False,False,False,False,False
2023-08-27,Kolkata,East,32.3,26.1,32.4,85.3,13.2,Rain,29.2,6.199999999999996,2023,8,August,239,Monsoon,False,False,False,False,False
2023-08-27,Mumbai,West,34.3,25.5,200.3,72.7,23.8,Heavy Rain,29.9,8.799999999999997,2023,8,August,239,Monsoon,True,False,False,False,True
2023-08-28,Bengaluru,South,26.7,21.7,0.0,55.6,12.5,Clear,24.2,5.0,2023,8,August,240,Monsoon,False,False,False,False,False
2023-08-28,Chennai,South,34.1,26.8,0.0,47.6,11.1,Clear,30.450000000000003,7.300000000000001,2023,8,August,240,Monsoon,False,False,False,False,False
2023-08-28,Delhi,North,38.0,26.8,0.0,53.6,4.9,Clear,32.4,11.2,2023,8,August,240,Monsoon,False,False,False,False,False
2023-08-28,Jaipur,Northwest,38.5,29.8,0.0,63.5,9.1,Clear,34.15,8.7,2023,8,August,240,Monsoon,False,False,False,False,False
2023-08-28,Kolkata,East,33.7,26.6,113.6,87.4,15.3,Heavy Rain,30.150000000000002,7.100000000000001,2023,8,August,240,Monsoon,True,False,False,False,True
2023-08-28,Mumbai,West,33.2,26.5,16.8,92.2,15.6,Rain,29.85,6.700000000000003,2023,8,August,240,Monsoon,False,False,False,False,False
2023-08-29,Bengaluru,South,27.5,19.8,0.0,51.7,9.5,Clear,23.65,7.699999999999999,2023,8,August,241,Monsoon,False,False,False,False,False
2023-08-29,Chennai,South,35.0,24.2,7.1,59.9,8.4,Light Rain,29.6,10.8,2023,8,August,241,Monsoon,False,False,False,False,False
2023-08-29,Delhi,North,40.4,30.1,78.0,72.4,22.3,Heavy Rain,35.25,10.299999999999997,2023,8,August,241,Monsoon,True,True,False,False,True
2023-08-29,Jaipur,Northwest,39.8,29.9,132.1,66.6,15.4,Heavy Rain,34.849999999999994,9.899999999999999,2023,8,August,241,Monsoon,True,False,False,False,True
2023-08-29,Kolkata,East,31.3,23.3,38.0,77.4,8.7,Rain,27.3,8.0,2023,8,August,241,Monsoon,False,False,False,False,False
2023-08-29,Mumbai,West,36.3,27.3,10.0,76.9,6.3,Light Rain,31.799999999999997,8.999999999999996,2023,8,August,241,Monsoon,False,False,False,False,False
2023-08-30,Bengaluru,South,28.2,23.2,0.0,52.2,13.6,Clear,25.7,5.0,2023,8,August,242,Monsoon,False,False,False,False,False
2023-08-30,Chennai,South,34.1,26.5,5.0,62.2,13.2,Light Rain,30.3,7.600000000000001,2023,8,August,242,Monsoon,False,False,False,False,False
2023-08-30,Delhi,North,37.3,26.7,6.3,72.2,11.7,Light Rain,32.0,10.599999999999998,2023,8,August,242,Monsoon,False,False,False,False,False
2023-08-30,Jaipur,Northwest,40.6,27.8,58.0,85.1,7.9,Rain,34.2,12.8,2023,8,August,242,Monsoon,False,True,False,False,True
2023-08-30,Kolkata,East,33.2,24.3,0.0,72.8,2.0,Clear,28.75,8.900000000000002,2023,8,August,242,Monsoon,False,False,False,False,False
2023-08-30,Mumbai,West,31.9,25.4,10.6,80.3,10.1,Rain,28.65,6.5,2023,8,August,242,Monsoon,False,False,False,False,False
2023-08-31,Bengaluru,South,30.5,23.5,0.0,54.0,8.1,Clear,27.0,7.0,2023,8,August,243,Monsoon,False,False,False,False,False
2023-08-31,Chennai,South,35.1,29.6,60.3,42.6,7.5,Rain,32.35,5.5,2023,8,August,243,Monsoon,False,False,False,False,False
2023-08-31,Delhi,North,33.8,25.3,57.4,80.9,11.6,Rain,29.549999999999997,8.499999999999996,2023,8,August,243,Monsoon,False,False,False,False,False
2023-08-31,Jaipur,Northwest,39.8,28.5,38.5,73.6,7.2,Rain,34.15,11.299999999999997,2023,8,August,243,Monsoon,False,False,False,False,False
2023-08-31,Kolkata,East,33.7,26.4,104.2,91.4,13.1,Heavy Rain,30.05,7.300000000000004,2023,8,August,243,Monsoon,True,False,False,False,True
2023-08-31,Mumbai,West,36.0,28.2,35.9,90.1,11.9,Rain,32.1,7.800000000000001,2023,8,August,243,Monsoon,False,False,False,False,False
2023-09-01,Bengaluru,South,30.4,23.2,0.0,60.4,6.2,Clear,26.799999999999997,7.199999999999999,2023,9,September,244,Monsoon,False,False,False,False,False
2023-09-01,Chennai,South,33.8,25.0,0.0,35.5,5.3,Clear,29.4,8.799999999999997,2023,9,September,244,Monsoon,False,False,False,False,False
2023-09-01,Delhi,North,39.8,27.4,14.6,78.2,14.2,Rain,33.599999999999994,12.399999999999999,2023,9,September,244,Monsoon,False,False,False,False,False
2023-09-01,Jaipur,Northwest,38.5,29.3,61.5,77.2,13.1,Rain,33.9,9.2,2023,9,September,244,Monsoon,False,False,False,False,False
2023-09-01,Kolkata,East,37.4,29.1,0.0,76.9,8.0,Clear,33.25,8.299999999999997,2023,9,September,244,Monsoon,False,False,False,False,False
2023-09-01,Mumbai,West,33.0,23.7,0.0,66.4,7.6,Clear,28.35,9.3,2023,9,September,244,Monsoon,False,False,False,False,False
2023-09-02,Bengaluru,South,31.9,24.2,10.0,65.9,17.5,Light Rain,28.049999999999997,7.699999999999999,2023,9,September,245,Monsoon,False,False,False,False,False
2023-09-02,Chennai,South,32.5,25.3,0.0,48.8,6.5,Clear,28.9,7.199999999999999,2023,9,September,245,Monsoon,False,False,False,False,False
2023-09-02,Delhi,North,38.8,28.0,18.5,74.0,11.5,Rain,33.4,10.799999999999997,2023,9,September,245,Monsoon,False,False,False,False,False
2023-09-02,Jaipur,Northwest,37.6,27.6,0.0,62.4,9.4,Clear,32.6,10.0,2023,9,September,245,Monsoon,False,False,False,False,False
2023-09-02,Kolkata,East,32.2,23.6,0.0,71.7,4.0,Clear,27.900000000000002,8.600000000000001,2023,9,September,245,Monsoon,False,False,False,False,False
2023-09-02,Mumbai,West,37.1,30.4,43.9,92.8,23.6,Rain,33.75,6.700000000000003,2023,9,September,245,Monsoon,False,False,False,False,False
2023-09-03,Bengaluru,South,30.2,21.3,0.0,47.3,13.9,Clear,25.75,8.899999999999999,2023,9,September,246,Monsoon,False,False,False,False,False
2023-09-03,Chennai,South,35.7,28.3,0.0,43.8,14.4,Clear,32.0,7.400000000000002,2023,9,September,246,Monsoon,False,False,False,False,False
2023-09-03,Delhi,North,36.3,25.5,161.6,92.0,9.1,Heavy Rain,30.9,10.799999999999997,2023,9,September,246,Monsoon,True,False,False,False,True
2023-09-03,Jaipur,Northwest,38.3,26.3,72.0,81.1,13.0,Heavy Rain,32.3,11.999999999999996,2023,9,September,246,Monsoon,True,False,False,False,True
2023-09-03,Kolkata,East,34.6,27.0,37.4,84.0,17.3,Rain,30.8,7.600000000000001,2023,9,September,246,Monsoon,False,False,False,False,False
2023-09-03,Mumbai,West,32.8,24.5,96.2,66.5,9.2,Heavy Rain,28.65,8.299999999999997,2023,9,September,246,Monsoon,True,False,False,False,True
2023-09-04,Bengaluru,South,29.1,22.5,27.4,52.3,26.6,Rain,25.8,6.600000000000001,2023,9,September,247,Monsoon,False,False,False,False,False
2023-09-04,Chennai,South,38.3,31.8,69.3,72.4,19.9,Heavy Rain,35.05,6.4999999999999964,2023,9,September,247,Monsoon,True,False,False,False,True
2023-09-04,Delhi,North,37.8,26.5,56.5,84.5,19.9,Rain,32.15,11.299999999999997,2023,9,September,247,Monsoon,False,False,False,False,False
2023-09-04,Jaipur,Northwest,40.0,29.6,0.0,72.0,9.3,Clear,34.8,10.399999999999999,2023,9,September,247,Monsoon,False,True,False,False,True
2023-09-04,Kolkata,East,31.8,24.0,0.0,59.3,3.0,Clear,27.9,7.800000000000001,2023,9,September,247,Monsoon,False,False,False,False,False
2023-09-04,Mumbai,West,35.4,28.7,239.0,77.2,18.7,Heavy Rain,32.05,6.699999999999999,2023,9,September,247,Monsoon,True,False,False,False,True
2023-09-05,Bengaluru,South,28.5,19.2,0.0,57.0,12.3,Clear,23.85,9.3,2023,9,September,248,Monsoon,False,False,False,False,False
2023-09-05,Chennai,South,35.5,27.0,16.5,68.1,21.1,Rain,31.25,8.5,2023,9,September,248,Monsoon,False,False,False,False,False
2023-09-05,Delhi,North,37.3,26.3,20.8,71.6,5.5,Rain,31.799999999999997,10.999999999999996,2023,9,September,248,Monsoon,False,False,False,False,False
2023-09-05,Jaipur,Northwest,39.9,29.4,0.0,62.0,28.3,Clear,34.65,10.5,2023,9,September,248,Monsoon,False,False,False,False,False
2023-09-05,Kolkata,East,36.3,29.5,0.0,74.3,6.2,Clear,32.9,6.799999999999997,2023,9,September,248,Monsoon,False,False,False,False,False
2023-09-05,Mumbai,West,31.0,24.8,0.0,82.5,10.6,Cloudy,27.9,6.199999999999999,2023,9,September,248,Monsoon,False,False,False,False,False
2023-09-06,Bengaluru,South,30.6,23.1,0.0,53.7,10.7,Clear,26.85,7.5,2023,9,September,249,Monsoon,False,False,False,False,False
2023-09-06,Chennai,South,35.9,28.8,28.1,60.8,14.5,Rain,32.35,7.099999999999998,2023,9,September,249,Monsoon,False,False,False,False,False
2023-09-06,Delhi,North,40.9,28.2,0.0,71.7,10.4,Clear,34.55,12.7,2023,9,September,249,Monsoon,False,True,False,False,True
2023-09-06,Jaipur,Northwest,38.9,26.6,0.0,58.8,11.3,Clear,32.75,12.299999999999997,2023,9,September,249,Monsoon,False,False,False,False,False
2023-09-06,Kolkata,East,32.2,25.1,0.0,85.2,17.3,Cloudy,28.650000000000002,7.100000000000001,2023,9,September,249,Monsoon,False,False,False,False,False
2023-09-06,Mumbai,West,35.1,25.1,53.3,87.9,14.8,Rain,30.1,10.0,2023,9,September,249,Monsoon,False,False,False,False,False
2023-09-07,Bengaluru,South,26.4,21.4,0.0,65.8,6.1,Clear,23.9,5.0,2023,9,September,250,Monsoon,False,False,False,False,False
2023-09-07,Chennai,South,31.3,26.2,14.9,66.5,19.1,Rain,28.75,5.100000000000001,2023,9,September,250,Monsoon,False,False,False,False,False
2023-09-07,Delhi,North,37.3,25.5,56.7,77.7,11.7,Rain,31.4,11.799999999999997,2023,9,September,250,Monsoon,False,False,False,False,False
2023-09-07,Jaipur,Northwest,37.4,26.7,66.2,92.2,19.5,Heavy Rain,32.05,10.7,2023,9,September,250,Monsoon,True,False,False,False,True
2023-09-07,Kolkata,East,32.3,24.2,163.9,87.3,13.6,Heavy Rain,28.25,8.099999999999998,2023,9,September,250,Monsoon,True,False,False,False,True
2023-09-07,Mumbai,West,34.1,25.6,10.0,87.8,10.2,Rain,29.85,8.5,2023,9,September,250,Monsoon,False,False,False,False,False
2023-09-08,Bengaluru,South,25.6,18.5,5.1,42.6,6.8,Light Rain,22.05,7.100000000000001,2023,9,September,251,Monsoon,False,False,False,False,False
2023-09-08,Chennai,South,37.3,30.0,9.6,68.0,20.6,Light Rain,33.65,7.299999999999997,2023,9,September,251,Monsoon,False,False,False,False,False
2023-09-08,Delhi,North,38.8,29.2,43.0,68.7,11.8,Rain,34.0,9.599999999999998,2023,9,September,251,Monsoon,False,False,False,False,False
2023-09-08,Jaipur,Northwest,38.6,25.0,171.2,83.4,8.1,Heavy Rain,31.8,13.600000000000001,2023,9,September,251,Monsoon,True,False,False,False,True
2023-09-08,Kolkata,East,32.8,24.4,98.1,78.0,18.6,Heavy Rain,28.599999999999998,8.399999999999999,2023,9,September,251,Monsoon,True,False,False,False,True
2023-09-08,Mumbai,West,30.2,24.7,46.5,88.0,14.2,Rain,27.45,5.5,2023,9,September,251,Monsoon,False,False,False,False,False
2023-09-09,Bengaluru,South,29.3,22.6,28.3,60.6,25.7,Rain,25.950000000000003,6.699999999999999,2023,9,September,252,Monsoon,False,False,False,False,False
2023-09-09,Chennai,South,34.8,27.0,17.7,56.3,16.9,Rain,30.9,7.799999999999997,2023,9,September,252,Monsoon,False,False,False,False,False
2023-09-09,Delhi,North,35.0,23.2,0.0,59.2,19.5,Clear,29.1,11.8,2023,9,September,252,Monsoon,False,False,False,False,False
2023-09-09,Jaipur,Northwest,37.8,26.0,21.7,85.9,29.6,Rain,31.9,11.799999999999997,2023,9,September,252,Monsoon,False,False,False,False,False
2023-09-09,Kolkata,East,31.1,25.8,43.0,84.7,13.3,Rain,28.450000000000003,5.300000000000001,2023,9,September,252,Monsoon,False,False,False,False,False
2023-09-09,Mumbai,West,31.8,25.4,47.7,75.3,16.5,Rain,28.6,6.400000000000002,2023,9,September,252,Monsoon,False,False,False,False,False
2023-09-10,Bengaluru,South,29.1,21.4,0.0,40.8,6.0,Clear,25.25,7.700000000000003,2023,9,September,253,Monsoon,False,False,False,False,False
2023-09-10,Chennai,South,34.3,28.4,9.2,61.4,14.4,Light Rain,31.349999999999998,5.899999999999999,2023,9,September,253,Monsoon,False,False,False,False,False
2023-09-10,Delhi,North,35.1,24.4,147.9,86.9,18.8,Heavy Rain,29.75,10.700000000000003,2023,9,September,253,Monsoon,True,False,False,False,True
2023-09-10,Jaipur,Northwest,39.2,26.8,28.0,72.0,17.9,Rain,33.0,12.400000000000002,2023,9,September,253,Monsoon,False,False,False,False,False
2023-09-10,Kolkata,East,34.2,27.4,129.7,77.0,28.1,Heavy Rain,30.8,6.800000000000004,2023,9,September,253,Monsoon,True,False,False,False,True
2023-09-10,Mumbai,West,33.3,27.3,0.0,68.9,6.2,Clear,30.299999999999997,5.9999999999999964,2023,9,September,253,Monsoon,False,False,False,False,False
2023-09-11,Bengaluru,South,28.6,22.1,0.0,52.7,18.6,Clear,25.35,6.5,2023,9,September,254,Monsoon,False,False,False,False,False
2023-09-11,Chennai,South,33.8,25.9,7.2,45.2,23.5,Light Rain,29.849999999999998,7.899999999999999,2023,9,September,254,Monsoon,False,False,False,False,False
2023-09-11,Delhi,North,32.6,21.0,128.6,85.2,9.9,Heavy Rain,26.8,11.600000000000001,2023,9,September,254,Monsoon,True,False,False,False,True
2023-09-11,Jaipur,Northwest,35.1,24.7,0.0,75.2,12.1,Clear,29.9,10.400000000000002,2023,9,September,254,Monsoon,False,False,False,False,False
2023-09-11,Kolkata,East,34.3,26.1,15.4,72.6,12.5,Rain,30.2,8.199999999999996,2023,9,September,254,Monsoon,False,False,False,False,False
2023-09-11,Mumbai,West,30.8,24.6,76.9,69.9,17.5,Heavy Rain,27.700000000000003,6.199999999999999,2023,9,September,254,Monsoon,True,False,False,False,True
2023-09-12,Bengaluru,South,32.2,24.5,15.2,62.2,7.9,Rain,28.35,7.700000000000003,2023,9,September,255,Monsoon,False,False,False,False,False
2023-09-12,Chennai,South,32.0,23.5,12.5,57.9,13.1,Rain,27.75,8.5,2023,9,September,255,Monsoon,False,False,False,False,False
2023-09-12,Delhi,North,37.7,25.0,157.4,80.8,9.2,Heavy Rain,31.35,12.700000000000003,2023,9,September,255,Monsoon,True,False,False,False,True
2023-09-12,Jaipur,Northwest,38.2,26.1,116.5,78.0,17.3,Heavy Rain,32.150000000000006,12.100000000000001,2023,9,September,255,Monsoon,True,False,False,False,True
2023-09-12,Kolkata,East,34.7,27.9,14.0,72.7,14.8,Rain,31.3,6.800000000000004,2023,9,September,255,Monsoon,False,False,False,False,False
2023-09-12,Mumbai,West,32.8,27.7,36.9,57.1,15.7,Rain,30.25,5.099999999999998,2023,9,September,255,Monsoon,False,False,False,False,False
2023-09-13,Bengaluru,South,26.1,18.4,0.0,53.5,12.8,Clear,22.25,7.700000000000003,2023,9,September,256,Monsoon,False,False,False,False,False
2023-09-13,Chennai,South,33.8,26.3,0.0,46.3,5.4,Clear,30.049999999999997,7.4999999999999964,2023,9,September,256,Monsoon,False,False,False,False,False
2023-09-13,Delhi,North,36.1,24.5,99.2,82.3,18.6,Heavy Rain,30.3,11.600000000000001,2023,9,September,256,Monsoon,True,False,False,False,True
2023-09-13,Jaipur,Northwest,35.2,26.8,11.4,86.0,21.5,Rain,31.0,8.400000000000002,2023,9,September,256,Monsoon,False,False,False,False,False
2023-09-13,Kolkata,East,32.3,27.1,0.0,77.7,16.6,Clear,29.7,5.199999999999996,2023,9,September,256,Monsoon,False,False,False,False,False
2023-09-13,Mumbai,West,34.6,27.8,0.0,81.9,2.9,Clear,31.200000000000003,6.800000000000001,2023,9,September,256,Monsoon,False,False,False,False,False
2023-09-14,Bengaluru,South,32.2,24.6,0.0,63.9,11.5,Clear,28.400000000000002,7.600000000000001,2023,9,September,257,Monsoon,False,False,False,False,False
2023-09-14,Chennai,South,35.3,29.2,0.0,50.3,9.9,Clear,32.25,6.099999999999998,2023,9,September,257,Monsoon,False,False,False,False,False
2023-09-14,Delhi,North,34.9,23.1,17.0,73.8,23.4,Rain,29.0,11.799999999999997,2023,9,September,257,Monsoon,False,False,False,False,False
2023-09-14,Jaipur,Northwest,36.4,25.9,170.7,76.3,16.1,Heavy Rain,31.15,10.5,2023,9,September,257,Monsoon,True,False,False,False,True
2023-09-14,Kolkata,East,30.8,23.1,0.0,79.1,5.3,Clear,26.950000000000003,7.699999999999999,2023,9,September,257,Monsoon,False,False,False,False,False
2023-09-14,Mumbai,West,34.2,28.3,11.7,72.5,12.8,Rain,31.25,5.900000000000002,2023,9,September,257,Monsoon,False,False,False,False,False
2023-09-15,Bengaluru,South,28.9,22.2,0.0,50.2,13.3,Clear,25.549999999999997,6.699999999999999,2023,9,September,258,Monsoon,False,False,False,False,False
2023-09-15,Chennai,South,31.0,25.9,19.5,64.3,7.5,Rain,28.45,5.100000000000001,2023,9,September,258,Monsoon,False,False,False,False,False
2023-09-15,Delhi,North,35.8,26.6,35.8,74.6,15.3,Rain,31.2,9.199999999999996,2023,9,September,258,Monsoon,False,False,False,False,False
2023-09-15,Jaipur,Northwest,35.3,26.4,62.8,80.5,12.0,Rain,30.849999999999998,8.899999999999999,2023,9,September,258,Monsoon,False,False,False,False,False
2023-09-15,Kolkata,East,31.2,25.5,0.0,74.9,18.0,Clear,28.35,5.699999999999999,2023,9,September,258,Monsoon,False,False,False,False,False
2023-09-15,Mumbai,West,34.0,26.8,0.0,69.0,22.8,Clear,30.4,7.199999999999999,2023,9,September,258,Monsoon,False,False,False,False,False
2023-09-16,Bengaluru,South,27.8,19.6,0.0,53.4,9.5,Clear,23.700000000000003,8.2,2023,9,September,259,Monsoon,False,False,False,False,False
2023-09-16,Chennai,South,35.2,27.9,0.0,52.1,1.3,Clear,31.55,7.300000000000004,2023,9,September,259,Monsoon,False,False,False,False,False
2023-09-16,Delhi,North,34.2,23.6,0.0,70.3,5.5,Clear,28.900000000000002,10.600000000000001,2023,9,September,259,Monsoon,False,False,False,False,False
2023-09-16,Jaipur,Northwest,39.1,26.2,31.6,87.2,17.2,Rain,32.65,12.900000000000002,2023,9,September,259,Monsoon,False,False,False,False,False
2023-09-16,Kolkata,East,32.5,24.5,34.7,98.3,17.9,Rain,28.5,8.0,2023,9,September,259,Monsoon,False,False,False,False,False
2023-09-16,Mumbai,West,34.7,26.7,6.5,75.1,10.8,Light Rain,30.700000000000003,8.000000000000004,2023,9,September,259,Monsoon,False,False,False,False,False
2023-09-17,Bengaluru,South,25.0,20.0,0.0,48.8,11.8,Clear,22.5,5.0,2023,9,September,260,Monsoon,False,False,False,False,False
2023-09-17,Chennai,South,34.7,26.7,0.0,52.2,5.2,Clear,30.700000000000003,8.000000000000004,2023,9,September,260,Monsoon,False,False,False,False,False
2023-09-17,Delhi,North,36.7,26.3,0.0,71.9,5.9,Clear,31.5,10.400000000000002,2023,9,September,260,Monsoon,False,False,False,False,False
2023-09-17,Jaipur,Northwest,33.8,22.8,84.7,73.8,7.5,Heavy Rain,28.299999999999997,10.999999999999996,2023,9,September,260,Monsoon,True,False,False,False,True
2023-09-17,Kolkata,East,29.3,23.6,76.1,93.0,10.6,Heavy Rain,26.450000000000003,5.699999999999999,2023,9,September,260,Monsoon,True,False,False,False,True
2023-09-17,Mumbai,West,33.7,26.2,19.8,83.7,20.1,Rain,29.950000000000003,7.5000000000000036,2023,9,September,260,Monsoon,False,False,False,False,False
2023-09-18,Bengaluru,South,28.0,20.8,0.0,59.1,15.6,Clear,24.4,7.199999999999999,2023,9,September,261,Monsoon,False,False,False,False,False
2023-09-18,Chennai,South,33.3,28.0,0.0,55.9,15.0,Clear,30.65,5.299999999999997,2023,9,September,261,Monsoon,False,False,False,False,False
2023-09-18,Delhi,North,34.9,24.3,8.8,76.3,14.3,Light Rain,29.6,10.599999999999998,2023,9,September,261,Monsoon,False,False,False,False,False
2023-09-18,Jaipur,Northwest,35.1,24.4,0.0,89.8,1.2,Cloudy,29.75,10.700000000000003,2023,9,September,261,Monsoon,False,False,False,False,False
2023-09-18,Kolkata,East,32.0,25.0,0.0,60.9,9.0,Clear,28.5,7.0,2023,9,September,261,Monsoon,False,False,False,False,False
2023-09-18,Mumbai,West,32.6,26.2,86.9,67.9,13.8,Heavy Rain,29.4,6.400000000000002,2023,9,September,261,Monsoon,True,False,False,False,True
2023-09-19,Bengaluru,South,28.7,22.7,0.0,45.8,8.7,Clear,25.7,6.0,2023,9,September,262,Monsoon,False,False,False,False,False
2023-09-19,Chennai,South,34.2,27.1,10.4,50.6,9.9,Rain,30.650000000000002,7.100000000000001,2023,9,September,262,Monsoon,False,False,False,False,False
2023-09-19,Delhi,North,37.2,25.5,167.7,74.8,11.7,Heavy Rain,31.35,11.700000000000003,2023,9,September,262,Monsoon,True,False,False,False,True
2023-09-19,Jaipur,Northwest,33.9,23.2,122.4,91.6,16.0,Heavy Rain,28.549999999999997,10.7,2023,9,September,262,Monsoon,True,False,False,False,True
2023-09-19,Kolkata,East,31.1,25.5,0.0,58.9,5.8,Clear,28.3,5.600000000000001,2023,9,September,262,Monsoon,False,False,False,False,False
2023-09-19,Mumbai,West,35.5,26.8,11.1,81.9,17.2,Rain,31.15,8.7,2023,9,September,262,Monsoon,False,False,False,False,False
2023-09-20,Bengaluru,South,28.0,21.6,0.0,64.9,5.0,Clear,24.8,6.399999999999999,2023,9,September,263,Monsoon,False,False,False,False,False
2023-09-20,Chennai,South,32.1,24.4,0.0,54.9,2.7,Clear,28.25,7.700000000000003,2023,9,September,263,Monsoon,False,False,False,False,False
2023-09-20,Delhi,North,35.9,23.8,0.0,66.5,11.1,Clear,29.85,12.099999999999998,2023,9,September,263,Monsoon,False,False,False,False,False
2023-09-20,Jaipur,Northwest,34.5,23.1,46.6,70.3,15.2,Rain,28.8,11.399999999999999,2023,9,September,263,Monsoon,False,False,False,False,False
2023-09-20,Kolkata,East,31.5,26.2,10.9,72.8,14.7,Rain,28.85,5.300000000000001,2023,9,September,263,Monsoon,False,False,False,False,False
2023-09-20,Mumbai,West,34.1,24.8,74.0,76.8,21.2,Heavy Rain,29.450000000000003,9.3,2023,9,September,263,Monsoon,True,False,False,False,True
2023-09-21,Bengaluru,South,27.8,22.4,0.0,62.2,12.0,Clear,25.1,5.400000000000002,2023,9,September,264,Monsoon,False,False,False,False,False
2023-09-21,Chennai,South,34.9,27.5,0.0,64.1,10.8,Clear,31.2,7.399999999999999,2023,9,September,264,Monsoon,False,False,False,False,False
2023-09-21,Delhi,North,38.2,27.9,36.6,71.6,14.7,Rain,33.05,10.300000000000004,2023,9,September,264,Monsoon,False,False,False,False,False
2023-09-21,Jaipur,Northwest,32.9,21.8,81.2,87.9,17.2,Heavy Rain,27.35,11.099999999999998,2023,9,September,264,Monsoon,True,False,False,False,True
2023-09-21,Kolkata,East,34.1,26.1,54.5,78.4,18.7,Rain,30.1,8.0,2023,9,September,264,Monsoon,False,False,False,False,False
2023-09-21,Mumbai,West,30.1,23.8,13.8,68.2,7.2,Rain,26.950000000000003,6.300000000000001,2023,9,September,264,Monsoon,False,False,False,False,False
2023-09-22,Bengaluru,South,28.1,20.7,0.0,52.1,2.4,Clear,24.4,7.400000000000002,2023,9,September,265,Monsoon,False,False,False,False,False
2023-09-22,Chennai,South,32.2,25.7,0.0,62.1,5.6,Clear,28.950000000000003,6.5000000000000036,2023,9,September,265,Monsoon,False,False,False,False,False
2023-09-22,Delhi,North,33.5,22.4,0.0,54.7,8.0,Clear,27.95,11.100000000000001,2023,9,September,265,Monsoon,False,False,False,False,False
2023-09-22,Jaipur,Northwest,34.3,22.2,36.0,85.5,15.7,Rain,28.25,12.099999999999998,2023,9,September,265,Monsoon,False,False,False,False,False
2023-09-22,Kolkata,East,30.8,23.1,6.4,74.3,13.2,Light Rain,26.950000000000003,7.699999999999999,2023,9,September,265,Monsoon,False,False,False,False,False
2023-09-22,Mumbai,West,32.0,26.5,155.1,76.7,11.9,Heavy Rain,29.25,5.5,2023,9,September,265,Monsoon,True,False,False,False,True
2023-09-23,Bengaluru,South,29.1,22.6,7.2,63.7,23.4,Light Rain,25.85,6.5,2023,9,September,266,Monsoon,False,False,False,False,False
2023-09-23,Chennai,South,32.6,24.8,21.7,69.8,14.3,Rain,28.700000000000003,7.800000000000001,2023,9,September,266,Monsoon,False,False,False,False,False
2023-09-23,Delhi,North,30.3,20.5,32.1,75.3,18.6,Rain,25.4,9.8,2023,9,September,266,Monsoon,False,False,False,False,False
2023-09-23,Jaipur,Northwest,38.7,26.1,0.0,75.7,24.0,Clear,32.400000000000006,12.600000000000001,2023,9,September,266,Monsoon,False,False,False,False,False
2023-09-23,Kolkata,East,28.0,23.0,39.2,88.9,7.1,Rain,25.5,5.0,2023,9,September,266,Monsoon,False,False,False,False,False
2023-09-23,Mumbai,West,33.6,25.9,14.3,84.9,7.1,Rain,29.75,7.700000000000003,2023,9,September,266,Monsoon,False,False,False,False,False
2023-09-24,Bengaluru,South,26.5,18.7,2.7,62.2,18.7,Light Rain,22.6,7.800000000000001,2023,9,September,267,Monsoon,False,False,False,False,False
2023-09-24,Chennai,South,33.5,28.0,0.0,53.8,10.6,Clear,30.75,5.5,2023,9,September,267,Monsoon,False,False,False,False,False
2023-09-24,Delhi,North,35.9,25.3,0.0,68.8,20.4,Clear,30.6,10.599999999999998,2023,9,September,267,Monsoon,False,False,False,False,False
2023-09-24,Jaipur,Northwest,32.6,24.7,142.3,86.8,7.2,Heavy Rain,28.65,7.900000000000002,2023,9,September,267,Monsoon,True,False,False,False,True
2023-09-24,Kolkata,East,32.9,26.6,0.0,87.1,6.5,Cloudy,29.75,6.299999999999997,2023,9,September,267,Monsoon,False,False,False,False,False
2023-09-24,Mumbai,West,32.3,26.5,0.0,70.8,4.3,Clear,29.4,5.799999999999997,2023,9,September,267,Monsoon,False,False,False,False,False
2023-09-25,Bengaluru,South,26.8,19.3,6.1,68.2,15.5,Light Rain,23.05,7.5,2023,9,September,268,Monsoon,False,False,False,False,False
2023-09-25,Chennai,South,33.3,27.3,7.9,49.5,20.7,Light Rain,30.299999999999997,5.9999999999999964,2023,9,September,268,Monsoon,False,False,False,False,False
2023-09-25,Delhi,North,38.5,25.9,0.0,72.5,5.3,Clear,32.2,12.600000000000001,2023,9,September,268,Monsoon,False,False,False,False,False
2023-09-25,Jaipur,Northwest,34.1,22.6,86.2,82.8,7.7,Heavy Rain,28.35,11.5,2023,9,September,268,Monsoon,True,False,False,False,True
2023-09-25,Kolkata,East,30.9,25.9,0.0,60.9,2.4,Clear,28.4,5.0,2023,9,September,268,Monsoon,False,False,False,False,False
2023-09-25,Mumbai,West,30.8,21.7,39.1,75.9,16.8,Rain,26.25,9.100000000000001,2023,9,September,268,Monsoon,False,False,False,False,False
2023-09-26,Bengaluru,South,27.3,18.7,0.0,50.1,1.6,Clear,23.0,8.600000000000001,2023,9,September,269,Monsoon,False,False,False,False,False
2023-09-26,Chennai,South,31.7,23.7,0.0,52.0,15.8,Clear,27.7,8.0,2023,9,September,269,Monsoon,False,False,False,False,False
2023-09-26,Delhi,North,33.4,22.0,0.0,73.1,8.0,Clear,27.7,11.399999999999999,2023,9,September,269,Monsoon,False,False,False,False,False
2023-09-26,Jaipur,Northwest,36.8,26.3,0.0,78.8,6.2,Clear,31.549999999999997,10.499999999999996,2023,9,September,269,Monsoon,False,False,False,False,False
2023-09-26,Kolkata,East,33.1,26.6,0.0,68.7,12.8,Clear,29.85,6.5,2023,9,September,269,Monsoon,False,False,False,False,False
2023-09-26,Mumbai,West,30.9,23.2,0.0,70.5,1.8,Clear,27.049999999999997,7.699999999999999,2023,9,September,269,Monsoon,False,False,False,False,False
2023-09-27,Bengaluru,South,30.6,22.7,0.0,46.6,5.9,Clear,26.65,7.900000000000002,2023,9,September,270,Monsoon,False,False,False,False,False
2023-09-27,Chennai,South,31.9,25.8,0.0,58.8,5.1,Clear,28.85,6.099999999999998,2023,9,September,270,Monsoon,False,False,False,False,False
2023-09-27,Delhi,North,34.3,22.1,44.3,80.3,12.0,Rain,28.2,12.199999999999996,2023,9,September,270,Monsoon,False,False,False,False,False
2023-09-27,Jaipur,Northwest,34.1,23.0,40.5,77.8,10.6,Rain,28.55,11.100000000000001,2023,9,September,270,Monsoon,False,False,False,False,False
2023-09-27,Kolkata,East,29.5,24.0,0.0,72.3,9.3,Clear,26.75,5.5,2023,9,September,270,Monsoon,False,False,False,False,False
2023-09-27,Mumbai,West,33.3,26.8,92.9,68.3,11.5,Heavy Rain,30.049999999999997,6.4999999999999964,2023,9,September,270,Monsoon,True,False,False,False,True
2023-09-28,Bengaluru,South,28.4,21.2,0.0,50.2,9.4,Clear,24.799999999999997,7.199999999999999,2023,9,September,271,Monsoon,False,False,False,False,False
2023-09-28,Chennai,South,35.2,28.1,4.9,59.4,17.1,Light Rain,31.650000000000002,7.100000000000001,2023,9,September,271,Monsoon,False,False,False,False,False
2023-09-28,Delhi,North,35.0,24.4,12.4,73.7,21.1,Rain,29.7,10.600000000000001,2023,9,September,271,Monsoon,False,False,False,False,False
2023-09-28,Jaipur,Northwest,37.0,26.4,0.0,88.4,21.6,Cloudy,31.7,10.600000000000001,2023,9,September,271,Monsoon,False,False,False,False,False
2023-09-28,Kolkata,East,32.6,25.3,49.4,66.6,12.3,Rain,28.950000000000003,7.300000000000001,2023,9,September,271,Monsoon,False,False,False,False,False
2023-09-28,Mumbai,West,31.3,24.6,11.3,81.4,11.5,Rain,27.950000000000003,6.699999999999999,2023,9,September,271,Monsoon,False,False,False,False,False
2023-09-29,Bengaluru,South,27.9,20.5,19.9,72.9,9.6,Rain,24.2,7.399999999999999,2023,9,September,272,Monsoon,False,False,False,False,False
2023-09-29,Chennai,South,34.4,27.2,18.2,60.4,9.3,Rain,30.799999999999997,7.199999999999999,2023,9,September,272,Monsoon,False,False,False,False,False
2023-09-29,Delhi,North,36.9,26.0,129.2,88.2,15.7,Heavy Rain,31.45,10.899999999999999,2023,9,September,272,Monsoon,True,False,False,False,True
2023-09-29,Jaipur,Northwest,36.4,26.3,0.0,73.3,4.2,Clear,31.35,10.099999999999998,2023,9,September,272,Monsoon,False,False,False,False,False
2023-09-29,Kolkata,East,32.4,25.1,34.4,77.1,9.0,Rain,28.75,7.299999999999997,2023,9,September,272,Monsoon,False,False,False,False,False
2023-09-29,Mumbai,West,31.0,26.0,0.0,77.0,21.7,Clear,28.5,5.0,2023,9,September,272,Monsoon,False,False,False,False,False
2023-09-30,Bengaluru,South,27.8,20.6,0.0,57.2,5.6,Clear,24.200000000000003,7.199999999999999,2023,9,September,273,Monsoon,False,False,False,False,False
2023-09-30,Chennai,South,36.2,29.2,0.0,39.3,8.7,Clear,32.7,7.0000000000000036,2023,9,September,273,Monsoon,False,False,False,False,False
2023-09-30,Delhi,North,32.5,22.2,0.0,66.3,29.8,Clear,27.35,10.3,2023,9,September,273,Monsoon,False,False,False,False,False
2023-09-30,Jaipur,Northwest,36.1,20.8,66.3,78.0,13.2,Heavy Rain,28.450000000000003,15.3,2023,9,September,273,Monsoon,True,False,False,False,True
2023-09-30,Kolkata,East,31.9,25.0,0.0,63.2,11.4,Clear,28.45,6.899999999999999,2023,9,September,273,Monsoon,False,False,False,False,False
2023-09-30,Mumbai,West,31.1,24.5,5.5,72.6,10.9,Light Rain,27.8,6.600000000000001,2023,9,September,273,Monsoon,False,False,False,False,False
2023-10-01,Bengaluru,South,27.5,19.4,0.0,46.7,32.7,Clear,23.45,8.100000000000001,2023,10,October,274,Post-Monsoon,False,False,False,False,False
2023-10-01,Chennai,South,34.4,26.8,0.0,68.9,2.1,Clear,30.6,7.599999999999998,2023,10,October,274,Post-Monsoon,False,False,False,False,False
2023-10-01,Delhi,North,32.9,20.2,0.0,54.8,10.2,Clear,26.549999999999997,12.7,2023,10,October,274,Post-Monsoon,False,False,False,False,False
2023-10-01,Jaipur,Northwest,33.0,21.6,0.0,59.8,23.2,Clear,27.3,11.399999999999999,2023,10,October,274,Post-Monsoon,False,False,False,False,False
2023-10-01,Kolkata,East,29.3,21.9,0.0,47.6,14.5,Clear,25.6,7.400000000000002,2023,10,October,274,Post-Monsoon,False,False,False,False,False
2023-10-01,Mumbai,West,35.0,28.2,0.0,51.3,12.2,Clear,31.6,6.800000000000001,2023,10,October,274,Post-Monsoon,False,False,False,False,False
2023-10-02,Bengaluru,South,25.7,19.8,0.0,43.1,3.3,Clear,22.75,5.899999999999999,2023,10,October,275,Post-Monsoon,False,False,False,False,False
2023-10-02,Chennai,South,35.3,26.1,1.0,60.9,9.1,Light Rain,30.7,9.199999999999996,2023,10,October,275,Post-Monsoon,False,False,False,False,False
2023-10-02,Delhi,North,32.9,21.8,0.0,50.3,11.5,Clear,27.35,11.099999999999998,2023,10,October,275,Post-Monsoon,False,False,False,False,False
2023-10-02,Jaipur,Northwest,34.3,22.3,0.0,46.4,19.5,Clear,28.299999999999997,11.999999999999996,2023,10,October,275,Post-Monsoon,False,False,False,False,False
2023-10-02,Kolkata,East,31.2,23.7,0.0,47.7,12.9,Clear,27.45,7.5,2023,10,October,275,Post-Monsoon,False,False,False,False,False
2023-10-02,Mumbai,West,28.9,22.5,0.0,51.6,2.2,Clear,25.7,6.399999999999999,2023,10,October,275,Post-Monsoon,False,False,False,False,False
2023-10-03,Bengaluru,South,29.5,21.8,18.3,67.9,9.7,Rain,25.65,7.699999999999999,2023,10,October,276,Post-Monsoon,False,False,False,False,False
2023-10-03,Chennai,South,31.5,26.0,0.0,64.0,9.8,Clear,28.75,5.5,2023,10,October,276,Post-Monsoon,False,False,False,False,False
2023-10-03,Delhi,North,30.7,19.6,0.0,49.8,24.7,Clear,25.15,11.099999999999998,2023,10,October,276,Post-Monsoon,False,False,False,False,False
2023-10-03,Jaipur,Northwest,31.4,20.5,7.5,56.4,29.8,Light Rain,25.95,10.899999999999999,2023,10,October,276,Post-Monsoon,False,False,False,False,False
2023-10-03,Kolkata,East,30.3,25.3,21.3,69.2,10.1,Rain,27.8,5.0,2023,10,October,276,Post-Monsoon,False,False,False,False,False
2023-10-03,Mumbai,West,29.7,22.5,24.7,58.7,20.9,Rain,26.1,7.199999999999999,2023,10,October,276,Post-Monsoon,False,False,False,False,False
2023-10-04,Bengaluru,South,28.6,21.5,0.0,56.0,11.2,Clear,25.05,7.100000000000001,2023,10,October,277,Post-Monsoon,False,False,False,False,False
2023-10-04,Chennai,South,31.4,26.1,0.0,73.1,5.6,Clear,28.75,5.299999999999997,2023,10,October,277,Post-Monsoon,False,False,False,False,False
2023-10-04,Delhi,North,28.1,19.0,0.0,52.7,11.4,Clear,23.55,9.100000000000001,2023,10,October,277,Post-Monsoon,False,False,False,False,False
2023-10-04,Jaipur,Northwest,32.5,23.7,0.0,51.5,2.1,Clear,28.1,8.8,2023,10,October,277,Post-Monsoon,False,False,False,False,False
2023-10-04,Kolkata,East,30.4,24.5,10.7,51.4,11.9,Rain,27.45,5.899999999999999,2023,10,October,277,Post-Monsoon,False,False,False,False,False
2023-10-04,Mumbai,West,32.7,24.2,24.1,64.6,15.5,Rain,28.450000000000003,8.500000000000004,2023,10,October,277,Post-Monsoon,False,False,False,False,False
2023-10-05,Bengaluru,South,28.3,20.5,15.8,65.7,7.7,Rain,24.4,7.800000000000001,2023,10,October,278,Post-Monsoon,False,False,False,False,False
2023-10-05,Chennai,South,34.0,26.3,52.5,80.8,10.6,Rain,30.15,7.699999999999999,2023,10,October,278,Post-Monsoon,False,False,False,False,False
2023-10-05,Delhi,North,31.1,19.6,0.0,50.3,4.9,Clear,25.35,11.5,2023,10,October,278,Post-Monsoon,False,False,False,False,False
2023-10-05,Jaipur,Northwest,31.2,24.1,0.0,62.1,10.0,Clear,27.65,7.099999999999998,2023,10,October,278,Post-Monsoon,False,False,False,False,False
2023-10-05,Kolkata,East,31.8,23.2,32.9,74.0,17.1,Rain,27.5,8.600000000000001,2023,10,October,278,Post-Monsoon,False,False,False,False,False
2023-10-05,Mumbai,West,30.6,23.8,7.8,60.1,6.2,Light Rain,27.200000000000003,6.800000000000001,2023,10,October,278,Post-Monsoon,False,False,False,False,False
2023-10-06,Bengaluru,South,25.4,19.5,3.7,66.3,16.7,Light Rain,22.45,5.899999999999999,2023,10,October,279,Post-Monsoon,False,False,False,False,False
2023-10-06,Chennai,South,34.1,26.8,7.6,78.9,10.4,Light Rain,30.450000000000003,7.300000000000001,2023,10,October,279,Post-Monsoon,False,False,False,False,False
2023-10-06,Delhi,North,30.2,20.6,0.0,48.0,4.4,Clear,25.4,9.599999999999998,2023,10,October,279,Post-Monsoon,False,False,False,False,False
2023-10-06,Jaipur,Northwest,32.9,23.7,0.0,56.3,8.5,Clear,28.299999999999997,9.2,2023,10,October,279,Post-Monsoon,False,False,False,False,False
2023-10-06,Kolkata,East,29.5,23.9,0.0,56.2,10.4,Clear,26.7,5.600000000000001,2023,10,October,279,Post-Monsoon,False,False,False,False,False
2023-10-06,Mumbai,West,28.6,21.0,13.2,83.6,11.0,Rain,24.8,7.600000000000001,2023,10,October,279,Post-Monsoon,False,False,False,False,False
2023-10-07,Bengaluru,South,26.9,20.8,7.0,51.7,23.8,Light Rain,23.85,6.099999999999998,2023,10,October,280,Post-Monsoon,False,False,False,False,False
2023-10-07,Chennai,South,31.5,25.4,90.6,71.6,24.5,Heavy Rain,28.45,6.100000000000001,2023,10,October,280,Post-Monsoon,True,False,False,False,True
2023-10-07,Delhi,North,29.7,18.0,0.0,60.8,7.5,Clear,23.85,11.7,2023,10,October,280,Post-Monsoon,False,False,False,False,False
2023-10-07,Jaipur,Northwest,32.6,22.7,0.0,48.9,25.8,Clear,27.65,9.900000000000002,2023,10,October,280,Post-Monsoon,False,False,False,False,False
2023-10-07,Kolkata,East,31.1,26.0,0.0,69.0,3.6,Clear,28.55,5.100000000000001,2023,10,October,280,Post-Monsoon,False,False,False,False,False
2023-10-07,Mumbai,West,30.1,20.1,21.7,65.7,14.4,Rain,25.1,10.0,2023,10,October,280,Post-Monsoon,False,False,False,False,False
2023-10-08,Bengaluru,South,25.0,19.9,0.0,61.3,4.3,Clear,22.45,5.100000000000001,2023,10,October,281,Post-Monsoon,False,False,False,False,False
2023-10-08,Chennai,South,31.0,25.3,21.1,86.4,23.6,Rain,28.15,5.699999999999999,2023,10,October,281,Post-Monsoon,False,False,False,False,False
2023-10-08,Delhi,North,31.9,21.4,0.0,58.8,11.9,Clear,26.65,10.5,2023,10,October,281,Post-Monsoon,False,False,False,False,False
2023-10-08,Jaipur,Northwest,35.1,23.1,0.0,64.7,7.2,Clear,29.1,12.0,2023,10,October,281,Post-Monsoon,False,False,False,False,False
2023-10-08,Kolkata,East,28.0,20.8,0.0,55.2,1.5,Clear,24.4,7.199999999999999,2023,10,October,281,Post-Monsoon,False,False,False,False,False
2023-10-08,Mumbai,West,34.6,26.1,7.5,67.2,40.5,Light Rain,30.35,8.5,2023,10,October,281,Post-Monsoon,False,False,False,True,True
2023-10-09,Bengaluru,South,26.1,21.1,0.0,44.7,2.7,Clear,23.6,5.0,2023,10,October,282,Post-Monsoon,False,False,False,False,False
2023-10-09,Chennai,South,33.2,27.0,46.8,84.7,16.3,Rain,30.1,6.200000000000003,2023,10,October,282,Post-Monsoon,False,False,False,False,False
2023-10-09,Delhi,North,27.6,14.5,3.9,68.4,10.2,Light Rain,21.05,13.100000000000001,2023,10,October,282,Post-Monsoon,False,False,False,False,False
2023-10-09,Jaipur,Northwest,31.6,18.6,0.0,61.4,2.1,Clear,25.1,13.0,2023,10,October,282,Post-Monsoon,False,False,False,False,False
2023-10-09,Kolkata,East,28.2,21.9,36.4,77.4,11.3,Rain,25.049999999999997,6.300000000000001,2023,10,October,282,Post-Monsoon,False,False,False,False,False
2023-10-09,Mumbai,West,32.1,24.5,0.0,55.8,2.6,Clear,28.3,7.600000000000001,2023,10,October,282,Post-Monsoon,False,False,False,False,False
2023-10-10,Bengaluru,South,27.1,18.8,0.0,52.1,24.3,Clear,22.950000000000003,8.3,2023,10,October,283,Post-Monsoon,False,False,False,False,False
2023-10-10,Chennai,South,28.0,22.5,73.2,93.6,6.1,Heavy Rain,25.25,5.5,2023,10,October,283,Post-Monsoon,True,False,False,False,True
2023-10-10,Delhi,North,31.9,21.8,0.0,62.6,0.4,Clear,26.85,10.099999999999998,2023,10,October,283,Post-Monsoon,False,False,False,False,False
2023-10-10,Jaipur,Northwest,31.0,21.0,0.0,46.1,0.9,Clear,26.0,10.0,2023,10,October,283,Post-Monsoon,False,False,False,False,False
2023-10-10,Kolkata,East,28.5,22.4,23.1,65.3,17.9,Rain,25.45,6.100000000000001,2023,10,October,283,Post-Monsoon,False,False,False,False,False
2023-10-10,Mumbai,West,30.8,25.2,0.0,52.0,10.4,Clear,28.0,5.600000000000001,2023,10,October,283,Post-Monsoon,False,False,False,False,False
2023-10-11,Bengaluru,South,23.5,18.0,0.0,52.4,9.0,Clear,20.75,5.5,2023,10,October,284,Post-Monsoon,False,False,False,False,False
2023-10-11,Chennai,South,31.4,22.3,26.2,78.0,10.1,Rain,26.85,9.099999999999998,2023,10,October,284,Post-Monsoon,False,False,False,False,False
2023-10-11,Delhi,North,32.3,23.1,19.7,53.6,13.1,Rain,27.7,9.199999999999996,2023,10,October,284,Post-Monsoon,False,False,False,False,False
2023-10-11,Jaipur,Northwest,33.2,21.8,0.0,74.3,8.9,Clear,27.5,11.400000000000002,2023,10,October,284,Post-Monsoon,False,False,False,False,False
2023-10-11,Kolkata,East,33.4,27.4,0.0,56.7,15.0,Clear,30.4,6.0,2023,10,October,284,Post-Monsoon,False,False,False,False,False
2023-10-11,Mumbai,West,31.8,26.7,15.6,72.6,13.9,Rain,29.25,5.100000000000001,2023,10,October,284,Post-Monsoon,False,False,False,False,False
2023-10-12,Bengaluru,South,28.4,22.2,0.0,44.9,2.3,Clear,25.299999999999997,6.199999999999999,2023,10,October,285,Post-Monsoon,False,False,False,False,False
2023-10-12,Chennai,South,31.0,24.0,39.6,68.3,12.5,Rain,27.5,7.0,2023,10,October,285,Post-Monsoon,False,False,False,False,False
2023-10-12,Delhi,North,30.1,20.7,19.4,78.4,16.3,Rain,25.4,9.400000000000002,2023,10,October,285,Post-Monsoon,False,False,False,False,False
2023-10-12,Jaipur,Northwest,33.4,21.7,0.0,37.1,11.3,Clear,27.549999999999997,11.7,2023,10,October,285,Post-Monsoon,False,False,False,False,False
2023-10-12,Kolkata,East,30.0,23.2,35.7,64.8,14.2,Rain,26.6,6.800000000000001,2023,10,October,285,Post-Monsoon,False,False,False,False,False
2023-10-12,Mumbai,West,30.9,24.3,3.9,63.2,22.5,Light Rain,27.6,6.599999999999998,2023,10,October,285,Post-Monsoon,False,False,False,False,False
2023-10-13,Bengaluru,South,27.8,19.7,7.6,70.6,17.1,Light Rain,23.75,8.100000000000001,2023,10,October,286,Post-Monsoon,False,False,False,False,False
2023-10-13,Chennai,South,29.8,22.8,2.5,78.1,10.3,Light Rain,26.3,7.0,2023,10,October,286,Post-Monsoon,False,False,False,False,False
2023-10-13,Delhi,North,31.2,19.6,24.1,62.8,16.5,Rain,25.4,11.599999999999998,2023,10,October,286,Post-Monsoon,False,False,False,False,False
2023-10-13,Jaipur,Northwest,30.1,21.7,0.0,56.7,7.5,Clear,25.9,8.400000000000002,2023,10,October,286,Post-Monsoon,False,False,False,False,False
2023-10-13,Kolkata,East,27.3,20.9,0.0,66.0,3.5,Clear,24.1,6.400000000000002,2023,10,October,286,Post-Monsoon,False,False,False,False,False
2023-10-13,Mumbai,West,28.8,21.4,0.0,61.3,8.6,Clear,25.1,7.400000000000002,2023,10,October,286,Post-Monsoon,False,False,False,False,False
2023-10-14,Bengaluru,South,28.3,19.2,0.0,51.2,7.8,Clear,23.75,9.100000000000001,2023,10,October,287,Post-Monsoon,False,False,False,False,False
2023-10-14,Chennai,South,34.9,26.0,108.8,82.1,8.9,Heavy Rain,30.45,8.899999999999999,2023,10,October,287,Post-Monsoon,True,False,False,False,True
2023-10-14,Delhi,North,30.0,17.8,0.0,59.6,8.5,Clear,23.9,12.2,2023,10,October,287,Post-Monsoon,False,False,False,False,False
2023-10-14,Jaipur,Northwest,33.2,19.6,0.0,67.5,5.1,Clear,26.400000000000002,13.600000000000001,2023,10,October,287,Post-Monsoon,False,False,False,False,False
2023-10-14,Kolkata,East,28.5,23.3,0.0,51.9,1.8,Clear,25.9,5.199999999999999,2023,10,October,287,Post-Monsoon,False,False,False,False,False
2023-10-14,Mumbai,West,32.5,25.6,0.0,62.6,7.4,Clear,29.05,6.899999999999999,2023,10,October,287,Post-Monsoon,False,False,False,False,False
2023-10-15,Bengaluru,South,29.1,20.6,0.0,54.9,15.9,Clear,24.85,8.5,2023,10,October,288,Post-Monsoon,False,False,False,False,False
2023-10-15,Chennai,South,31.9,23.5,26.8,87.7,10.3,Rain,27.7,8.399999999999999,2023,10,October,288,Post-Monsoon,False,False,False,False,False
2023-10-15,Delhi,North,30.9,19.6,0.0,47.5,19.9,Clear,25.25,11.299999999999997,2023,10,October,288,Post-Monsoon,False,False,False,False,False
2023-10-15,Jaipur,Northwest,28.6,16.9,0.0,58.6,3.6,Clear,22.75,11.700000000000003,2023,10,October,288,Post-Monsoon,False,False,False,False,False
2023-10-15,Kolkata,East,29.8,23.1,0.0,60.2,3.8,Clear,26.450000000000003,6.699999999999999,2023,10,October,288,Post-Monsoon,False,False,False,False,False
2023-10-15,Mumbai,West,28.8,23.1,45.9,64.5,14.9,Rain,25.950000000000003,5.699999999999999,2023,10,October,288,Post-Monsoon,False,False,False,False,False
2023-10-16,Bengaluru,South,26.9,19.9,1.5,68.2,18.1,Light Rain,23.4,7.0,2023,10,October,289,Post-Monsoon,False,False,False,False,False
2023-10-16,Chennai,South,31.9,23.5,47.9,93.7,17.2,Rain,27.7,8.399999999999999,2023,10,October,289,Post-Monsoon,False,False,False,False,False
2023-10-16,Delhi,North,28.4,17.5,0.0,56.3,5.6,Clear,22.95,10.899999999999999,2023,10,October,289,Post-Monsoon,False,False,False,False,False
2023-10-16,Jaipur,Northwest,34.3,22.3,0.0,32.2,13.6,Clear,28.299999999999997,11.999999999999996,2023,10,October,289,Post-Monsoon,False,False,False,False,False
2023-10-16,Kolkata,East,28.2,22.2,0.5,69.8,6.0,Light Rain,25.2,6.0,2023,10,October,289,Post-Monsoon,False,False,False,False,False
2023-10-16,Mumbai,West,32.5,25.5,9.5,61.5,7.0,Light Rain,29.0,7.0,2023,10,October,289,Post-Monsoon,False,False,False,False,False
2023-10-17,Bengaluru,South,29.2,22.3,8.4,60.6,20.2,Light Rain,25.75,6.899999999999999,2023,10,October,290,Post-Monsoon,False,False,False,False,False
2023-10-17,Chennai,South,33.5,28.5,28.5,66.6,9.8,Rain,31.0,5.0,2023,10,October,290,Post-Monsoon,False,False,False,False,False
2023-10-17,Delhi,North,27.8,16.5,0.0,52.1,1.7,Clear,22.15,11.3,2023,10,October,290,Post-Monsoon,False,False,False,False,False
2023-10-17,Jaipur,Northwest,32.7,19.9,0.0,51.0,8.9,Clear,26.3,12.800000000000004,2023,10,October,290,Post-Monsoon,False,False,False,False,False
2023-10-17,Kolkata,East,28.2,20.7,12.5,65.3,10.3,Rain,24.45,7.5,2023,10,October,290,Post-Monsoon,False,False,False,False,False
2023-10-17,Mumbai,West,32.6,24.6,0.0,34.4,17.6,Clear,28.6,8.0,2023,10,October,290,Post-Monsoon,False,False,False,False,False
2023-10-18,Bengaluru,South,24.2,17.1,0.0,53.8,12.9,Clear,20.65,7.099999999999998,2023,10,October,291,Post-Monsoon,False,False,False,False,False
2023-10-18,Chennai,South,32.3,25.9,29.5,79.5,20.8,Rain,29.099999999999998,6.399999999999999,2023,10,October,291,Post-Monsoon,False,False,False,False,False
2023-10-18,Delhi,North,33.2,23.1,0.0,48.8,17.3,Clear,28.150000000000002,10.100000000000001,2023,10,October,291,Post-Monsoon,False,False,False,False,False
2023-10-18,Jaipur,Northwest,31.1,19.6,0.0,50.3,7.8,Clear,25.35,11.5,2023,10,October,291,Post-Monsoon,False,False,False,False,False
2023-10-18,Kolkata,East,34.1,25.8,26.9,62.0,9.4,Rain,29.950000000000003,8.3,2023,10,October,291,Post-Monsoon,False,False,False,False,False
2023-10-18,Mumbai,West,32.2,24.8,0.0,51.1,7.5,Clear,28.5,7.400000000000002,2023,10,October,291,Post-Monsoon,False,False,False,False,False
2023-10-19,Bengaluru,South,29.8,23.1,0.0,55.3,9.5,Clear,26.450000000000003,6.699999999999999,2023,10,October,292,Post-Monsoon,False,False,False,False,False
2023-10-19,Chennai,South,29.4,24.3,51.1,77.3,16.8,Rain,26.85,5.099999999999998,2023,10,October,292,Post-Monsoon,False,False,False,False,False
2023-10-19,Delhi,North,27.6,18.8,0.0,44.6,3.4,Clear,23.200000000000003,8.8,2023,10,October,292,Post-Monsoon,False,False,False,False,False
2023-10-19,Jaipur,Northwest,29.2,18.4,0.0,62.0,11.5,Clear,23.799999999999997,10.8,2023,10,October,292,Post-Monsoon,False,False,False,False,False
2023-10-19,Kolkata,East,27.3,21.4,0.0,58.5,8.5,Clear,24.35,5.900000000000002,2023,10,October,292,Post-Monsoon,False,False,False,False,False
2023-10-19,Mumbai,West,31.8,24.3,10.0,70.4,8.0,Rain,28.05,7.5,2023,10,October,292,Post-Monsoon,False,False,False,False,False
2023-10-20,Bengaluru,South,22.3,17.2,5.1,65.8,9.1,Light Rain,19.75,5.100000000000001,2023,10,October,293,Post-Monsoon,False,False,False,False,False
2023-10-20,Chennai,South,30.6,23.4,46.1,79.0,15.8,Rain,27.0,7.200000000000003,2023,10,October,293,Post-Monsoon,False,False,False,False,False
2023-10-20,Delhi,North,29.0,17.8,0.0,63.9,4.6,Clear,23.4,11.2,2023,10,October,293,Post-Monsoon,False,False,False,False,False
2023-10-20,Jaipur,Northwest,28.2,17.9,0.0,51.7,11.6,Clear,23.049999999999997,10.3,2023,10,October,293,Post-Monsoon,False,False,False,False,False
2023-10-20,Kolkata,East,30.0,22.4,20.2,72.8,13.2,Rain,26.2,7.600000000000001,2023,10,October,293,Post-Monsoon,False,False,False,False,False
2023-10-20,Mumbai,West,30.0,23.8,2.1,64.7,17.2,Light Rain,26.9,6.199999999999999,2023,10,October,293,Post-Monsoon,False,False,False,False,False
2023-10-21,Bengaluru,South,22.6,17.0,0.0,48.6,11.1,Clear,19.8,5.600000000000001,2023,10,October,294,Post-Monsoon,False,False,False,False,False
2023-10-21,Chennai,South,28.4,21.9,47.7,92.7,7.3,Rain,25.15,6.5,2023,10,October,294,Post-Monsoon,False,False,False,False,False
2023-10-21,Delhi,North,27.5,16.0,0.0,57.5,5.9,Clear,21.75,11.5,2023,10,October,294,Post-Monsoon,False,False,False,False,False
2023-10-21,Jaipur,Northwest,31.6,21.9,0.0,58.6,7.8,Clear,26.75,9.700000000000003,2023,10,October,294,Post-Monsoon,False,False,False,False,False
2023-10-21,Kolkata,East,28.9,21.6,5.8,60.0,19.7,Light Rain,25.25,7.299999999999997,2023,10,October,294,Post-Monsoon,False,False,False,False,False
2023-10-21,Mumbai,West,33.7,25.5,3.6,60.3,22.1,Light Rain,29.6,8.200000000000003,2023,10,October,294,Post-Monsoon,False,False,False,False,False
2023-10-22,Bengaluru,South,23.8,14.6,0.0,65.4,7.0,Clear,19.2,9.200000000000001,2023,10,October,295,Post-Monsoon,False,False,False,False,False
2023-10-22,Chennai,South,32.2,24.1,107.2,79.9,16.3,Heavy Rain,28.150000000000002,8.100000000000001,2023,10,October,295,Post-Monsoon,True,False,False,False,True
2023-10-22,Delhi,North,28.7,17.1,29.8,66.0,12.7,Rain,22.9,11.599999999999998,2023,10,October,295,Post-Monsoon,False,False,False,False,False
2023-10-22,Jaipur,Northwest,26.8,16.5,0.0,73.6,9.0,Clear,21.65,10.3,2023,10,October,295,Post-Monsoon,False,False,False,False,False
2023-10-22,Kolkata,East,30.4,24.0,4.5,69.8,8.1,Light Rain,27.2,6.399999999999999,2023,10,October,295,Post-Monsoon,False,False,False,False,False
2023-10-22,Mumbai,West,27.6,22.0,35.0,62.0,29.6,Rain,24.8,5.600000000000001,2023,10,October,295,Post-Monsoon,False,False,False,False,False
2023-10-23,Bengaluru,South,26.6,20.5,0.0,54.3,11.2,Clear,23.55,6.100000000000001,2023,10,October,296,Post-Monsoon,False,False,False,False,False
2023-10-23,Chennai,South,35.8,28.6,67.7,78.1,7.6,Heavy Rain,32.2,7.199999999999996,2023,10,October,296,Post-Monsoon,True,False,False,False,True
2023-10-23,Delhi,North,28.9,16.6,3.5,66.2,10.0,Light Rain,22.75,12.299999999999997,2023,10,October,296,Post-Monsoon,False,False,False,False,False
2023-10-23,Jaipur,Northwest,31.5,18.6,0.0,50.8,10.9,Clear,25.05,12.899999999999999,2023,10,October,296,Post-Monsoon,False,False,False,False,False
2023-10-23,Kolkata,East,28.9,23.9,56.1,56.8,17.8,Rain,26.4,5.0,2023,10,October,296,Post-Monsoon,False,False,False,False,False
2023-10-23,Mumbai,West,29.8,24.8,0.0,38.9,3.3,Clear,27.3,5.0,2023,10,October,296,Post-Monsoon,False,False,False,False,False
2023-10-24,Bengaluru,South,25.5,18.5,0.0,50.4,4.4,Clear,22.0,7.0,2023,10,October,297,Post-Monsoon,False,False,False,False,False
2023-10-24,Chennai,South,30.8,22.9,0.0,91.9,24.5,Cloudy,26.85,7.900000000000002,2023,10,October,297,Post-Monsoon,False,False,False,False,False
2023-10-24,Delhi,North,29.9,18.4,0.0,53.7,18.3,Clear,24.15,11.5,2023,10,October,297,Post-Monsoon,False,False,False,False,False
2023-10-24,Jaipur,Northwest,27.4,15.9,0.0,59.3,11.2,Clear,21.65,11.499999999999998,2023,10,October,297,Post-Monsoon,False,False,False,False,False
2023-10-24,Kolkata,East,26.9,21.9,0.0,55.6,4.2,Clear,24.4,5.0,2023,10,October,297,Post-Monsoon,False,False,False,False,False
2023-10-24,Mumbai,West,32.5,25.4,21.6,70.7,15.9,Rain,28.95,7.100000000000001,2023,10,October,297,Post-Monsoon,False,False,False,False,False
2023-10-25,Bengaluru,South,30.9,21.3,0.0,37.3,5.8,Clear,26.1,9.599999999999998,2023,10,October,298,Post-Monsoon,False,False,False,False,False
2023-10-25,Chennai,South,28.1,21.6,31.4,78.3,12.9,Rain,24.85,6.5,2023,10,October,298,Post-Monsoon,False,False,False,False,False
2023-10-25,Delhi,North,26.4,13.5,11.4,67.4,38.7,Rain,19.95,12.899999999999999,2023,10,October,298,Post-Monsoon,False,False,False,False,False
2023-10-25,Jaipur,Northwest,32.7,20.6,0.0,55.9,14.3,Clear,26.650000000000002,12.100000000000001,2023,10,October,298,Post-Monsoon,False,False,False,False,False
2023-10-25,Kolkata,East,31.1,24.6,33.8,48.6,16.8,Rain,27.85,6.5,2023,10,October,298,Post-Monsoon,False,False,False,False,False
2023-10-25,Mumbai,West,31.4,24.8,24.5,58.5,6.6,Rain,28.1,6.599999999999998,2023,10,October,298,Post-Monsoon,False,False,False,False,False
2023-10-26,Bengaluru,South,26.4,18.7,0.0,60.1,26.0,Clear,22.549999999999997,7.699999999999999,2023,10,October,299,Post-Monsoon,False,False,False,False,False
2023-10-26,Chennai,South,31.6,24.0,32.9,75.0,10.6,Rain,27.8,7.600000000000001,2023,10,October,299,Post-Monsoon,False,False,False,False,False
2023-10-26,Delhi,North,31.3,19.6,0.0,67.5,13.5,Clear,25.450000000000003,11.7,2023,10,October,299,Post-Monsoon,False,False,False,False,False
2023-10-26,Jaipur,Northwest,29.1,16.7,0.0,68.1,9.7,Clear,22.9,12.400000000000002,2023,10,October,299,Post-Monsoon,False,False,False,False,False
2023-10-26,Kolkata,East,29.1,22.3,24.0,62.0,15.9,Rain,25.700000000000003,6.800000000000001,2023,10,October,299,Post-Monsoon,False,False,False,False,False
2023-10-26,Mumbai,West,29.7,22.6,0.0,56.7,8.3,Clear,26.15,7.099999999999998,2023,10,October,299,Post-Monsoon,False,False,False,False,False
2023-10-27,Bengaluru,South,27.1,20.2,40.6,65.7,18.0,Rain,23.65,6.900000000000002,2023,10,October,300,Post-Monsoon,False,False,False,False,False
2023-10-27,Chennai,South,29.7,22.8,11.0,78.4,12.7,Rain,26.25,6.899999999999999,2023,10,October,300,Post-Monsoon,False,False,False,False,False
2023-10-27,Delhi,North,26.8,16.1,0.0,49.4,11.0,Clear,21.450000000000003,10.7,2023,10,October,300,Post-Monsoon,False,False,False,False,False
2023-10-27,Jaipur,Northwest,31.1,19.0,0.0,53.4,12.8,Clear,25.05,12.100000000000001,2023,10,October,300,Post-Monsoon,False,False,False,False,False
2023-10-27,Kolkata,East,25.8,20.1,11.3,64.0,14.1,Rain,22.950000000000003,5.699999999999999,2023,10,October,300,Post-Monsoon,False,False,False,False,False
2023-10-27,Mumbai,West,27.7,22.4,5.8,64.6,12.7,Light Rain,25.049999999999997,5.300000000000001,2023,10,October,300,Post-Monsoon,False,False,False,False,False
2023-10-28,Bengaluru,South,26.0,20.6,57.3,50.1,8.9,Rain,23.3,5.399999999999999,2023,10,October,301,Post-Monsoon,False,False,False,False,False
2023-10-28,Chennai,South,30.5,24.1,103.0,70.4,10.7,Heavy Rain,27.3,6.399999999999999,2023,10,October,301,Post-Monsoon,True,False,False,False,True
2023-10-28,Delhi,North,27.4,17.3,0.0,56.1,4.7,Clear,22.35,10.099999999999998,2023,10,October,301,Post-Monsoon,False,False,False,False,False
2023-10-28,Jaipur,Northwest,28.9,15.5,9.0,67.0,7.4,Light Rain,22.2,13.399999999999999,2023,10,October,301,Post-Monsoon,False,False,False,False,False
2023-10-28,Kolkata,East,29.8,22.1,16.1,64.9,17.4,Rain,25.950000000000003,7.699999999999999,2023,10,October,301,Post-Monsoon,False,False,False,False,False
2023-10-28,Mumbai,West,28.0,21.7,0.0,41.5,10.4,Clear,24.85,6.300000000000001,2023,10,October,301,Post-Monsoon,False,False,False,False,False
2023-10-29,Bengaluru,South,25.7,18.3,1.9,60.7,34.4,Light Rain,22.0,7.399999999999999,2023,10,October,302,Post-Monsoon,False,False,False,False,False
2023-10-29,Chennai,South,31.9,22.7,45.9,84.5,25.1,Rain,27.299999999999997,9.2,2023,10,October,302,Post-Monsoon,False,False,False,False,False
2023-10-29,Delhi,North,30.9,17.8,12.6,57.8,18.7,Rain,24.35,13.099999999999998,2023,10,October,302,Post-Monsoon,False,False,False,False,False
2023-10-29,Jaipur,Northwest,28.6,17.0,24.3,65.5,14.4,Rain,22.8,11.600000000000001,2023,10,October,302,Post-Monsoon,False,False,False,False,False
2023-10-29,Kolkata,East,25.8,19.8,5.0,63.2,10.9,Light Rain,22.8,6.0,2023,10,October,302,Post-Monsoon,False,False,False,False,False
2023-10-29,Mumbai,West,28.8,22.3,24.5,63.1,23.8,Rain,25.55,6.5,2023,10,October,302,Post-Monsoon,False,False,False,False,False
2023-10-30,Bengaluru,South,24.3,15.8,0.0,58.3,11.0,Clear,20.05,8.5,2023,10,October,303,Post-Monsoon,False,False,False,False,False
2023-10-30,Chennai,South,31.0,24.5,0.0,83.1,5.5,Cloudy,27.75,6.5,2023,10,October,303,Post-Monsoon,False,False,False,False,False
2023-10-30,Delhi,North,26.6,15.8,0.0,50.7,9.9,Clear,21.200000000000003,10.8,2023,10,October,303,Post-Monsoon,False,False,False,False,False
2023-10-30,Jaipur,Northwest,31.4,18.0,0.0,41.0,12.7,Clear,24.7,13.399999999999999,2023,10,October,303,Post-Monsoon,False,False,False,False,False
2023-10-30,Kolkata,East,27.9,20.0,0.0,57.2,9.2,Clear,23.95,7.899999999999999,2023,10,October,303,Post-Monsoon,False,False,False,False,False
2023-10-30,Mumbai,West,32.9,27.0,18.7,46.8,18.4,Rain,29.95,5.899999999999999,2023,10,October,303,Post-Monsoon,False,False,False,False,False
2023-10-31,Bengaluru,South,26.0,21.0,0.0,40.4,9.0,Clear,23.5,5.0,2023,10,October,304,Post-Monsoon,False,False,False,False,False
2023-10-31,Chennai,South,34.6,27.4,19.1,84.4,11.7,Rain,31.0,7.200000000000003,2023,10,October,304,Post-Monsoon,False,False,False,False,False
2023-10-31,Delhi,North,29.3,16.0,31.6,68.2,18.2,Rain,22.65,13.3,2023,10,October,304,Post-Monsoon,False,False,False,False,False
2023-10-31,Jaipur,Northwest,27.6,17.1,6.9,69.6,9.6,Light Rain,22.35,10.5,2023,10,October,304,Post-Monsoon,False,False,False,False,False
2023-10-31,Kolkata,East,29.8,24.4,0.0,74.0,8.3,Clear,27.1,5.400000000000002,2023,10,October,304,Post-Monsoon,False,False,False,False,False
2023-10-31,Mumbai,West,29.8,23.2,0.0,58.9,17.7,Clear,26.5,6.600000000000001,2023,10,October,304,Post-Monsoon,False,False,False,False,False
2023-11-01,Bengaluru,South,27.9,18.4,0.0,50.0,15.5,Clear,23.15,9.5,2023,11,November,305,Post-Monsoon,False,False,False,False,False
2023-11-01,Chennai,South,31.5,26.5,24.6,81.8,19.0,Rain,29.0,5.0,2023,11,November,305,Post-Monsoon,False,False,False,False,False
2023-11-01,Delhi,North,30.1,18.6,0.0,39.9,6.7,Clear,24.35,11.5,2023,11,November,305,Post-Monsoon,False,False,False,False,False
2023-11-01,Jaipur,Northwest,28.4,15.6,0.0,50.9,12.6,Clear,22.0,12.799999999999999,2023,11,November,305,Post-Monsoon,False,False,False,False,False
2023-11-01,Kolkata,East,25.3,17.9,0.0,50.1,15.6,Clear,21.6,7.400000000000002,2023,11,November,305,Post-Monsoon,False,False,False,False,False
2023-11-01,Mumbai,West,31.6,24.8,0.9,58.7,11.3,Light Rain,28.200000000000003,6.800000000000001,2023,11,November,305,Post-Monsoon,False,False,False,False,False
2023-11-02,Bengaluru,South,25.2,19.0,0.0,51.8,5.7,Clear,22.1,6.199999999999999,2023,11,November,306,Post-Monsoon,False,False,False,False,False
2023-11-02,Chennai,South,29.8,23.7,70.3,87.0,17.0,Heavy Rain,26.75,6.100000000000001,2023,11,November,306,Post-Monsoon,True,False,False,False,True
2023-11-02,Delhi,North,25.7,13.8,0.0,60.7,15.1,Clear,19.75,11.899999999999999,2023,11,November,306,Post-Monsoon,False,False,False,False,False
2023-11-02,Jaipur,Northwest,29.7,16.9,0.0,45.5,3.0,Clear,23.299999999999997,12.8,2023,11,November,306,Post-Monsoon,False,False,False,False,False
2023-11-02,Kolkata,East,28.4,19.3,3.0,67.5,29.3,Light Rain,23.85,9.099999999999998,2023,11,November,306,Post-Monsoon,False,False,False,False,False
2023-11-02,Mumbai,West,31.9,25.1,0.0,55.0,4.3,Clear,28.5,6.799999999999997,2023,11,November,306,Post-Monsoon,False,False,False,False,False
2023-11-03,Bengaluru,South,24.6,18.3,0.0,47.6,9.0,Clear,21.450000000000003,6.300000000000001,2023,11,November,307,Post-Monsoon,False,False,False,False,False
2023-11-03,Chennai,South,31.3,23.9,0.0,71.4,7.8,Clear,27.6,7.400000000000002,2023,11,November,307,Post-Monsoon,False,False,False,False,False
2023-11-03,Delhi,North,25.8,13.5,0.0,59.1,30.5,Clear,19.65,12.3,2023,11,November,307,Post-Monsoon,False,False,False,False,False
2023-11-03,Jaipur,Northwest,29.0,19.4,0.0,42.9,5.3,Clear,24.2,9.600000000000001,2023,11,November,307,Post-Monsoon,False,False,False,False,False
2023-11-03,Kolkata,East,28.3,19.4,0.0,57.7,9.5,Clear,23.85,8.900000000000002,2023,11,November,307,Post-Monsoon,False,False,False,False,False
2023-11-03,Mumbai,West,29.0,20.7,0.0,51.4,8.7,Clear,24.85,8.3,2023,11,November,307,Post-Monsoon,False,False,False,False,False
2023-11-04,Bengaluru,South,23.6,18.6,0.0,51.9,29.3,Clear,21.1,5.0,2023,11,November,308,Post-Monsoon,False,False,False,False,False
2023-11-04,Chennai,South,32.9,21.6,94.1,71.2,23.4,Heavy Rain,27.25,11.299999999999997,2023,11,November,308,Post-Monsoon,True,False,False,False,True
2023-11-04,Delhi,North,27.5,17.1,0.0,37.9,7.0,Clear,22.3,10.399999999999999,2023,11,November,308,Post-Monsoon,False,False,False,False,False
2023-11-04,Jaipur,Northwest,26.5,18.1,0.0,50.0,7.7,Clear,22.3,8.399999999999999,2023,11,November,308,Post-Monsoon,False,False,False,False,False
2023-11-04,Kolkata,East,28.7,20.4,0.0,47.0,5.8,Clear,24.549999999999997,8.3,2023,11,November,308,Post-Monsoon,False,False,False,False,False
2023-11-04,Mumbai,West,30.1,24.2,0.0,50.0,11.4,Clear,27.15,5.900000000000002,2023,11,November,308,Post-Monsoon,False,False,False,False,False
2023-11-05,Bengaluru,South,23.7,17.7,0.0,56.4,11.5,Clear,20.7,6.0,2023,11,November,309,Post-Monsoon,False,False,False,False,False
2023-11-05,Chennai,South,28.4,22.5,60.4,86.3,19.7,Rain,25.45,5.899999999999999,2023,11,November,309,Post-Monsoon,False,False,False,False,False
2023-11-05,Delhi,North,28.2,14.5,0.0,49.0,6.0,Clear,21.35,13.7,2023,11,November,309,Post-Monsoon,False,False,False,False,False
2023-11-05,Jaipur,Northwest,29.5,17.6,0.0,37.0,2.8,Clear,23.55,11.899999999999999,2023,11,November,309,Post-Monsoon,False,False,False,False,False
2023-11-05,Kolkata,East,29.8,21.7,0.0,43.5,5.4,Clear,25.75,8.100000000000001,2023,11,November,309,Post-Monsoon,False,False,False,False,False
2023-11-05,Mumbai,West,29.3,22.1,0.0,53.6,1.1,Clear,25.700000000000003,7.199999999999999,2023,11,November,309,Post-Monsoon,False,False,False,False,False
2023-11-06,Bengaluru,South,24.4,19.4,0.0,62.9,23.2,Clear,21.9,5.0,2023,11,November,310,Post-Monsoon,False,False,False,False,False
2023-11-06,Chennai,South,27.6,18.4,6.8,75.2,13.2,Light Rain,23.0,9.200000000000003,2023,11,November,310,Post-Monsoon,False,False,False,False,False
2023-11-06,Delhi,North,28.1,18.4,0.0,41.4,9.6,Clear,23.25,9.700000000000003,2023,11,November,310,Post-Monsoon,False,False,False,False,False
2023-11-06,Jaipur,Northwest,24.3,13.0,0.0,57.0,12.5,Clear,18.65,11.3,2023,11,November,310,Post-Monsoon,False,False,False,False,False
2023-11-06,Kolkata,East,24.4,16.5,0.0,46.4,5.0,Clear,20.45,7.899999999999999,2023,11,November,310,Post-Monsoon,False,False,False,False,False
2023-11-06,Mumbai,West,31.5,24.6,0.0,41.7,1.6,Clear,28.05,6.899999999999999,2023,11,November,310,Post-Monsoon,False,False,False,False,False
2023-11-07,Bengaluru,South,24.9,15.5,1.7,54.3,10.1,Light Rain,20.2,9.399999999999999,2023,11,November,311,Post-Monsoon,False,False,False,False,False
2023-11-07,Chennai,South,28.3,21.6,21.1,79.3,6.6,Rain,24.950000000000003,6.699999999999999,2023,11,November,311,Post-Monsoon,False,False,False,False,False
2023-11-07,Delhi,North,25.3,15.0,0.0,39.6,11.1,Clear,20.15,10.3,2023,11,November,311,Post-Monsoon,False,False,False,False,False
2023-11-07,Jaipur,Northwest,27.0,15.5,0.0,44.5,11.9,Clear,21.25,11.5,2023,11,November,311,Post-Monsoon,False,False,False,False,False
2023-11-07,Kolkata,East,30.7,22.7,0.0,48.7,6.6,Clear,26.7,8.0,2023,11,November,311,Post-Monsoon,False,False,False,False,False
2023-11-07,Mumbai,West,29.2,24.0,0.0,52.6,20.3,Clear,26.6,5.199999999999999,2023,11,November,311,Post-Monsoon,False,False,False,False,False
2023-11-08,Bengaluru,South,24.9,19.7,0.0,49.0,5.1,Clear,22.299999999999997,5.199999999999999,2023,11,November,312,Post-Monsoon,False,False,False,False,False
2023-11-08,Chennai,South,30.7,23.9,41.1,64.7,17.0,Rain,27.299999999999997,6.800000000000001,2023,11,November,312,Post-Monsoon,False,False,False,False,False
2023-11-08,Delhi,North,26.1,15.2,0.0,52.9,17.6,Clear,20.65,10.900000000000002,2023,11,November,312,Post-Monsoon,False,False,False,False,False
2023-11-08,Jaipur,Northwest,27.9,18.2,0.0,43.7,19.3,Clear,23.049999999999997,9.7,2023,11,November,312,Post-Monsoon,False,False,False,False,False
2023-11-08,Kolkata,East,25.2,19.2,0.0,47.2,4.6,Clear,22.2,6.0,2023,11,November,312,Post-Monsoon,False,False,False,False,False
2023-11-08,Mumbai,West,28.5,22.2,0.0,71.9,3.4,Clear,25.35,6.300000000000001,2023,11,November,312,Post-Monsoon,False,False,False,False,False
2023-11-09,Bengaluru,South,30.6,23.0,0.0,65.4,10.5,Clear,26.8,7.600000000000001,2023,11,November,313,Post-Monsoon,False,False,False,False,False
2023-11-09,Chennai,South,31.6,24.0,87.6,78.3,20.1,Heavy Rain,27.8,7.600000000000001,2023,11,November,313,Post-Monsoon,True,False,False,False,True
2023-11-09,Delhi,North,27.2,16.4,0.0,44.9,2.7,Clear,21.799999999999997,10.8,2023,11,November,313,Post-Monsoon,False,False,False,False,False
2023-11-09,Jaipur,Northwest,24.6,14.9,0.0,47.9,9.0,Clear,19.75,9.700000000000001,2023,11,November,313,Post-Monsoon,False,False,False,False,False
2023-11-09,Kolkata,East,27.3,19.7,0.0,51.2,12.5,Clear,23.5,7.600000000000001,2023,11,November,313,Post-Monsoon,False,False,False,False,False
2023-11-09,Mumbai,West,31.1,26.1,0.0,53.7,2.2,Clear,28.6,5.0,2023,11,November,313,Post-Monsoon,False,False,False,False,False
2023-11-10,Bengaluru,South,25.0,18.3,0.6,44.1,24.2,Light Rain,21.65,6.699999999999999,2023,11,November,314,Post-Monsoon,False,False,False,False,False
2023-11-10,Chennai,South,30.0,22.3,26.3,85.8,18.7,Rain,26.15,7.699999999999999,2023,11,November,314,Post-Monsoon,False,False,False,False,False
2023-11-10,Delhi,North,24.3,12.7,0.0,50.0,6.4,Clear,18.5,11.600000000000001,2023,11,November,314,Post-Monsoon,False,False,False,False,False
2023-11-10,Jaipur,Northwest,29.9,18.3,0.0,58.6,6.4,Clear,24.1,11.599999999999998,2023,11,November,314,Post-Monsoon,False,False,False,False,False
2023-11-10,Kolkata,East,24.9,19.1,0.0,47.5,15.9,Clear,22.0,5.799999999999997,2023,11,November,314,Post-Monsoon,False,False,False,False,False
2023-11-10,Mumbai,West,28.6,19.9,0.0,44.1,11.8,Clear,24.25,8.700000000000003,2023,11,November,314,Post-Monsoon,False,False,False,False,False
2023-11-11,Bengaluru,South,27.7,19.0,4.6,46.7,11.2,Light Rain,23.35,8.7,2023,11,November,315,Post-Monsoon,False,False,False,False,False
2023-11-11,Chennai,South,30.1,21.9,0.0,79.5,9.3,Clear,26.0,8.200000000000003,2023,11,November,315,Post-Monsoon,False,False,False,False,False
2023-11-11,Delhi,North,25.9,13.6,0.0,29.1,2.1,Clear,19.75,12.299999999999999,2023,11,November,315,Post-Monsoon,False,False,False,False,False
2023-11-11,Jaipur,Northwest,28.8,18.6,0.0,57.9,16.7,Clear,23.700000000000003,10.2,2023,11,November,315,Post-Monsoon,False,False,False,False,False
2023-11-11,Kolkata,East,27.5,19.3,0.0,58.3,5.2,Clear,23.4,8.2,2023,11,November,315,Post-Monsoon,False,False,False,False,False
2023-11-11,Mumbai,West,27.0,21.9,0.0,54.9,6.4,Clear,24.45,5.100000000000001,2023,11,November,315,Post-Monsoon,False,False,False,False,False
2023-11-12,Bengaluru,South,23.5,15.4,0.0,46.9,10.1,Clear,19.45,8.1,2023,11,November,316,Post-Monsoon,False,False,False,False,False
2023-11-12,Chennai,South,31.6,23.9,0.0,79.7,2.9,Clear,27.75,7.700000000000003,2023,11,November,316,Post-Monsoon,False,False,False,False,False
2023-11-12,Delhi,North,21.9,10.3,0.0,66.1,5.1,Clear,16.1,11.599999999999998,2023,11,November,316,Post-Monsoon,False,False,False,False,False
2023-11-12,Jaipur,Northwest,25.1,13.5,0.0,38.5,17.2,Clear,19.3,11.600000000000001,2023,11,November,316,Post-Monsoon,False,False,False,False,False
2023-11-12,Kolkata,East,25.3,17.7,0.0,59.4,10.1,Clear,21.5,7.600000000000001,2023,11,November,316,Post-Monsoon,False,False,False,False,False
2023-11-12,Mumbai,West,31.2,21.8,0.0,43.3,9.0,Clear,26.5,9.399999999999999,2023,11,November,316,Post-Monsoon,False,False,False,False,False
2023-11-13,Bengaluru,South,24.3,17.7,0.0,61.3,9.2,Clear,21.0,6.600000000000001,2023,11,November,317,Post-Monsoon,False,False,False,False,False
2023-11-13,Chennai,South,27.1,20.7,333.7,72.8,20.6,Heavy Rain,23.9,6.400000000000002,2023,11,November,317,Post-Monsoon,True,False,False,False,True
2023-11-13,Delhi,North,26.4,13.6,0.0,62.5,3.3,Clear,20.0,12.799999999999999,2023,11,November,317,Post-Monsoon,False,False,False,False,False
2023-11-13,Jaipur,Northwest,28.9,16.9,0.0,32.0,4.3,Clear,22.9,12.0,2023,11,November,317,Post-Monsoon,False,False,False,False,False
2023-11-13,Kolkata,East,26.2,18.4,0.0,50.3,1.7,Clear,22.299999999999997,7.800000000000001,2023,11,November,317,Post-Monsoon,False,False,False,False,False
2023-11-13,Mumbai,West,27.6,20.2,0.0,52.4,23.0,Clear,23.9,7.400000000000002,2023,11,November,317,Post-Monsoon,False,False,False,False,False
2023-11-14,Bengaluru,South,23.7,16.9,0.0,45.8,9.4,Clear,20.299999999999997,6.800000000000001,2023,11,November,318,Post-Monsoon,False,False,False,False,False
2023-11-14,Chennai,South,29.4,19.0,94.7,67.7,9.5,Heavy Rain,24.2,10.399999999999999,2023,11,November,318,Post-Monsoon,True,False,False,False,True
2023-11-14,Delhi,North,25.6,15.4,0.0,39.6,2.1,Clear,20.5,10.200000000000001,2023,11,November,318,Post-Monsoon,False,False,False,False,False
2023-11-14,Jaipur,Northwest,27.5,17.4,0.0,63.4,11.8,Clear,22.45,10.100000000000001,2023,11,November,318,Post-Monsoon,False,False,False,False,False
2023-11-14,Kolkata,East,23.4,18.2,2.5,68.7,24.4,Light Rain,20.799999999999997,5.199999999999999,2023,11,November,318,Post-Monsoon,False,False,False,False,False
2023-11-14,Mumbai,West,31.7,23.9,0.0,37.4,13.3,Clear,27.799999999999997,7.800000000000001,2023,11,November,318,Post-Monsoon,False,False,False,False,False
2023-11-15,Bengaluru,South,25.5,17.7,0.0,58.9,21.8,Clear,21.6,7.800000000000001,2023,11,November,319,Post-Monsoon,False,False,False,False,False
2023-11-15,Chennai,South,27.1,21.0,0.0,69.2,17.5,Clear,24.05,6.100000000000001,2023,11,November,319,Post-Monsoon,False,False,False,False,False
2023-11-15,Delhi,North,24.8,13.5,0.0,54.6,2.1,Clear,19.15,11.3,2023,11,November,319,Post-Monsoon,False,False,False,False,False
2023-11-15,Jaipur,Northwest,28.7,15.3,0.0,47.4,1.2,Clear,22.0,13.399999999999999,2023,11,November,319,Post-Monsoon,False,False,False,False,False
2023-11-15,Kolkata,East,27.2,20.6,0.0,43.0,21.7,Clear,23.9,6.599999999999998,2023,11,November,319,Post-Monsoon,False,False,False,False,False
2023-11-15,Mumbai,West,27.7,20.4,0.0,56.1,10.6,Clear,24.049999999999997,7.300000000000001,2023,11,November,319,Post-Monsoon,False,False,False,False,False
2023-11-16,Bengaluru,South,24.2,16.7,0.0,52.6,26.6,Clear,20.45,7.5,2023,11,November,320,Post-Monsoon,False,False,False,False,False
2023-11-16,Chennai,South,30.6,22.0,56.6,68.5,13.8,Rain,26.3,8.600000000000001,2023,11,November,320,Post-Monsoon,False,False,False,False,False
2023-11-16,Delhi,North,23.1,12.9,0.0,47.9,7.5,Clear,18.0,10.200000000000001,2023,11,November,320,Post-Monsoon,False,False,False,False,False
2023-11-16,Jaipur,Northwest,26.6,12.9,0.0,53.9,4.6,Clear,19.75,13.700000000000001,2023,11,November,320,Post-Monsoon,False,False,False,False,False
2023-11-16,Kolkata,East,25.2,18.0,0.0,43.0,16.7,Clear,21.6,7.199999999999999,2023,11,November,320,Post-Monsoon,False,False,False,False,False
2023-11-16,Mumbai,West,27.1,19.3,0.0,59.7,4.7,Clear,23.200000000000003,7.800000000000001,2023,11,November,320,Post-Monsoon,False,False,False,False,False
2023-11-17,Bengaluru,South,28.5,20.5,0.0,52.4,4.7,Clear,24.5,8.0,2023,11,November,321,Post-Monsoon,False,False,False,False,False
2023-11-17,Chennai,South,29.0,22.8,26.3,74.6,22.8,Rain,25.9,6.199999999999999,2023,11,November,321,Post-Monsoon,False,False,False,False,False
2023-11-17,Delhi,North,23.8,12.4,0.0,47.9,13.1,Clear,18.1,11.4,2023,11,November,321,Post-Monsoon,False,False,False,False,False
2023-11-17,Jaipur,Northwest,26.4,14.7,0.0,54.9,10.2,Clear,20.549999999999997,11.7,2023,11,November,321,Post-Monsoon,False,False,False,False,False
2023-11-17,Kolkata,East,26.0,17.3,0.0,60.3,6.2,Clear,21.65,8.7,2023,11,November,321,Post-Monsoon,False,False,False,False,False
2023-11-17,Mumbai,West,26.4,19.0,4.8,59.3,10.9,Light Rain,22.7,7.399999999999999,2023,11,November,321,Post-Monsoon,False,False,False,False,False
2023-11-18,Bengaluru,South,23.2,15.4,0.0,65.2,7.6,Clear,19.3,7.799999999999999,2023,11,November,322,Post-Monsoon,False,False,False,False,False
2023-11-18,Chennai,South,28.3,23.2,107.4,85.3,26.4,Heavy Rain,25.75,5.100000000000001,2023,11,November,322,Post-Monsoon,True,False,False,False,True
2023-11-18,Delhi,North,23.4,12.2,0.0,46.2,11.2,Clear,17.799999999999997,11.2,2023,11,November,322,Post-Monsoon,False,False,False,False,False
2023-11-18,Jaipur,Northwest,22.9,13.8,0.0,52.9,12.1,Clear,18.35,9.099999999999998,2023,11,November,322,Post-Monsoon,False,False,False,False,False
2023-11-18,Kolkata,East,27.5,21.6,0.0,62.3,1.3,Clear,24.55,5.899999999999999,2023,11,November,322,Post-Monsoon,False,False,False,False,False
2023-11-18,Mumbai,West,25.6,20.6,0.0,40.9,17.1,Clear,23.1,5.0,2023,11,November,322,Post-Monsoon,False,False,False,False,False
2023-11-19,Bengaluru,South,22.4,16.5,0.0,58.8,8.7,Clear,19.45,5.899999999999999,2023,11,November,323,Post-Monsoon,False,False,False,False,False
2023-11-19,Chennai,South,32.5,24.6,0.0,67.4,5.3,Clear,28.55,7.899999999999999,2023,11,November,323,Post-Monsoon,False,False,False,False,False
2023-11-19,Delhi,North,23.2,11.9,0.0,61.4,10.9,Clear,17.55,11.299999999999999,2023,11,November,323,Post-Monsoon,False,False,False,False,False
2023-11-19,Jaipur,Northwest,23.7,13.5,0.0,62.7,15.8,Clear,18.6,10.2,2023,11,November,323,Post-Monsoon,False,False,False,False,False
2023-11-19,Kolkata,East,24.9,19.9,0.0,56.0,8.0,Clear,22.4,5.0,2023,11,November,323,Post-Monsoon,False,False,False,False,False
2023-11-19,Mumbai,West,29.9,22.4,0.0,49.6,9.8,Clear,26.15,7.5,2023,11,November,323,Post-Monsoon,False,False,False,False,False
2023-11-20,Bengaluru,South,25.1,19.7,0.0,50.6,5.5,Clear,22.4,5.400000000000002,2023,11,November,324,Post-Monsoon,False,False,False,False,False
2023-11-20,Chennai,South,26.9,20.9,57.7,79.4,17.4,Rain,23.9,6.0,2023,11,November,324,Post-Monsoon,False,False,False,False,False
2023-11-20,Delhi,North,26.1,13.0,0.0,63.6,26.0,Clear,19.55,13.100000000000001,2023,11,November,324,Post-Monsoon,False,False,False,False,False
2023-11-20,Jaipur,Northwest,25.8,16.4,0.0,62.0,12.7,Clear,21.1,9.400000000000002,2023,11,November,324,Post-Monsoon,False,False,False,False,False
2023-11-20,Kolkata,East,25.1,19.0,11.3,74.8,9.9,Rain,22.05,6.100000000000001,2023,11,November,324,Post-Monsoon,False,False,False,False,False
2023-11-20,Mumbai,West,25.1,19.4,0.0,44.5,8.2,Clear,22.25,5.700000000000003,2023,11,November,324,Post-Monsoon,False,False,False,False,False
2023-11-21,Bengaluru,South,23.6,17.8,0.0,53.1,2.0,Clear,20.700000000000003,5.800000000000001,2023,11,November,325,Post-Monsoon,False,False,False,False,False
2023-11-21,Chennai,South,29.4,20.2,0.0,76.4,7.7,Clear,24.799999999999997,9.2,2023,11,November,325,Post-Monsoon,False,False,False,False,False
2023-11-21,Delhi,North,22.6,12.5,0.0,55.4,16.4,Clear,17.55,10.100000000000001,2023,11,November,325,Post-Monsoon,False,False,False,False,False
2023-11-21,Jaipur,Northwest,22.9,14.2,0.0,53.3,23.1,Clear,18.549999999999997,8.7,2023,11,November,325,Post-Monsoon,False,False,False,False,False
2023-11-21,Kolkata,East,22.8,15.1,0.0,73.2,4.6,Clear,18.95,7.700000000000001,2023,11,November,325,Post-Monsoon,False,False,False,False,False
2023-11-21,Mumbai,West,27.7,21.6,0.0,61.9,10.0,Clear,24.65,6.099999999999998,2023,11,November,325,Post-Monsoon,False,False,False,False,False
2023-11-22,Bengaluru,South,24.0,16.0,0.0,51.3,17.6,Clear,20.0,8.0,2023,11,November,326,Post-Monsoon,False,False,False,False,False
2023-11-22,Chennai,South,27.7,20.1,16.9,93.8,12.0,Rain,23.9,7.599999999999998,2023,11,November,326,Post-Monsoon,False,False,False,False,False
2023-11-22,Delhi,North,23.8,12.6,0.0,50.7,13.5,Clear,18.2,11.200000000000001,2023,11,November,326,Post-Monsoon,False,False,False,False,False
2023-11-22,Jaipur,Northwest,28.7,16.0,5.7,66.1,20.1,Light Rain,22.35,12.7,2023,11,November,326,Post-Monsoon,False,False,False,False,False
2023-11-22,Kolkata,East,25.4,20.4,2.0,52.3,9.4,Light Rain,22.9,5.0,2023,11,November,326,Post-Monsoon,False,False,False,False,False
2023-11-22,Mumbai,West,30.0,20.9,2.4,53.0,14.8,Light Rain,25.45,9.100000000000001,2023,11,November,326,Post-Monsoon,False,False,False,False,False
2023-11-23,Bengaluru,South,24.0,17.1,0.0,49.7,16.1,Clear,20.55,6.899999999999999,2023,11,November,327,Post-Monsoon,False,False,False,False,False
2023-11-23,Chennai,South,29.3,23.1,0.0,80.1,8.4,Clear,26.200000000000003,6.199999999999999,2023,11,November,327,Post-Monsoon,False,False,False,False,False
2023-11-23,Delhi,North,22.9,12.8,0.0,33.2,2.7,Clear,17.85,10.099999999999998,2023,11,November,327,Post-Monsoon,False,False,False,False,False
2023-11-23,Jaipur,Northwest,23.4,13.7,0.0,54.0,6.5,Clear,18.549999999999997,9.7,2023,11,November,327,Post-Monsoon,False,False,False,False,False
2023-11-23,Kolkata,East,26.1,19.8,1.9,52.2,9.5,Light Rain,22.950000000000003,6.300000000000001,2023,11,November,327,Post-Monsoon,False,False,False,False,False
2023-11-23,Mumbai,West,31.5,23.3,0.0,53.6,16.6,Clear,27.4,8.2,2023,11,November,327,Post-Monsoon,False,False,False,False,False
2023-11-24,Bengaluru,South,23.0,17.1,0.0,52.3,5.3,Clear,20.05,5.899999999999999,2023,11,November,328,Post-Monsoon,False,False,False,False,False
2023-11-24,Chennai,South,28.5,22.4,230.5,95.0,8.0,Heavy Rain,25.45,6.100000000000001,2023,11,November,328,Post-Monsoon,True,False,False,False,True
2023-11-24,Delhi,North,23.0,10.7,0.0,49.4,11.1,Clear,16.85,12.3,2023,11,November,328,Post-Monsoon,False,False,False,False,False
2023-11-24,Jaipur,Northwest,24.1,12.8,0.0,46.0,5.9,Clear,18.450000000000003,11.3,2023,11,November,328,Post-Monsoon,False,False,False,False,False
2023-11-24,Kolkata,East,24.6,17.0,0.0,49.4,18.5,Clear,20.8,7.600000000000001,2023,11,November,328,Post-Monsoon,False,False,False,False,False
2023-11-24,Mumbai,West,30.2,22.0,0.0,52.4,11.3,Clear,26.1,8.2,2023,11,November,328,Post-Monsoon,False,False,False,False,False
2023-11-25,Bengaluru,South,22.5,17.5,0.0,54.0,9.1,Clear,20.0,5.0,2023,11,November,329,Post-Monsoon,False,False,False,False,False
2023-11-25,Chennai,South,29.0,21.1,46.5,87.1,7.3,Rain,25.05,7.899999999999999,2023,11,November,329,Post-Monsoon,False,False,False,False,False
2023-11-25,Delhi,North,19.3,7.5,0.0,48.6,18.5,Clear,13.4,11.8,2023,11,November,329,Post-Monsoon,False,False,False,False,False
2023-11-25,Jaipur,Northwest,24.0,12.5,0.0,45.5,9.4,Clear,18.25,11.5,2023,11,November,329,Post-Monsoon,False,False,False,False,False
2023-11-25,Kolkata,East,27.2,18.3,0.0,40.0,4.4,Clear,22.75,8.899999999999999,2023,11,November,329,Post-Monsoon,False,False,False,False,False
2023-11-25,Mumbai,West,28.7,23.1,0.0,43.2,10.7,Clear,25.9,5.599999999999998,2023,11,November,329,Post-Monsoon,False,False,False,False,False
2023-11-26,Bengaluru,South,23.0,18.0,0.0,58.0,2.0,Clear,20.5,5.0,2023,11,November,330,Post-Monsoon,False,False,False,False,False
2023-11-26,Chennai,South,27.8,21.2,119.5,88.7,19.2,Heavy Rain,24.5,6.600000000000001,2023,11,November,330,Post-Monsoon,True,False,False,False,True
2023-11-26,Delhi,North,22.0,12.4,0.0,43.3,10.8,Clear,17.2,9.6,2023,11,November,330,Post-Monsoon,False,False,False,False,False
2023-11-26,Jaipur,Northwest,23.4,12.6,0.0,48.3,3.4,Clear,18.0,10.799999999999999,2023,11,November,330,Post-Monsoon,False,False,False,False,False
2023-11-26,Kolkata,East,26.5,19.5,1.3,54.7,11.5,Light Rain,23.0,7.0,2023,11,November,330,Post-Monsoon,False,False,False,False,False
2023-11-26,Mumbai,West,25.6,19.5,0.0,60.8,3.4,Clear,22.55,6.100000000000001,2023,11,November,330,Post-Monsoon,False,False,False,False,False
2023-11-27,Bengaluru,South,21.8,16.8,0.0,50.3,26.8,Clear,19.3,5.0,2023,11,November,331,Post-Monsoon,False,False,False,False,False
2023-11-27,Chennai,South,27.8,22.7,71.0,75.7,17.9,Heavy Rain,25.25,5.100000000000001,2023,11,November,331,Post-Monsoon,True,False,False,False,True
2023-11-27,Delhi,North,25.2,11.3,0.0,49.7,23.3,Clear,18.25,13.899999999999999,2023,11,November,331,Post-Monsoon,False,False,False,False,False
2023-11-27,Jaipur,Northwest,21.5,8.2,0.0,45.1,20.1,Clear,14.85,13.3,2023,11,November,331,Post-Monsoon,False,False,False,False,False
2023-11-27,Kolkata,East,27.2,19.9,0.0,32.9,1.0,Clear,23.549999999999997,7.300000000000001,2023,11,November,331,Post-Monsoon,False,False,False,False,False
2023-11-27,Mumbai,West,26.2,20.6,5.0,69.3,34.4,Light Rain,23.4,5.599999999999998,2023,11,November,331,Post-Monsoon,False,False,False,False,False
2023-11-28,Bengaluru,South,26.8,19.0,0.0,50.2,10.8,Clear,22.9,7.800000000000001,2023,11,November,332,Post-Monsoon,False,False,False,False,False
2023-11-28,Chennai,South,32.2,25.4,326.4,75.3,15.5,Heavy Rain,28.8,6.800000000000004,2023,11,November,332,Post-Monsoon,True,False,False,False,True
2023-11-28,Delhi,North,23.2,11.9,0.0,35.5,11.8,Clear,17.55,11.299999999999999,2023,11,November,332,Post-Monsoon,False,False,False,False,False
2023-11-28,Jaipur,Northwest,23.1,12.4,0.0,47.6,7.1,Clear,17.75,10.700000000000001,2023,11,November,332,Post-Monsoon,False,False,False,False,False
2023-11-28,Kolkata,East,26.8,19.4,0.0,44.5,13.8,Clear,23.1,7.400000000000002,2023,11,November,332,Post-Monsoon,False,False,False,False,False
2023-11-28,Mumbai,West,31.3,23.9,2.4,66.7,6.2,Light Rain,27.6,7.400000000000002,2023,11,November,332,Post-Monsoon,False,False,False,False,False
2023-11-29,Bengaluru,South,24.5,18.5,0.0,48.8,11.0,Clear,21.5,6.0,2023,11,November,333,Post-Monsoon,False,False,False,False,False
2023-11-29,Chennai,South,28.3,19.8,0.0,81.4,11.8,Clear,24.05,8.5,2023,11,November,333,Post-Monsoon,False,False,False,False,False
2023-11-29,Delhi,North,22.2,12.4,0.0,37.0,12.5,Clear,17.3,9.799999999999999,2023,11,November,333,Post-Monsoon,False,False,False,False,False
2023-11-29,Jaipur,Northwest,24.7,13.2,0.0,56.7,4.1,Clear,18.95,11.5,2023,11,November,333,Post-Monsoon,False,False,False,False,False
2023-11-29,Kolkata,East,24.9,17.7,0.0,50.3,10.2,Clear,21.299999999999997,7.199999999999999,2023,11,November,333,Post-Monsoon,False,False,False,False,False
2023-11-29,Mumbai,West,25.6,18.5,0.0,54.3,12.1,Clear,22.05,7.100000000000001,2023,11,November,333,Post-Monsoon,False,False,False,False,False
2023-11-30,Bengaluru,South,21.8,12.6,0.0,58.9,16.0,Clear,17.2,9.200000000000001,2023,11,November,334,Post-Monsoon,False,False,False,False,False
2023-11-30,Chennai,South,27.4,20.7,49.8,66.5,9.5,Rain,24.049999999999997,6.699999999999999,2023,11,November,334,Post-Monsoon,False,False,False,False,False
2023-11-30,Delhi,North,24.8,14.0,0.0,47.9,8.6,Clear,19.4,10.8,2023,11,November,334,Post-Monsoon,False,False,False,False,False
2023-11-30,Jaipur,Northwest,21.6,10.7,0.0,51.3,20.6,Clear,16.15,10.900000000000002,2023,11,November,334,Post-Monsoon,False,False,False,False,False
2023-11-30,Kolkata,East,25.7,18.8,0.0,50.5,3.5,Clear,22.25,6.899999999999999,2023,11,November,334,Post-Monsoon,False,False,False,False,False
2023-11-30,Mumbai,West,24.7,19.5,0.0,42.1,7.9,Clear,22.1,5.199999999999999,2023,11,November,334,Post-Monsoon,False,False,False,False,False
2023-12-01,Bengaluru,South,23.2,15.5,0.0,49.6,17.8,Clear,19.35,7.699999999999999,2023,12,December,335,Winter,False,False,False,False,False
2023-12-01,Chennai,South,27.0,20.7,11.3,81.8,10.0,Rain,23.85,6.300000000000001,2023,12,December,335,Winter,False,False,False,False,False
2023-12-01,Delhi,North,22.1,14.8,0.0,56.5,5.4,Clear,18.450000000000003,7.300000000000001,2023,12,December,335,Winter,False,False,False,False,False
2023-12-01,Jaipur,Northwest,25.1,13.8,0.0,44.1,8.8,Clear,19.450000000000003,11.3,2023,12,December,335,Winter,False,False,False,False,False
2023-12-01,Kolkata,East,23.9,16.9,0.0,34.9,15.8,Clear,20.4,7.0,2023,12,December,335,Winter,False,False,False,False,False
2023-12-01,Mumbai,West,28.0,20.9,0.0,42.1,6.9,Clear,24.45,7.100000000000001,2023,12,December,335,Winter,False,False,False,False,False
2023-12-02,Bengaluru,South,24.8,15.0,0.0,49.5,4.4,Clear,19.9,9.8,2023,12,December,336,Winter,False,False,False,False,False
2023-12-02,Chennai,South,27.1,21.4,0.0,76.5,28.8,Clear,24.25,5.700000000000003,2023,12,December,336,Winter,False,False,False,False,False
2023-12-02,Delhi,North,20.6,10.9,0.0,54.8,13.2,Clear,15.75,9.700000000000001,2023,12,December,336,Winter,False,False,False,False,False
2023-12-02,Jaipur,Northwest,24.0,13.6,0.0,57.5,8.8,Clear,18.8,10.4,2023,12,December,336,Winter,False,False,False,False,False
2023-12-02,Kolkata,East,24.4,16.2,0.0,52.3,5.9,Clear,20.299999999999997,8.2,2023,12,December,336,Winter,False,False,False,False,False
2023-12-02,Mumbai,West,26.5,19.0,0.0,45.3,7.6,Clear,22.75,7.5,2023,12,December,336,Winter,False,False,False,False,False
2023-12-03,Bengaluru,South,26.2,19.1,0.0,52.0,4.9,Clear,22.65,7.099999999999998,2023,12,December,337,Winter,False,False,False,False,False
2023-12-03,Chennai,South,24.1,18.0,0.0,67.9,20.0,Clear,21.05,6.100000000000001,2023,12,December,337,Winter,False,False,False,False,False
2023-12-03,Delhi,North,21.6,11.2,0.0,51.3,16.4,Clear,16.4,10.400000000000002,2023,12,December,337,Winter,False,False,False,False,False
2023-12-03,Jaipur,Northwest,22.9,9.8,0.0,50.3,5.2,Clear,16.35,13.099999999999998,2023,12,December,337,Winter,False,False,False,False,False
2023-12-03,Kolkata,East,23.4,14.8,0.0,40.0,10.3,Clear,19.1,8.599999999999998,2023,12,December,337,Winter,False,False,False,False,False
2023-12-03,Mumbai,West,28.6,19.9,0.0,62.3,10.1,Clear,24.25,8.700000000000003,2023,12,December,337,Winter,False,False,False,False,False
2023-12-04,Bengaluru,South,24.0,18.2,0.0,55.7,5.8,Clear,21.1,5.800000000000001,2023,12,December,338,Winter,False,False,False,False,False
2023-12-04,Chennai,South,29.8,20.4,0.0,77.4,4.5,Clear,25.1,9.400000000000002,2023,12,December,338,Winter,False,False,False,False,False
2023-12-04,Delhi,North,24.1,12.9,0.0,56.0,8.1,Clear,18.5,11.200000000000001,2023,12,December,338,Winter,False,False,False,False,False
2023-12-04,Jaipur,Northwest,24.9,12.9,0.0,59.0,6.0,Clear,18.9,11.999999999999998,2023,12,December,338,Winter,False,False,False,False,False
2023-12-04,Kolkata,East,23.1,16.2,0.0,39.1,12.9,Clear,19.65,6.900000000000002,2023,12,December,338,Winter,False,False,False,False,False
2023-12-04,Mumbai,West,26.9,19.7,0.0,48.8,20.5,Clear,23.299999999999997,7.199999999999999,2023,12,December,338,Winter,False,False,False,False,False
2023-12-05,Bengaluru,South,23.4,18.1,1.8,61.7,11.1,Light Rain,20.75,5.299999999999997,2023,12,December,339,Winter,False,False,False,False,False
2023-12-05,Chennai,South,24.3,18.0,0.0,88.0,13.9,Cloudy,21.15,6.300000000000001,2023,12,December,339,Winter,False,False,False,False,False
2023-12-05,Delhi,North,25.5,13.4,0.0,42.9,6.0,Clear,19.45,12.1,2023,12,December,339,Winter,False,False,False,False,False
2023-12-05,Jaipur,Northwest,22.6,11.9,0.0,60.5,3.3,Clear,17.25,10.700000000000001,2023,12,December,339,Winter,False,False,False,False,False
2023-12-05,Kolkata,East,24.4,18.7,0.0,49.5,9.9,Clear,21.549999999999997,5.699999999999999,2023,12,December,339,Winter,False,False,False,False,False
2023-12-05,Mumbai,West,26.6,21.3,2.2,59.0,13.5,Light Rain,23.950000000000003,5.300000000000001,2023,12,December,339,Winter,False,False,False,False,False
2023-12-06,Bengaluru,South,24.1,16.2,0.0,61.5,4.0,Clear,20.15,7.900000000000002,2023,12,December,340,Winter,False,False,False,False,False
2023-12-06,Chennai,South,25.1,17.8,73.6,86.2,14.1,Heavy Rain,21.450000000000003,7.300000000000001,2023,12,December,340,Winter,True,False,False,False,True
2023-12-06,Delhi,North,23.0,12.9,0.0,58.7,4.2,Clear,17.95,10.1,2023,12,December,340,Winter,False,False,False,False,False
2023-12-06,Jaipur,Northwest,21.0,12.4,0.0,54.6,18.6,Clear,16.7,8.6,2023,12,December,340,Winter,False,False,False,False,False
2023-12-06,Kolkata,East,22.6,15.5,0.0,51.9,7.4,Clear,19.05,7.100000000000001,2023,12,December,340,Winter,False,False,False,False,False
2023-12-06,Mumbai,West,27.9,19.3,0.0,50.1,20.0,Clear,23.6,8.599999999999998,2023,12,December,340,Winter,False,False,False,False,False
2023-12-07,Bengaluru,South,26.9,17.1,0.0,61.2,6.7,Clear,22.0,9.799999999999997,2023,12,December,341,Winter,False,False,False,False,False
2023-12-07,Chennai,South,29.6,21.3,163.3,77.1,24.1,Heavy Rain,25.450000000000003,8.3,2023,12,December,341,Winter,True,False,False,False,True
2023-12-07,Delhi,North,18.2,7.0,0.0,40.8,14.9,Clear,12.6,11.2,2023,12,December,341,Winter,False,False,False,False,False
2023-12-07,Jaipur,Northwest,22.1,13.0,0.0,51.0,10.5,Clear,17.55,9.100000000000001,2023,12,December,341,Winter,False,False,False,False,False
2023-12-07,Kolkata,East,25.6,17.9,0.0,54.3,2.9,Clear,21.75,7.700000000000003,2023,12,December,341,Winter,False,False,False,False,False
2023-12-07,Mumbai,West,29.9,24.0,0.0,35.7,14.5,Clear,26.95,5.899999999999999,2023,12,December,341,Winter,False,False,False,False,False
2023-12-08,Bengaluru,South,25.9,18.5,0.0,39.6,3.4,Clear,22.2,7.399999999999999,2023,12,December,342,Winter,False,False,False,False,False
2023-12-08,Chennai,South,28.9,20.1,0.0,80.3,4.2,Clear,24.5,8.799999999999997,2023,12,December,342,Winter,False,False,False,False,False
2023-12-08,Delhi,North,22.6,12.3,3.4,78.3,14.5,Light Rain,17.450000000000003,10.3,2023,12,December,342,Winter,False,False,False,False,False
2023-12-08,Jaipur,Northwest,21.7,10.4,0.0,63.1,7.8,Clear,16.05,11.299999999999999,2023,12,December,342,Winter,False,False,False,False,False
2023-12-08,Kolkata,East,26.3,19.6,0.0,50.6,10.6,Clear,22.950000000000003,6.699999999999999,2023,12,December,342,Winter,False,False,False,False,False
2023-12-08,Mumbai,West,26.9,21.9,0.0,26.6,6.4,Clear,24.4,5.0,2023,12,December,342,Winter,False,False,False,False,False
2023-12-09,Bengaluru,South,28.2,18.8,0.0,65.5,18.5,Clear,23.5,9.399999999999999,2023,12,December,343,Winter,False,False,False,False,False
2023-12-09,Chennai,South,32.2,24.7,39.3,71.0,20.5,Rain,28.450000000000003,7.5000000000000036,2023,12,December,343,Winter,False,False,False,False,False
2023-12-09,Delhi,North,20.2,8.9,0.0,51.1,3.8,Clear,14.55,11.299999999999999,2023,12,December,343,Winter,False,False,False,False,False
2023-12-09,Jaipur,Northwest,23.3,11.8,0.0,56.3,10.9,Clear,17.55,11.5,2023,12,December,343,Winter,False,False,False,False,False
2023-12-09,Kolkata,East,26.2,20.6,0.0,41.5,37.0,Clear,23.4,5.599999999999998,2023,12,December,343,Winter,False,False,False,False,False
2023-12-09,Mumbai,West,27.8,19.5,0.0,58.1,7.4,Clear,23.65,8.3,2023,12,December,343,Winter,False,False,False,False,False
2023-12-10,Bengaluru,South,22.9,17.3,0.0,50.6,4.3,Clear,20.1,5.599999999999998,2023,12,December,344,Winter,False,False,False,False,False
2023-12-10,Chennai,South,27.9,20.7,0.0,71.3,7.5,Clear,24.299999999999997,7.199999999999999,2023,12,December,344,Winter,False,False,False,False,False
2023-12-10,Delhi,North,21.3,12.9,0.0,51.9,5.9,Clear,17.1,8.4,2023,12,December,344,Winter,False,False,False,False,False
2023-12-10,Jaipur,Northwest,19.9,9.6,0.0,44.8,22.6,Clear,14.75,10.299999999999999,2023,12,December,344,Winter,False,False,False,False,False
2023-12-10,Kolkata,East,27.7,21.9,0.0,39.7,6.4,Clear,24.799999999999997,5.800000000000001,2023,12,December,344,Winter,False,False,False,False,False
2023-12-10,Mumbai,West,30.7,25.3,0.0,60.9,3.1,Clear,28.0,5.399999999999999,2023,12,December,344,Winter,False,False,False,False,False
2023-12-11,Bengaluru,South,25.7,19.8,0.0,69.8,8.4,Clear,22.75,5.899999999999999,2023,12,December,345,Winter,False,False,False,False,False
2023-12-11,Chennai,South,27.9,20.9,0.0,81.4,7.0,Clear,24.4,7.0,2023,12,December,345,Winter,False,False,False,False,False
2023-12-11,Delhi,North,19.6,8.2,0.0,51.7,15.8,Clear,13.9,11.400000000000002,2023,12,December,345,Winter,False,False,False,False,False
2023-12-11,Jaipur,Northwest,22.7,13.2,0.0,39.7,4.2,Clear,17.95,9.5,2023,12,December,345,Winter,False,False,False,False,False
2023-12-11,Kolkata,East,23.4,17.1,0.0,46.8,9.7,Clear,20.25,6.299999999999997,2023,12,December,345,Winter,False,False,False,False,False
2023-12-11,Mumbai,West,27.8,21.2,0.0,44.3,8.8,Clear,24.5,6.600000000000001,2023,12,December,345,Winter,False,False,False,False,False
2023-12-12,Bengaluru,South,27.7,19.0,0.0,55.7,10.5,Clear,23.35,8.7,2023,12,December,346,Winter,False,False,False,False,False
2023-12-12,Chennai,South,29.9,24.0,94.5,75.0,38.3,Heavy Rain,26.95,5.899999999999999,2023,12,December,346,Winter,True,False,False,False,True
2023-12-12,Delhi,North,19.6,7.1,0.6,63.5,19.9,Light Rain,13.350000000000001,12.500000000000002,2023,12,December,346,Winter,False,False,False,False,False
2023-12-12,Jaipur,Northwest,21.7,11.0,0.0,67.8,6.2,Clear,16.35,10.7,2023,12,December,346,Winter,False,False,False,False,False
2023-12-12,Kolkata,East,25.7,18.2,0.0,52.0,8.2,Clear,21.95,7.5,2023,12,December,346,Winter,False,False,False,False,False
2023-12-12,Mumbai,West,25.6,19.3,0.0,42.9,6.0,Clear,22.450000000000003,6.300000000000001,2023,12,December,346,Winter,False,False,False,False,False
2023-12-13,Bengaluru,South,23.1,16.4,0.0,47.1,2.7,Clear,19.75,6.700000000000003,2023,12,December,347,Winter,False,False,False,False,False
2023-12-13,Chennai,South,30.8,22.8,0.0,60.1,13.3,Clear,26.8,8.0,2023,12,December,347,Winter,False,False,False,False,False
2023-12-13,Delhi,North,20.7,9.8,0.0,54.9,18.3,Clear,15.25,10.899999999999999,2023,12,December,347,Winter,False,False,False,False,False
2023-12-13,Jaipur,Northwest,23.5,14.6,0.0,57.3,11.8,Clear,19.05,8.9,2023,12,December,347,Winter,False,False,False,False,False
2023-12-13,Kolkata,East,24.1,17.7,0.0,48.2,9.1,Clear,20.9,6.400000000000002,2023,12,December,347,Winter,False,False,False,False,False
2023-12-13,Mumbai,West,28.4,23.4,0.0,49.5,10.7,Clear,25.9,5.0,2023,12,December,347,Winter,False,False,False,False,False
2023-12-14,Bengaluru,South,22.8,14.0,0.0,54.4,15.6,Clear,18.4,8.8,2023,12,December,348,Winter,False,False,False,False,False
2023-12-14,Chennai,South,29.2,20.4,54.6,86.8,9.4,Rain,24.799999999999997,8.8,2023,12,December,348,Winter,False,False,False,False,False
2023-12-14,Delhi,North,24.3,13.4,0.0,51.1,5.5,Clear,18.85,10.9,2023,12,December,348,Winter,False,False,False,False,False
2023-12-14,Jaipur,Northwest,24.0,12.4,0.0,49.9,5.5,Clear,18.2,11.6,2023,12,December,348,Winter,False,False,False,False,False
2023-12-14,Kolkata,East,24.1,17.0,0.0,58.3,4.0,Clear,20.55,7.100000000000001,2023,12,December,348,Winter,False,False,False,False,False
2023-12-14,Mumbai,West,27.0,19.4,0.0,51.0,12.5,Clear,23.2,7.600000000000001,2023,12,December,348,Winter,False,False,False,False,False
2023-12-15,Bengaluru,South,22.1,15.4,0.0,45.2,12.6,Clear,18.75,6.700000000000001,2023,12,December,349,Winter,False,False,False,False,False
2023-12-15,Chennai,South,24.3,19.3,0.0,67.0,6.5,Clear,21.8,5.0,2023,12,December,349,Winter,False,False,False,False,False
2023-12-15,Delhi,North,17.7,4.2,0.0,48.0,6.4,Clear,10.95,13.5,2023,12,December,349,Winter,False,False,True,False,True
2023-12-15,Jaipur,Northwest,21.1,10.3,0.0,49.7,5.7,Clear,15.700000000000001,10.8,2023,12,December,349,Winter,False,False,False,False,False
2023-12-15,Kolkata,East,19.5,14.5,0.0,55.2,5.3,Clear,17.0,5.0,2023,12,December,349,Winter,False,False,False,False,False
2023-12-15,Mumbai,West,26.1,20.6,0.0,43.3,8.8,Clear,23.35,5.5,2023,12,December,349,Winter,False,False,False,False,False
2023-12-16,Bengaluru,South,21.2,13.2,0.0,45.6,5.7,Clear,17.2,8.0,2023,12,December,350,Winter,False,False,False,False,False
2023-12-16,Chennai,South,27.3,22.3,32.4,79.8,13.0,Rain,24.8,5.0,2023,12,December,350,Winter,False,False,False,False,False
2023-12-16,Delhi,North,20.0,9.8,3.6,62.2,25.9,Light Rain,14.9,10.2,2023,12,December,350,Winter,False,False,False,False,False
2023-12-16,Jaipur,Northwest,22.8,12.1,0.0,44.2,7.9,Clear,17.45,10.700000000000001,2023,12,December,350,Winter,False,False,False,False,False
2023-12-16,Kolkata,East,23.7,16.9,0.0,60.0,2.8,Clear,20.299999999999997,6.800000000000001,2023,12,December,350,Winter,False,False,False,False,False
2023-12-16,Mumbai,West,29.9,19.9,0.0,49.0,6.2,Clear,24.9,10.0,2023,12,December,350,Winter,False,False,False,False,False
2023-12-17,Bengaluru,South,21.9,15.4,0.0,59.1,9.6,Clear,18.65,6.499999999999998,2023,12,December,351,Winter,False,False,False,False,False
2023-12-17,Chennai,South,26.5,18.3,0.0,67.6,13.9,Clear,22.4,8.2,2023,12,December,351,Winter,False,False,False,False,False
2023-12-17,Delhi,North,19.7,8.8,0.0,48.1,22.7,Clear,14.25,10.899999999999999,2023,12,December,351,Winter,False,False,False,False,False
2023-12-17,Jaipur,Northwest,24.8,13.1,0.0,53.6,2.3,Clear,18.95,11.700000000000001,2023,12,December,351,Winter,False,False,False,False,False
2023-12-17,Kolkata,East,26.6,17.4,0.0,50.6,13.2,Clear,22.0,9.200000000000003,2023,12,December,351,Winter,False,False,False,False,False
2023-12-17,Mumbai,West,28.6,20.3,0.0,47.8,18.4,Clear,24.450000000000003,8.3,2023,12,December,351,Winter,False,False,False,False,False
2023-12-18,Bengaluru,South,23.4,18.4,0.0,60.4,21.3,Clear,20.9,5.0,2023,12,December,352,Winter,False,False,False,False,False
2023-12-18,Chennai,South,33.2,24.9,0.0,65.2,13.4,Clear,29.05,8.300000000000004,2023,12,December,352,Winter,False,False,False,False,False
2023-12-18,Delhi,North,18.1,7.0,0.0,48.2,7.3,Clear,12.55,11.100000000000001,2023,12,December,352,Winter,False,False,False,False,False
2023-12-18,Jaipur,Northwest,19.4,8.3,0.0,52.2,13.6,Clear,13.85,11.099999999999998,2023,12,December,352,Winter,False,False,False,False,False
2023-12-18,Kolkata,East,25.2,18.1,0.0,50.3,4.1,Clear,21.65,7.099999999999998,2023,12,December,352,Winter,False,False,False,False,False
2023-12-18,Mumbai,West,28.7,21.0,0.0,53.2,9.6,Clear,24.85,7.699999999999999,2023,12,December,352,Winter,False,False,False,False,False
2023-12-19,Bengaluru,South,22.0,14.1,0.0,50.6,2.3,Clear,18.05,7.9,2023,12,December,353,Winter,False,False,False,False,False
2023-12-19,Chennai,South,29.4,19.6,0.0,75.5,15.7,Clear,24.5,9.799999999999997,2023,12,December,353,Winter,False,False,False,False,False
2023-12-19,Delhi,North,20.3,8.5,0.0,53.5,6.0,Clear,14.4,11.8,2023,12,December,353,Winter,False,False,False,False,False
2023-12-19,Jaipur,Northwest,20.3,10.1,0.0,51.7,17.0,Clear,15.2,10.200000000000001,2023,12,December,353,Winter,False,False,False,False,False
2023-12-19,Kolkata,East,25.5,19.3,0.0,48.7,25.3,Clear,22.4,6.199999999999999,2023,12,December,353,Winter,False,False,False,False,False
2023-12-19,Mumbai,West,26.4,20.1,0.0,51.2,5.1,Clear,23.25,6.299999999999997,2023,12,December,353,Winter,False,False,False,False,False
2023-12-20,Bengaluru,South,23.6,16.2,0.0,47.1,7.2,Clear,19.9,7.400000000000002,2023,12,December,354,Winter,False,False,False,False,False
2023-12-20,Chennai,South,25.8,17.7,36.8,85.6,19.7,Rain,21.75,8.100000000000001,2023,12,December,354,Winter,False,False,False,False,False
2023-12-20,Delhi,North,20.1,11.0,0.0,50.4,5.8,Clear,15.55,9.100000000000001,2023,12,December,354,Winter,False,False,False,False,False
2023-12-20,Jaipur,Northwest,25.2,14.5,0.0,37.7,15.6,Clear,19.85,10.7,2023,12,December,354,Winter,False,False,False,False,False
2023-12-20,Kolkata,East,24.8,17.3,0.0,44.6,31.5,Clear,21.05,7.5,2023,12,December,354,Winter,False,False,False,False,False
2023-12-20,Mumbai,West,26.6,19.1,0.0,47.7,9.6,Clear,22.85,7.5,2023,12,December,354,Winter,False,False,False,False,False
2023-12-21,Bengaluru,South,24.8,16.8,0.0,52.7,14.4,Clear,20.8,8.0,2023,12,December,355,Winter,False,False,False,False,False
2023-12-21,Chennai,South,27.7,22.3,36.9,71.8,11.2,Rain,25.0,5.399999999999999,2023,12,December,355,Winter,False,False,False,False,False
2023-12-21,Delhi,North,20.7,8.4,0.0,60.7,2.0,Clear,14.55,12.299999999999999,2023,12,December,355,Winter,False,False,False,False,False
2023-12-21,Jaipur,Northwest,24.8,13.5,0.0,57.8,8.0,Clear,19.15,11.3,2023,12,December,355,Winter,False,False,False,False,False
2023-12-21,Kolkata,East,21.3,14.9,0.0,48.3,5.6,Clear,18.1,6.4,2023,12,December,355,Winter,False,False,False,False,False
2023-12-21,Mumbai,West,26.6,19.0,0.0,55.1,28.1,Clear,22.8,7.600000000000001,2023,12,December,355,Winter,False,False,False,False,False
2023-12-22,Bengaluru,South,27.6,20.9,0.0,49.2,17.6,Clear,24.25,6.700000000000003,2023,12,December,356,Winter,False,False,False,False,False
2023-12-22,Chennai,South,26.4,20.6,46.3,100.0,30.7,Rain,23.5,5.799999999999997,2023,12,December,356,Winter,False,False,False,False,False
2023-12-22,Delhi,North,18.6,7.5,0.0,58.0,11.2,Clear,13.05,11.100000000000001,2023,12,December,356,Winter,False,False,False,False,False
2023-12-22,Jaipur,Northwest,23.2,11.2,0.0,49.9,3.1,Clear,17.2,12.0,2023,12,December,356,Winter,False,False,False,False,False
2023-12-22,Kolkata,East,23.3,15.5,1.5,67.4,8.9,Light Rain,19.4,7.800000000000001,2023,12,December,356,Winter,False,False,False,False,False
2023-12-22,Mumbai,West,28.2,21.6,0.0,46.1,4.0,Clear,24.9,6.599999999999998,2023,12,December,356,Winter,False,False,False,False,False
2023-12-23,Bengaluru,South,27.9,21.1,3.8,69.8,16.4,Light Rain,24.5,6.799999999999997,2023,12,December,357,Winter,False,False,False,False,False
2023-12-23,Chennai,South,26.8,20.0,69.0,76.6,14.1,Heavy Rain,23.4,6.800000000000001,2023,12,December,357,Winter,True,False,False,False,True
2023-12-23,Delhi,North,20.0,10.9,0.0,46.3,9.8,Clear,15.45,9.1,2023,12,December,357,Winter,False,False,False,False,False
2023-12-23,Jaipur,Northwest,25.3,14.4,0.0,46.8,10.0,Clear,19.85,10.9,2023,12,December,357,Winter,False,False,False,False,False
2023-12-23,Kolkata,East,21.9,16.0,0.0,45.1,17.4,Clear,18.95,5.899999999999999,2023,12,December,357,Winter,False,False,False,False,False
2023-12-23,Mumbai,West,26.9,18.0,0.0,54.7,10.1,Clear,22.45,8.899999999999999,2023,12,December,357,Winter,False,False,False,False,False
2023-12-24,Bengaluru,South,24.9,17.3,0.0,44.7,9.7,Clear,21.1,7.599999999999998,2023,12,December,358,Winter,False,False,False,False,False
2023-12-24,Chennai,South,26.7,18.4,16.4,85.1,14.3,Rain,22.549999999999997,8.3,2023,12,December,358,Winter,False,False,False,False,False
2023-12-24,Delhi,North,21.2,5.3,0.0,36.8,6.3,Clear,13.25,15.899999999999999,2023,12,December,358,Winter,False,False,False,False,False
2023-12-24,Jaipur,Northwest,19.5,7.7,0.0,40.1,16.9,Clear,13.6,11.8,2023,12,December,358,Winter,False,False,False,False,False
2023-12-24,Kolkata,East,25.5,17.1,0.0,51.3,13.0,Clear,21.3,8.399999999999999,2023,12,December,358,Winter,False,False,False,False,False
2023-12-24,Mumbai,West,23.6,16.4,2.9,44.1,12.2,Light Rain,20.0,7.200000000000003,2023,12,December,358,Winter,False,False,False,False,False
2023-12-25,Bengaluru,South,21.0,13.5,0.0,50.5,26.3,Clear,17.25,7.5,2023,12,December,359,Winter,False,False,False,False,False
2023-12-25,Chennai,South,28.3,20.0,0.0,67.5,8.7,Clear,24.15,8.3,2023,12,December,359,Winter,False,False,False,False,False
2023-12-25,Delhi,North,18.3,8.5,0.0,58.1,15.8,Clear,13.4,9.8,2023,12,December,359,Winter,False,False,False,False,False
2023-12-25,Jaipur,Northwest,21.4,11.3,0.0,43.3,11.0,Clear,16.35,10.099999999999998,2023,12,December,359,Winter,False,False,False,False,False
2023-12-25,Kolkata,East,24.5,15.6,0.0,39.4,8.5,Clear,20.05,8.9,2023,12,December,359,Winter,False,False,False,False,False
2023-12-25,Mumbai,West,27.7,18.8,0.0,47.0,12.5,Clear,23.25,8.899999999999999,2023,12,December,359,Winter,False,False,False,False,False
2023-12-26,Bengaluru,South,19.1,12.6,0.0,56.6,2.8,Clear,15.850000000000001,6.500000000000002,2023,12,December,360,Winter,False,False,False,False,False
2023-12-26,Chennai,South,26.2,20.6,82.3,79.1,12.5,Heavy Rain,23.4,5.599999999999998,2023,12,December,360,Winter,True,False,False,False,True
2023-12-26,Delhi,North,16.5,4.8,0.0,46.4,13.1,Clear,10.65,11.7,2023,12,December,360,Winter,False,False,True,False,True
2023-12-26,Jaipur,Northwest,18.1,7.0,0.0,59.8,5.1,Clear,12.55,11.100000000000001,2023,12,December,360,Winter,False,False,False,False,False
2023-12-26,Kolkata,East,24.7,18.7,0.0,47.7,20.3,Clear,21.7,6.0,2023,12,December,360,Winter,False,False,False,False,False
2023-12-26,Mumbai,West,30.5,23.3,0.0,48.3,8.9,Clear,26.9,7.199999999999999,2023,12,December,360,Winter,False,False,False,False,False
2023-12-27,Bengaluru,South,24.3,16.0,0.0,59.4,1.9,Clear,20.15,8.3,2023,12,December,361,Winter,False,False,False,False,False
2023-12-27,Chennai,South,27.7,18.5,39.3,78.6,13.7,Rain,23.1,9.2,2023,12,December,361,Winter,False,False,False,False,False
2023-12-27,Delhi,North,16.5,7.7,0.0,55.9,9.4,Clear,12.1,8.8,2023,12,December,361,Winter,False,False,False,False,False
2023-12-27,Jaipur,Northwest,19.9,9.4,0.0,51.4,8.7,Clear,14.649999999999999,10.499999999999998,2023,12,December,361,Winter,False,False,False,False,False
2023-12-27,Kolkata,East,21.6,16.6,5.4,67.0,17.2,Light Rain,19.1,5.0,2023,12,December,361,Winter,False,False,False,False,False
2023-12-27,Mumbai,West,25.3,20.0,0.0,55.5,16.3,Clear,22.65,5.300000000000001,2023,12,December,361,Winter,False,False,False,False,False
2023-12-28,Bengaluru,South,25.3,16.7,0.0,36.0,8.7,Clear,21.0,8.600000000000001,2023,12,December,362,Winter,False,False,False,False,False
2023-12-28,Chennai,South,25.8,17.0,24.9,79.0,20.8,Rain,21.4,8.8,2023,12,December,362,Winter,False,False,False,False,False
2023-12-28,Delhi,North,18.8,7.6,0.0,61.8,12.1,Clear,13.2,11.200000000000001,2023,12,December,362,Winter,False,False,False,False,False
2023-12-28,Jaipur,Northwest,20.6,10.7,0.0,58.4,11.7,Clear,15.65,9.900000000000002,2023,12,December,362,Winter,False,False,False,False,False
2023-12-28,Kolkata,East,23.8,18.8,0.0,39.9,16.8,Clear,21.3,5.0,2023,12,December,362,Winter,False,False,False,False,False
2023-12-28,Mumbai,West,28.3,22.8,0.0,45.9,10.5,Clear,25.55,5.5,2023,12,December,362,Winter,False,False,False,False,False
2023-12-29,Bengaluru,South,20.6,13.2,0.0,49.6,6.7,Clear,16.9,7.400000000000002,2023,12,December,363,Winter,False,False,False,False,False
2023-12-29,Chennai,South,24.8,17.9,12.8,82.7,13.7,Rain,21.35,6.900000000000002,2023,12,December,363,Winter,False,False,False,False,False
2023-12-29,Delhi,North,20.3,10.2,0.0,58.0,8.1,Clear,15.25,10.100000000000001,2023,12,December,363,Winter,False,False,False,False,False
2023-12-29,Jaipur,Northwest,16.3,5.0,0.0,56.3,10.3,Clear,10.65,11.3,2023,12,December,363,Winter,False,False,True,False,True
2023-12-29,Kolkata,East,23.8,17.5,0.0,55.2,9.2,Clear,20.65,6.300000000000001,2023,12,December,363,Winter,False,False,False,False,False
2023-12-29,Mumbai,West,25.0,19.5,0.0,39.3,19.4,Clear,22.25,5.5,2023,12,December,363,Winter,False,False,False,False,False
2023-12-30,Bengaluru,South,25.9,18.1,0.0,62.5,7.2,Clear,22.0,7.799999999999997,2023,12,December,364,Winter,False,False,False,False,False
2023-12-30,Chennai,South,23.7,18.5,11.1,77.0,20.9,Rain,21.1,5.199999999999999,2023,12,December,364,Winter,False,False,False,False,False
2023-12-30,Delhi,North,23.6,11.1,0.0,40.7,11.4,Clear,17.35,12.500000000000002,2023,12,December,364,Winter,False,False,False,False,False
2023-12-30,Jaipur,Northwest,21.0,8.1,4.1,65.9,30.4,Light Rain,14.55,12.9,2023,12,December,364,Winter,False,False,False,False,False
2023-12-30,Kolkata,East,26.7,19.8,0.0,58.4,4.5,Clear,23.25,6.899999999999999,2023,12,December,364,Winter,False,False,False,False,False
2023-12-30,Mumbai,West,25.8,18.9,0.0,52.9,6.3,Clear,22.35,6.900000000000002,2023,12,December,364,Winter,False,False,False,False,False
2023-12-31,Bengaluru,South,25.4,17.1,0.0,42.3,14.2,Clear,21.25,8.299999999999997,2023,12,December,365,Winter,False,False,False,False,False
2023-12-31,Chennai,South,27.5,19.7,52.1,76.3,17.1,Rain,23.6,7.800000000000001,2023,12,December,365,Winter,False,False,False,False,False
2023-12-31,Delhi,North,19.1,9.4,0.0,56.6,3.5,Clear,14.25,9.700000000000001,2023,12,December,365,Winter,False,False,False,False,False
2023-12-31,Jaipur,Northwest,21.9,11.5,0.0,47.1,7.0,Clear,16.7,10.399999999999999,2023,12,December,365,Winter,False,False,False,False,False
2023-12-31,Kolkata,East,27.4,21.2,0.0,49.2,13.2,Clear,24.299999999999997,6.199999999999999,2023,12,December,365,Winter,False,False,False,False,False
2023-12-31,Mumbai,West,24.6,17.6,5.0,54.1,27.8,Light Rain,21.1,7.0,2023,12,December,365,Winter,False,False,False,False,False
2024-01-01,Bengaluru,South,24.5,17.0,0.0,64.5,11.1,Clear,20.75,7.5,2024,1,January,1,Winter,False,False,False,False,False
2024-01-01,Chennai,South,27.1,18.7,0.0,67.0,6.1,Clear,22.9,8.400000000000002,2024,1,January,1,Winter,False,False,False,False,False
2024-01-01,Delhi,North,19.7,9.2,0.0,48.2,11.5,Clear,14.45,10.5,2024,1,January,1,Winter,False,False,False,False,False
2024-01-01,Jaipur,Northwest,16.2,7.0,0.0,60.0,7.3,Clear,11.6,9.2,2024,1,January,1,Winter,False,False,False,False,False
2024-01-01,Kolkata,East,21.5,14.8,0.0,47.6,5.9,Clear,18.15,6.699999999999999,2024,1,January,1,Winter,False,False,False,False,False
2024-01-01,Mumbai,West,27.1,21.9,0.0,43.8,17.2,Clear,24.5,5.200000000000003,2024,1,January,1,Winter,False,False,False,False,False
2024-01-02,Bengaluru,South,20.0,13.6,0.0,64.9,16.0,Clear,16.8,6.4,2024,1,January,2,Winter,False,False,False,False,False
2024-01-02,Chennai,South,30.5,22.8,0.0,52.3,10.9,Clear,26.65,7.699999999999999,2024,1,January,2,Winter,False,False,False,False,False
2024-01-02,Delhi,North,19.1,7.5,0.0,55.9,3.9,Clear,13.3,11.600000000000001,2024,1,January,2,Winter,False,False,False,False,False
2024-01-02,Jaipur,Northwest,21.4,11.4,0.0,57.0,14.6,Clear,16.4,9.999999999999998,2024,1,January,2,Winter,False,False,False,False,False
2024-01-02,Kolkata,East,19.5,12.3,0.0,49.4,7.3,Clear,15.9,7.199999999999999,2024,1,January,2,Winter,False,False,False,False,False
2024-01-02,Mumbai,West,27.4,21.7,0.0,35.5,6.5,Clear,24.549999999999997,5.699999999999999,2024,1,January,2,Winter,False,False,False,False,False
2024-01-03,Bengaluru,South,28.2,21.2,0.0,49.9,4.2,Clear,24.7,7.0,2024,1,January,3,Winter,False,False,False,False,False
2024-01-03,Chennai,South,26.9,21.0,0.0,43.8,7.5,Clear,23.95,5.899999999999999,2024,1,January,3,Winter,False,False,False,False,False
2024-01-03,Delhi,North,19.5,8.4,0.0,41.1,11.4,Clear,13.95,11.1,2024,1,January,3,Winter,False,False,False,False,False
2024-01-03,Jaipur,Northwest,21.5,9.8,0.0,44.5,3.5,Clear,15.65,11.7,2024,1,January,3,Winter,False,False,False,False,False
2024-01-03,Kolkata,East,28.5,20.7,0.0,55.3,3.5,Clear,24.6,7.800000000000001,2024,1,January,3,Winter,False,False,False,False,False
2024-01-03,Mumbai,West,25.7,19.5,0.0,47.4,7.0,Clear,22.6,6.199999999999999,2024,1,January,3,Winter,False,False,False,False,False
2024-01-04,Bengaluru,South,22.2,15.0,0.0,48.8,8.7,Clear,18.6,7.199999999999999,2024,1,January,4,Winter,False,False,False,False,False
2024-01-04,Chennai,South,26.8,18.5,0.0,55.9,8.1,Clear,22.65,8.3,2024,1,January,4,Winter,False,False,False,False,False
2024-01-04,Delhi,North,23.8,12.9,0.0,48.4,17.1,Clear,18.35,10.9,2024,1,January,4,Winter,False,False,False,False,False
2024-01-04,Jaipur,Northwest,19.7,8.4,0.0,45.1,2.4,Clear,14.05,11.299999999999999,2024,1,January,4,Winter,False,False,False,False,False
2024-01-04,Kolkata,East,22.5,15.4,0.0,49.1,3.7,Clear,18.95,7.1,2024,1,January,4,Winter,False,False,False,False,False
2024-01-04,Mumbai,West,27.4,19.6,0.0,54.9,5.9,Clear,23.5,7.799999999999997,2024,1,January,4,Winter,False,False,False,False,False
2024-01-05,Bengaluru,South,24.8,17.2,0.0,58.3,2.7,Clear,21.0,7.600000000000001,2024,1,January,5,Winter,False,False,False,False,False
2024-01-05,Chennai,South,28.2,19.2,0.0,46.0,8.2,Clear,23.7,9.0,2024,1,January,5,Winter,False,False,False,False,False
2024-01-05,Delhi,North,17.8,7.1,0.0,65.0,6.9,Clear,12.45,10.700000000000001,2024,1,January,5,Winter,False,False,False,False,False
2024-01-05,Jaipur,Northwest,21.9,10.6,0.0,64.4,2.7,Clear,16.25,11.299999999999999,2024,1,January,5,Winter,False,False,False,False,False
2024-01-05,Kolkata,East,25.3,17.2,0.0,48.2,9.5,Clear,21.25,8.100000000000001,2024,1,January,5,Winter,False,False,False,False,False
2024-01-05,Mumbai,West,28.8,18.9,0.0,45.3,17.6,Clear,23.85,9.900000000000002,2024,1,January,5,Winter,False,False,False,False,False
2024-01-06,Bengaluru,South,24.5,17.9,0.0,52.1,10.6,Clear,21.2,6.600000000000001,2024,1,January,6,Winter,False,False,False,False,False
2024-01-06,Chennai,South,27.7,20.9,0.0,40.8,0.7,Clear,24.299999999999997,6.800000000000001,2024,1,January,6,Winter,False,False,False,False,False
2024-01-06,Delhi,North,18.1,6.6,0.0,65.1,11.2,Clear,12.350000000000001,11.500000000000002,2024,1,January,6,Winter,False,False,False,False,False
2024-01-06,Jaipur,Northwest,22.4,9.8,0.0,56.2,11.2,Clear,16.1,12.599999999999998,2024,1,January,6,Winter,False,False,False,False,False
2024-01-06,Kolkata,East,24.7,15.9,0.0,46.2,8.2,Clear,20.3,8.799999999999999,2024,1,January,6,Winter,False,False,False,False,False
2024-01-06,Mumbai,West,26.8,20.4,0.0,49.5,6.3,Clear,23.6,6.400000000000002,2024,1,January,6,Winter,False,False,False,False,False
2024-01-07,Bengaluru,South,21.5,15.8,0.0,55.1,11.5,Clear,18.65,5.699999999999999,2024,1,January,7,Winter,False,False,False,False,False
2024-01-07,Chennai,South,24.2,18.8,1.5,43.8,20.0,Light Rain,21.5,5.399999999999999,2024,1,January,7,Winter,False,False,False,False,False
2024-01-07,Delhi,North,17.4,8.4,0.0,53.3,3.9,Clear,12.899999999999999,8.999999999999998,2024,1,January,7,Winter,False,False,False,False,False
2024-01-07,Jaipur,Northwest,20.8,9.0,0.0,56.5,3.9,Clear,14.9,11.8,2024,1,January,7,Winter,False,False,False,False,False
2024-01-07,Kolkata,East,22.0,13.9,0.0,45.9,6.7,Clear,17.95,8.1,2024,1,January,7,Winter,False,False,False,False,False
2024-01-07,Mumbai,West,25.1,20.0,0.0,41.2,4.2,Clear,22.55,5.100000000000001,2024,1,January,7,Winter,False,False,False,False,False
2024-01-08,Bengaluru,South,21.9,15.7,0.0,63.5,3.5,Clear,18.799999999999997,6.199999999999999,2024,1,January,8,Winter,False,False,False,False,False
2024-01-08,Chennai,South,28.1,20.0,0.0,44.8,8.1,Clear,24.05,8.100000000000001,2024,1,January,8,Winter,False,False,False,False,False
2024-01-08,Delhi,North,16.3,6.2,0.0,49.6,7.9,Clear,11.25,10.100000000000001,2024,1,January,8,Winter,False,False,False,False,False
2024-01-08,Jaipur,Northwest,19.1,8.1,0.0,53.3,6.1,Clear,13.600000000000001,11.000000000000002,2024,1,January,8,Winter,False,False,False,False,False
2024-01-08,Kolkata,East,22.9,15.7,0.0,48.1,8.9,Clear,19.299999999999997,7.199999999999999,2024,1,January,8,Winter,False,False,False,False,False
2024-01-08,Mumbai,West,28.3,22.5,0.0,43.0,10.2,Clear,25.4,5.800000000000001,2024,1,January,8,Winter,False,False,False,False,False
2024-01-09,Bengaluru,South,25.9,19.8,0.0,54.7,8.0,Clear,22.85,6.099999999999998,2024,1,January,9,Winter,False,False,False,False,False
2024-01-09,Chennai,South,31.1,24.1,0.0,61.6,1.7,Clear,27.6,7.0,2024,1,January,9,Winter,False,False,False,False,False
2024-01-09,Delhi,North,14.6,5.2,0.0,30.1,9.8,Clear,9.9,9.399999999999999,2024,1,January,9,Winter,False,False,False,False,False
2024-01-09,Jaipur,Northwest,23.7,13.0,0.0,61.9,29.3,Clear,18.35,10.7,2024,1,January,9,Winter,False,False,False,False,False
2024-01-09,Kolkata,East,21.6,13.3,0.0,45.9,11.8,Clear,17.450000000000003,8.3,2024,1,January,9,Winter,False,False,False,False,False
2024-01-09,Mumbai,West,28.3,21.4,0.0,46.1,3.8,Clear,24.85,6.900000000000002,2024,1,January,9,Winter,False,False,False,False,False
2024-01-10,Bengaluru,South,25.1,17.0,0.0,55.9,29.0,Clear,21.05,8.100000000000001,2024,1,January,10,Winter,False,False,False,False,False
2024-01-10,Chennai,South,26.9,20.4,8.8,58.1,11.8,Light Rain,23.65,6.5,2024,1,January,10,Winter,False,False,False,False,False
2024-01-10,Delhi,North,15.9,6.9,3.7,62.0,14.2,Light Rain,11.4,9.0,2024,1,January,10,Winter,False,False,False,False,False
2024-01-10,Jaipur,Northwest,20.9,8.1,0.0,56.9,9.2,Clear,14.5,12.799999999999999,2024,1,January,10,Winter,False,False,False,False,False
2024-01-10,Kolkata,East,23.3,16.7,0.0,61.2,9.6,Clear,20.0,6.600000000000001,2024,1,January,10,Winter,False,False,False,False,False
2024-01-10,Mumbai,West,29.5,23.7,0.0,50.7,9.8,Clear,26.6,5.800000000000001,2024,1,January,10,Winter,False,False,False,False,False
2024-01-11,Bengaluru,South,25.0,17.2,0.0,63.2,3.7,Clear,21.1,7.800000000000001,2024,1,January,11,Winter,False,False,False,False,False
2024-01-11,Chennai,South,25.4,18.6,0.0,58.7,2.6,Clear,22.0,6.799999999999997,2024,1,January,11,Winter,False,False,False,False,False
2024-01-11,Delhi,North,20.6,8.4,0.0,53.6,16.4,Clear,14.5,12.200000000000001,2024,1,January,11,Winter,False,False,False,False,False
2024-01-11,Jaipur,Northwest,19.9,9.6,0.0,51.8,6.1,Clear,14.75,10.299999999999999,2024,1,January,11,Winter,False,False,False,False,False
2024-01-11,Kolkata,East,21.9,14.0,0.0,43.6,18.5,Clear,17.95,7.899999999999999,2024,1,January,11,Winter,False,False,False,False,False
2024-01-11,Mumbai,West,21.4,16.2,0.0,50.5,7.3,Clear,18.799999999999997,5.199999999999999,2024,1,January,11,Winter,False,False,False,False,False
2024-01-12,Bengaluru,South,24.7,18.7,0.0,53.0,11.4,Clear,21.7,6.0,2024,1,January,12,Winter,False,False,False,False,False
2024-01-12,Chennai,South,28.1,19.8,18.9,53.1,30.5,Rain,23.950000000000003,8.3,2024,1,January,12,Winter,False,False,False,False,False
2024-01-12,Delhi,North,14.4,3.2,0.0,58.5,9.6,Clear,8.8,11.2,2024,1,January,12,Winter,False,False,True,False,True
2024-01-12,Jaipur,Northwest,20.7,9.0,0.0,51.5,11.1,Clear,14.85,11.7,2024,1,January,12,Winter,False,False,False,False,False
2024-01-12,Kolkata,East,24.0,16.7,0.0,49.6,2.8,Clear,20.35,7.300000000000001,2024,1,January,12,Winter,False,False,False,False,False
2024-01-12,Mumbai,West,26.1,17.0,0.0,63.2,10.6,Clear,21.55,9.100000000000001,2024,1,January,12,Winter,False,False,False,False,False
2024-01-13,Bengaluru,South,23.9,17.3,0.0,57.4,6.0,Clear,20.6,6.599999999999998,2024,1,January,13,Winter,False,False,False,False,False
2024-01-13,Chennai,South,28.8,20.0,0.0,54.8,9.3,Clear,24.4,8.8,2024,1,January,13,Winter,False,False,False,False,False
2024-01-13,Delhi,North,17.4,7.4,0.0,57.5,17.6,Clear,12.399999999999999,9.999999999999998,2024,1,January,13,Winter,False,False,False,False,False
2024-01-13,Jaipur,Northwest,22.9,11.6,3.6,77.4,19.9,Light Rain,17.25,11.299999999999999,2024,1,January,13,Winter,False,False,False,False,False
2024-01-13,Kolkata,East,26.5,20.6,0.0,63.3,12.7,Clear,23.55,5.899999999999999,2024,1,January,13,Winter,False,False,False,False,False
2024-01-13,Mumbai,West,26.6,20.2,0.0,53.5,9.0,Clear,23.4,6.400000000000002,2024,1,January,13,Winter,False,False,False,False,False
2024-01-14,Bengaluru,South,24.5,18.0,0.0,37.1,3.8,Clear,21.25,6.5,2024,1,January,14,Winter,False,False,False,False,False
2024-01-14,Chennai,South,27.8,18.6,0.0,63.7,2.4,Clear,23.200000000000003,9.2,2024,1,January,14,Winter,False,False,False,False,False
2024-01-14,Delhi,North,16.8,3.2,0.0,63.2,6.3,Clear,10.0,13.600000000000001,2024,1,January,14,Winter,False,False,True,False,True
2024-01-14,Jaipur,Northwest,19.5,7.8,0.0,49.3,28.8,Clear,13.65,11.7,2024,1,January,14,Winter,False,False,False,False,False
2024-01-14,Kolkata,East,19.4,14.4,0.0,55.9,33.0,Clear,16.9,4.999999999999998,2024,1,January,14,Winter,False,False,False,False,False
2024-01-14,Mumbai,West,27.8,19.7,0.0,47.7,1.3,Clear,23.75,8.100000000000001,2024,1,January,14,Winter,False,False,False,False,False
2024-01-15,Bengaluru,South,23.8,18.8,0.0,40.3,4.3,Clear,21.3,5.0,2024,1,January,15,Winter,False,False,False,False,False
2024-01-15,Chennai,South,27.3,20.1,0.0,58.3,24.7,Clear,23.700000000000003,7.199999999999999,2024,1,January,15,Winter,False,False,False,False,False
2024-01-15,Delhi,North,21.4,10.5,0.0,62.0,3.9,Clear,15.95,10.899999999999999,2024,1,January,15,Winter,False,False,False,False,False
2024-01-15,Jaipur,Northwest,18.0,6.2,0.0,56.0,7.2,Clear,12.1,11.8,2024,1,January,15,Winter,False,False,False,False,False
2024-01-15,Kolkata,East,23.4,18.4,0.0,60.2,5.0,Clear,20.9,5.0,2024,1,January,15,Winter,False,False,False,False,False
2024-01-15,Mumbai,West,26.4,18.0,0.0,54.7,15.5,Clear,22.2,8.399999999999999,2024,1,January,15,Winter,False,False,False,False,False
2024-01-16,Bengaluru,South,25.8,19.1,0.0,45.3,6.5,Clear,22.450000000000003,6.699999999999999,2024,1,January,16,Winter,False,False,False,False,False
2024-01-16,Chennai,South,27.7,21.7,0.0,44.0,7.9,Clear,24.7,6.0,2024,1,January,16,Winter,False,False,False,False,False
2024-01-16,Delhi,North,17.9,6.7,0.0,55.8,4.5,Clear,12.299999999999999,11.2,2024,1,January,16,Winter,False,False,False,False,False
2024-01-16,Jaipur,Northwest,20.1,9.2,0.0,53.8,7.0,Clear,14.65,10.900000000000002,2024,1,January,16,Winter,False,False,False,False,False
2024-01-16,Kolkata,East,26.6,19.4,0.0,57.7,30.2,Clear,23.0,7.200000000000003,2024,1,January,16,Winter,False,False,False,False,False
2024-01-16,Mumbai,West,25.9,18.6,0.0,47.1,9.1,Clear,22.25,7.299999999999997,2024,1,January,16,Winter,False,False,False,False,False
2024-01-17,Bengaluru,South,24.6,19.1,0.0,47.8,1.7,Clear,21.85,5.5,2024,1,January,17,Winter,False,False,False,False,False
2024-01-17,Chennai,South,30.9,24.2,0.0,35.7,14.5,Clear,27.549999999999997,6.699999999999999,2024,1,January,17,Winter,False,False,False,False,False
2024-01-17,Delhi,North,18.1,7.3,0.0,57.2,8.1,Clear,12.700000000000001,10.8,2024,1,January,17,Winter,False,False,False,False,False
2024-01-17,Jaipur,Northwest,19.7,8.0,0.0,58.4,9.5,Clear,13.85,11.7,2024,1,January,17,Winter,False,False,False,False,False
2024-01-17,Kolkata,East,25.0,15.6,0.0,56.8,16.1,Clear,20.3,9.4,2024,1,January,17,Winter,False,False,False,False,False
2024-01-17,Mumbai,West,22.8,17.8,0.0,53.4,16.6,Clear,20.3,5.0,2024,1,January,17,Winter,False,False,False,False,False
2024-01-18,Bengaluru,South,23.0,15.5,0.0,52.5,10.3,Clear,19.25,7.5,2024,1,January,18,Winter,False,False,False,False,False
2024-01-18,Chennai,South,29.4,21.4,0.0,41.5,16.7,Clear,25.4,8.0,2024,1,January,18,Winter,False,False,False,False,False
2024-01-18,Delhi,North,17.7,6.9,0.0,40.6,11.6,Clear,12.3,10.799999999999999,2024,1,January,18,Winter,False,False,False,False,False
2024-01-18,Jaipur,Northwest,19.1,5.8,0.0,68.4,3.3,Clear,12.450000000000001,13.3,2024,1,January,18,Winter,False,False,False,False,False
2024-01-18,Kolkata,East,22.7,14.9,0.0,44.4,10.9,Clear,18.8,7.799999999999999,2024,1,January,18,Winter,False,False,False,False,False
2024-01-18,Mumbai,West,25.6,18.2,0.0,43.9,4.9,Clear,21.9,7.400000000000002,2024,1,January,18,Winter,False,False,False,False,False
2024-01-19,Bengaluru,South,23.8,18.7,0.0,50.9,6.0,Clear,21.25,5.100000000000001,2024,1,January,19,Winter,False,False,False,False,False
2024-01-19,Chennai,South,29.1,23.1,0.0,60.7,7.4,Clear,26.1,6.0,2024,1,January,19,Winter,False,False,False,False,False
2024-01-19,Delhi,North,16.6,4.6,0.0,52.4,15.3,Clear,10.600000000000001,12.000000000000002,2024,1,January,19,Winter,False,False,True,False,True
2024-01-19,Jaipur,Northwest,20.8,6.8,0.0,55.5,7.7,Clear,13.8,14.0,2024,1,January,19,Winter,False,False,False,False,False
2024-01-19,Kolkata,East,24.4,16.5,0.0,47.6,15.1,Clear,20.45,7.899999999999999,2024,1,January,19,Winter,False,False,False,False,False
2024-01-19,Mumbai,West,27.0,20.5,0.0,51.2,13.6,Clear,23.75,6.5,2024,1,January,19,Winter,False,False,False,False,False
2024-01-20,Bengaluru,South,21.0,14.7,0.0,56.9,4.4,Clear,17.85,6.300000000000001,2024,1,January,20,Winter,False,False,False,False,False
2024-01-20,Chennai,South,29.3,21.9,0.0,50.1,1.1,Clear,25.6,7.400000000000002,2024,1,January,20,Winter,False,False,False,False,False
2024-01-20,Delhi,North,16.9,6.2,0.0,59.3,5.4,Clear,11.549999999999999,10.7,2024,1,January,20,Winter,False,False,False,False,False
2024-01-20,Jaipur,Northwest,22.1,9.1,0.0,41.1,13.8,Clear,15.600000000000001,13.000000000000002,2024,1,January,20,Winter,False,False,False,False,False
2024-01-20,Kolkata,East,24.0,16.1,0.0,55.1,3.3,Clear,20.05,7.899999999999999,2024,1,January,20,Winter,False,False,False,False,False
2024-01-20,Mumbai,West,25.4,18.3,0.0,40.0,3.7,Clear,21.85,7.099999999999998,2024,1,January,20,Winter,False,False,False,False,False
2024-01-21,Bengaluru,South,27.5,20.2,0.0,51.7,10.3,Clear,23.85,7.300000000000001,2024,1,January,21,Winter,False,False,False,False,False
2024-01-21,Chennai,South,27.9,19.9,0.0,37.7,3.3,Clear,23.9,8.0,2024,1,January,21,Winter,False,False,False,False,False
2024-01-21,Delhi,North,16.1,6.3,0.0,37.9,2.9,Clear,11.200000000000001,9.8,2024,1,January,21,Winter,False,False,False,False,False
2024-01-21,Jaipur,Northwest,23.8,11.2,0.0,43.3,8.5,Clear,17.5,12.600000000000001,2024,1,January,21,Winter,False,False,False,False,False
2024-01-21,Kolkata,East,24.4,17.0,0.0,57.6,2.5,Clear,20.7,7.399999999999999,2024,1,January,21,Winter,False,False,False,False,False
2024-01-21,Mumbai,West,29.2,23.2,0.0,33.5,7.3,Clear,26.2,6.0,2024,1,January,21,Winter,False,False,False,False,False
2024-01-22,Bengaluru,South,24.3,15.4,0.0,56.3,3.7,Clear,19.85,8.9,2024,1,January,22,Winter,False,False,False,False,False
2024-01-22,Chennai,South,26.4,19.6,0.0,47.9,6.7,Clear,23.0,6.799999999999997,2024,1,January,22,Winter,False,False,False,False,False
2024-01-22,Delhi,North,21.8,10.1,0.0,66.5,7.5,Clear,15.95,11.700000000000001,2024,1,January,22,Winter,False,False,False,False,False
2024-01-22,Jaipur,Northwest,21.9,11.6,0.0,58.8,5.5,Clear,16.75,10.299999999999999,2024,1,January,22,Winter,False,False,False,False,False
2024-01-22,Kolkata,East,24.0,16.7,0.0,41.8,31.5,Clear,20.35,7.300000000000001,2024,1,January,22,Winter,False,False,False,False,False
2024-01-22,Mumbai,West,22.8,16.5,0.0,51.3,4.0,Clear,19.65,6.300000000000001,2024,1,January,22,Winter,False,False,False,False,False
2024-01-23,Bengaluru,South,22.0,15.8,0.0,64.7,12.5,Clear,18.9,6.199999999999999,2024,1,January,23,Winter,False,False,False,False,False
2024-01-23,Chennai,South,23.7,18.7,0.0,67.2,13.5,Clear,21.2,5.0,2024,1,January,23,Winter,False,False,False,False,False
2024-01-23,Delhi,North,19.6,8.4,0.0,45.2,5.7,Clear,14.0,11.200000000000001,2024,1,January,23,Winter,False,False,False,False,False
2024-01-23,Jaipur,Northwest,18.6,7.9,0.0,47.2,10.9,Clear,13.25,10.700000000000001,2024,1,January,23,Winter,False,False,False,False,False
2024-01-23,Kolkata,East,25.5,18.2,0.0,57.2,9.8,Clear,21.85,7.300000000000001,2024,1,January,23,Winter,False,False,False,False,False
2024-01-23,Mumbai,West,28.6,22.2,0.0,64.8,26.7,Clear,25.4,6.400000000000002,2024,1,January,23,Winter,False,False,False,False,False
2024-01-24,Bengaluru,South,25.0,17.0,2.5,54.8,16.7,Light Rain,21.0,8.0,2024,1,January,24,Winter,False,False,False,False,False
2024-01-24,Chennai,South,25.6,19.0,0.0,35.6,5.7,Clear,22.3,6.600000000000001,2024,1,January,24,Winter,False,False,False,False,False
2024-01-24,Delhi,North,19.8,8.0,0.0,45.2,9.9,Clear,13.9,11.8,2024,1,January,24,Winter,False,False,False,False,False
2024-01-24,Jaipur,Northwest,20.7,9.7,0.0,52.1,16.5,Clear,15.2,11.0,2024,1,January,24,Winter,False,False,False,False,False
2024-01-24,Kolkata,East,24.9,15.3,0.0,49.4,6.3,Clear,20.1,9.599999999999998,2024,1,January,24,Winter,False,False,False,False,False
2024-01-24,Mumbai,West,26.4,20.1,0.0,47.4,2.0,Clear,23.25,6.299999999999997,2024,1,January,24,Winter,False,False,False,False,False
2024-01-25,Bengaluru,South,23.0,16.2,0.0,56.9,2.9,Clear,19.6,6.800000000000001,2024,1,January,25,Winter,False,False,False,False,False
2024-01-25,Chennai,South,28.2,18.3,0.0,55.9,6.3,Clear,23.25,9.899999999999999,2024,1,January,25,Winter,False,False,False,False,False
2024-01-25,Delhi,North,19.3,9.8,0.0,54.0,9.4,Clear,14.55,9.5,2024,1,January,25,Winter,False,False,False,False,False
2024-01-25,Jaipur,Northwest,21.9,12.3,0.0,47.8,2.7,Clear,17.1,9.599999999999998,2024,1,January,25,Winter,False,False,False,False,False
2024-01-25,Kolkata,East,21.7,14.9,0.0,50.3,21.3,Clear,18.3,6.799999999999999,2024,1,January,25,Winter,False,False,False,False,False
2024-01-25,Mumbai,West,30.6,22.0,0.0,36.4,3.8,Clear,26.3,8.600000000000001,2024,1,January,25,Winter,False,False,False,False,False
2024-01-26,Bengaluru,South,22.6,17.6,0.0,54.1,20.6,Clear,20.1,5.0,2024,1,January,26,Winter,False,False,False,False,False
2024-01-26,Chennai,South,28.0,23.0,0.0,51.4,14.3,Clear,25.5,5.0,2024,1,January,26,Winter,False,False,False,False,False
2024-01-26,Delhi,North,19.0,6.2,0.0,38.5,6.5,Clear,12.6,12.8,2024,1,January,26,Winter,False,False,False,False,False
2024-01-26,Jaipur,Northwest,20.6,10.0,0.0,55.2,7.9,Clear,15.3,10.600000000000001,2024,1,January,26,Winter,False,False,False,False,False
2024-01-26,Kolkata,East,21.0,16.0,0.2,60.7,16.0,Light Rain,18.5,5.0,2024,1,January,26,Winter,False,False,False,False,False
2024-01-26,Mumbai,West,27.4,22.2,0.0,59.3,6.7,Clear,24.799999999999997,5.199999999999999,2024,1,January,26,Winter,False,False,False,False,False
2024-01-27,Bengaluru,South,24.5,16.6,0.0,38.7,3.0,Clear,20.55,7.899999999999999,2024,1,January,27,Winter,False,False,False,False,False
2024-01-27,Chennai,South,29.4,22.5,0.0,32.5,6.4,Clear,25.95,6.899999999999999,2024,1,January,27,Winter,False,False,False,False,False
2024-01-27,Delhi,North,16.9,5.1,0.0,53.8,2.7,Clear,11.0,11.799999999999999,2024,1,January,27,Winter,False,False,False,False,False
2024-01-27,Jaipur,Northwest,19.0,9.0,0.0,42.4,7.6,Clear,14.0,10.0,2024,1,January,27,Winter,False,False,False,False,False
2024-01-27,Kolkata,East,22.2,15.3,0.0,40.9,12.3,Clear,18.75,6.899999999999999,2024,1,January,27,Winter,False,False,False,False,False
2024-01-27,Mumbai,West,27.9,20.9,0.0,50.5,1.6,Clear,24.4,7.0,2024,1,January,27,Winter,False,False,False,False,False
2024-01-28,Bengaluru,South,22.9,15.4,0.0,62.7,3.6,Clear,19.15,7.499999999999998,2024,1,January,28,Winter,False,False,False,False,False
2024-01-28,Chennai,South,25.8,18.4,0.0,65.4,7.2,Clear,22.1,7.400000000000002,2024,1,January,28,Winter,False,False,False,False,False
2024-01-28,Delhi,North,18.9,8.3,0.0,58.2,11.0,Clear,13.6,10.599999999999998,2024,1,January,28,Winter,False,False,False,False,False
2024-01-28,Jaipur,Northwest,20.3,9.7,0.0,43.2,4.6,Clear,15.0,10.600000000000001,2024,1,January,28,Winter,False,False,False,False,False
2024-01-28,Kolkata,East,22.8,17.1,0.0,42.8,8.9,Clear,19.950000000000003,5.699999999999999,2024,1,January,28,Winter,False,False,False,False,False
2024-01-28,Mumbai,West,22.7,17.5,0.0,45.6,2.8,Clear,20.1,5.199999999999999,2024,1,January,28,Winter,False,False,False,False,False
2024-01-29,Bengaluru,South,21.3,15.4,0.0,41.6,6.9,Clear,18.35,5.9,2024,1,January,29,Winter,False,False,False,False,False
2024-01-29,Chennai,South,29.5,22.0,1.8,62.3,5.5,Light Rain,25.75,7.5,2024,1,January,29,Winter,False,False,False,False,False
2024-01-29,Delhi,North,18.5,7.1,0.0,51.1,3.4,Clear,12.8,11.4,2024,1,January,29,Winter,False,False,False,False,False
2024-01-29,Jaipur,Northwest,21.0,9.0,0.0,56.5,8.6,Clear,15.0,12.0,2024,1,January,29,Winter,False,False,False,False,False
2024-01-29,Kolkata,East,28.2,20.6,0.0,55.7,1.0,Clear,24.4,7.599999999999998,2024,1,January,29,Winter,False,False,False,False,False
2024-01-29,Mumbai,West,27.7,20.8,0.0,44.9,28.5,Clear,24.25,6.899999999999999,2024,1,January,29,Winter,False,False,False,False,False
2024-01-30,Bengaluru,South,22.5,15.3,0.0,57.3,11.4,Clear,18.9,7.199999999999999,2024,1,January,30,Winter,False,False,False,False,False
2024-01-30,Chennai,South,30.1,19.8,0.0,44.7,6.1,Clear,24.950000000000003,10.3,2024,1,January,30,Winter,False,False,False,False,False
2024-01-30,Delhi,North,18.3,7.1,0.0,51.5,6.3,Clear,12.7,11.200000000000001,2024,1,January,30,Winter,False,False,False,False,False
2024-01-30,Jaipur,Northwest,20.4,8.3,0.0,43.9,9.3,Clear,14.35,12.099999999999998,2024,1,January,30,Winter,False,False,False,False,False
2024-01-30,Kolkata,East,22.5,16.5,2.3,48.0,9.1,Light Rain,19.5,6.0,2024,1,January,30,Winter,False,False,False,False,False
2024-01-30,Mumbai,West,27.2,18.7,11.2,49.3,13.4,Rain,22.95,8.5,2024,1,January,30,Winter,False,False,False,False,False
2024-01-31,Bengaluru,South,24.4,18.7,0.0,56.9,8.3,Clear,21.549999999999997,5.699999999999999,2024,1,January,31,Winter,False,False,False,False,False
2024-01-31,Chennai,South,26.2,18.3,1.3,64.8,15.3,Light Rain,22.25,7.899999999999999,2024,1,January,31,Winter,False,False,False,False,False
2024-01-31,Delhi,North,22.6,12.1,0.0,49.9,7.4,Clear,17.35,10.500000000000002,2024,1,January,31,Winter,False,False,False,False,False
2024-01-31,Jaipur,Northwest,20.8,13.0,0.0,66.0,10.0,Clear,16.9,7.800000000000001,2024,1,January,31,Winter,False,False,False,False,False
2024-01-31,Kolkata,East,22.7,14.6,0.0,43.6,3.4,Clear,18.65,8.1,2024,1,January,31,Winter,False,False,False,False,False
2024-01-31,Mumbai,West,29.2,21.2,0.0,45.8,7.8,Clear,25.2,8.0,2024,1,January,31,Winter,False,False,False,False,False
2024-02-01,Bengaluru,South,23.8,17.4,0.0,38.8,5.1,Clear,20.6,6.400000000000002,2024,2,February,32,Winter,False,False,False,False,False
2024-02-01,Chennai,South,24.3,16.9,0.0,59.2,10.7,Clear,20.6,7.400000000000002,2024,2,February,32,Winter,False,False,False,False,False
2024-02-01,Delhi,North,19.6,9.3,0.0,65.0,4.1,Clear,14.450000000000001,10.3,2024,2,February,32,Winter,False,False,False,False,False
2024-02-01,Jaipur,Northwest,20.5,9.5,0.0,50.1,11.7,Clear,15.0,11.0,2024,2,February,32,Winter,False,False,False,False,False
2024-02-01,Kolkata,East,22.1,16.5,7.6,45.6,6.4,Light Rain,19.3,5.600000000000001,2024,2,February,32,Winter,False,False,False,False,False
2024-02-01,Mumbai,West,26.3,20.6,0.0,53.7,14.2,Clear,23.450000000000003,5.699999999999999,2024,2,February,32,Winter,False,False,False,False,False
2024-02-02,Bengaluru,South,26.0,17.5,0.0,59.4,5.1,Clear,21.75,8.5,2024,2,February,33,Winter,False,False,False,False,False
2024-02-02,Chennai,South,32.9,24.6,0.0,58.3,7.3,Clear,28.75,8.299999999999997,2024,2,February,33,Winter,False,False,False,False,False
2024-02-02,Delhi,North,19.0,6.3,0.0,66.6,7.6,Clear,12.65,12.7,2024,2,February,33,Winter,False,False,False,False,False
2024-02-02,Jaipur,Northwest,20.8,9.3,0.0,63.7,12.1,Clear,15.05,11.5,2024,2,February,33,Winter,False,False,False,False,False
2024-02-02,Kolkata,East,24.0,19.0,0.0,44.4,14.1,Clear,21.5,5.0,2024,2,February,33,Winter,False,False,False,False,False
2024-02-02,Mumbai,West,26.6,18.3,0.0,46.3,24.7,Clear,22.450000000000003,8.3,2024,2,February,33,Winter,False,False,False,False,False
2024-02-03,Bengaluru,South,22.6,16.2,0.0,53.7,3.7,Clear,19.4,6.400000000000002,2024,2,February,34,Winter,False,False,False,False,False
2024-02-03,Chennai,South,28.6,19.6,0.0,55.1,6.1,Clear,24.1,9.0,2024,2,February,34,Winter,False,False,False,False,False
2024-02-03,Delhi,North,18.5,8.3,0.0,57.6,6.1,Clear,13.4,10.2,2024,2,February,34,Winter,False,False,False,False,False
2024-02-03,Jaipur,Northwest,22.5,11.4,0.0,51.0,17.1,Clear,16.95,11.1,2024,2,February,34,Winter,False,False,False,False,False
2024-02-03,Kolkata,East,25.2,17.9,0.0,55.9,5.2,Clear,21.549999999999997,7.300000000000001,2024,2,February,34,Winter,False,False,False,False,False
2024-02-03,Mumbai,West,27.1,18.6,0.0,49.1,17.8,Clear,22.85,8.5,2024,2,February,34,Winter,False,False,False,False,False
2024-02-04,Bengaluru,South,25.0,16.8,0.0,41.4,12.3,Clear,20.9,8.2,2024,2,February,35,Winter,False,False,False,False,False
2024-02-04,Chennai,South,27.8,22.1,1.0,49.6,8.8,Light Rain,24.950000000000003,5.699999999999999,2024,2,February,35,Winter,False,False,False,False,False
2024-02-04,Delhi,North,19.2,7.5,0.0,57.0,6.5,Clear,13.35,11.7,2024,2,February,35,Winter,False,False,False,False,False
2024-02-04,Jaipur,Northwest,19.3,8.8,0.0,53.1,5.6,Clear,14.05,10.5,2024,2,February,35,Winter,False,False,False,False,False
2024-02-04,Kolkata,East,22.9,15.2,0.0,44.5,4.0,Clear,19.049999999999997,7.699999999999999,2024,2,February,35,Winter,False,False,False,False,False
2024-02-04,Mumbai,West,28.6,22.0,0.0,54.9,8.7,Clear,25.3,6.600000000000001,2024,2,February,35,Winter,False,False,False,False,False
2024-02-05,Bengaluru,South,25.1,20.1,0.0,48.5,9.9,Clear,22.6,5.0,2024,2,February,36,Winter,False,False,False,False,False
2024-02-05,Chennai,South,25.5,18.7,0.0,28.1,4.8,Clear,22.1,6.800000000000001,2024,2,February,36,Winter,False,False,False,False,False
2024-02-05,Delhi,North,20.3,9.6,0.0,62.6,1.4,Clear,14.95,10.700000000000001,2024,2,February,36,Winter,False,False,False,False,False
2024-02-05,Jaipur,Northwest,22.7,10.8,0.0,39.8,3.0,Clear,16.75,11.899999999999999,2024,2,February,36,Winter,False,False,False,False,False
2024-02-05,Kolkata,East,21.9,15.6,0.0,35.7,10.9,Clear,18.75,6.299999999999999,2024,2,February,36,Winter,False,False,False,False,False
2024-02-05,Mumbai,West,27.6,19.2,0.0,64.9,3.8,Clear,23.4,8.400000000000002,2024,2,February,36,Winter,False,False,False,False,False
2024-02-06,Bengaluru,South,22.1,15.8,0.0,50.5,10.4,Clear,18.950000000000003,6.300000000000001,2024,2,February,37,Winter,False,False,False,False,False
2024-02-06,Chennai,South,28.7,21.0,0.0,46.8,5.4,Clear,24.85,7.699999999999999,2024,2,February,37,Winter,False,False,False,False,False
2024-02-06,Delhi,North,18.8,9.1,0.0,50.7,9.2,Clear,13.95,9.700000000000001,2024,2,February,37,Winter,False,False,False,False,False
2024-02-06,Jaipur,Northwest,22.4,12.5,0.0,52.4,1.8,Clear,17.45,9.899999999999999,2024,2,February,37,Winter,False,False,False,False,False
2024-02-06,Kolkata,East,20.4,13.0,0.0,56.8,3.6,Clear,16.7,7.399999999999999,2024,2,February,37,Winter,False,False,False,False,False
2024-02-06,Mumbai,West,29.1,20.3,1.5,38.0,19.2,Light Rain,24.700000000000003,8.8,2024,2,February,37,Winter,False,False,False,False,False
2024-02-07,Bengaluru,South,24.1,17.3,0.0,42.6,5.0,Clear,20.700000000000003,6.800000000000001,2024,2,February,38,Winter,False,False,False,False,False
2024-02-07,Chennai,South,24.8,17.0,0.0,55.5,12.8,Clear,20.9,7.800000000000001,2024,2,February,38,Winter,False,False,False,False,False
2024-02-07,Delhi,North,20.4,8.5,3.2,62.9,17.9,Light Rain,14.45,11.899999999999999,2024,2,February,38,Winter,False,False,False,False,False
2024-02-07,Jaipur,Northwest,23.1,12.7,0.0,41.2,9.1,Clear,17.9,10.400000000000002,2024,2,February,38,Winter,False,False,False,False,False
2024-02-07,Kolkata,East,25.1,16.3,1.0,62.0,18.3,Light Rain,20.700000000000003,8.8,2024,2,February,38,Winter,False,False,False,False,False
2024-02-07,Mumbai,West,25.5,16.6,0.0,59.7,4.0,Clear,21.05,8.899999999999999,2024,2,February,38,Winter,False,False,False,False,False
2024-02-08,Bengaluru,South,22.8,16.7,0.0,39.5,4.8,Clear,19.75,6.100000000000001,2024,2,February,39,Winter,False,False,False,False,False
2024-02-08,Chennai,South,30.2,24.2,0.0,47.4,6.1,Clear,27.2,6.0,2024,2,February,39,Winter,False,False,False,False,False
2024-02-08,Delhi,North,23.1,13.6,0.0,53.3,5.8,Clear,18.35,9.500000000000002,2024,2,February,39,Winter,False,False,False,False,False
2024-02-08,Jaipur,Northwest,22.0,10.7,0.0,32.7,6.3,Clear,16.35,11.3,2024,2,February,39,Winter,False,False,False,False,False
2024-02-08,Kolkata,East,24.6,15.9,0.0,62.5,5.2,Clear,20.25,8.700000000000001,2024,2,February,39,Winter,False,False,False,False,False
2024-02-08,Mumbai,West,24.5,19.2,0.0,61.6,8.9,Clear,21.85,5.300000000000001,2024,2,February,39,Winter,False,False,False,False,False
2024-02-09,Bengaluru,South,23.3,17.3,0.0,55.9,3.8,Clear,20.3,6.0,2024,2,February,40,Winter,False,False,False,False,False
2024-02-09,Chennai,South,31.6,21.6,0.0,51.5,10.4,Clear,26.6,10.0,2024,2,February,40,Winter,False,False,False,False,False
2024-02-09,Delhi,North,17.6,8.5,0.0,39.7,6.9,Clear,13.05,9.100000000000001,2024,2,February,40,Winter,False,False,False,False,False
2024-02-09,Jaipur,Northwest,16.5,6.8,0.0,53.9,9.3,Clear,11.65,9.7,2024,2,February,40,Winter,False,False,False,False,False
2024-02-09,Kolkata,East,20.9,14.2,0.0,47.0,17.0,Clear,17.549999999999997,6.699999999999999,2024,2,February,40,Winter,False,False,False,False,False
2024-02-09,Mumbai,West,28.8,19.8,0.0,40.8,7.7,Clear,24.3,9.0,2024,2,February,40,Winter,False,False,False,False,False
2024-02-10,Bengaluru,South,21.8,15.8,0.0,50.6,7.2,Clear,18.8,6.0,2024,2,February,41,Winter,False,False,False,False,False
2024-02-10,Chennai,South,27.3,20.5,0.0,59.4,10.7,Clear,23.9,6.800000000000001,2024,2,February,41,Winter,False,False,False,False,False
2024-02-10,Delhi,North,20.3,8.4,0.0,44.0,9.1,Clear,14.350000000000001,11.9,2024,2,February,41,Winter,False,False,False,False,False
2024-02-10,Jaipur,Northwest,25.0,12.4,0.0,45.0,11.5,Clear,18.7,12.6,2024,2,February,41,Winter,False,False,False,False,False
2024-02-10,Kolkata,East,25.1,20.1,0.0,46.9,12.0,Clear,22.6,5.0,2024,2,February,41,Winter,False,False,False,False,False
2024-02-10,Mumbai,West,28.2,19.9,0.0,47.1,24.5,Clear,24.049999999999997,8.3,2024,2,February,41,Winter,False,False,False,False,False
2024-02-11,Bengaluru,South,27.3,20.8,0.0,51.0,13.2,Clear,24.05,6.5,2024,2,February,42,Winter,False,False,False,False,False
2024-02-11,Chennai,South,27.4,19.8,0.0,39.4,12.6,Clear,23.6,7.599999999999998,2024,2,February,42,Winter,False,False,False,False,False
2024-02-11,Delhi,North,17.4,6.3,0.0,61.5,10.3,Clear,11.85,11.099999999999998,2024,2,February,42,Winter,False,False,False,False,False
2024-02-11,Jaipur,Northwest,25.8,14.5,0.0,44.8,23.7,Clear,20.15,11.3,2024,2,February,42,Winter,False,False,False,False,False
2024-02-11,Kolkata,East,23.7,15.6,0.0,49.0,8.0,Clear,19.65,8.1,2024,2,February,42,Winter,False,False,False,False,False
2024-02-11,Mumbai,West,27.9,22.2,0.0,50.9,7.4,Clear,25.049999999999997,5.699999999999999,2024,2,February,42,Winter,False,False,False,False,False
2024-02-12,Bengaluru,South,24.9,18.2,0.0,38.4,24.6,Clear,21.549999999999997,6.699999999999999,2024,2,February,43,Winter,False,False,False,False,False
2024-02-12,Chennai,South,27.8,18.3,0.0,58.0,6.8,Clear,23.05,9.5,2024,2,February,43,Winter,False,False,False,False,False
2024-02-12,Delhi,North,22.0,9.4,0.0,51.5,3.7,Clear,15.7,12.6,2024,2,February,43,Winter,False,False,False,False,False
2024-02-12,Jaipur,Northwest,18.9,7.9,0.0,70.3,4.4,Clear,13.399999999999999,10.999999999999998,2024,2,February,43,Winter,False,False,False,False,False
2024-02-12,Kolkata,East,26.7,18.8,0.0,46.0,12.5,Clear,22.75,7.899999999999999,2024,2,February,43,Winter,False,False,False,False,False
2024-02-12,Mumbai,West,25.7,17.7,0.0,55.1,7.1,Clear,21.7,8.0,2024,2,February,43,Winter,False,False,False,False,False
2024-02-13,Bengaluru,South,21.6,16.6,0.0,44.1,9.7,Clear,19.1,5.0,2024,2,February,44,Winter,False,False,False,False,False
2024-02-13,Chennai,South,29.8,21.4,0.0,50.2,4.6,Clear,25.6,8.400000000000002,2024,2,February,44,Winter,False,False,False,False,False
2024-02-13,Delhi,North,19.0,8.8,0.0,48.4,2.6,Clear,13.9,10.2,2024,2,February,44,Winter,False,False,False,False,False
2024-02-13,Jaipur,Northwest,24.8,11.9,0.0,43.9,4.0,Clear,18.35,12.9,2024,2,February,44,Winter,False,False,False,False,False
2024-02-13,Kolkata,East,23.8,18.4,0.0,42.3,15.6,Clear,21.1,5.400000000000002,2024,2,February,44,Winter,False,False,False,False,False
2024-02-13,Mumbai,West,26.4,20.7,0.0,46.4,11.8,Clear,23.549999999999997,5.699999999999999,2024,2,February,44,Winter,False,False,False,False,False
2024-02-14,Bengaluru,South,22.2,16.4,0.0,49.6,1.7,Clear,19.299999999999997,5.800000000000001,2024,2,February,45,Winter,False,False,False,False,False
2024-02-14,Chennai,South,31.2,22.3,0.0,54.3,8.4,Clear,26.75,8.899999999999999,2024,2,February,45,Winter,False,False,False,False,False
2024-02-14,Delhi,North,20.2,10.5,0.0,40.4,11.6,Clear,15.35,9.7,2024,2,February,45,Winter,False,False,False,False,False
2024-02-14,Jaipur,Northwest,20.0,10.7,0.0,65.7,4.7,Clear,15.35,9.3,2024,2,February,45,Winter,False,False,False,False,False
2024-02-14,Kolkata,East,23.6,17.5,0.0,52.4,9.5,Clear,20.55,6.100000000000001,2024,2,February,45,Winter,False,False,False,False,False
2024-02-14,Mumbai,West,26.7,20.6,1.7,64.5,9.5,Light Rain,23.65,6.099999999999998,2024,2,February,45,Winter,False,False,False,False,False
2024-02-15,Bengaluru,South,19.9,14.7,0.0,58.9,6.6,Clear,17.299999999999997,5.199999999999999,2024,2,February,46,Winter,False,False,False,False,False
2024-02-15,Chennai,South,29.2,21.2,0.0,50.4,4.7,Clear,25.2,8.0,2024,2,February,46,Winter,False,False,False,False,False
2024-02-15,Delhi,North,21.8,8.8,0.0,60.2,4.1,Clear,15.3,13.0,2024,2,February,46,Winter,False,False,False,False,False
2024-02-15,Jaipur,Northwest,21.8,10.5,0.0,56.0,5.2,Clear,16.15,11.3,2024,2,February,46,Winter,False,False,False,False,False
2024-02-15,Kolkata,East,18.7,12.8,0.0,55.4,2.3,Clear,15.75,5.899999999999999,2024,2,February,46,Winter,False,False,False,False,False
2024-02-15,Mumbai,West,27.7,21.2,0.0,53.9,9.2,Clear,24.45,6.5,2024,2,February,46,Winter,False,False,False,False,False
2024-02-16,Bengaluru,South,27.3,18.8,0.0,53.8,2.5,Clear,23.05,8.5,2024,2,February,47,Winter,False,False,False,False,False
2024-02-16,Chennai,South,30.2,20.9,0.0,46.1,13.4,Clear,25.549999999999997,9.3,2024,2,February,47,Winter,False,False,False,False,False
2024-02-16,Delhi,North,18.8,6.9,0.0,36.6,5.1,Clear,12.850000000000001,11.9,2024,2,February,47,Winter,False,False,False,False,False
2024-02-16,Jaipur,Northwest,20.3,11.6,0.0,49.5,2.6,Clear,15.95,8.700000000000001,2024,2,February,47,Winter,False,False,False,False,False
2024-02-16,Kolkata,East,25.0,17.5,0.0,51.6,6.1,Clear,21.25,7.5,2024,2,February,47,Winter,False,False,False,False,False
2024-02-16,Mumbai,West,28.4,21.9,0.0,46.8,3.8,Clear,25.15,6.5,2024,2,February,47,Winter,False,False,False,False,False
2024-02-17,Bengaluru,South,23.1,16.9,0.0,46.4,18.4,Clear,20.0,6.200000000000003,2024,2,February,48,Winter,False,False,False,False,False
2024-02-17,Chennai,South,27.9,19.8,0.0,58.7,9.3,Clear,23.85,8.099999999999998,2024,2,February,48,Winter,False,False,False,False,False
2024-02-17,Delhi,North,22.2,9.8,0.0,60.7,7.1,Clear,16.0,12.399999999999999,2024,2,February,48,Winter,False,False,False,False,False
2024-02-17,Jaipur,Northwest,23.2,13.1,0.0,59.2,13.5,Clear,18.15,10.1,2024,2,February,48,Winter,False,False,False,False,False
2024-02-17,Kolkata,East,24.7,18.5,0.0,42.8,16.1,Clear,21.6,6.199999999999999,2024,2,February,48,Winter,False,False,False,False,False
2024-02-17,Mumbai,West,29.6,22.6,0.0,53.0,14.8,Clear,26.1,7.0,2024,2,February,48,Winter,False,False,False,False,False
2024-02-18,Bengaluru,South,21.5,14.9,0.0,55.7,15.3,Clear,18.2,6.6,2024,2,February,49,Winter,False,False,False,False,False
2024-02-18,Chennai,South,28.4,20.7,0.0,42.8,17.7,Clear,24.549999999999997,7.699999999999999,2024,2,February,49,Winter,False,False,False,False,False
2024-02-18,Delhi,North,20.6,9.3,0.0,61.5,11.7,Clear,14.950000000000001,11.3,2024,2,February,49,Winter,False,False,False,False,False
2024-02-18,Jaipur,Northwest,22.1,10.3,0.0,63.6,5.3,Clear,16.200000000000003,11.8,2024,2,February,49,Winter,False,False,False,False,False
2024-02-18,Kolkata,East,25.6,18.7,0.0,52.3,7.8,Clear,22.15,6.900000000000002,2024,2,February,49,Winter,False,False,False,False,False
2024-02-18,Mumbai,West,27.9,22.9,0.0,50.9,4.3,Clear,25.4,5.0,2024,2,February,49,Winter,False,False,False,False,False
2024-02-19,Bengaluru,South,23.1,16.3,0.0,48.8,5.2,Clear,19.700000000000003,6.800000000000001,2024,2,February,50,Winter,False,False,False,False,False
2024-02-19,Chennai,South,31.8,25.9,0.0,60.6,4.8,Clear,28.85,5.900000000000002,2024,2,February,50,Winter,False,False,False,False,False
2024-02-19,Delhi,North,19.6,9.1,2.7,77.5,7.2,Light Rain,14.350000000000001,10.500000000000002,2024,2,February,50,Winter,False,False,False,False,False
2024-02-19,Jaipur,Northwest,23.9,12.1,0.0,53.1,3.6,Clear,18.0,11.799999999999999,2024,2,February,50,Winter,False,False,False,False,False
2024-02-19,Kolkata,East,24.2,15.1,0.0,61.0,17.5,Clear,19.65,9.1,2024,2,February,50,Winter,False,False,False,False,False
2024-02-19,Mumbai,West,26.4,20.0,0.0,45.7,7.5,Clear,23.2,6.399999999999999,2024,2,February,50,Winter,False,False,False,False,False
2024-02-20,Bengaluru,South,22.1,15.1,1.0,54.5,10.5,Light Rain,18.6,7.000000000000002,2024,2,February,51,Winter,False,False,False,False,False
2024-02-20,Chennai,South,29.3,21.0,0.0,51.9,9.4,Clear,25.15,8.3,2024,2,February,51,Winter,False,False,False,False,False
2024-02-20,Delhi,North,21.1,11.0,0.0,52.4,1.2,Clear,16.05,10.100000000000001,2024,2,February,51,Winter,False,False,False,False,False
2024-02-20,Jaipur,Northwest,27.5,14.8,0.0,60.3,14.1,Clear,21.15,12.7,2024,2,February,51,Winter,False,False,False,False,False
2024-02-20,Kolkata,East,23.7,17.0,0.0,56.7,5.5,Clear,20.35,6.699999999999999,2024,2,February,51,Winter,False,False,False,False,False
2024-02-20,Mumbai,West,25.5,19.3,7.6,70.9,9.4,Light Rain,22.4,6.199999999999999,2024,2,February,51,Winter,False,False,False,False,False
2024-02-21,Bengaluru,South,23.6,16.5,0.0,57.2,7.7,Clear,20.05,7.100000000000001,2024,2,February,52,Winter,False,False,False,False,False
2024-02-21,Chennai,South,32.6,23.2,0.0,37.0,4.5,Clear,27.9,9.400000000000002,2024,2,February,52,Winter,False,False,False,False,False
2024-02-21,Delhi,North,21.9,11.3,0.0,54.4,9.5,Clear,16.6,10.599999999999998,2024,2,February,52,Winter,False,False,False,False,False
2024-02-21,Jaipur,Northwest,20.7,9.1,0.0,52.6,5.7,Clear,14.899999999999999,11.6,2024,2,February,52,Winter,False,False,False,False,False
2024-02-21,Kolkata,East,20.8,11.4,0.0,57.4,5.9,Clear,16.1,9.4,2024,2,February,52,Winter,False,False,False,False,False
2024-02-21,Mumbai,West,29.4,24.4,0.0,48.9,19.8,Clear,26.9,5.0,2024,2,February,52,Winter,False,False,False,False,False
2024-02-22,Bengaluru,South,27.0,19.5,0.0,58.9,13.1,Clear,23.25,7.5,2024,2,February,53,Winter,False,False,False,False,False
2024-02-22,Chennai,South,28.0,22.0,0.0,55.5,5.1,Clear,25.0,6.0,2024,2,February,53,Winter,False,False,False,False,False
2024-02-22,Delhi,North,22.3,12.5,0.0,59.9,12.5,Clear,17.4,9.8,2024,2,February,53,Winter,False,False,False,False,False
2024-02-22,Jaipur,Northwest,25.2,12.9,0.0,62.7,5.9,Clear,19.05,12.299999999999999,2024,2,February,53,Winter,False,False,False,False,False
2024-02-22,Kolkata,East,21.3,14.1,0.0,53.3,23.1,Clear,17.7,7.200000000000001,2024,2,February,53,Winter,False,False,False,False,False
2024-02-22,Mumbai,West,28.4,23.0,0.0,41.4,5.9,Clear,25.7,5.399999999999999,2024,2,February,53,Winter,False,False,False,False,False
2024-02-23,Bengaluru,South,25.4,19.2,0.0,40.0,3.1,Clear,22.299999999999997,6.199999999999999,2024,2,February,54,Winter,False,False,False,False,False
2024-02-23,Chennai,South,27.8,18.7,1.5,57.2,22.4,Light Rain,23.25,9.100000000000001,2024,2,February,54,Winter,False,False,False,False,False
2024-02-23,Delhi,North,21.5,10.1,0.0,49.1,5.3,Clear,15.8,11.4,2024,2,February,54,Winter,False,False,False,False,False
2024-02-23,Jaipur,Northwest,23.3,12.7,0.0,38.5,4.8,Clear,18.0,10.600000000000001,2024,2,February,54,Winter,False,False,False,False,False
2024-02-23,Kolkata,East,24.0,15.0,0.0,49.5,6.3,Clear,19.5,9.0,2024,2,February,54,Winter,False,False,False,False,False
2024-02-23,Mumbai,West,27.5,21.4,0.0,53.3,8.8,Clear,24.45,6.100000000000001,2024,2,February,54,Winter,False,False,False,False,False
2024-02-24,Bengaluru,South,24.3,19.3,0.0,61.7,21.3,Clear,21.8,5.0,2024,2,February,55,Winter,False,False,False,False,False
2024-02-24,Chennai,South,28.3,20.2,0.0,37.3,20.5,Clear,24.25,8.100000000000001,2024,2,February,55,Winter,False,False,False,False,False
2024-02-24,Delhi,North,18.3,7.2,0.0,56.0,6.1,Clear,12.75,11.100000000000001,2024,2,February,55,Winter,False,False,False,False,False
2024-02-24,Jaipur,Northwest,22.1,9.4,0.0,62.3,7.6,Clear,15.75,12.700000000000001,2024,2,February,55,Winter,False,False,False,False,False
2024-02-24,Kolkata,East,25.6,19.5,0.0,46.5,9.9,Clear,22.55,6.100000000000001,2024,2,February,55,Winter,False,False,False,False,False
2024-02-24,Mumbai,West,27.0,20.8,0.0,62.8,17.8,Clear,23.9,6.199999999999999,2024,2,February,55,Winter,False,False,False,False,False
2024-02-25,Bengaluru,South,24.1,16.5,0.0,32.4,4.5,Clear,20.3,7.600000000000001,2024,2,February,56,Winter,False,False,False,False,False
2024-02-25,Chennai,South,31.8,22.7,0.0,52.7,18.8,Clear,27.25,9.100000000000001,2024,2,February,56,Winter,False,False,False,False,False
2024-02-25,Delhi,North,19.0,7.3,0.0,60.8,4.1,Clear,13.15,11.7,2024,2,February,56,Winter,False,False,False,False,False
2024-02-25,Jaipur,Northwest,22.2,10.3,0.0,56.0,4.6,Clear,16.25,11.899999999999999,2024,2,February,56,Winter,False,False,False,False,False
2024-02-25,Kolkata,East,26.4,18.1,0.0,49.7,4.8,Clear,22.25,8.299999999999997,2024,2,February,56,Winter,False,False,False,False,False
2024-02-25,Mumbai,West,27.2,19.6,4.3,65.2,16.9,Light Rain,23.4,7.599999999999998,2024,2,February,56,Winter,False,False,False,False,False
2024-02-26,Bengaluru,South,25.6,17.6,0.0,44.4,28.5,Clear,21.6,8.0,2024,2,February,57,Winter,False,False,False,False,False
2024-02-26,Chennai,South,31.2,24.2,0.0,58.5,5.4,Clear,27.7,7.0,2024,2,February,57,Winter,False,False,False,False,False
2024-02-26,Delhi,North,22.2,9.1,0.0,50.4,12.9,Clear,15.649999999999999,13.1,2024,2,February,57,Winter,False,False,False,False,False
2024-02-26,Jaipur,Northwest,25.1,16.0,0.0,53.8,8.0,Clear,20.55,9.100000000000001,2024,2,February,57,Winter,False,False,False,False,False
2024-02-26,Kolkata,East,22.7,16.2,0.0,43.8,8.2,Clear,19.45,6.5,2024,2,February,57,Winter,False,False,False,False,False
2024-02-26,Mumbai,West,32.4,25.2,0.0,48.4,5.1,Clear,28.799999999999997,7.199999999999999,2024,2,February,57,Winter,False,False,False,False,False
2024-02-27,Bengaluru,South,27.3,19.8,0.0,53.1,3.2,Clear,23.55,7.5,2024,2,February,58,Winter,False,False,False,False,False
2024-02-27,Chennai,South,28.9,21.1,0.0,63.6,8.1,Clear,25.0,7.799999999999997,2024,2,February,58,Winter,False,False,False,False,False
2024-02-27,Delhi,North,20.1,8.2,0.0,53.9,3.9,Clear,14.15,11.900000000000002,2024,2,February,58,Winter,False,False,False,False,False
2024-02-27,Jaipur,Northwest,23.5,12.5,0.0,56.3,4.1,Clear,18.0,11.0,2024,2,February,58,Winter,False,False,False,False,False
2024-02-27,Kolkata,East,27.4,19.7,0.0,48.1,9.1,Clear,23.549999999999997,7.699999999999999,2024,2,February,58,Winter,False,False,False,False,False
2024-02-27,Mumbai,West,27.0,21.5,0.0,31.6,18.6,Clear,24.25,5.5,2024,2,February,58,Winter,False,False,False,False,False
2024-02-28,Bengaluru,South,25.2,19.4,0.0,40.7,3.4,Clear,22.299999999999997,5.800000000000001,2024,2,February,59,Winter,False,False,False,False,False
2024-02-28,Chennai,South,29.2,22.2,0.0,44.3,8.9,Clear,25.7,7.0,2024,2,February,59,Winter,False,False,False,False,False
2024-02-28,Delhi,North,23.5,9.8,0.0,62.6,2.7,Clear,16.65,13.7,2024,2,February,59,Winter,False,False,False,False,False
2024-02-28,Jaipur,Northwest,25.5,13.9,0.0,57.5,12.8,Clear,19.7,11.6,2024,2,February,59,Winter,False,False,False,False,False
2024-02-28,Kolkata,East,22.1,14.3,0.0,57.5,6.4,Clear,18.200000000000003,7.800000000000001,2024,2,February,59,Winter,False,False,False,False,False
2024-02-28,Mumbai,West,28.8,20.7,0.0,38.1,12.3,Clear,24.75,8.100000000000001,2024,2,February,59,Winter,False,False,False,False,False
2024-02-29,Bengaluru,South,26.1,16.2,0.0,55.7,10.3,Clear,21.15,9.900000000000002,2024,2,February,60,Winter,False,False,False,False,False
2024-02-29,Chennai,South,28.9,22.3,0.0,49.3,13.6,Clear,25.6,6.599999999999998,2024,2,February,60,Winter,False,False,False,False,False
2024-02-29,Delhi,North,22.9,10.7,0.0,51.0,3.8,Clear,16.799999999999997,12.2,2024,2,February,60,Winter,False,False,False,False,False
2024-02-29,Jaipur,Northwest,23.5,12.2,0.0,45.1,2.3,Clear,17.85,11.3,2024,2,February,60,Winter,False,False,False,False,False
2024-02-29,Kolkata,East,26.1,19.3,0.0,46.8,9.9,Clear,22.700000000000003,6.800000000000001,2024,2,February,60,Winter,False,False,False,False,False
2024-02-29,Mumbai,West,29.4,23.4,0.0,64.2,1.7,Clear,26.4,6.0,2024,2,February,60,Winter,False,False,False,False,False
2024-03-01,Bengaluru,South,19.7,12.1,0.0,49.1,5.1,Clear,15.899999999999999,7.6,2024,3,March,61,Summer,False,False,False,False,False
2024-03-01,Chennai,South,29.6,22.3,1.5,61.0,13.8,Light Rain,25.950000000000003,7.300000000000001,2024,3,March,61,Summer,False,False,False,False,False
2024-03-01,Delhi,North,21.3,8.9,0.0,52.1,14.6,Clear,15.100000000000001,12.4,2024,3,March,61,Summer,False,False,False,False,False
2024-03-01,Jaipur,Northwest,29.6,17.8,0.0,51.5,8.4,Clear,23.700000000000003,11.8,2024,3,March,61,Summer,False,False,False,False,False
2024-03-01,Kolkata,East,22.6,16.1,0.0,48.8,12.0,Clear,19.35,6.5,2024,3,March,61,Summer,False,False,False,False,False
2024-03-01,Mumbai,West,29.6,20.6,0.0,55.4,9.2,Clear,25.1,9.0,2024,3,March,61,Summer,False,False,False,False,False
2024-03-02,Bengaluru,South,23.4,17.6,0.0,43.8,19.1,Clear,20.5,5.799999999999997,2024,3,March,62,Summer,False,False,False,False,False
2024-03-02,Chennai,South,33.0,21.1,7.5,47.0,6.6,Light Rain,27.05,11.899999999999999,2024,3,March,62,Summer,False,False,False,False,False
2024-03-02,Delhi,North,25.5,13.3,0.0,52.4,2.4,Clear,19.4,12.2,2024,3,March,62,Summer,False,False,False,False,False
2024-03-02,Jaipur,Northwest,24.8,12.8,0.0,42.1,8.1,Clear,18.8,12.0,2024,3,March,62,Summer,False,False,False,False,False
2024-03-02,Kolkata,East,26.4,16.6,0.0,48.8,0.7,Clear,21.5,9.799999999999997,2024,3,March,62,Summer,False,False,False,False,False
2024-03-02,Mumbai,West,29.2,19.7,0.0,51.7,5.7,Clear,24.45,9.5,2024,3,March,62,Summer,False,False,False,False,False
2024-03-03,Bengaluru,South,25.9,18.5,0.0,44.7,4.3,Clear,22.2,7.399999999999999,2024,3,March,63,Summer,False,False,False,False,False
2024-03-03,Chennai,South,34.9,25.7,0.0,54.2,10.6,Clear,30.299999999999997,9.2,2024,3,March,63,Summer,False,False,False,False,False
2024-03-03,Delhi,North,22.4,11.9,0.0,58.9,13.4,Clear,17.15,10.499999999999998,2024,3,March,63,Summer,False,False,False,False,False
2024-03-03,Jaipur,Northwest,26.4,13.0,0.0,41.5,13.6,Clear,19.7,13.399999999999999,2024,3,March,63,Summer,False,False,False,False,False
2024-03-03,Kolkata,East,24.1,16.3,0.0,54.1,14.2,Clear,20.200000000000003,7.800000000000001,2024,3,March,63,Summer,False,False,False,False,False
2024-03-03,Mumbai,West,28.4,20.5,0.0,68.2,17.6,Clear,24.45,7.899999999999999,2024,3,March,63,Summer,False,False,False,False,False
2024-03-04,Bengaluru,South,25.9,18.9,0.0,64.0,28.5,Clear,22.4,7.0,2024,3,March,64,Summer,False,False,False,False,False
2024-03-04,Chennai,South,27.6,20.8,0.0,49.2,12.2,Clear,24.200000000000003,6.800000000000001,2024,3,March,64,Summer,False,False,False,False,False
2024-03-04,Delhi,North,22.3,11.2,0.0,57.1,6.9,Clear,16.75,11.100000000000001,2024,3,March,64,Summer,False,False,False,False,False
2024-03-04,Jaipur,Northwest,26.2,15.7,0.0,44.3,7.6,Clear,20.95,10.5,2024,3,March,64,Summer,False,False,False,False,False
2024-03-04,Kolkata,East,26.4,18.6,0.0,54.5,24.2,Clear,22.5,7.799999999999997,2024,3,March,64,Summer,False,False,False,False,False
2024-03-04,Mumbai,West,28.3,20.9,0.0,45.7,9.8,Clear,24.6,7.400000000000002,2024,3,March,64,Summer,False,False,False,False,False
2024-03-05,Bengaluru,South,25.8,18.8,0.0,52.8,4.0,Clear,22.3,7.0,2024,3,March,65,Summer,False,False,False,False,False
2024-03-05,Chennai,South,31.3,24.6,0.0,49.8,13.7,Clear,27.950000000000003,6.699999999999999,2024,3,March,65,Summer,False,False,False,False,False
2024-03-05,Delhi,North,18.4,8.5,0.0,55.7,0.9,Clear,13.45,9.899999999999999,2024,3,March,65,Summer,False,False,False,False,False
2024-03-05,Jaipur,Northwest,23.6,11.8,0.0,55.7,7.0,Clear,17.700000000000003,11.8,2024,3,March,65,Summer,False,False,False,False,False
2024-03-05,Kolkata,East,27.2,19.2,0.0,46.1,24.8,Clear,23.2,8.0,2024,3,March,65,Summer,False,False,False,False,False
2024-03-05,Mumbai,West,28.7,20.1,0.0,50.2,26.0,Clear,24.4,8.599999999999998,2024,3,March,65,Summer,False,False,False,False,False
2024-03-06,Bengaluru,South,21.6,14.8,0.0,52.9,2.2,Clear,18.200000000000003,6.800000000000001,2024,3,March,66,Summer,False,False,False,False,False
2024-03-06,Chennai,South,29.7,20.9,0.0,67.2,22.0,Clear,25.299999999999997,8.8,2024,3,March,66,Summer,False,False,False,False,False
2024-03-06,Delhi,North,23.8,14.3,0.0,43.1,9.0,Clear,19.05,9.5,2024,3,March,66,Summer,False,False,False,False,False
2024-03-06,Jaipur,Northwest,29.5,17.1,0.0,46.6,10.8,Clear,23.3,12.399999999999999,2024,3,March,66,Summer,False,False,False,False,False
2024-03-06,Kolkata,East,27.6,18.5,0.0,62.0,7.7,Clear,23.05,9.100000000000001,2024,3,March,66,Summer,False,False,False,False,False
2024-03-06,Mumbai,West,28.1,19.4,0.0,56.9,7.4,Clear,23.75,8.700000000000003,2024,3,March,66,Summer,False,False,False,False,False
2024-03-07,Bengaluru,South,22.0,14.5,0.0,55.7,9.1,Clear,18.25,7.5,2024,3,March,67,Summer,False,False,False,False,False
2024-03-07,Chennai,South,25.9,19.1,0.0,51.9,9.4,Clear,22.5,6.799999999999997,2024,3,March,67,Summer,False,False,False,False,False
2024-03-07,Delhi,North,20.8,10.1,0.0,53.0,6.8,Clear,15.45,10.700000000000001,2024,3,March,67,Summer,False,False,False,False,False
2024-03-07,Jaipur,Northwest,24.9,13.8,0.0,56.3,10.2,Clear,19.35,11.099999999999998,2024,3,March,67,Summer,False,False,False,False,False
2024-03-07,Kolkata,East,24.9,17.8,0.0,52.4,5.9,Clear,21.35,7.099999999999998,2024,3,March,67,Summer,False,False,False,False,False
2024-03-07,Mumbai,West,26.6,18.2,0.0,62.7,7.0,Clear,22.4,8.400000000000002,2024,3,March,67,Summer,False,False,False,False,False
2024-03-08,Bengaluru,South,24.3,16.4,0.0,59.3,21.9,Clear,20.35,7.900000000000002,2024,3,March,68,Summer,False,False,False,False,False
2024-03-08,Chennai,South,30.7,22.7,0.0,41.4,7.3,Clear,26.7,8.0,2024,3,March,68,Summer,False,False,False,False,False
2024-03-08,Delhi,North,23.3,12.9,0.0,57.3,22.1,Clear,18.1,10.4,2024,3,March,68,Summer,False,False,False,False,False
2024-03-08,Jaipur,Northwest,26.7,15.5,0.0,47.4,23.5,Clear,21.1,11.2,2024,3,March,68,Summer,False,False,False,False,False
2024-03-08,Kolkata,East,27.9,22.2,0.0,53.2,10.6,Clear,25.049999999999997,5.699999999999999,2024,3,March,68,Summer,False,False,False,False,False
2024-03-08,Mumbai,West,26.2,20.5,0.0,57.1,16.1,Clear,23.35,5.699999999999999,2024,3,March,68,Summer,False,False,False,False,False
2024-03-09,Bengaluru,South,23.5,15.3,0.0,50.5,4.5,Clear,19.4,8.2,2024,3,March,69,Summer,False,False,False,False,False
2024-03-09,Chennai,South,27.8,22.8,0.0,56.3,4.9,Clear,25.3,5.0,2024,3,March,69,Summer,False,False,False,False,False
2024-03-09,Delhi,North,25.4,13.9,0.0,52.8,6.6,Clear,19.65,11.499999999999998,2024,3,March,69,Summer,False,False,False,False,False
2024-03-09,Jaipur,Northwest,24.8,11.5,0.0,47.9,3.9,Clear,18.15,13.3,2024,3,March,69,Summer,False,False,False,False,False
2024-03-09,Kolkata,East,28.8,20.5,0.0,60.8,8.4,Clear,24.65,8.3,2024,3,March,69,Summer,False,False,False,False,False
2024-03-09,Mumbai,West,26.9,20.9,1.1,56.5,15.1,Light Rain,23.9,6.0,2024,3,March,69,Summer,False,False,False,False,False
2024-03-10,Bengaluru,South,24.1,18.8,0.0,50.7,11.5,Clear,21.450000000000003,5.300000000000001,2024,3,March,70,Summer,False,False,False,False,False
2024-03-10,Chennai,South,30.5,22.6,0.0,47.4,4.6,Clear,26.55,7.899999999999999,2024,3,March,70,Summer,False,False,False,False,False
2024-03-10,Delhi,North,23.6,12.1,0.0,45.8,21.0,Clear,17.85,11.500000000000002,2024,3,March,70,Summer,False,False,False,False,False
2024-03-10,Jaipur,Northwest,21.9,10.3,0.0,45.1,11.6,Clear,16.1,11.599999999999998,2024,3,March,70,Summer,False,False,False,False,False
2024-03-10,Kolkata,East,23.1,18.1,0.0,57.4,15.8,Clear,20.6,5.0,2024,3,March,70,Summer,False,False,False,False,False
2024-03-10,Mumbai,West,27.0,20.1,0.0,65.5,24.2,Clear,23.55,6.899999999999999,2024,3,March,70,Summer,False,False,False,False,False
2024-03-11,Bengaluru,South,25.2,18.9,0.0,54.2,10.1,Clear,22.049999999999997,6.300000000000001,2024,3,March,71,Summer,False,False,False,False,False
2024-03-11,Chennai,South,31.5,24.5,0.0,42.5,16.1,Clear,28.0,7.0,2024,3,March,71,Summer,False,False,False,False,False
2024-03-11,Delhi,North,23.6,11.8,0.0,60.6,6.2,Clear,17.700000000000003,11.8,2024,3,March,71,Summer,False,False,False,False,False
2024-03-11,Jaipur,Northwest,24.8,15.5,0.0,45.9,13.8,Clear,20.15,9.3,2024,3,March,71,Summer,False,False,False,False,False
2024-03-11,Kolkata,East,24.3,16.5,0.0,59.6,20.7,Clear,20.4,7.800000000000001,2024,3,March,71,Summer,False,False,False,False,False
2024-03-11,Mumbai,West,29.1,20.9,0.0,52.3,3.9,Clear,25.0,8.200000000000003,2024,3,March,71,Summer,False,False,False,False,False
2024-03-12,Bengaluru,South,25.4,17.2,0.0,51.3,15.9,Clear,21.299999999999997,8.2,2024,3,March,72,Summer,False,False,False,False,False
2024-03-12,Chennai,South,29.8,23.3,2.7,41.8,14.2,Light Rain,26.55,6.5,2024,3,March,72,Summer,False,False,False,False,False
2024-03-12,Delhi,North,22.7,13.0,0.0,60.0,9.1,Clear,17.85,9.7,2024,3,March,72,Summer,False,False,False,False,False
2024-03-12,Jaipur,Northwest,27.5,16.6,0.0,59.0,6.4,Clear,22.05,10.899999999999999,2024,3,March,72,Summer,False,False,False,False,False
2024-03-12,Kolkata,East,26.3,19.5,0.0,54.4,3.0,Clear,22.9,6.800000000000001,2024,3,March,72,Summer,False,False,False,False,False
2024-03-12,Mumbai,West,25.8,19.3,0.0,38.0,1.7,Clear,22.55,6.5,2024,3,March,72,Summer,False,False,False,False,False
2024-03-13,Bengaluru,South,21.0,14.3,0.0,51.6,8.7,Clear,17.65,6.699999999999999,2024,3,March,73,Summer,False,False,False,False,False
2024-03-13,Chennai,South,32.0,26.4,0.0,44.5,14.3,Clear,29.2,5.600000000000001,2024,3,March,73,Summer,False,False,False,False,False
2024-03-13,Delhi,North,24.0,14.6,0.0,60.3,19.2,Clear,19.3,9.4,2024,3,March,73,Summer,False,False,False,False,False
2024-03-13,Jaipur,Northwest,27.5,15.3,0.0,44.3,18.5,Clear,21.4,12.2,2024,3,March,73,Summer,False,False,False,False,False
2024-03-13,Kolkata,East,32.6,24.6,0.0,62.7,18.3,Clear,28.6,8.0,2024,3,March,73,Summer,False,False,False,False,False
2024-03-13,Mumbai,West,30.1,22.3,0.0,51.6,5.1,Clear,26.200000000000003,7.800000000000001,2024,3,March,73,Summer,False,False,False,False,False
2024-03-14,Bengaluru,South,28.5,23.2,0.0,51.7,10.2,Clear,25.85,5.300000000000001,2024,3,March,74,Summer,False,False,False,False,False
2024-03-14,Chennai,South,32.0,25.1,6.2,45.6,9.6,Light Rain,28.55,6.899999999999999,2024,3,March,74,Summer,False,False,False,False,False
2024-03-14,Delhi,North,24.8,12.7,4.3,65.1,13.7,Light Rain,18.75,12.100000000000001,2024,3,March,74,Summer,False,False,False,False,False
2024-03-14,Jaipur,Northwest,25.1,16.4,0.0,53.2,5.4,Clear,20.75,8.700000000000003,2024,3,March,74,Summer,False,False,False,False,False
2024-03-14,Kolkata,East,27.1,20.1,0.0,43.7,9.5,Clear,23.6,7.0,2024,3,March,74,Summer,False,False,False,False,False
2024-03-14,Mumbai,West,32.9,24.1,0.0,41.8,6.2,Clear,28.5,8.799999999999997,2024,3,March,74,Summer,False,False,False,False,False
2024-03-15,Bengaluru,South,25.7,19.0,0.0,64.3,8.9,Clear,22.35,6.699999999999999,2024,3,March,75,Summer,False,False,False,False,False
2024-03-15,Chennai,South,31.2,25.6,0.0,46.4,6.9,Clear,28.4,5.599999999999998,2024,3,March,75,Summer,False,False,False,False,False
2024-03-15,Delhi,North,22.6,15.6,0.0,56.1,11.4,Clear,19.1,7.000000000000002,2024,3,March,75,Summer,False,False,False,False,False
2024-03-15,Jaipur,Northwest,27.3,17.8,0.0,72.2,15.9,Clear,22.55,9.5,2024,3,March,75,Summer,False,False,False,False,False
2024-03-15,Kolkata,East,26.0,16.2,0.0,58.6,3.8,Clear,21.1,9.8,2024,3,March,75,Summer,False,False,False,False,False
2024-03-15,Mumbai,West,29.9,21.6,1.1,48.6,18.7,Light Rain,25.75,8.299999999999997,2024,3,March,75,Summer,False,False,False,False,False
2024-03-16,Bengaluru,South,25.2,17.3,0.0,52.4,4.9,Clear,21.25,7.899999999999999,2024,3,March,76,Summer,False,False,False,False,False
2024-03-16,Chennai,South,27.7,22.5,0.0,36.1,10.7,Clear,25.1,5.199999999999999,2024,3,March,76,Summer,False,False,False,False,False
2024-03-16,Delhi,North,27.9,17.7,0.0,42.2,6.2,Clear,22.799999999999997,10.2,2024,3,March,76,Summer,False,False,False,False,False
2024-03-16,Jaipur,Northwest,26.1,14.1,0.0,65.5,11.9,Clear,20.1,12.000000000000002,2024,3,March,76,Summer,False,False,False,False,False
2024-03-16,Kolkata,East,27.7,20.2,0.0,46.5,3.6,Clear,23.95,7.5,2024,3,March,76,Summer,False,False,False,False,False
2024-03-16,Mumbai,West,28.9,21.8,0.0,55.5,10.0,Clear,25.35,7.099999999999998,2024,3,March,76,Summer,False,False,False,False,False
2024-03-17,Bengaluru,South,24.5,17.0,0.0,56.3,5.6,Clear,20.75,7.5,2024,3,March,77,Summer,False,False,False,False,False
2024-03-17,Chennai,South,28.3,20.6,0.0,68.0,0.6,Clear,24.450000000000003,7.699999999999999,2024,3,March,77,Summer,False,False,False,False,False
2024-03-17,Delhi,North,26.0,13.0,0.0,46.9,9.1,Clear,19.5,13.0,2024,3,March,77,Summer,False,False,False,False,False
2024-03-17,Jaipur,Northwest,26.0,15.7,0.0,55.0,7.2,Clear,20.85,10.3,2024,3,March,77,Summer,False,False,False,False,False
2024-03-17,Kolkata,East,26.8,19.0,0.0,49.3,0.9,Clear,22.9,7.800000000000001,2024,3,March,77,Summer,False,False,False,False,False
2024-03-17,Mumbai,West,28.1,22.9,0.0,44.7,7.1,Clear,25.5,5.200000000000003,2024,3,March,77,Summer,False,False,False,False,False
2024-03-18,Bengaluru,South,26.6,20.2,0.0,41.4,3.4,Clear,23.4,6.400000000000002,2024,3,March,78,Summer,False,False,False,False,False
2024-03-18,Chennai,South,29.8,21.4,2.4,53.7,23.5,Light Rain,25.6,8.400000000000002,2024,3,March,78,Summer,False,False,False,False,False
2024-03-18,Delhi,North,24.5,14.5,0.0,58.5,26.1,Clear,19.5,10.0,2024,3,March,78,Summer,False,False,False,False,False
2024-03-18,Jaipur,Northwest,27.1,14.2,0.0,48.9,6.9,Clear,20.65,12.900000000000002,2024,3,March,78,Summer,False,False,False,False,False
2024-03-18,Kolkata,East,28.0,19.4,0.0,55.6,18.8,Clear,23.7,8.600000000000001,2024,3,March,78,Summer,False,False,False,False,False
2024-03-18,Mumbai,West,29.6,22.0,0.0,58.1,5.6,Clear,25.8,7.600000000000001,2024,3,March,78,Summer,False,False,False,False,False
2024-03-19,Bengaluru,South,26.7,19.2,0.0,50.5,4.6,Clear,22.95,7.5,2024,3,March,79,Summer,False,False,False,False,False
2024-03-19,Chennai,South,30.3,24.3,3.1,47.2,14.5,Light Rain,27.3,6.0,2024,3,March,79,Summer,False,False,False,False,False
2024-03-19,Delhi,North,22.6,9.6,0.0,58.6,7.0,Clear,16.1,13.000000000000002,2024,3,March,79,Summer,False,False,False,False,False
2024-03-19,Jaipur,Northwest,30.8,20.2,0.0,48.0,15.0,Clear,25.5,10.600000000000001,2024,3,March,79,Summer,False,False,False,False,False
2024-03-19,Kolkata,East,25.2,17.0,0.0,45.2,3.8,Clear,21.1,8.2,2024,3,March,79,Summer,False,False,False,False,False
2024-03-19,Mumbai,West,31.1,23.1,0.0,50.5,8.6,Clear,27.1,8.0,2024,3,March,79,Summer,False,False,False,False,False
2024-03-20,Bengaluru,South,25.7,17.5,0.0,49.3,14.0,Clear,21.6,8.2,2024,3,March,80,Summer,False,False,False,False,False
2024-03-20,Chennai,South,30.0,23.0,0.0,39.5,17.6,Clear,26.5,7.0,2024,3,March,80,Summer,False,False,False,False,False
2024-03-20,Delhi,North,22.2,12.3,0.0,57.2,11.0,Clear,17.25,9.899999999999999,2024,3,March,80,Summer,False,False,False,False,False
2024-03-20,Jaipur,Northwest,29.2,18.0,0.0,47.6,16.7,Clear,23.6,11.2,2024,3,March,80,Summer,False,False,False,False,False
2024-03-20,Kolkata,East,27.8,20.3,0.0,53.7,6.5,Clear,24.05,7.5,2024,3,March,80,Summer,False,False,False,False,False
2024-03-20,Mumbai,West,28.7,22.1,0.0,39.1,4.3,Clear,25.4,6.599999999999998,2024,3,March,80,Summer,False,False,False,False,False
2024-03-21,Bengaluru,South,28.8,22.0,0.0,46.2,13.6,Clear,25.4,6.800000000000001,2024,3,March,81,Summer,False,False,False,False,False
2024-03-21,Chennai,South,27.9,20.9,1.4,49.7,18.2,Light Rain,24.4,7.0,2024,3,March,81,Summer,False,False,False,False,False
2024-03-21,Delhi,North,21.0,11.9,0.0,57.1,7.1,Clear,16.45,9.1,2024,3,March,81,Summer,False,False,False,False,False
2024-03-21,Jaipur,Northwest,29.5,15.8,0.0,47.0,16.7,Clear,22.65,13.7,2024,3,March,81,Summer,False,False,False,False,False
2024-03-21,Kolkata,East,29.5,20.6,0.0,39.3,3.9,Clear,25.05,8.899999999999999,2024,3,March,81,Summer,False,False,False,False,False
2024-03-21,Mumbai,West,27.3,19.2,0.0,56.8,6.8,Clear,23.25,8.100000000000001,2024,3,March,81,Summer,False,False,False,False,False
2024-03-22,Bengaluru,South,28.5,19.5,0.0,43.7,19.4,Clear,24.0,9.0,2024,3,March,82,Summer,False,False,False,False,False
2024-03-22,Chennai,South,25.8,19.7,0.0,54.6,3.8,Clear,22.75,6.100000000000001,2024,3,March,82,Summer,False,False,False,False,False
2024-03-22,Delhi,North,25.4,13.7,0.0,47.4,1.0,Clear,19.549999999999997,11.7,2024,3,March,82,Summer,False,False,False,False,False
2024-03-22,Jaipur,Northwest,23.0,10.9,0.0,67.0,22.7,Clear,16.95,12.1,2024,3,March,82,Summer,False,False,False,False,False
2024-03-22,Kolkata,East,27.5,19.0,0.0,45.7,11.1,Clear,23.25,8.5,2024,3,March,82,Summer,False,False,False,False,False
2024-03-22,Mumbai,West,29.4,22.2,0.0,43.8,1.6,Clear,25.799999999999997,7.199999999999999,2024,3,March,82,Summer,False,False,False,False,False
2024-03-23,Bengaluru,South,26.8,19.1,0.0,37.1,4.8,Clear,22.950000000000003,7.699999999999999,2024,3,March,83,Summer,False,False,False,False,False
2024-03-23,Chennai,South,31.9,25.4,0.0,60.9,25.6,Clear,28.65,6.5,2024,3,March,83,Summer,False,False,False,False,False
2024-03-23,Delhi,North,29.2,18.0,0.0,60.5,10.0,Clear,23.6,11.2,2024,3,March,83,Summer,False,False,False,False,False
2024-03-23,Jaipur,Northwest,28.3,16.3,0.0,44.2,1.2,Clear,22.3,12.0,2024,3,March,83,Summer,False,False,False,False,False
2024-03-23,Kolkata,East,24.8,18.1,0.0,60.1,5.7,Clear,21.450000000000003,6.699999999999999,2024,3,March,83,Summer,False,False,False,False,False
2024-03-23,Mumbai,West,30.0,23.1,3.5,65.5,24.8,Light Rain,26.55,6.899999999999999,2024,3,March,83,Summer,False,False,False,False,False
2024-03-24,Bengaluru,South,27.9,20.9,0.0,59.3,14.4,Clear,24.4,7.0,2024,3,March,84,Summer,False,False,False,False,False
2024-03-24,Chennai,South,29.4,22.4,0.0,38.9,2.8,Clear,25.9,7.0,2024,3,March,84,Summer,False,False,False,False,False
2024-03-24,Delhi,North,25.3,15.7,0.0,51.9,16.9,Clear,20.5,9.600000000000001,2024,3,March,84,Summer,False,False,False,False,False
2024-03-24,Jaipur,Northwest,29.2,20.3,0.0,47.6,3.2,Clear,24.75,8.899999999999999,2024,3,March,84,Summer,False,False,False,False,False
2024-03-24,Kolkata,East,27.1,20.7,0.0,52.9,15.4,Clear,23.9,6.400000000000002,2024,3,March,84,Summer,False,False,False,False,False
2024-03-24,Mumbai,West,26.9,19.8,0.0,45.7,24.5,Clear,23.35,7.099999999999998,2024,3,March,84,Summer,False,False,False,False,False
2024-03-25,Bengaluru,South,28.0,20.9,0.0,32.3,9.2,Clear,24.45,7.100000000000001,2024,3,March,85,Summer,False,False,False,False,False
2024-03-25,Chennai,South,31.3,24.9,0.0,47.2,11.8,Clear,28.1,6.400000000000002,2024,3,March,85,Summer,False,False,False,False,False
2024-03-25,Delhi,North,26.4,14.6,0.0,47.2,7.3,Clear,20.5,11.799999999999999,2024,3,March,85,Summer,False,False,False,False,False
2024-03-25,Jaipur,Northwest,26.8,15.7,0.0,52.9,10.0,Clear,21.25,11.100000000000001,2024,3,March,85,Summer,False,False,False,False,False
2024-03-25,Kolkata,East,28.5,19.5,0.0,51.4,22.2,Clear,24.0,9.0,2024,3,March,85,Summer,False,False,False,False,False
2024-03-25,Mumbai,West,30.9,22.7,0.0,45.2,8.7,Clear,26.799999999999997,8.2,2024,3,March,85,Summer,False,False,False,False,False
2024-03-26,Bengaluru,South,24.4,16.0,0.0,37.5,13.4,Clear,20.2,8.399999999999999,2024,3,March,86,Summer,False,False,False,False,False
2024-03-26,Chennai,South,32.6,25.2,0.0,43.6,16.7,Clear,28.9,7.400000000000002,2024,3,March,86,Summer,False,False,False,False,False
2024-03-26,Delhi,North,27.6,14.5,1.9,75.4,8.0,Light Rain,21.05,13.100000000000001,2024,3,March,86,Summer,False,False,False,False,False
2024-03-26,Jaipur,Northwest,28.9,16.9,0.0,60.9,24.0,Clear,22.9,12.0,2024,3,March,86,Summer,False,False,False,False,False
2024-03-26,Kolkata,East,27.1,20.3,0.0,56.5,8.4,Clear,23.700000000000003,6.800000000000001,2024,3,March,86,Summer,False,False,False,False,False
2024-03-26,Mumbai,West,28.8,22.7,5.2,52.6,8.1,Light Rain,25.75,6.100000000000001,2024,3,March,86,Summer,False,False,False,False,False
2024-03-27,Bengaluru,South,25.4,18.4,0.0,45.6,29.9,Clear,21.9,7.0,2024,3,March,87,Summer,False,False,False,False,False
2024-03-27,Chennai,South,31.4,25.0,0.0,45.4,5.1,Clear,28.2,6.399999999999999,2024,3,March,87,Summer,False,False,False,False,False
2024-03-27,Delhi,North,25.8,15.4,0.0,50.9,19.4,Clear,20.6,10.4,2024,3,March,87,Summer,False,False,False,False,False
2024-03-27,Jaipur,Northwest,28.4,15.1,0.0,61.2,28.6,Clear,21.75,13.299999999999999,2024,3,March,87,Summer,False,False,False,False,False
2024-03-27,Kolkata,East,28.5,21.6,0.0,44.7,22.8,Clear,25.05,6.899999999999999,2024,3,March,87,Summer,False,False,False,False,False
2024-03-27,Mumbai,West,28.0,19.0,1.7,56.0,8.3,Light Rain,23.5,9.0,2024,3,March,87,Summer,False,False,False,False,False
2024-03-28,Bengaluru,South,26.1,20.1,0.0,52.8,14.0,Clear,23.1,6.0,2024,3,March,88,Summer,False,False,False,False,False
2024-03-28,Chennai,South,31.7,23.9,0.0,45.8,11.6,Clear,27.799999999999997,7.800000000000001,2024,3,March,88,Summer,False,False,False,False,False
2024-03-28,Delhi,North,26.7,16.6,0.0,46.6,7.3,Clear,21.65,10.099999999999998,2024,3,March,88,Summer,False,False,False,False,False
2024-03-28,Jaipur,Northwest,29.0,16.8,0.0,47.0,2.9,Clear,22.9,12.2,2024,3,March,88,Summer,False,False,False,False,False
2024-03-28,Kolkata,East,26.0,20.4,0.0,40.2,11.5,Clear,23.2,5.600000000000001,2024,3,March,88,Summer,False,False,False,False,False
2024-03-28,Mumbai,West,31.4,22.9,0.0,58.8,4.9,Clear,27.15,8.5,2024,3,March,88,Summer,False,False,False,False,False
2024-03-29,Bengaluru,South,25.6,18.7,0.0,37.1,9.9,Clear,22.15,6.900000000000002,2024,3,March,89,Summer,False,False,False,False,False
2024-03-29,Chennai,South,33.6,26.3,0.0,49.6,7.9,Clear,29.950000000000003,7.300000000000001,2024,3,March,89,Summer,False,False,False,False,False
2024-03-29,Delhi,North,27.2,15.5,0.0,35.0,21.5,Clear,21.35,11.7,2024,3,March,89,Summer,False,False,False,False,False
2024-03-29,Jaipur,Northwest,22.1,11.8,0.0,52.1,10.7,Clear,16.950000000000003,10.3,2024,3,March,89,Summer,False,False,False,False,False
2024-03-29,Kolkata,East,28.5,21.1,0.0,53.1,3.2,Clear,24.8,7.399999999999999,2024,3,March,89,Summer,False,False,False,False,False
2024-03-29,Mumbai,West,28.2,22.1,0.0,72.5,1.5,Clear,25.15,6.099999999999998,2024,3,March,89,Summer,False,False,False,False,False
2024-03-30,Bengaluru,South,23.3,18.0,0.0,44.6,11.3,Clear,20.65,5.300000000000001,2024,3,March,90,Summer,False,False,False,False,False
2024-03-30,Chennai,South,29.1,23.5,0.0,45.9,9.5,Clear,26.3,5.600000000000001,2024,3,March,90,Summer,False,False,False,False,False
2024-03-30,Delhi,North,24.8,16.3,0.0,40.3,15.5,Clear,20.55,8.5,2024,3,March,90,Summer,False,False,False,False,False
2024-03-30,Jaipur,Northwest,29.8,21.6,0.0,43.2,6.4,Clear,25.700000000000003,8.2,2024,3,March,90,Summer,False,False,False,False,False
2024-03-30,Kolkata,East,28.7,21.2,0.0,38.0,2.9,Clear,24.95,7.5,2024,3,March,90,Summer,False,False,False,False,False
2024-03-30,Mumbai,West,29.7,22.6,0.0,45.5,16.5,Clear,26.15,7.099999999999998,2024,3,March,90,Summer,False,False,False,False,False
2024-03-31,Bengaluru,South,24.4,17.1,0.0,51.3,9.4,Clear,20.75,7.299999999999997,2024,3,March,91,Summer,False,False,False,False,False
2024-03-31,Chennai,South,27.8,22.3,0.0,44.2,7.3,Clear,25.05,5.5,2024,3,March,91,Summer,False,False,False,False,False
2024-03-31,Delhi,North,24.4,15.3,0.0,45.7,10.1,Clear,19.85,9.099999999999998,2024,3,March,91,Summer,False,False,False,False,False
2024-03-31,Jaipur,Northwest,27.4,14.0,0.0,47.7,15.6,Clear,20.7,13.399999999999999,2024,3,March,91,Summer,False,False,False,False,False
2024-03-31,Kolkata,East,25.5,18.4,0.0,43.6,9.5,Clear,21.95,7.100000000000001,2024,3,March,91,Summer,False,False,False,False,False
2024-03-31,Mumbai,West,31.2,25.6,0.0,54.4,23.9,Clear,28.4,5.599999999999998,2024,3,March,91,Summer,False,False,False,False,False
2024-04-01,Bengaluru,South,29.3,23.4,0.0,45.9,11.3,Clear,26.35,5.900000000000002,2024,4,April,92,Summer,False,False,False,False,False
2024-04-01,Chennai,South,29.6,24.1,0.0,32.6,6.3,Clear,26.85,5.5,2024,4,April,92,Summer,False,False,False,False,False
2024-04-01,Delhi,North,29.0,15.3,0.0,44.5,7.6,Clear,22.15,13.7,2024,4,April,92,Summer,False,False,False,False,False
2024-04-01,Jaipur,Northwest,28.8,17.6,0.0,38.9,4.9,Clear,23.200000000000003,11.2,2024,4,April,92,Summer,False,False,False,False,False
2024-04-01,Kolkata,East,27.8,21.2,2.8,46.3,10.7,Light Rain,24.5,6.600000000000001,2024,4,April,92,Summer,False,False,False,False,False
2024-04-01,Mumbai,West,27.5,21.9,0.0,53.5,9.3,Clear,24.7,5.600000000000001,2024,4,April,92,Summer,False,False,False,False,False
2024-04-02,Bengaluru,South,26.4,17.6,0.0,63.5,6.5,Clear,22.0,8.799999999999997,2024,4,April,93,Summer,False,False,False,False,False
2024-04-02,Chennai,South,26.3,19.8,0.0,46.5,10.7,Clear,23.05,6.5,2024,4,April,93,Summer,False,False,False,False,False
2024-04-02,Delhi,North,27.9,16.4,0.0,46.5,5.8,Clear,22.15,11.5,2024,4,April,93,Summer,False,False,False,False,False
2024-04-02,Jaipur,Northwest,31.7,18.8,0.0,47.9,5.6,Clear,25.25,12.899999999999999,2024,4,April,93,Summer,False,False,False,False,False
2024-04-02,Kolkata,East,28.8,22.0,0.0,49.6,4.2,Clear,25.4,6.800000000000001,2024,4,April,93,Summer,False,False,False,False,False
2024-04-02,Mumbai,West,31.1,22.1,0.0,45.0,9.3,Clear,26.6,9.0,2024,4,April,93,Summer,False,False,False,False,False
2024-04-03,Bengaluru,South,26.2,19.6,1.2,50.9,19.4,Light Rain,22.9,6.599999999999998,2024,4,April,94,Summer,False,False,False,False,False
2024-04-03,Chennai,South,29.5,23.3,0.0,37.0,5.6,Clear,26.4,6.199999999999999,2024,4,April,94,Summer,False,False,False,False,False
2024-04-03,Delhi,North,28.3,20.2,0.0,40.6,11.7,Clear,24.25,8.100000000000001,2024,4,April,94,Summer,False,False,False,False,False
2024-04-03,Jaipur,Northwest,31.1,19.7,0.0,54.8,6.9,Clear,25.4,11.400000000000002,2024,4,April,94,Summer,False,False,False,False,False
2024-04-03,Kolkata,East,26.6,21.4,0.0,42.6,6.6,Clear,24.0,5.200000000000003,2024,4,April,94,Summer,False,False,False,False,False
2024-04-03,Mumbai,West,32.0,25.1,0.0,36.7,2.3,Clear,28.55,6.899999999999999,2024,4,April,94,Summer,False,False,False,False,False
2024-04-04,Bengaluru,South,28.1,20.3,0.0,47.8,24.8,Clear,24.200000000000003,7.800000000000001,2024,4,April,95,Summer,False,False,False,False,False
2024-04-04,Chennai,South,28.9,23.9,0.0,53.1,5.2,Clear,26.4,5.0,2024,4,April,95,Summer,False,False,False,False,False
2024-04-04,Delhi,North,29.5,20.1,0.0,32.5,1.3,Clear,24.8,9.399999999999999,2024,4,April,95,Summer,False,False,False,False,False
2024-04-04,Jaipur,Northwest,31.1,20.0,0.0,42.8,3.7,Clear,25.55,11.100000000000001,2024,4,April,95,Summer,False,False,False,False,False
2024-04-04,Kolkata,East,30.2,21.8,0.0,65.4,4.6,Clear,26.0,8.399999999999999,2024,4,April,95,Summer,False,False,False,False,False
2024-04-04,Mumbai,West,30.5,22.9,0.0,41.6,11.2,Clear,26.7,7.600000000000001,2024,4,April,95,Summer,False,False,False,False,False
2024-04-05,Bengaluru,South,28.0,20.2,0.0,45.3,8.5,Clear,24.1,7.800000000000001,2024,4,April,96,Summer,False,False,False,False,False
2024-04-05,Chennai,South,33.7,26.1,0.0,48.9,2.8,Clear,29.900000000000002,7.600000000000001,2024,4,April,96,Summer,False,False,False,False,False
2024-04-05,Delhi,North,26.5,16.7,0.0,40.8,4.1,Clear,21.6,9.8,2024,4,April,96,Summer,False,False,False,False,False
2024-04-05,Jaipur,Northwest,28.5,14.0,0.0,52.7,9.1,Clear,21.25,14.5,2024,4,April,96,Summer,False,False,False,False,False
2024-04-05,Kolkata,East,27.9,22.9,2.5,51.9,14.7,Light Rain,25.4,5.0,2024,4,April,96,Summer,False,False,False,False,False
2024-04-05,Mumbai,West,30.3,24.3,0.0,44.6,6.4,Clear,27.3,6.0,2024,4,April,96,Summer,False,False,False,False,False
2024-04-06,Bengaluru,South,27.5,18.3,0.0,51.7,3.1,Clear,22.9,9.2,2024,4,April,97,Summer,False,False,False,False,False
2024-04-06,Chennai,South,31.4,24.2,0.0,42.5,24.9,Clear,27.799999999999997,7.199999999999999,2024,4,April,97,Summer,False,False,False,False,False
2024-04-06,Delhi,North,27.9,17.6,0.0,61.7,7.9,Clear,22.75,10.299999999999997,2024,4,April,97,Summer,False,False,False,False,False
2024-04-06,Jaipur,Northwest,31.4,20.5,0.0,56.1,4.1,Clear,25.95,10.899999999999999,2024,4,April,97,Summer,False,False,False,False,False
2024-04-06,Kolkata,East,30.9,22.6,0.0,45.5,7.0,Clear,26.75,8.299999999999997,2024,4,April,97,Summer,False,False,False,False,False
2024-04-06,Mumbai,West,29.3,22.1,0.0,55.6,15.0,Clear,25.700000000000003,7.199999999999999,2024,4,April,97,Summer,False,False,False,False,False
2024-04-07,Bengaluru,South,27.4,20.1,0.0,51.1,8.9,Clear,23.75,7.299999999999997,2024,4,April,98,Summer,False,False,False,False,False
2024-04-07,Chennai,South,27.8,21.8,0.0,44.7,18.2,Clear,24.8,6.0,2024,4,April,98,Summer,False,False,False,False,False
2024-04-07,Delhi,North,25.0,14.4,0.0,47.0,0.6,Clear,19.7,10.6,2024,4,April,98,Summer,False,False,False,False,False
2024-04-07,Jaipur,Northwest,27.0,18.0,0.0,59.2,6.4,Clear,22.5,9.0,2024,4,April,98,Summer,False,False,False,False,False
2024-04-07,Kolkata,East,26.7,21.4,0.0,54.2,5.3,Clear,24.049999999999997,5.300000000000001,2024,4,April,98,Summer,False,False,False,False,False
2024-04-07,Mumbai,West,29.7,23.1,0.0,43.8,4.6,Clear,26.4,6.599999999999998,2024,4,April,98,Summer,False,False,False,False,False
2024-04-08,Bengaluru,South,25.0,16.4,0.0,25.4,14.4,Clear,20.7,8.600000000000001,2024,4,April,99,Summer,False,False,False,False,False
2024-04-08,Chennai,South,29.4,23.0,0.0,49.3,5.7,Clear,26.2,6.399999999999999,2024,4,April,99,Summer,False,False,False,False,False
2024-04-08,Delhi,North,29.0,18.1,0.0,50.7,14.9,Clear,23.55,10.899999999999999,2024,4,April,99,Summer,False,False,False,False,False
2024-04-08,Jaipur,Northwest,30.1,19.6,0.0,44.8,20.2,Clear,24.85,10.5,2024,4,April,99,Summer,False,False,False,False,False
2024-04-08,Kolkata,East,31.0,23.7,0.0,51.1,7.0,Clear,27.35,7.300000000000001,2024,4,April,99,Summer,False,False,False,False,False
2024-04-08,Mumbai,West,30.1,21.1,0.0,40.1,15.8,Clear,25.6,9.0,2024,4,April,99,Summer,False,False,False,False,False
2024-04-09,Bengaluru,South,25.6,19.6,0.0,53.1,3.8,Clear,22.6,6.0,2024,4,April,100,Summer,False,False,False,False,False
2024-04-09,Chennai,South,27.7,21.5,0.0,61.3,10.0,Clear,24.6,6.199999999999999,2024,4,April,100,Summer,False,False,False,False,False
2024-04-09,Delhi,North,29.9,20.4,0.0,53.2,6.6,Clear,25.15,9.5,2024,4,April,100,Summer,False,False,False,False,False
2024-04-09,Jaipur,Northwest,30.9,19.2,0.0,53.4,15.6,Clear,25.049999999999997,11.7,2024,4,April,100,Summer,False,False,False,False,False
2024-04-09,Kolkata,East,28.7,22.3,3.5,53.9,12.4,Light Rain,25.5,6.399999999999999,2024,4,April,100,Summer,False,False,False,False,False
2024-04-09,Mumbai,West,31.3,24.9,0.0,39.8,5.2,Clear,28.1,6.400000000000002,2024,4,April,100,Summer,False,False,False,False,False
2024-04-10,Bengaluru,South,28.3,21.6,0.0,51.8,14.1,Clear,24.950000000000003,6.699999999999999,2024,4,April,101,Summer,False,False,False,False,False
2024-04-10,Chennai,South,31.0,22.1,0.0,54.5,8.2,Clear,26.55,8.899999999999999,2024,4,April,101,Summer,False,False,False,False,False
2024-04-10,Delhi,North,26.8,17.3,0.0,37.9,19.4,Clear,22.05,9.5,2024,4,April,101,Summer,False,False,False,False,False
2024-04-10,Jaipur,Northwest,30.1,21.1,0.0,54.7,11.8,Clear,25.6,9.0,2024,4,April,101,Summer,False,False,False,False,False
2024-04-10,Kolkata,East,29.2,22.1,4.3,73.3,18.4,Light Rain,25.65,7.099999999999998,2024,4,April,101,Summer,False,False,False,False,False
2024-04-10,Mumbai,West,28.8,23.0,0.0,47.3,7.9,Clear,25.9,5.800000000000001,2024,4,April,101,Summer,False,False,False,False,False
2024-04-11,Bengaluru,South,27.3,20.3,0.0,49.0,5.0,Clear,23.8,7.0,2024,4,April,102,Summer,False,False,False,False,False
2024-04-11,Chennai,South,33.1,25.4,0.0,43.3,17.3,Clear,29.25,7.700000000000003,2024,4,April,102,Summer,False,False,False,False,False
2024-04-11,Delhi,North,32.1,20.3,0.0,51.9,29.8,Clear,26.200000000000003,11.8,2024,4,April,102,Summer,False,False,False,False,False
2024-04-11,Jaipur,Northwest,32.4,18.5,0.0,50.8,10.7,Clear,25.45,13.899999999999999,2024,4,April,102,Summer,False,False,False,False,False
2024-04-11,Kolkata,East,27.4,21.4,0.0,52.9,3.4,Clear,24.4,6.0,2024,4,April,102,Summer,False,False,False,False,False
2024-04-11,Mumbai,West,29.4,20.8,0.0,35.1,17.9,Clear,25.1,8.599999999999998,2024,4,April,102,Summer,False,False,False,False,False
2024-04-12,Bengaluru,South,26.7,21.2,7.6,41.8,15.6,Light Rain,23.95,5.5,2024,4,April,103,Summer,False,False,False,False,False
2024-04-12,Chennai,South,32.1,23.7,10.0,61.8,20.9,Light Rain,27.9,8.400000000000002,2024,4,April,103,Summer,False,False,False,False,False
2024-04-12,Delhi,North,30.6,19.8,0.0,52.1,8.9,Clear,25.200000000000003,10.8,2024,4,April,103,Summer,False,False,False,False,False
2024-04-12,Jaipur,Northwest,30.7,20.7,0.0,54.2,3.7,Clear,25.7,10.0,2024,4,April,103,Summer,False,False,False,False,False
2024-04-12,Kolkata,East,28.1,20.5,7.5,45.5,17.9,Light Rain,24.3,7.600000000000001,2024,4,April,103,Summer,False,False,False,False,False
2024-04-12,Mumbai,West,29.5,23.5,0.0,56.2,7.5,Clear,26.5,6.0,2024,4,April,103,Summer,False,False,False,False,False
2024-04-13,Bengaluru,South,25.3,20.1,0.0,52.4,5.1,Clear,22.700000000000003,5.199999999999999,2024,4,April,104,Summer,False,False,False,False,False
2024-04-13,Chennai,South,34.3,25.8,0.0,43.1,2.6,Clear,30.049999999999997,8.499999999999996,2024,4,April,104,Summer,False,False,False,False,False
2024-04-13,Delhi,North,30.7,19.0,0.0,46.3,3.3,Clear,24.85,11.7,2024,4,April,104,Summer,False,False,False,False,False
2024-04-13,Jaipur,Northwest,33.0,20.7,0.0,46.0,14.8,Clear,26.85,12.3,2024,4,April,104,Summer,False,False,False,False,False
2024-04-13,Kolkata,East,29.4,23.6,0.0,58.4,9.1,Clear,26.5,5.799999999999997,2024,4,April,104,Summer,False,False,False,False,False
2024-04-13,Mumbai,West,30.2,25.0,0.0,51.7,7.3,Clear,27.6,5.199999999999999,2024,4,April,104,Summer,False,False,False,False,False
2024-04-14,Bengaluru,South,27.8,19.6,0.0,52.7,17.4,Clear,23.700000000000003,8.2,2024,4,April,105,Summer,False,False,False,False,False
2024-04-14,Chennai,South,33.8,26.7,0.0,49.7,20.9,Clear,30.25,7.099999999999998,2024,4,April,105,Summer,False,False,False,False,False
2024-04-14,Delhi,North,31.3,18.7,0.0,50.0,5.5,Clear,25.0,12.600000000000001,2024,4,April,105,Summer,False,False,False,False,False
2024-04-14,Jaipur,Northwest,29.8,17.2,0.0,54.0,27.5,Clear,23.5,12.600000000000001,2024,4,April,105,Summer,False,False,False,False,False
2024-04-14,Kolkata,East,27.5,22.1,0.0,43.0,6.9,Clear,24.8,5.399999999999999,2024,4,April,105,Summer,False,False,False,False,False
2024-04-14,Mumbai,West,32.8,27.2,0.0,41.2,16.3,Clear,30.0,5.599999999999998,2024,4,April,105,Summer,False,False,False,False,False
2024-04-15,Bengaluru,South,28.1,21.2,0.0,45.4,4.0,Clear,24.65,6.900000000000002,2024,4,April,106,Summer,False,False,False,False,False
2024-04-15,Chennai,South,33.1,28.1,0.0,52.4,13.2,Clear,30.6,5.0,2024,4,April,106,Summer,False,False,False,False,False
2024-04-15,Delhi,North,32.7,19.4,0.0,40.2,1.4,Clear,26.05,13.300000000000004,2024,4,April,106,Summer,False,False,False,False,False
2024-04-15,Jaipur,Northwest,30.2,19.7,0.0,31.7,14.1,Clear,24.95,10.5,2024,4,April,106,Summer,False,False,False,False,False
2024-04-15,Kolkata,East,30.7,23.2,0.0,42.2,5.8,Clear,26.95,7.5,2024,4,April,106,Summer,False,False,False,False,False
2024-04-15,Mumbai,West,33.0,25.4,0.0,58.5,10.0,Clear,29.2,7.600000000000001,2024,4,April,106,Summer,False,False,False,False,False
2024-04-16,Bengaluru,South,28.7,20.8,0.0,57.4,13.3,Clear,24.75,7.899999999999999,2024,4,April,107,Summer,False,False,False,False,False
2024-04-16,Chennai,South,34.3,26.3,0.0,40.7,2.3,Clear,30.299999999999997,7.9999999999999964,2024,4,April,107,Summer,False,False,False,False,False
2024-04-16,Delhi,North,35.4,22.8,0.0,46.1,4.8,Clear,29.1,12.599999999999998,2024,4,April,107,Summer,False,False,False,False,False
2024-04-16,Jaipur,Northwest,30.9,19.8,0.0,65.3,4.4,Clear,25.35,11.099999999999998,2024,4,April,107,Summer,False,False,False,False,False
2024-04-16,Kolkata,East,30.6,23.3,0.0,53.7,3.2,Clear,26.950000000000003,7.300000000000001,2024,4,April,107,Summer,False,False,False,False,False
2024-04-16,Mumbai,West,25.8,20.0,3.5,61.5,8.7,Light Rain,22.9,5.800000000000001,2024,4,April,107,Summer,False,False,False,False,False
2024-04-17,Bengaluru,South,25.2,20.2,0.0,39.1,8.2,Clear,22.7,5.0,2024,4,April,108,Summer,False,False,False,False,False
2024-04-17,Chennai,South,31.8,25.1,0.0,52.3,4.3,Clear,28.450000000000003,6.699999999999999,2024,4,April,108,Summer,False,False,False,False,False
2024-04-17,Delhi,North,29.2,17.2,0.0,40.8,3.1,Clear,23.2,12.0,2024,4,April,108,Summer,False,False,False,False,False
2024-04-17,Jaipur,Northwest,31.3,20.1,0.0,53.3,1.6,Clear,25.700000000000003,11.2,2024,4,April,108,Summer,False,False,False,False,False
2024-04-17,Kolkata,East,28.2,19.5,0.0,39.4,5.5,Clear,23.85,8.7,2024,4,April,108,Summer,False,False,False,False,False
2024-04-17,Mumbai,West,31.5,22.7,0.0,40.3,6.0,Clear,27.1,8.8,2024,4,April,108,Summer,False,False,False,False,False
2024-04-18,Bengaluru,South,25.1,18.6,0.0,48.1,26.9,Clear,21.85,6.5,2024,4,April,109,Summer,False,False,False,False,False
2024-04-18,Chennai,South,34.2,26.8,0.0,50.8,12.2,Clear,30.5,7.400000000000002,2024,4,April,109,Summer,False,False,False,False,False
2024-04-18,Delhi,North,31.1,20.5,0.0,55.2,3.0,Clear,25.8,10.600000000000001,2024,4,April,109,Summer,False,False,False,False,False
2024-04-18,Jaipur,Northwest,30.8,21.0,0.0,47.3,3.7,Clear,25.9,9.8,2024,4,April,109,Summer,False,False,False,False,False
2024-04-18,Kolkata,East,28.6,21.7,0.0,50.8,7.8,Clear,25.15,6.900000000000002,2024,4,April,109,Summer,False,False,False,False,False
2024-04-18,Mumbai,West,32.0,23.6,0.9,51.1,7.3,Light Rain,27.8,8.399999999999999,2024,4,April,109,Summer,False,False,False,False,False
2024-04-19,Bengaluru,South,29.4,21.5,0.0,49.3,7.3,Clear,25.45,7.899999999999999,2024,4,April,110,Summer,False,False,False,False,False
2024-04-19,Chennai,South,33.5,28.3,0.0,52.8,2.6,Clear,30.9,5.199999999999999,2024,4,April,110,Summer,False,False,False,False,False
2024-04-19,Delhi,North,32.9,19.4,0.0,48.2,5.8,Clear,26.15,13.5,2024,4,April,110,Summer,False,False,False,False,False
2024-04-19,Jaipur,Northwest,36.0,24.3,0.0,46.2,20.2,Clear,30.15,11.7,2024,4,April,110,Summer,False,False,False,False,False
2024-04-19,Kolkata,East,28.6,22.4,0.0,47.0,10.5,Clear,25.5,6.200000000000003,2024,4,April,110,Summer,False,False,False,False,False
2024-04-19,Mumbai,West,31.7,23.0,0.0,67.4,15.8,Clear,27.35,8.7,2024,4,April,110,Summer,False,False,False,False,False
2024-04-20,Bengaluru,South,27.6,19.6,0.0,43.1,8.7,Clear,23.6,8.0,2024,4,April,111,Summer,False,False,False,False,False
2024-04-20,Chennai,South,31.7,24.7,0.0,31.9,15.1,Clear,28.2,7.0,2024,4,April,111,Summer,False,False,False,False,False
2024-04-20,Delhi,North,34.8,23.4,0.0,53.5,8.2,Clear,29.099999999999998,11.399999999999999,2024,4,April,111,Summer,False,False,False,False,False
2024-04-20,Jaipur,Northwest,31.6,22.5,0.0,64.0,3.7,Clear,27.05,9.100000000000001,2024,4,April,111,Summer,False,False,False,False,False
2024-04-20,Kolkata,East,30.3,23.8,0.0,51.9,1.7,Clear,27.05,6.5,2024,4,April,111,Summer,False,False,False,False,False
2024-04-20,Mumbai,West,29.8,20.5,0.0,45.7,8.3,Clear,25.15,9.3,2024,4,April,111,Summer,False,False,False,False,False
2024-04-21,Bengaluru,South,24.3,15.0,0.0,49.0,17.5,Clear,19.65,9.3,2024,4,April,112,Summer,False,False,False,False,False
2024-04-21,Chennai,South,29.8,23.0,0.0,47.9,12.2,Clear,26.4,6.800000000000001,2024,4,April,112,Summer,False,False,False,False,False
2024-04-21,Delhi,North,29.4,19.8,0.0,54.7,5.6,Clear,24.6,9.599999999999998,2024,4,April,112,Summer,False,False,False,False,False
2024-04-21,Jaipur,Northwest,30.7,20.1,0.0,65.3,12.6,Clear,25.4,10.599999999999998,2024,4,April,112,Summer,False,False,False,False,False
2024-04-21,Kolkata,East,34.9,24.4,0.0,42.6,17.2,Clear,29.65,10.5,2024,4,April,112,Summer,False,False,False,False,False
2024-04-21,Mumbai,West,30.0,22.4,0.0,49.1,8.9,Clear,26.2,7.600000000000001,2024,4,April,112,Summer,False,False,False,False,False
2024-04-22,Bengaluru,South,31.5,22.3,0.0,50.5,13.2,Clear,26.9,9.2,2024,4,April,113,Summer,False,False,False,False,False
2024-04-22,Chennai,South,30.7,22.5,0.0,51.1,9.8,Clear,26.6,8.2,2024,4,April,113,Summer,False,False,False,False,False
2024-04-22,Delhi,North,31.0,18.8,0.0,43.4,14.9,Clear,24.9,12.2,2024,4,April,113,Summer,False,False,False,False,False
2024-04-22,Jaipur,Northwest,32.1,18.9,0.0,47.8,7.6,Clear,25.5,13.200000000000003,2024,4,April,113,Summer,False,False,False,False,False
2024-04-22,Kolkata,East,31.0,21.3,0.0,54.2,5.9,Clear,26.15,9.7,2024,4,April,113,Summer,False,False,False,False,False
2024-04-22,Mumbai,West,31.3,25.7,0.0,53.8,12.0,Clear,28.5,5.600000000000001,2024,4,April,113,Summer,False,False,False,False,False
2024-04-23,Bengaluru,South,26.1,17.4,0.0,45.9,9.9,Clear,21.75,8.700000000000003,2024,4,April,114,Summer,False,False,False,False,False
2024-04-23,Chennai,South,30.9,24.4,3.0,73.1,6.5,Light Rain,27.65,6.5,2024,4,April,114,Summer,False,False,False,False,False
2024-04-23,Delhi,North,30.8,19.2,0.0,48.5,5.2,Clear,25.0,11.600000000000001,2024,4,April,114,Summer,False,False,False,False,False
2024-04-23,Jaipur,Northwest,35.4,22.4,0.0,45.5,18.3,Clear,28.9,13.0,2024,4,April,114,Summer,False,False,False,False,False
2024-04-23,Kolkata,East,31.9,23.5,0.0,58.9,3.2,Clear,27.7,8.399999999999999,2024,4,April,114,Summer,False,False,False,False,False
2024-04-23,Mumbai,West,31.7,25.1,0.0,60.3,2.4,Clear,28.4,6.599999999999998,2024,4,April,114,Summer,False,False,False,False,False
2024-04-24,Bengaluru,South,23.8,18.8,0.0,52.5,5.6,Clear,21.3,5.0,2024,4,April,115,Summer,False,False,False,False,False
2024-04-24,Chennai,South,31.0,22.8,0.0,53.3,0.8,Clear,26.9,8.2,2024,4,April,115,Summer,False,False,False,False,False
2024-04-24,Delhi,North,31.9,23.8,8.4,58.0,12.5,Light Rain,27.85,8.099999999999998,2024,4,April,115,Summer,False,False,False,False,False
2024-04-24,Jaipur,Northwest,34.5,21.4,0.0,46.1,14.5,Clear,27.95,13.100000000000001,2024,4,April,115,Summer,False,False,False,False,False
2024-04-24,Kolkata,East,28.8,23.8,0.0,49.9,13.0,Clear,26.3,5.0,2024,4,April,115,Summer,False,False,False,False,False
2024-04-24,Mumbai,West,30.6,23.6,0.0,34.0,6.5,Clear,27.1,7.0,2024,4,April,115,Summer,False,False,False,False,False
2024-04-25,Bengaluru,South,31.4,24.9,0.0,47.2,10.4,Clear,28.15,6.5,2024,4,April,116,Summer,False,False,False,False,False
2024-04-25,Chennai,South,34.3,27.0,0.0,52.2,20.8,Clear,30.65,7.299999999999997,2024,4,April,116,Summer,False,False,False,False,False
2024-04-25,Delhi,North,32.9,22.9,0.0,38.3,16.6,Clear,27.9,10.0,2024,4,April,116,Summer,False,False,False,False,False
2024-04-25,Jaipur,Northwest,33.5,21.2,0.0,61.7,4.8,Clear,27.35,12.3,2024,4,April,116,Summer,False,False,False,False,False
2024-04-25,Kolkata,East,31.9,23.0,0.0,66.9,13.9,Clear,27.45,8.899999999999999,2024,4,April,116,Summer,False,False,False,False,False
2024-04-25,Mumbai,West,33.9,25.1,0.0,51.4,7.5,Clear,29.5,8.799999999999997,2024,4,April,116,Summer,False,False,False,False,False
2024-04-26,Bengaluru,South,27.8,20.3,0.0,45.8,6.2,Clear,24.05,7.5,2024,4,April,117,Summer,False,False,False,False,False
2024-04-26,Chennai,South,33.2,25.9,0.0,52.0,10.7,Clear,29.55,7.300000000000004,2024,4,April,117,Summer,False,False,False,False,False
2024-04-26,Delhi,North,37.1,26.5,0.0,44.1,10.0,Clear,31.8,10.600000000000001,2024,4,April,117,Summer,False,False,False,False,False
2024-04-26,Jaipur,Northwest,31.9,19.8,0.0,56.6,11.7,Clear,25.85,12.099999999999998,2024,4,April,117,Summer,False,False,False,False,False
2024-04-26,Kolkata,East,28.5,20.9,0.0,44.8,5.5,Clear,24.7,7.600000000000001,2024,4,April,117,Summer,False,False,False,False,False
2024-04-26,Mumbai,West,31.2,24.7,2.5,69.3,13.0,Light Rain,27.95,6.5,2024,4,April,117,Summer,False,False,False,False,False
2024-04-27,Bengaluru,South,25.9,20.2,0.0,44.2,8.0,Clear,23.049999999999997,5.699999999999999,2024,4,April,118,Summer,False,False,False,False,False
2024-04-27,Chennai,South,33.2,25.8,0.0,51.7,5.3,Clear,29.5,7.400000000000002,2024,4,April,118,Summer,False,False,False,False,False
2024-04-27,Delhi,North,33.6,21.9,0.0,37.3,0.9,Clear,27.75,11.700000000000003,2024,4,April,118,Summer,False,False,False,False,False
2024-04-27,Jaipur,Northwest,36.1,23.1,0.8,57.7,12.1,Light Rain,29.6,13.0,2024,4,April,118,Summer,False,False,False,False,False
2024-04-27,Kolkata,East,31.5,25.7,0.0,40.2,6.2,Clear,28.6,5.800000000000001,2024,4,April,118,Summer,False,False,False,False,False
2024-04-27,Mumbai,West,33.9,26.9,0.4,57.4,11.4,Light Rain,30.4,7.0,2024,4,April,118,Summer,False,False,False,False,False
2024-04-28,Bengaluru,South,24.8,19.8,0.0,55.9,8.7,Clear,22.3,5.0,2024,4,April,119,Summer,False,False,False,False,False
2024-04-28,Chennai,South,32.0,25.1,0.0,59.8,5.4,Clear,28.55,6.899999999999999,2024,4,April,119,Summer,False,False,False,False,False
2024-04-28,Delhi,North,34.8,23.9,0.0,50.3,9.2,Clear,29.349999999999998,10.899999999999999,2024,4,April,119,Summer,False,False,False,False,False
2024-04-28,Jaipur,Northwest,33.6,24.6,0.0,59.5,2.3,Clear,29.1,9.0,2024,4,April,119,Summer,False,False,False,False,False
2024-04-28,Kolkata,East,31.9,26.4,6.0,53.1,10.1,Light Rain,29.15,5.5,2024,4,April,119,Summer,False,False,False,False,False
2024-04-28,Mumbai,West,30.8,22.4,0.0,37.3,3.2,Clear,26.6,8.400000000000002,2024,4,April,119,Summer,False,False,False,False,False
2024-04-29,Bengaluru,South,24.8,17.3,8.3,62.2,20.2,Light Rain,21.05,7.5,2024,4,April,120,Summer,False,False,False,False,False
2024-04-29,Chennai,South,31.2,24.5,5.4,66.9,27.4,Light Rain,27.85,6.699999999999999,2024,4,April,120,Summer,False,False,False,False,False
2024-04-29,Delhi,North,33.2,20.8,0.0,39.5,7.0,Clear,27.0,12.400000000000002,2024,4,April,120,Summer,False,False,False,False,False
2024-04-29,Jaipur,Northwest,36.8,24.6,0.0,63.2,18.1,Clear,30.7,12.199999999999996,2024,4,April,120,Summer,False,False,False,False,False
2024-04-29,Kolkata,East,32.0,24.2,0.0,42.0,17.7,Clear,28.1,7.800000000000001,2024,4,April,120,Summer,False,False,False,False,False
2024-04-29,Mumbai,West,33.6,26.5,0.0,43.2,12.3,Clear,30.05,7.100000000000001,2024,4,April,120,Summer,False,False,False,False,False
2024-04-30,Bengaluru,South,26.3,19.3,0.0,52.4,4.4,Clear,22.8,7.0,2024,4,April,121,Summer,False,False,False,False,False
2024-04-30,Chennai,South,31.2,23.3,0.0,45.1,24.5,Clear,27.25,7.899999999999999,2024,4,April,121,Summer,False,False,False,False,False
2024-04-30,Delhi,North,33.9,20.6,0.0,32.9,17.0,Clear,27.25,13.299999999999997,2024,4,April,121,Summer,False,False,False,False,False
2024-04-30,Jaipur,Northwest,36.1,25.4,0.0,47.8,10.2,Clear,30.75,10.700000000000003,2024,4,April,121,Summer,False,False,False,False,False
2024-04-30,Kolkata,East,28.2,21.8,0.0,53.2,19.0,Clear,25.0,6.399999999999999,2024,4,April,121,Summer,False,False,False,False,False
2024-04-30,Mumbai,West,29.9,21.6,0.0,51.2,16.6,Clear,25.75,8.299999999999997,2024,4,April,121,Summer,False,False,False,False,False
2024-05-01,Bengaluru,South,25.4,17.1,230.5,86.0,47.2,Heavy Rain,21.25,8.299999999999997,2024,5,May,122,Summer,True,False,False,True,True
2024-05-01,Chennai,South,32.4,23.4,0.0,54.4,16.3,Clear,27.9,9.0,2024,5,May,122,Summer,False,False,False,False,False
2024-05-01,Delhi,North,36.9,24.7,0.0,50.5,11.5,Clear,30.799999999999997,12.2,2024,5,May,122,Summer,False,False,False,False,False
2024-05-01,Jaipur,Northwest,33.9,23.6,0.0,38.9,18.8,Clear,28.75,10.299999999999997,2024,5,May,122,Summer,False,False,False,False,False
2024-05-01,Kolkata,East,28.6,21.9,0.0,48.8,17.2,Clear,25.25,6.700000000000003,2024,5,May,122,Summer,False,False,False,False,False
2024-05-01,Mumbai,West,34.5,25.1,0.0,45.9,5.0,Clear,29.8,9.399999999999999,2024,5,May,122,Summer,False,False,False,False,False
2024-05-02,Bengaluru,South,30.3,22.7,64.4,88.2,17.9,Rain,26.5,7.600000000000001,2024,5,May,123,Summer,False,False,False,False,False
2024-05-02,Chennai,South,31.0,25.7,0.0,44.9,7.7,Clear,28.35,5.300000000000001,2024,5,May,123,Summer,False,False,False,False,False
2024-05-02,Delhi,North,32.8,20.4,0.0,57.4,10.7,Clear,26.599999999999998,12.399999999999999,2024,5,May,123,Summer,False,False,False,False,False
2024-05-02,Jaipur,Northwest,32.2,20.6,0.0,23.0,8.3,Clear,26.400000000000002,11.600000000000001,2024,5,May,123,Summer,False,False,False,False,False
2024-05-02,Kolkata,East,31.6,24.8,4.0,52.2,9.5,Light Rain,28.200000000000003,6.800000000000001,2024,5,May,123,Summer,False,False,False,False,False
2024-05-02,Mumbai,West,33.2,23.7,1.4,62.1,22.2,Light Rain,28.450000000000003,9.500000000000004,2024,5,May,123,Summer,False,False,False,False,False
2024-05-03,Bengaluru,South,30.4,20.8,59.9,80.5,9.8,Rain,25.6,9.599999999999998,2024,5,May,124,Summer,False,False,False,False,False
2024-05-03,Chennai,South,30.5,24.3,0.0,47.8,5.0,Clear,27.4,6.199999999999999,2024,5,May,124,Summer,False,False,False,False,False
2024-05-03,Delhi,North,38.5,29.2,0.0,44.8,9.0,Clear,33.85,9.3,2024,5,May,124,Summer,False,False,False,False,False
2024-05-03,Jaipur,Northwest,34.7,22.6,0.0,48.0,9.6,Clear,28.650000000000002,12.100000000000001,2024,5,May,124,Summer,False,False,False,False,False
2024-05-03,Kolkata,East,29.0,22.0,0.0,50.6,15.1,Clear,25.5,7.0,2024,5,May,124,Summer,False,False,False,False,False
2024-05-03,Mumbai,West,32.1,24.5,0.0,34.4,3.6,Clear,28.3,7.600000000000001,2024,5,May,124,Summer,False,False,False,False,False
2024-05-04,Bengaluru,South,27.9,19.7,40.3,81.7,26.1,Rain,23.799999999999997,8.2,2024,5,May,125,Summer,False,False,False,False,False
2024-05-04,Chennai,South,29.7,21.7,0.0,47.7,13.2,Clear,25.7,8.0,2024,5,May,125,Summer,False,False,False,False,False
2024-05-04,Delhi,North,35.5,23.5,0.0,62.2,4.9,Clear,29.5,12.0,2024,5,May,125,Summer,False,False,False,False,False
2024-05-04,Jaipur,Northwest,35.1,24.0,0.0,30.6,13.1,Clear,29.55,11.100000000000001,2024,5,May,125,Summer,False,False,False,False,False
2024-05-04,Kolkata,East,34.2,26.8,7.1,57.4,7.0,Light Rain,30.5,7.400000000000002,2024,5,May,125,Summer,False,False,False,False,False
2024-05-04,Mumbai,West,31.5,25.9,0.0,52.8,5.2,Clear,28.7,5.600000000000001,2024,5,May,125,Summer,False,False,False,False,False
2024-05-05,Bengaluru,South,28.6,20.8,32.8,85.0,9.9,Rain,24.700000000000003,7.800000000000001,2024,5,May,126,Summer,False,False,False,False,False
2024-05-05,Chennai,South,34.6,25.6,0.5,51.5,13.6,Light Rain,30.1,9.0,2024,5,May,126,Summer,False,False,False,False,False
2024-05-05,Delhi,North,35.6,24.4,0.0,47.3,7.0,Clear,30.0,11.200000000000003,2024,5,May,126,Summer,False,False,False,False,False
2024-05-05,Jaipur,Northwest,37.6,27.0,0.0,60.2,3.5,Clear,32.3,10.600000000000001,2024,5,May,126,Summer,False,False,False,False,False
2024-05-05,Kolkata,East,33.1,26.5,0.0,50.6,24.3,Clear,29.8,6.600000000000001,2024,5,May,126,Summer,False,False,False,False,False
2024-05-05,Mumbai,West,31.0,23.6,0.0,45.3,6.5,Clear,27.3,7.399999999999999,2024,5,May,126,Summer,False,False,False,False,False
2024-05-06,Bengaluru,South,29.4,23.3,106.0,90.8,15.6,Heavy Rain,26.35,6.099999999999998,2024,5,May,127,Summer,True,False,False,False,True
2024-05-06,Chennai,South,29.3,23.3,0.0,42.6,20.2,Clear,26.3,6.0,2024,5,May,127,Summer,False,False,False,False,False
2024-05-06,Delhi,North,38.9,28.3,0.0,50.5,29.9,Clear,33.6,10.599999999999998,2024,5,May,127,Summer,False,False,False,False,False
2024-05-06,Jaipur,Northwest,39.2,26.5,4.1,52.2,7.7,Light Rain,32.85,12.700000000000003,2024,5,May,127,Summer,False,False,False,False,False
2024-05-06,Kolkata,East,32.0,23.8,0.0,52.8,7.6,Clear,27.9,8.2,2024,5,May,127,Summer,False,False,False,False,False
2024-05-06,Mumbai,West,30.6,25.6,0.0,38.9,13.2,Clear,28.1,5.0,2024,5,May,127,Summer,False,False,False,False,False
2024-05-07,Bengaluru,South,26.9,17.6,14.8,78.6,14.9,Rain,22.25,9.299999999999997,2024,5,May,128,Summer,False,False,False,False,False
2024-05-07,Chennai,South,33.0,27.4,0.0,37.1,13.4,Clear,30.2,5.600000000000001,2024,5,May,128,Summer,False,False,False,False,False
2024-05-07,Delhi,North,37.7,27.4,0.0,60.2,4.4,Clear,32.55,10.300000000000004,2024,5,May,128,Summer,False,False,False,False,False
2024-05-07,Jaipur,Northwest,34.1,23.6,0.0,51.1,11.1,Clear,28.85,10.5,2024,5,May,128,Summer,False,False,False,False,False
2024-05-07,Kolkata,East,32.9,23.7,0.0,56.0,11.6,Clear,28.299999999999997,9.2,2024,5,May,128,Summer,False,False,False,False,False
2024-05-07,Mumbai,West,31.9,25.4,0.0,52.7,9.9,Clear,28.65,6.5,2024,5,May,128,Summer,False,False,False,False,False
2024-05-08,Bengaluru,South,25.1,19.4,0.0,81.2,10.8,Clear,22.25,5.700000000000003,2024,5,May,129,Summer,False,False,False,False,False
2024-05-08,Chennai,South,30.1,24.0,0.0,32.9,5.3,Clear,27.05,6.100000000000001,2024,5,May,129,Summer,False,False,False,False,False
2024-05-08,Delhi,North,37.1,25.9,0.0,39.8,13.8,Clear,31.5,11.200000000000003,2024,5,May,129,Summer,False,False,False,False,False
2024-05-08,Jaipur,Northwest,32.6,20.7,0.0,56.4,9.3,Clear,26.65,11.900000000000002,2024,5,May,129,Summer,False,False,False,False,False
2024-05-08,Kolkata,East,30.7,24.2,0.0,38.1,12.4,Clear,27.45,6.5,2024,5,May,129,Summer,False,False,False,False,False
2024-05-08,Mumbai,West,30.3,22.7,0.0,47.6,8.8,Clear,26.5,7.600000000000001,2024,5,May,129,Summer,False,False,False,False,False
2024-05-09,Bengaluru,South,24.4,17.0,123.8,89.4,28.4,Heavy Rain,20.7,7.399999999999999,2024,5,May,130,Summer,True,False,False,False,True
2024-05-09,Chennai,South,33.0,25.3,0.0,28.8,2.9,Clear,29.15,7.699999999999999,2024,5,May,130,Summer,False,False,False,False,False
2024-05-09,Delhi,North,33.8,24.3,0.0,49.5,1.8,Clear,29.049999999999997,9.499999999999996,2024,5,May,130,Summer,False,False,False,False,False
2024-05-09,Jaipur,Northwest,36.7,27.0,0.0,45.5,9.0,Clear,31.85,9.700000000000003,2024,5,May,130,Summer,False,False,False,False,False
2024-05-09,Kolkata,East,31.0,26.0,0.0,39.4,11.6,Clear,28.5,5.0,2024,5,May,130,Summer,False,False,False,False,False
2024-05-09,Mumbai,West,30.3,24.2,0.0,48.8,18.4,Clear,27.25,6.100000000000001,2024,5,May,130,Summer,False,False,False,False,False
2024-05-10,Bengaluru,South,26.3,20.0,12.3,81.7,12.8,Rain,23.15,6.300000000000001,2024,5,May,131,Summer,False,False,False,False,False
2024-05-10,Chennai,South,31.9,24.5,0.0,45.8,10.2,Clear,28.2,7.399999999999999,2024,5,May,131,Summer,False,False,False,False,False
2024-05-10,Delhi,North,38.3,28.2,0.0,46.2,12.7,Clear,33.25,10.099999999999998,2024,5,May,131,Summer,False,False,False,False,False
2024-05-10,Jaipur,Northwest,33.5,23.3,0.0,57.1,3.8,Clear,28.4,10.2,2024,5,May,131,Summer,False,False,False,False,False
2024-05-10,Kolkata,East,36.6,27.5,0.0,42.1,18.6,Clear,32.05,9.100000000000001,2024,5,May,131,Summer,False,False,False,False,False
2024-05-10,Mumbai,West,34.1,26.3,0.0,57.3,4.0,Clear,30.200000000000003,7.800000000000001,2024,5,May,131,Summer,False,False,False,False,False
2024-05-11,Bengaluru,South,28.6,21.1,0.0,76.7,5.4,Clear,24.85,7.5,2024,5,May,132,Summer,False,False,False,False,False
2024-05-11,Chennai,South,34.1,25.7,0.0,43.8,17.2,Clear,29.9,8.400000000000002,2024,5,May,132,Summer,False,False,False,False,False
2024-05-11,Delhi,North,32.3,21.1,0.0,67.2,12.4,Clear,26.7,11.199999999999996,2024,5,May,132,Summer,False,False,False,False,False
2024-05-11,Jaipur,Northwest,38.4,28.4,0.0,47.1,9.4,Clear,33.4,10.0,2024,5,May,132,Summer,False,False,False,False,False
2024-05-11,Kolkata,East,31.2,25.9,0.0,52.7,7.5,Clear,28.549999999999997,5.300000000000001,2024,5,May,132,Summer,False,False,False,False,False
2024-05-11,Mumbai,West,32.9,25.8,1.1,57.9,17.3,Light Rain,29.35,7.099999999999998,2024,5,May,132,Summer,False,False,False,False,False
2024-05-12,Bengaluru,South,29.2,20.7,41.5,71.9,12.2,Rain,24.95,8.5,2024,5,May,133,Summer,False,False,False,False,False
2024-05-12,Chennai,South,33.3,24.2,0.0,48.5,9.4,Clear,28.75,9.099999999999998,2024,5,May,133,Summer,False,False,False,False,False
2024-05-12,Delhi,North,37.0,26.0,0.0,36.4,8.7,Clear,31.5,11.0,2024,5,May,133,Summer,False,False,False,False,False
2024-05-12,Jaipur,Northwest,38.7,26.9,0.0,36.2,8.7,Clear,32.8,11.800000000000004,2024,5,May,133,Summer,False,False,False,False,False
2024-05-12,Kolkata,East,31.1,24.7,0.0,55.3,7.4,Clear,27.9,6.400000000000002,2024,5,May,133,Summer,False,False,False,False,False
2024-05-12,Mumbai,West,32.5,26.8,0.0,56.2,9.6,Clear,29.65,5.699999999999999,2024,5,May,133,Summer,False,False,False,False,False
2024-05-13,Bengaluru,South,29.1,19.5,77.4,59.0,20.2,Heavy Rain,24.3,9.600000000000001,2024,5,May,134,Summer,True,False,False,False,True
2024-05-13,Chennai,South,35.8,30.7,0.0,45.0,10.9,Clear,33.25,5.099999999999998,2024,5,May,134,Summer,False,False,False,False,False
2024-05-13,Delhi,North,34.9,24.4,0.0,60.6,4.1,Clear,29.65,10.5,2024,5,May,134,Summer,False,False,False,False,False
2024-05-13,Jaipur,Northwest,38.4,27.5,0.0,49.2,14.2,Clear,32.95,10.899999999999999,2024,5,May,134,Summer,False,False,False,False,False
2024-05-13,Kolkata,East,34.4,26.6,0.0,57.5,5.9,Clear,30.5,7.799999999999997,2024,5,May,134,Summer,False,False,False,False,False
2024-05-13,Mumbai,West,32.5,25.2,0.0,57.1,2.9,Clear,28.85,7.300000000000001,2024,5,May,134,Summer,False,False,False,False,False
2024-05-14,Bengaluru,South,27.7,21.0,0.0,69.6,3.9,Clear,24.35,6.699999999999999,2024,5,May,135,Summer,False,False,False,False,False
2024-05-14,Chennai,South,31.7,25.3,0.0,48.5,17.5,Clear,28.5,6.399999999999999,2024,5,May,135,Summer,False,False,False,False,False
2024-05-14,Delhi,North,34.5,23.7,0.0,53.6,14.3,Clear,29.1,10.8,2024,5,May,135,Summer,False,False,False,False,False
2024-05-14,Jaipur,Northwest,40.1,27.3,0.0,51.7,9.7,Clear,33.7,12.8,2024,5,May,135,Summer,False,True,False,False,True
2024-05-14,Kolkata,East,32.0,26.2,0.0,49.6,9.4,Clear,29.1,5.800000000000001,2024,5,May,135,Summer,False,False,False,False,False
2024-05-14,Mumbai,West,31.8,23.9,0.0,51.0,14.4,Clear,27.85,7.900000000000002,2024,5,May,135,Summer,False,False,False,False,False
2024-05-15,Bengaluru,South,29.0,20.9,9.0,92.5,9.5,Light Rain,24.95,8.100000000000001,2024,5,May,136,Summer,False,False,False,False,False
2024-05-15,Chennai,South,32.1,25.3,0.0,36.7,4.5,Clear,28.700000000000003,6.800000000000001,2024,5,May,136,Summer,False,False,False,False,False
2024-05-15,Delhi,North,34.4,23.6,0.0,45.6,9.1,Clear,29.0,10.799999999999997,2024,5,May,136,Summer,False,False,False,False,False
2024-05-15,Jaipur,Northwest,35.0,24.8,0.0,42.8,5.3,Clear,29.9,10.2,2024,5,May,136,Summer,False,False,False,False,False
2024-05-15,Kolkata,East,33.3,24.9,0.0,35.3,3.5,Clear,29.099999999999998,8.399999999999999,2024,5,May,136,Summer,False,False,False,False,False
2024-05-15,Mumbai,West,34.9,28.6,0.0,47.4,5.6,Clear,31.75,6.299999999999997,2024,5,May,136,Summer,False,False,False,False,False
2024-05-16,Bengaluru,South,29.0,21.7,63.0,86.6,12.6,Rain,25.35,7.300000000000001,2024,5,May,137,Summer,False,False,False,False,False
2024-05-16,Chennai,South,33.1,25.0,0.0,50.8,11.6,Clear,29.05,8.100000000000001,2024,5,May,137,Summer,False,False,False,False,False
2024-05-16,Delhi,North,36.0,22.9,0.0,46.4,13.7,Clear,29.45,13.100000000000001,2024,5,May,137,Summer,False,False,False,False,False
2024-05-16,Jaipur,Northwest,40.3,29.9,0.0,22.2,7.9,Clear,35.099999999999994,10.399999999999999,2024,5,May,137,Summer,False,True,False,False,True
2024-05-16,Kolkata,East,31.0,23.9,0.0,56.8,3.1,Clear,27.45,7.100000000000001,2024,5,May,137,Summer,False,False,False,False,False
2024-05-16,Mumbai,West,34.2,28.1,5.1,52.1,13.7,Light Rain,31.150000000000002,6.100000000000001,2024,5,May,137,Summer,False,False,False,False,False
2024-05-17,Bengaluru,South,25.1,18.4,75.5,74.3,9.1,Heavy Rain,21.75,6.700000000000003,2024,5,May,138,Summer,True,False,False,False,True
2024-05-17,Chennai,South,33.9,25.3,0.0,50.4,5.3,Clear,29.6,8.599999999999998,2024,5,May,138,Summer,False,False,False,False,False
2024-05-17,Delhi,North,37.2,28.0,0.0,38.0,4.7,Clear,32.6,9.200000000000003,2024,5,May,138,Summer,False,False,False,False,False
2024-05-17,Jaipur,Northwest,36.8,24.8,0.0,45.6,6.8,Clear,30.799999999999997,11.999999999999996,2024,5,May,138,Summer,False,False,False,False,False
2024-05-17,Kolkata,East,31.1,24.3,0.0,47.6,10.6,Clear,27.700000000000003,6.800000000000001,2024,5,May,138,Summer,False,False,False,False,False
2024-05-17,Mumbai,West,31.0,24.2,0.0,46.0,25.8,Clear,27.6,6.800000000000001,2024,5,May,138,Summer,False,False,False,False,False
2024-05-18,Bengaluru,South,28.4,21.1,41.8,70.4,31.7,Rain,24.75,7.299999999999997,2024,5,May,139,Summer,False,False,False,False,False
2024-05-18,Chennai,South,37.3,29.0,0.0,51.6,29.6,Clear,33.15,8.299999999999997,2024,5,May,139,Summer,False,False,False,False,False
2024-05-18,Delhi,North,40.5,25.2,0.0,65.7,31.7,Clear,32.85,15.3,2024,5,May,139,Summer,False,True,False,False,True
2024-05-18,Jaipur,Northwest,34.4,24.4,0.0,38.5,23.4,Clear,29.4,10.0,2024,5,May,139,Summer,False,False,False,False,False
2024-05-18,Kolkata,East,34.1,25.2,0.0,55.4,8.5,Clear,29.65,8.900000000000002,2024,5,May,139,Summer,False,False,False,False,False
2024-05-18,Mumbai,West,32.8,27.0,0.0,35.2,22.3,Clear,29.9,5.799999999999997,2024,5,May,139,Summer,False,False,False,False,False
2024-05-19,Bengaluru,South,26.4,19.6,0.0,73.4,9.8,Clear,23.0,6.799999999999997,2024,5,May,140,Summer,False,False,False,False,False
2024-05-19,Chennai,South,29.1,22.8,0.0,49.8,7.2,Clear,25.950000000000003,6.300000000000001,2024,5,May,140,Summer,False,False,False,False,False
2024-05-19,Delhi,North,35.3,26.6,0.0,51.5,12.0,Clear,30.95,8.699999999999996,2024,5,May,140,Summer,False,False,False,False,False
2024-05-19,Jaipur,Northwest,41.3,28.5,0.0,57.2,9.8,Clear,34.9,12.799999999999997,2024,5,May,140,Summer,False,True,False,False,True
2024-05-19,Kolkata,East,31.0,26.0,4.4,64.3,15.8,Light Rain,28.5,5.0,2024,5,May,140,Summer,False,False,False,False,False
2024-05-19,Mumbai,West,31.8,25.0,0.0,30.3,12.2,Clear,28.4,6.800000000000001,2024,5,May,140,Summer,False,False,False,False,False
2024-05-20,Bengaluru,South,31.6,23.3,132.8,81.3,19.6,Heavy Rain,27.450000000000003,8.3,2024,5,May,141,Summer,True,False,False,False,True
2024-05-20,Chennai,South,31.6,26.6,11.1,65.1,8.1,Rain,29.1,5.0,2024,5,May,141,Summer,False,False,False,False,False
2024-05-20,Delhi,North,40.9,28.4,0.0,29.5,8.1,Clear,34.65,12.5,2024,5,May,141,Summer,False,True,False,False,True
2024-05-20,Jaipur,Northwest,39.1,28.6,0.0,46.9,9.4,Clear,33.85,10.5,2024,5,May,141,Summer,False,False,False,False,False
2024-05-20,Kolkata,East,36.7,31.5,0.0,49.2,2.8,Clear,34.1,5.200000000000003,2024,5,May,141,Summer,False,False,False,False,False
2024-05-20,Mumbai,West,33.6,25.0,0.0,35.7,4.0,Clear,29.3,8.600000000000001,2024,5,May,141,Summer,False,False,False,False,False
2024-05-21,Bengaluru,South,28.6,22.9,125.7,76.0,13.0,Heavy Rain,25.75,5.700000000000003,2024,5,May,142,Summer,True,False,False,False,True
2024-05-21,Chennai,South,36.9,28.9,0.0,46.9,6.8,Clear,32.9,8.0,2024,5,May,142,Summer,False,False,False,False,False
2024-05-21,Delhi,North,38.7,27.7,0.0,31.2,10.2,Clear,33.2,11.000000000000004,2024,5,May,142,Summer,False,False,False,False,False
2024-05-21,Jaipur,Northwest,35.3,24.6,0.0,62.3,15.9,Clear,29.95,10.699999999999996,2024,5,May,142,Summer,False,False,False,False,False
2024-05-21,Kolkata,East,34.9,29.1,0.0,44.5,10.2,Clear,32.0,5.799999999999997,2024,5,May,142,Summer,False,False,False,False,False
2024-05-21,Mumbai,West,32.1,24.6,1.1,47.2,17.1,Light Rain,28.35,7.5,2024,5,May,142,Summer,False,False,False,False,False
2024-05-22,Bengaluru,South,26.5,18.8,0.0,82.9,11.3,Cloudy,22.65,7.699999999999999,2024,5,May,143,Summer,False,False,False,False,False
2024-05-22,Chennai,South,35.2,30.1,0.0,44.7,4.4,Clear,32.650000000000006,5.100000000000001,2024,5,May,143,Summer,False,False,False,False,False
2024-05-22,Delhi,North,35.0,25.0,9.7,52.0,12.3,Light Rain,30.0,10.0,2024,5,May,143,Summer,False,False,False,False,False
2024-05-22,Jaipur,Northwest,38.3,27.7,0.0,32.6,6.6,Clear,33.0,10.599999999999998,2024,5,May,143,Summer,False,False,False,False,False
2024-05-22,Kolkata,East,34.0,26.7,0.0,50.3,3.8,Clear,30.35,7.300000000000001,2024,5,May,143,Summer,False,False,False,False,False
2024-05-22,Mumbai,West,34.9,26.3,0.0,62.9,4.6,Clear,30.6,8.599999999999998,2024,5,May,143,Summer,False,False,False,False,False
2024-05-23,Bengaluru,South,25.4,19.7,70.7,69.4,22.3,Heavy Rain,22.549999999999997,5.699999999999999,2024,5,May,144,Summer,True,False,False,False,True
2024-05-23,Chennai,South,32.3,24.2,0.0,49.1,5.9,Clear,28.25,8.099999999999998,2024,5,May,144,Summer,False,False,False,False,False
2024-05-23,Delhi,North,36.6,25.3,0.0,38.7,8.8,Clear,30.950000000000003,11.3,2024,5,May,144,Summer,False,False,False,False,False
2024-05-23,Jaipur,Northwest,35.4,24.8,0.0,34.8,14.6,Clear,30.1,10.599999999999998,2024,5,May,144,Summer,False,False,False,False,False
2024-05-23,Kolkata,East,34.6,27.6,0.0,74.2,16.3,Clear,31.1,7.0,2024,5,May,144,Summer,False,False,False,False,False
2024-05-23,Mumbai,West,33.6,28.2,0.0,43.5,2.5,Clear,30.9,5.400000000000002,2024,5,May,144,Summer,False,False,False,False,False
2024-05-24,Bengaluru,South,25.9,19.9,59.7,86.4,13.9,Rain,22.9,6.0,2024,5,May,145,Summer,False,False,False,False,False
2024-05-24,Chennai,South,37.5,32.4,4.9,44.2,20.3,Light Rain,34.95,5.100000000000001,2024,5,May,145,Summer,False,False,False,False,False
2024-05-24,Delhi,North,36.0,25.1,0.0,47.1,5.7,Clear,30.55,10.899999999999999,2024,5,May,145,Summer,False,False,False,False,False
2024-05-24,Jaipur,Northwest,41.4,30.4,0.0,59.3,3.0,Clear,35.9,11.0,2024,5,May,145,Summer,False,True,False,False,True
2024-05-24,Kolkata,East,35.6,27.0,0.0,47.3,2.6,Clear,31.3,8.600000000000001,2024,5,May,145,Summer,False,False,False,False,False
2024-05-24,Mumbai,West,31.5,26.0,0.0,46.0,6.0,Clear,28.75,5.5,2024,5,May,145,Summer,False,False,False,False,False
2024-05-25,Bengaluru,South,26.2,21.2,0.0,73.7,7.9,Clear,23.7,5.0,2024,5,May,146,Summer,False,False,False,False,False
2024-05-25,Chennai,South,36.0,30.6,0.0,51.6,14.1,Clear,33.3,5.399999999999999,2024,5,May,146,Summer,False,False,False,False,False
2024-05-25,Delhi,North,36.2,25.8,0.0,35.3,16.9,Clear,31.0,10.400000000000002,2024,5,May,146,Summer,False,False,False,False,False
2024-05-25,Jaipur,Northwest,37.3,29.4,0.0,47.6,2.5,Clear,33.349999999999994,7.899999999999999,2024,5,May,146,Summer,False,False,False,False,False
2024-05-25,Kolkata,East,35.9,26.1,0.0,48.4,18.3,Clear,31.0,9.799999999999997,2024,5,May,146,Summer,False,False,False,False,False
2024-05-25,Mumbai,West,31.1,24.0,0.0,48.9,12.8,Clear,27.55,7.100000000000001,2024,5,May,146,Summer,False,False,False,False,False
2024-05-26,Bengaluru,South,29.3,21.6,230.6,100.0,14.5,Heavy Rain,25.450000000000003,7.699999999999999,2024,5,May,147,Summer,True,False,False,False,True
2024-05-26,Chennai,South,35.8,30.6,0.0,32.7,12.4,Clear,33.2,5.199999999999996,2024,5,May,147,Summer,False,False,False,False,False
2024-05-26,Delhi,North,37.2,27.1,0.0,37.0,18.2,Clear,32.150000000000006,10.100000000000001,2024,5,May,147,Summer,False,False,False,False,False
2024-05-26,Jaipur,Northwest,41.7,30.3,0.0,39.9,9.7,Clear,36.0,11.400000000000002,2024,5,May,147,Summer,False,True,False,False,True
2024-05-26,Kolkata,East,31.6,24.8,0.0,43.8,6.4,Clear,28.200000000000003,6.800000000000001,2024,5,May,147,Summer,False,False,False,False,False
2024-05-26,Mumbai,West,31.9,26.4,0.0,45.9,6.1,Clear,29.15,5.5,2024,5,May,147,Summer,False,False,False,False,False
2024-05-27,Bengaluru,South,28.7,20.4,88.9,73.8,20.1,Heavy Rain,24.549999999999997,8.3,2024,5,May,148,Summer,True,False,False,False,True
2024-05-27,Chennai,South,31.9,25.5,0.0,43.6,6.0,Clear,28.7,6.399999999999999,2024,5,May,148,Summer,False,False,False,False,False
2024-05-27,Delhi,North,37.6,26.1,0.0,56.4,1.2,Clear,31.85,11.5,2024,5,May,148,Summer,False,False,False,False,False
2024-05-27,Jaipur,Northwest,39.5,28.1,0.0,46.9,5.5,Clear,33.8,11.399999999999999,2024,5,May,148,Summer,False,False,False,False,False
2024-05-27,Kolkata,East,33.6,25.6,0.0,51.3,29.4,Clear,29.6,8.0,2024,5,May,148,Summer,False,False,False,False,False
2024-05-27,Mumbai,West,34.4,26.1,0.0,47.1,2.0,Clear,30.25,8.299999999999997,2024,5,May,148,Summer,False,False,False,False,False
2024-05-28,Bengaluru,South,33.6,24.9,20.4,79.1,15.4,Rain,29.25,8.700000000000003,2024,5,May,149,Summer,False,False,False,False,False
2024-05-28,Chennai,South,33.0,23.5,0.0,32.2,6.3,Clear,28.25,9.5,2024,5,May,149,Summer,False,False,False,False,False
2024-05-28,Delhi,North,41.2,30.0,0.0,36.4,7.3,Clear,35.6,11.200000000000003,2024,5,May,149,Summer,False,True,False,False,True
2024-05-28,Jaipur,Northwest,39.0,29.4,0.0,47.0,13.4,Clear,34.2,9.600000000000001,2024,5,May,149,Summer,False,False,False,False,False
2024-05-28,Kolkata,East,34.4,28.8,0.0,52.7,5.6,Clear,31.6,5.599999999999998,2024,5,May,149,Summer,False,False,False,False,False
2024-05-28,Mumbai,West,34.1,26.0,6.0,55.0,6.5,Light Rain,30.05,8.100000000000001,2024,5,May,149,Summer,False,False,False,False,False
2024-05-29,Bengaluru,South,28.3,22.2,171.3,75.8,10.6,Heavy Rain,25.25,6.100000000000001,2024,5,May,150,Summer,True,False,False,False,True
2024-05-29,Chennai,South,33.6,27.0,0.0,48.2,15.2,Clear,30.3,6.600000000000001,2024,5,May,150,Summer,False,False,False,False,False
2024-05-29,Delhi,North,42.1,29.9,0.0,63.4,2.6,Clear,36.0,12.200000000000003,2024,5,May,150,Summer,False,True,False,False,True
2024-05-29,Jaipur,Northwest,38.7,26.8,0.0,36.8,15.4,Clear,32.75,11.900000000000002,2024,5,May,150,Summer,False,False,False,False,False
2024-05-29,Kolkata,East,35.4,29.2,0.0,40.8,6.6,Clear,32.3,6.199999999999999,2024,5,May,150,Summer,False,False,False,False,False
2024-05-29,Mumbai,West,31.0,23.6,3.3,56.6,8.5,Light Rain,27.3,7.399999999999999,2024,5,May,150,Summer,False,False,False,False,False
2024-05-30,Bengaluru,South,27.9,22.9,19.3,66.6,16.8,Rain,25.4,5.0,2024,5,May,151,Summer,False,False,False,False,False
2024-05-30,Chennai,South,33.5,26.8,0.0,50.1,19.4,Clear,30.15,6.699999999999999,2024,5,May,151,Summer,False,False,False,False,False
2024-05-30,Delhi,North,39.1,30.3,0.0,47.9,9.5,Clear,34.7,8.8,2024,5,May,151,Summer,False,False,False,False,False
2024-05-30,Jaipur,Northwest,35.7,25.4,0.0,52.4,9.7,Clear,30.55,10.300000000000004,2024,5,May,151,Summer,False,False,False,False,False
2024-05-30,Kolkata,East,36.4,28.2,0.0,44.6,4.8,Clear,32.3,8.2,2024,5,May,151,Summer,False,False,False,False,False
2024-05-30,Mumbai,West,33.3,26.3,0.0,56.6,12.2,Clear,29.799999999999997,6.9999999999999964,2024,5,May,151,Summer,False,False,False,False,False
2024-05-31,Bengaluru,South,31.2,22.3,23.7,81.5,10.3,Rain,26.75,8.899999999999999,2024,5,May,152,Summer,False,False,False,False,False
2024-05-31,Chennai,South,36.8,30.4,2.7,58.5,14.2,Light Rain,33.599999999999994,6.399999999999999,2024,5,May,152,Summer,False,False,False,False,False
2024-05-31,Delhi,North,41.5,31.8,0.0,48.0,11.2,Clear,36.65,9.7,2024,5,May,152,Summer,False,True,False,False,True
2024-05-31,Jaipur,Northwest,38.1,28.3,0.0,42.1,10.6,Clear,33.2,9.8,2024,5,May,152,Summer,False,False,False,False,False
2024-05-31,Kolkata,East,33.7,26.5,3.9,53.7,27.9,Light Rain,30.1,7.200000000000003,2024,5,May,152,Summer,False,False,False,False,False
2024-05-31,Mumbai,West,35.0,29.1,0.0,38.7,8.0,Clear,32.05,5.899999999999999,2024,5,May,152,Summer,False,False,False,False,False
2024-06-01,Bengaluru,South,28.3,21.5,2.5,85.6,7.4,Light Rain,24.9,6.800000000000001,2024,6,June,153,Monsoon,False,False,False,False,False
2024-06-01,Chennai,South,35.2,28.3,0.0,49.6,19.4,Clear,31.75,6.900000000000002,2024,6,June,153,Monsoon,False,False,False,False,False
2024-06-01,Delhi,North,39.7,29.7,0.0,60.4,5.3,Clear,34.7,10.000000000000004,2024,6,June,153,Monsoon,False,False,False,False,False
2024-06-01,Jaipur,Northwest,40.5,30.0,0.0,52.5,6.1,Clear,35.25,10.5,2024,6,June,153,Monsoon,False,True,False,False,True
2024-06-01,Kolkata,East,31.7,26.7,23.6,68.3,20.5,Rain,29.2,5.0,2024,6,June,153,Monsoon,False,False,False,False,False
2024-06-01,Mumbai,West,33.0,25.7,7.0,58.6,6.8,Light Rain,29.35,7.300000000000001,2024,6,June,153,Monsoon,False,False,False,False,False
2024-06-02,Bengaluru,South,28.9,21.9,44.1,87.2,9.4,Rain,25.4,7.0,2024,6,June,154,Monsoon,False,False,False,False,False
2024-06-02,Chennai,South,33.3,26.2,7.2,60.8,9.4,Light Rain,29.75,7.099999999999998,2024,6,June,154,Monsoon,False,False,False,False,False
2024-06-02,Delhi,North,37.5,28.0,0.0,55.5,14.3,Clear,32.75,9.5,2024,6,June,154,Monsoon,False,False,False,False,False
2024-06-02,Jaipur,Northwest,39.4,28.2,0.0,44.8,5.2,Clear,33.8,11.2,2024,6,June,154,Monsoon,False,False,False,False,False
2024-06-02,Kolkata,East,34.3,27.6,0.0,69.8,11.1,Clear,30.95,6.699999999999996,2024,6,June,154,Monsoon,False,False,False,False,False
2024-06-02,Mumbai,West,32.2,25.2,18.6,65.7,16.4,Rain,28.700000000000003,7.0000000000000036,2024,6,June,154,Monsoon,False,False,False,False,False
2024-06-03,Bengaluru,South,29.2,22.4,92.0,77.7,15.9,Heavy Rain,25.799999999999997,6.800000000000001,2024,6,June,155,Monsoon,True,False,False,False,True
2024-06-03,Chennai,South,34.0,26.5,0.0,40.6,11.7,Clear,30.25,7.5,2024,6,June,155,Monsoon,False,False,False,False,False
2024-06-03,Delhi,North,39.2,27.9,0.0,59.3,4.6,Clear,33.55,11.300000000000004,2024,6,June,155,Monsoon,False,False,False,False,False
2024-06-03,Jaipur,Northwest,42.5,31.6,0.0,37.1,0.8,Clear,37.05,10.899999999999999,2024,6,June,155,Monsoon,False,True,False,False,True
2024-06-03,Kolkata,East,34.1,28.4,0.0,57.5,25.0,Clear,31.25,5.700000000000003,2024,6,June,155,Monsoon,False,False,False,False,False
2024-06-03,Mumbai,West,32.4,25.1,16.0,60.8,15.0,Rain,28.75,7.299999999999997,2024,6,June,155,Monsoon,False,False,False,False,False
2024-06-04,Bengaluru,South,31.5,25.7,0.0,63.1,3.9,Clear,28.6,5.800000000000001,2024,6,June,156,Monsoon,False,False,False,False,False
2024-06-04,Chennai,South,33.7,25.4,0.0,51.8,9.2,Clear,29.55,8.300000000000004,2024,6,June,156,Monsoon,False,False,False,False,False
2024-06-04,Delhi,North,43.8,33.2,46.2,63.7,11.4,Rain,38.5,10.599999999999994,2024,6,June,156,Monsoon,False,True,False,False,True
2024-06-04,Jaipur,Northwest,37.2,25.5,8.4,71.2,17.6,Light Rain,31.35,11.700000000000003,2024,6,June,156,Monsoon,False,False,False,False,False
2024-06-04,Kolkata,East,39.2,31.4,48.6,64.7,13.5,Rain,35.3,7.800000000000004,2024,6,June,156,Monsoon,False,False,False,False,False
2024-06-04,Mumbai,West,33.2,25.9,3.7,59.1,19.6,Light Rain,29.55,7.300000000000004,2024,6,June,156,Monsoon,False,False,False,False,False
2024-06-05,Bengaluru,South,28.1,21.1,0.0,68.3,7.6,Clear,24.6,7.0,2024,6,June,157,Monsoon,False,False,False,False,False
2024-06-05,Chennai,South,32.0,25.4,19.2,63.8,6.3,Rain,28.7,6.600000000000001,2024,6,June,157,Monsoon,False,False,False,False,False
2024-06-05,Delhi,North,39.7,30.7,0.0,61.0,6.0,Clear,35.2,9.000000000000004,2024,6,June,157,Monsoon,False,False,False,False,False
2024-06-05,Jaipur,Northwest,40.6,27.6,0.0,61.3,32.8,Clear,34.1,13.0,2024,6,June,157,Monsoon,False,True,False,False,True
2024-06-05,Kolkata,East,34.3,25.0,25.9,66.5,8.8,Rain,29.65,9.299999999999997,2024,6,June,157,Monsoon,False,False,False,False,False
2024-06-05,Mumbai,West,32.8,26.3,11.9,50.4,15.5,Rain,29.549999999999997,6.4999999999999964,2024,6,June,157,Monsoon,False,False,False,False,False
2024-06-06,Bengaluru,South,28.3,19.0,13.7,95.4,11.5,Rain,23.65,9.3,2024,6,June,158,Monsoon,False,False,False,False,False
2024-06-06,Chennai,South,36.3,28.1,48.4,61.1,11.3,Rain,32.2,8.199999999999996,2024,6,June,158,Monsoon,False,False,False,False,False
2024-06-06,Delhi,North,39.1,27.7,0.0,47.8,10.8,Clear,33.4,11.400000000000002,2024,6,June,158,Monsoon,False,False,False,False,False
2024-06-06,Jaipur,Northwest,40.8,29.7,0.0,37.8,20.5,Clear,35.25,11.099999999999998,2024,6,June,158,Monsoon,False,True,False,False,True
2024-06-06,Kolkata,East,32.8,27.0,0.0,58.5,3.5,Clear,29.9,5.799999999999997,2024,6,June,158,Monsoon,False,False,False,False,False
2024-06-06,Mumbai,West,35.0,27.5,26.0,54.0,12.9,Rain,31.25,7.5,2024,6,June,158,Monsoon,False,False,False,False,False
2024-06-07,Bengaluru,South,29.3,23.1,109.4,86.8,24.2,Heavy Rain,26.200000000000003,6.199999999999999,2024,6,June,159,Monsoon,True,False,False,False,True
2024-06-07,Chennai,South,36.6,29.5,18.3,52.2,11.0,Rain,33.05,7.100000000000001,2024,6,June,159,Monsoon,False,False,False,False,False
2024-06-07,Delhi,North,41.5,30.7,0.0,49.7,16.0,Clear,36.1,10.8,2024,6,June,159,Monsoon,False,True,False,False,True
2024-06-07,Jaipur,Northwest,40.4,29.3,0.0,48.0,9.0,Clear,34.85,11.099999999999998,2024,6,June,159,Monsoon,False,True,False,False,True
2024-06-07,Kolkata,East,33.2,27.2,32.7,63.3,19.1,Rain,30.200000000000003,6.0000000000000036,2024,6,June,159,Monsoon,False,False,False,False,False
2024-06-07,Mumbai,West,29.7,24.7,13.3,59.1,11.3,Rain,27.2,5.0,2024,6,June,159,Monsoon,False,False,False,False,False
2024-06-08,Bengaluru,South,27.8,19.7,0.0,70.3,6.1,Clear,23.75,8.100000000000001,2024,6,June,160,Monsoon,False,False,False,False,False
2024-06-08,Chennai,South,31.9,26.2,0.0,43.8,9.0,Clear,29.049999999999997,5.699999999999999,2024,6,June,160,Monsoon,False,False,False,False,False
2024-06-08,Delhi,North,38.5,28.5,0.0,52.2,3.4,Clear,33.5,10.0,2024,6,June,160,Monsoon,False,False,False,False,False
2024-06-08,Jaipur,Northwest,36.7,27.6,0.0,62.6,11.7,Clear,32.150000000000006,9.100000000000001,2024,6,June,160,Monsoon,False,False,False,False,False
2024-06-08,Kolkata,East,36.3,31.2,0.0,59.8,17.0,Clear,33.75,5.099999999999998,2024,6,June,160,Monsoon,False,False,False,False,False
2024-06-08,Mumbai,West,33.9,27.8,0.0,50.0,3.7,Clear,30.85,6.099999999999998,2024,6,June,160,Monsoon,False,False,False,False,False
2024-06-09,Bengaluru,South,28.7,21.7,0.0,66.2,15.8,Clear,25.2,7.0,2024,6,June,161,Monsoon,False,False,False,False,False
2024-06-09,Chennai,South,33.8,25.3,21.9,64.3,17.8,Rain,29.549999999999997,8.499999999999996,2024,6,June,161,Monsoon,False,False,False,False,False
2024-06-09,Delhi,North,41.8,32.4,0.0,45.0,14.0,Clear,37.099999999999994,9.399999999999999,2024,6,June,161,Monsoon,False,True,False,False,True
2024-06-09,Jaipur,Northwest,38.7,26.6,0.0,49.3,2.1,Clear,32.650000000000006,12.100000000000001,2024,6,June,161,Monsoon,False,False,False,False,False
2024-06-09,Kolkata,East,36.3,30.2,0.0,46.7,10.7,Clear,33.25,6.099999999999998,2024,6,June,161,Monsoon,False,False,False,False,False
2024-06-09,Mumbai,West,31.8,26.8,6.8,62.8,10.2,Light Rain,29.3,5.0,2024,6,June,161,Monsoon,False,False,False,False,False
2024-06-10,Bengaluru,South,30.9,23.5,267.4,85.8,20.4,Heavy Rain,27.2,7.399999999999999,2024,6,June,162,Monsoon,True,False,False,False,True
2024-06-10,Chennai,South,33.0,24.2,0.0,43.8,7.7,Clear,28.6,8.8,2024,6,June,162,Monsoon,False,False,False,False,False
2024-06-10,Delhi,North,38.7,26.2,22.2,69.2,8.1,Rain,32.45,12.500000000000004,2024,6,June,162,Monsoon,False,False,False,False,False
2024-06-10,Jaipur,Northwest,41.6,31.5,0.0,46.1,19.1,Clear,36.55,10.100000000000001,2024,6,June,162,Monsoon,False,True,False,False,True
2024-06-10,Kolkata,East,34.5,28.3,0.0,50.5,6.2,Clear,31.4,6.199999999999999,2024,6,June,162,Monsoon,False,False,False,False,False
2024-06-10,Mumbai,West,38.7,29.5,0.0,48.1,12.1,Clear,34.1,9.200000000000003,2024,6,June,162,Monsoon,False,False,False,False,False
2024-06-11,Bengaluru,South,30.2,21.9,0.0,74.7,5.9,Clear,26.049999999999997,8.3,2024,6,June,163,Monsoon,False,False,False,False,False
2024-06-11,Chennai,South,36.7,28.6,0.0,66.5,10.7,Clear,32.650000000000006,8.100000000000001,2024,6,June,163,Monsoon,False,False,False,False,False
2024-06-11,Delhi,North,41.1,27.8,0.0,53.0,16.1,Clear,34.45,13.3,2024,6,June,163,Monsoon,False,True,False,False,True
2024-06-11,Jaipur,Northwest,41.2,29.7,0.0,45.0,11.4,Clear,35.45,11.500000000000004,2024,6,June,163,Monsoon,False,True,False,False,True
2024-06-11,Kolkata,East,36.4,27.9,0.0,56.0,21.7,Clear,32.15,8.5,2024,6,June,163,Monsoon,False,False,False,False,False
2024-06-11,Mumbai,West,32.8,25.9,12.1,59.9,12.7,Rain,29.349999999999998,6.899999999999999,2024,6,June,163,Monsoon,False,False,False,False,False
2024-06-12,Bengaluru,South,29.8,23.2,122.7,75.2,14.4,Heavy Rain,26.5,6.600000000000001,2024,6,June,164,Monsoon,True,False,False,False,True
2024-06-12,Chennai,South,37.0,29.9,0.0,38.3,19.0,Clear,33.45,7.100000000000001,2024,6,June,164,Monsoon,False,False,False,False,False
2024-06-12,Delhi,North,37.8,27.8,0.0,41.1,3.2,Clear,32.8,9.999999999999996,2024,6,June,164,Monsoon,False,False,False,False,False
2024-06-12,Jaipur,Northwest,37.5,27.7,0.0,50.1,8.7,Clear,32.6,9.8,2024,6,June,164,Monsoon,False,False,False,False,False
2024-06-12,Kolkata,East,34.1,26.6,36.2,60.6,27.5,Rain,30.35,7.5,2024,6,June,164,Monsoon,False,False,False,False,False
2024-06-12,Mumbai,West,36.7,30.3,0.0,45.7,12.6,Clear,33.5,6.400000000000002,2024,6,June,164,Monsoon,False,False,False,False,False
2024-06-13,Bengaluru,South,30.4,22.8,0.0,70.0,8.9,Clear,26.6,7.599999999999998,2024,6,June,165,Monsoon,False,False,False,False,False
2024-06-13,Chennai,South,32.5,27.1,0.0,57.7,4.5,Clear,29.8,5.399999999999999,2024,6,June,165,Monsoon,False,False,False,False,False
2024-06-13,Delhi,North,45.4,33.8,0.0,54.6,6.6,Clear,39.599999999999994,11.600000000000001,2024,6,June,165,Monsoon,False,True,False,False,True
2024-06-13,Jaipur,Northwest,41.7,32.1,0.0,43.9,1.1,Clear,36.900000000000006,9.600000000000001,2024,6,June,165,Monsoon,False,True,False,False,True
2024-06-13,Kolkata,East,34.0,25.9,0.0,40.2,10.1,Clear,29.95,8.100000000000001,2024,6,June,165,Monsoon,False,False,False,False,False
2024-06-13,Mumbai,West,36.6,29.5,0.0,45.9,7.4,Clear,33.05,7.100000000000001,2024,6,June,165,Monsoon,False,False,False,False,False
2024-06-14,Bengaluru,South,28.0,23.0,9.2,89.0,20.7,Light Rain,25.5,5.0,2024,6,June,166,Monsoon,False,False,False,False,False
2024-06-14,Chennai,South,33.0,24.6,0.0,48.1,6.0,Clear,28.8,8.399999999999999,2024,6,June,166,Monsoon,False,False,False,False,False
2024-06-14,Delhi,North,43.5,30.7,0.0,44.0,12.5,Clear,37.1,12.8,2024,6,June,166,Monsoon,False,True,False,False,True
2024-06-14,Jaipur,Northwest,47.8,34.1,23.1,44.9,21.0,Rain,40.95,13.699999999999996,2024,6,June,166,Monsoon,False,True,False,False,True
2024-06-14,Kolkata,East,35.1,27.2,0.0,50.5,4.6,Clear,31.15,7.900000000000002,2024,6,June,166,Monsoon,False,False,False,False,False
2024-06-14,Mumbai,West,33.7,25.3,16.9,54.8,18.2,Rain,29.5,8.400000000000002,2024,6,June,166,Monsoon,False,False,False,False,False
2024-06-15,Bengaluru,South,27.2,18.7,111.1,86.6,7.8,Heavy Rain,22.95,8.5,2024,6,June,167,Monsoon,True,False,False,False,True
2024-06-15,Chennai,South,34.1,25.5,0.0,41.9,9.9,Clear,29.8,8.600000000000001,2024,6,June,167,Monsoon,False,False,False,False,False
2024-06-15,Delhi,North,39.2,28.8,0.0,55.7,11.9,Clear,34.0,10.400000000000002,2024,6,June,167,Monsoon,False,False,False,False,False
2024-06-15,Jaipur,Northwest,38.2,26.2,0.0,41.3,16.7,Clear,32.2,12.000000000000004,2024,6,June,167,Monsoon,False,False,False,False,False
2024-06-15,Kolkata,East,39.2,30.1,34.5,67.2,13.2,Rain,34.650000000000006,9.100000000000001,2024,6,June,167,Monsoon,False,False,False,False,False
2024-06-15,Mumbai,West,30.2,22.1,0.0,47.0,7.7,Clear,26.15,8.099999999999998,2024,6,June,167,Monsoon,False,False,False,False,False
2024-06-16,Bengaluru,South,29.2,22.2,0.0,71.4,23.7,Clear,25.7,7.0,2024,6,June,168,Monsoon,False,False,False,False,False
2024-06-16,Chennai,South,34.2,28.2,0.5,55.6,11.0,Light Rain,31.200000000000003,6.0000000000000036,2024,6,June,168,Monsoon,False,False,False,False,False
2024-06-16,Delhi,North,39.9,27.9,0.0,46.8,4.9,Clear,33.9,12.0,2024,6,June,168,Monsoon,False,False,False,False,False
2024-06-16,Jaipur,Northwest,39.7,28.9,0.0,61.3,2.3,Clear,34.3,10.800000000000004,2024,6,June,168,Monsoon,False,False,False,False,False
2024-06-16,Kolkata,East,37.5,30.8,28.1,61.6,9.6,Rain,34.15,6.699999999999999,2024,6,June,168,Monsoon,False,False,False,False,False
2024-06-16,Mumbai,West,30.7,25.7,0.0,51.9,3.4,Clear,28.2,5.0,2024,6,June,168,Monsoon,False,False,False,False,False
2024-06-17,Bengaluru,South,30.4,24.0,40.6,71.6,8.8,Rain,27.2,6.399999999999999,2024,6,June,169,Monsoon,False,False,False,False,False
2024-06-17,Chennai,South,31.6,26.6,0.0,52.9,5.5,Clear,29.1,5.0,2024,6,June,169,Monsoon,False,False,False,False,False
2024-06-17,Delhi,North,41.6,29.6,10.3,49.6,10.7,Rain,35.6,12.0,2024,6,June,169,Monsoon,False,True,False,False,True
2024-06-17,Jaipur,Northwest,38.5,29.0,0.0,53.0,24.6,Clear,33.75,9.5,2024,6,June,169,Monsoon,False,False,False,False,False
2024-06-17,Kolkata,East,36.1,31.1,19.2,52.5,10.2,Rain,33.6,5.0,2024,6,June,169,Monsoon,False,False,False,False,False
2024-06-17,Mumbai,West,32.6,25.3,11.8,66.2,15.0,Rain,28.950000000000003,7.300000000000001,2024,6,June,169,Monsoon,False,False,False,False,False
2024-06-18,Bengaluru,South,29.4,22.1,0.0,81.6,11.5,Clear,25.75,7.299999999999997,2024,6,June,170,Monsoon,False,False,False,False,False
2024-06-18,Chennai,South,33.3,27.6,15.3,69.2,15.3,Rain,30.45,5.699999999999996,2024,6,June,170,Monsoon,False,False,False,False,False
2024-06-18,Delhi,North,41.4,32.9,0.0,50.0,16.6,Clear,37.15,8.5,2024,6,June,170,Monsoon,False,True,False,False,True
2024-06-18,Jaipur,Northwest,43.9,32.3,0.0,40.8,9.8,Clear,38.099999999999994,11.600000000000001,2024,6,June,170,Monsoon,False,True,False,False,True
2024-06-18,Kolkata,East,35.1,29.5,0.0,56.9,12.5,Clear,32.3,5.600000000000001,2024,6,June,170,Monsoon,False,False,False,False,False
2024-06-18,Mumbai,West,32.6,27.2,2.4,62.1,10.8,Light Rain,29.9,5.400000000000002,2024,6,June,170,Monsoon,False,False,False,False,False
2024-06-19,Bengaluru,South,32.7,25.2,3.5,77.3,10.0,Light Rain,28.950000000000003,7.5000000000000036,2024,6,June,171,Monsoon,False,False,False,False,False
2024-06-19,Chennai,South,35.1,27.5,9.7,42.0,16.0,Light Rain,31.3,7.600000000000001,2024,6,June,171,Monsoon,False,False,False,False,False
2024-06-19,Delhi,North,40.1,31.7,0.0,58.5,14.5,Clear,35.9,8.400000000000002,2024,6,June,171,Monsoon,False,True,False,False,True
2024-06-19,Jaipur,Northwest,46.8,34.8,0.0,32.4,5.9,Clear,40.8,12.0,2024,6,June,171,Monsoon,False,True,False,False,True
2024-06-19,Kolkata,East,36.0,29.2,9.0,61.4,6.8,Light Rain,32.6,6.800000000000001,2024,6,June,171,Monsoon,False,False,False,False,False
2024-06-19,Mumbai,West,36.8,27.5,16.7,54.0,11.8,Rain,32.15,9.299999999999997,2024,6,June,171,Monsoon,False,False,False,False,False
2024-06-20,Bengaluru,South,26.1,19.5,50.1,100.0,11.1,Rain,22.8,6.600000000000001,2024,6,June,172,Monsoon,False,False,False,False,False
2024-06-20,Chennai,South,33.0,26.6,0.0,52.0,10.9,Clear,29.8,6.399999999999999,2024,6,June,172,Monsoon,False,False,False,False,False
2024-06-20,Delhi,North,39.6,30.6,0.0,49.3,16.4,Clear,35.1,9.0,2024,6,June,172,Monsoon,False,False,False,False,False
2024-06-20,Jaipur,Northwest,43.9,32.1,0.0,45.9,9.4,Clear,38.0,11.799999999999997,2024,6,June,172,Monsoon,False,True,False,False,True
2024-06-20,Kolkata,East,32.5,26.9,0.0,43.2,7.3,Clear,29.7,5.600000000000001,2024,6,June,172,Monsoon,False,False,False,False,False
2024-06-20,Mumbai,West,31.0,23.9,17.5,66.3,13.4,Rain,27.45,7.100000000000001,2024,6,June,172,Monsoon,False,False,False,False,False
2024-06-21,Bengaluru,South,30.2,22.1,17.9,69.7,12.3,Rain,26.15,8.099999999999998,2024,6,June,173,Monsoon,False,False,False,False,False
2024-06-21,Chennai,South,34.9,26.6,38.4,64.8,14.0,Rain,30.75,8.299999999999997,2024,6,June,173,Monsoon,False,False,False,False,False
2024-06-21,Delhi,North,39.8,30.6,0.0,49.4,8.2,Clear,35.2,9.199999999999996,2024,6,June,173,Monsoon,False,False,False,False,False
2024-06-21,Jaipur,Northwest,41.6,30.3,0.0,49.7,5.1,Clear,35.95,11.3,2024,6,June,173,Monsoon,False,True,False,False,True
2024-06-21,Kolkata,East,34.6,27.3,0.0,62.4,5.0,Clear,30.950000000000003,7.300000000000001,2024,6,June,173,Monsoon,False,False,False,False,False
2024-06-21,Mumbai,West,33.8,26.1,0.0,62.4,17.1,Clear,29.95,7.699999999999996,2024,6,June,173,Monsoon,False,False,False,False,False
2024-06-22,Bengaluru,South,30.7,20.9,72.4,89.4,16.3,Heavy Rain,25.799999999999997,9.8,2024,6,June,174,Monsoon,True,False,False,False,True
2024-06-22,Chennai,South,37.2,27.7,11.6,56.2,12.0,Rain,32.45,9.500000000000004,2024,6,June,174,Monsoon,False,False,False,False,False
2024-06-22,Delhi,North,39.9,28.5,0.0,50.6,7.7,Clear,34.2,11.399999999999999,2024,6,June,174,Monsoon,False,False,False,False,False
2024-06-22,Jaipur,Northwest,41.2,30.1,0.0,43.7,6.9,Clear,35.650000000000006,11.100000000000001,2024,6,June,174,Monsoon,False,True,False,False,True
2024-06-22,Kolkata,East,35.8,24.8,24.7,49.8,13.8,Rain,30.299999999999997,10.999999999999996,2024,6,June,174,Monsoon,False,False,False,False,False
2024-06-22,Mumbai,West,32.6,25.0,46.1,57.8,28.0,Rain,28.8,7.600000000000001,2024,6,June,174,Monsoon,False,False,False,False,False
2024-06-23,Bengaluru,South,30.9,24.0,77.0,73.2,13.2,Heavy Rain,27.45,6.899999999999999,2024,6,June,175,Monsoon,True,False,False,False,True
2024-06-23,Chennai,South,35.3,29.4,7.9,71.4,15.0,Light Rain,32.349999999999994,5.899999999999999,2024,6,June,175,Monsoon,False,False,False,False,False
2024-06-23,Delhi,North,42.5,31.1,0.0,52.0,10.6,Clear,36.8,11.399999999999999,2024,6,June,175,Monsoon,False,True,False,False,True
2024-06-23,Jaipur,Northwest,36.9,26.1,0.0,51.0,10.6,Clear,31.5,10.799999999999997,2024,6,June,175,Monsoon,False,False,False,False,False
2024-06-23,Kolkata,East,36.0,30.1,76.8,53.9,12.5,Heavy Rain,33.05,5.899999999999999,2024,6,June,175,Monsoon,True,False,False,False,True
2024-06-23,Mumbai,West,33.7,25.8,0.0,44.8,7.8,Clear,29.75,7.900000000000002,2024,6,June,175,Monsoon,False,False,False,False,False
2024-06-24,Bengaluru,South,31.1,22.3,14.0,93.3,15.6,Rain,26.700000000000003,8.8,2024,6,June,176,Monsoon,False,False,False,False,False
2024-06-24,Chennai,South,33.0,27.3,29.3,61.9,9.5,Rain,30.15,5.699999999999999,2024,6,June,176,Monsoon,False,False,False,False,False
2024-06-24,Delhi,North,42.6,31.3,10.8,49.3,13.1,Rain,36.95,11.3,2024,6,June,176,Monsoon,False,True,False,False,True
2024-06-24,Jaipur,Northwest,41.1,31.4,0.0,46.1,12.6,Clear,36.25,9.700000000000003,2024,6,June,176,Monsoon,False,True,False,False,True
2024-06-24,Kolkata,East,35.0,25.9,0.0,57.6,2.3,Clear,30.45,9.100000000000001,2024,6,June,176,Monsoon,False,False,False,False,False
2024-06-24,Mumbai,West,33.4,27.2,6.6,51.9,22.9,Light Rain,30.299999999999997,6.199999999999999,2024,6,June,176,Monsoon,False,False,False,False,False
2024-06-25,Bengaluru,South,32.3,24.6,0.0,79.2,5.2,Clear,28.45,7.699999999999996,2024,6,June,177,Monsoon,False,False,False,False,False
2024-06-25,Chennai,South,36.1,28.7,29.7,75.9,24.9,Rain,32.4,7.400000000000002,2024,6,June,177,Monsoon,False,False,False,False,False
2024-06-25,Delhi,North,41.0,33.8,0.0,57.8,10.0,Clear,37.4,7.200000000000003,2024,6,June,177,Monsoon,False,True,False,False,True
2024-06-25,Jaipur,Northwest,41.2,30.1,10.4,61.9,7.5,Rain,35.650000000000006,11.100000000000001,2024,6,June,177,Monsoon,False,True,False,False,True
2024-06-25,Kolkata,East,29.2,24.1,0.0,61.2,20.3,Clear,26.65,5.099999999999998,2024,6,June,177,Monsoon,False,False,False,False,False
2024-06-25,Mumbai,West,34.6,26.6,57.5,50.2,18.0,Rain,30.6,8.0,2024,6,June,177,Monsoon,False,False,False,False,False
2024-06-26,Bengaluru,South,27.7,20.5,14.8,95.3,14.6,Rain,24.1,7.199999999999999,2024,6,June,178,Monsoon,False,False,False,False,False
2024-06-26,Chennai,South,35.0,28.8,0.0,48.2,9.1,Clear,31.9,6.199999999999999,2024,6,June,178,Monsoon,False,False,False,False,False
2024-06-26,Delhi,North,42.4,32.5,11.3,60.6,24.7,Rain,37.45,9.899999999999999,2024,6,June,178,Monsoon,False,True,False,False,True
2024-06-26,Jaipur,Northwest,43.1,30.9,0.0,39.7,5.6,Clear,37.0,12.200000000000003,2024,6,June,178,Monsoon,False,True,False,False,True
2024-06-26,Kolkata,East,33.4,24.7,0.0,42.9,7.1,Clear,29.049999999999997,8.7,2024,6,June,178,Monsoon,False,False,False,False,False
2024-06-26,Mumbai,West,34.2,29.2,0.0,47.0,6.3,Clear,31.700000000000003,5.0000000000000036,2024,6,June,178,Monsoon,False,False,False,False,False
2024-06-27,Bengaluru,South,29.9,23.3,30.5,67.2,10.5,Rain,26.6,6.599999999999998,2024,6,June,179,Monsoon,False,False,False,False,False
2024-06-27,Chennai,South,37.1,28.5,0.0,58.3,5.9,Clear,32.8,8.600000000000001,2024,6,June,179,Monsoon,False,False,False,False,False
2024-06-27,Delhi,North,43.8,30.7,31.0,56.4,7.1,Rain,37.25,13.099999999999998,2024,6,June,179,Monsoon,False,True,False,False,True
2024-06-27,Jaipur,Northwest,43.7,32.5,0.0,57.8,9.4,Clear,38.1,11.200000000000003,2024,6,June,179,Monsoon,False,True,False,False,True
2024-06-27,Kolkata,East,33.7,28.7,11.9,61.1,15.3,Rain,31.200000000000003,5.0000000000000036,2024,6,June,179,Monsoon,False,False,False,False,False
2024-06-27,Mumbai,West,33.7,27.2,0.0,45.7,2.4,Clear,30.450000000000003,6.5000000000000036,2024,6,June,179,Monsoon,False,False,False,False,False
2024-06-28,Bengaluru,South,30.3,23.5,0.0,76.1,13.3,Clear,26.9,6.800000000000001,2024,6,June,180,Monsoon,False,False,False,False,False
2024-06-28,Chennai,South,34.0,26.5,21.2,73.7,16.3,Rain,30.25,7.5,2024,6,June,180,Monsoon,False,False,False,False,False
2024-06-28,Delhi,North,41.9,31.6,16.8,57.2,11.5,Rain,36.75,10.299999999999997,2024,6,June,180,Monsoon,False,True,False,False,True
2024-06-28,Jaipur,Northwest,40.2,28.4,0.0,58.0,6.6,Clear,34.3,11.800000000000004,2024,6,June,180,Monsoon,False,True,False,False,True
2024-06-28,Kolkata,East,37.4,31.2,13.4,71.3,8.2,Rain,34.3,6.199999999999999,2024,6,June,180,Monsoon,False,False,False,False,False
2024-06-28,Mumbai,West,34.3,27.9,0.0,35.4,13.1,Clear,31.099999999999998,6.399999999999999,2024,6,June,180,Monsoon,False,False,False,False,False
2024-06-29,Bengaluru,South,27.2,21.0,0.0,71.3,10.3,Clear,24.1,6.199999999999999,2024,6,June,181,Monsoon,False,False,False,False,False
2024-06-29,Chennai,South,37.3,30.0,0.0,56.8,17.6,Clear,33.65,7.299999999999997,2024,6,June,181,Monsoon,False,False,False,False,False
2024-06-29,Delhi,North,40.0,29.3,0.0,44.1,3.6,Clear,34.65,10.7,2024,6,June,181,Monsoon,False,True,False,False,True
2024-06-29,Jaipur,Northwest,41.0,31.8,0.0,49.3,8.8,Clear,36.4,9.2,2024,6,June,181,Monsoon,False,True,False,False,True
2024-06-29,Kolkata,East,33.9,24.0,0.0,53.2,14.6,Clear,28.95,9.899999999999999,2024,6,June,181,Monsoon,False,False,False,False,False
2024-06-29,Mumbai,West,31.2,25.0,0.0,60.8,4.1,Clear,28.1,6.199999999999999,2024,6,June,181,Monsoon,False,False,False,False,False
2024-06-30,Bengaluru,South,32.7,25.0,13.0,76.7,14.1,Rain,28.85,7.700000000000003,2024,6,June,182,Monsoon,False,False,False,False,False
2024-06-30,Chennai,South,33.3,24.8,0.0,53.0,11.0,Clear,29.049999999999997,8.499999999999996,2024,6,June,182,Monsoon,False,False,False,False,False
2024-06-30,Delhi,North,40.9,29.9,0.0,62.0,6.6,Clear,35.4,11.0,2024,6,June,182,Monsoon,False,True,False,False,True
2024-06-30,Jaipur,Northwest,41.4,29.4,7.4,54.2,12.8,Light Rain,35.4,12.0,2024,6,June,182,Monsoon,False,True,False,False,True
2024-06-30,Kolkata,East,34.0,27.0,25.0,56.8,7.7,Rain,30.5,7.0,2024,6,June,182,Monsoon,False,False,False,False,False
2024-06-30,Mumbai,West,36.5,28.7,12.9,59.3,22.1,Rain,32.6,7.800000000000001,2024,6,June,182,Monsoon,False,False,False,False,False
2024-07-01,Bengaluru,South,30.7,24.3,77.8,74.4,13.5,Heavy Rain,27.5,6.399999999999999,2024,7,July,183,Monsoon,True,False,False,False,True
2024-07-01,Chennai,South,33.8,27.1,0.0,61.1,7.2,Clear,30.45,6.699999999999996,2024,7,July,183,Monsoon,False,False,False,False,False
2024-07-01,Delhi,North,40.5,31.1,33.4,78.9,11.6,Rain,35.8,9.399999999999999,2024,7,July,183,Monsoon,False,True,False,False,True
2024-07-01,Jaipur,Northwest,42.2,31.3,58.9,79.5,11.9,Rain,36.75,10.900000000000002,2024,7,July,183,Monsoon,False,True,False,False,True
2024-07-01,Kolkata,East,32.6,22.8,121.5,86.7,16.2,Heavy Rain,27.700000000000003,9.8,2024,7,July,183,Monsoon,True,False,False,False,True
2024-07-01,Mumbai,West,31.2,26.2,41.3,80.7,8.1,Rain,28.7,5.0,2024,7,July,183,Monsoon,False,False,False,False,False
2024-07-02,Bengaluru,South,30.4,22.6,0.0,73.8,9.8,Clear,26.5,7.799999999999997,2024,7,July,184,Monsoon,False,False,False,False,False
2024-07-02,Chennai,South,34.3,28.1,23.8,61.3,9.3,Rain,31.2,6.199999999999996,2024,7,July,184,Monsoon,False,False,False,False,False
2024-07-02,Delhi,North,42.4,31.0,192.7,67.8,10.2,Heavy Rain,36.7,11.399999999999999,2024,7,July,184,Monsoon,True,True,False,False,True
2024-07-02,Jaipur,Northwest,40.9,28.8,26.7,65.5,13.6,Rain,34.85,12.099999999999998,2024,7,July,184,Monsoon,False,True,False,False,True
2024-07-02,Kolkata,East,34.7,29.7,0.0,68.6,6.5,Clear,32.2,5.0000000000000036,2024,7,July,184,Monsoon,False,False,False,False,False
2024-07-02,Mumbai,West,33.6,26.1,82.9,76.5,14.7,Heavy Rain,29.85,7.5,2024,7,July,184,Monsoon,True,False,False,False,True
2024-07-03,Bengaluru,South,25.8,19.5,0.0,85.8,5.6,Cloudy,22.65,6.300000000000001,2024,7,July,185,Monsoon,False,False,False,False,False
2024-07-03,Chennai,South,33.0,28.0,9.8,60.6,13.4,Light Rain,30.5,5.0,2024,7,July,185,Monsoon,False,False,False,False,False
2024-07-03,Delhi,North,42.4,29.1,31.1,83.1,13.9,Rain,35.75,13.299999999999997,2024,7,July,185,Monsoon,False,True,False,False,True
2024-07-03,Jaipur,Northwest,41.0,30.0,0.0,78.5,14.7,Clear,35.5,11.0,2024,7,July,185,Monsoon,False,True,False,False,True
2024-07-03,Kolkata,East,34.0,27.2,0.0,71.4,9.0,Clear,30.6,6.800000000000001,2024,7,July,185,Monsoon,False,False,False,False,False
2024-07-03,Mumbai,West,35.7,29.4,47.7,79.8,10.8,Rain,32.55,6.300000000000004,2024,7,July,185,Monsoon,False,False,False,False,False
2024-07-04,Bengaluru,South,25.1,17.7,16.0,85.6,20.1,Rain,21.4,7.400000000000002,2024,7,July,186,Monsoon,False,False,False,False,False
2024-07-04,Chennai,South,33.5,27.3,14.4,68.9,15.5,Rain,30.4,6.199999999999999,2024,7,July,186,Monsoon,False,False,False,False,False
2024-07-04,Delhi,North,40.4,29.0,36.0,83.9,37.1,Rain,34.7,11.399999999999999,2024,7,July,186,Monsoon,False,True,False,False,True
2024-07-04,Jaipur,Northwest,43.9,31.5,35.9,82.0,16.4,Rain,37.7,12.399999999999999,2024,7,July,186,Monsoon,False,True,False,False,True
2024-07-04,Kolkata,East,35.3,30.0,28.6,94.1,12.3,Rain,32.65,5.299999999999997,2024,7,July,186,Monsoon,False,False,False,False,False
2024-07-04,Mumbai,West,32.8,25.6,42.0,79.4,8.2,Rain,29.2,7.199999999999996,2024,7,July,186,Monsoon,False,False,False,False,False
2024-07-05,Bengaluru,South,27.4,21.8,35.3,75.9,30.3,Rain,24.6,5.599999999999998,2024,7,July,187,Monsoon,False,False,False,False,False
2024-07-05,Chennai,South,36.3,28.3,0.0,40.3,16.5,Clear,32.3,7.9999999999999964,2024,7,July,187,Monsoon,False,False,False,False,False
2024-07-05,Delhi,North,42.9,31.6,0.0,75.8,2.7,Clear,37.25,11.299999999999997,2024,7,July,187,Monsoon,False,True,False,False,True
2024-07-05,Jaipur,Northwest,45.9,33.6,76.9,97.4,21.8,Heavy Rain,39.75,12.299999999999997,2024,7,July,187,Monsoon,True,True,False,False,True
2024-07-05,Kolkata,East,37.4,31.4,239.4,88.7,9.0,Heavy Rain,34.4,6.0,2024,7,July,187,Monsoon,True,False,False,False,True
2024-07-05,Mumbai,West,34.4,26.1,75.5,94.0,12.7,Heavy Rain,30.25,8.299999999999997,2024,7,July,187,Monsoon,True,False,False,False,True
2024-07-06,Bengaluru,South,28.3,20.9,273.6,77.3,21.8,Heavy Rain,24.6,7.400000000000002,2024,7,July,188,Monsoon,True,False,False,False,True
2024-07-06,Chennai,South,31.2,25.7,33.1,47.6,23.3,Rain,28.45,5.5,2024,7,July,188,Monsoon,False,False,False,False,False
2024-07-06,Delhi,North,45.5,33.2,110.4,87.3,7.4,Heavy Rain,39.35,12.299999999999997,2024,7,July,188,Monsoon,True,True,False,False,True
2024-07-06,Jaipur,Northwest,42.7,30.4,45.3,82.3,16.5,Rain,36.55,12.300000000000004,2024,7,July,188,Monsoon,False,True,False,False,True
2024-07-06,Kolkata,East,35.0,27.8,0.0,54.5,7.0,Clear,31.4,7.199999999999999,2024,7,July,188,Monsoon,False,False,False,False,False
2024-07-06,Mumbai,West,31.5,25.7,56.5,73.3,15.2,Rain,28.6,5.800000000000001,2024,7,July,188,Monsoon,False,False,False,False,False
2024-07-07,Bengaluru,South,31.2,26.2,0.0,61.2,6.7,Clear,28.7,5.0,2024,7,July,189,Monsoon,False,False,False,False,False
2024-07-07,Chennai,South,36.4,29.3,43.2,74.0,11.4,Rain,32.85,7.099999999999998,2024,7,July,189,Monsoon,False,False,False,False,False
2024-07-07,Delhi,North,43.6,31.6,0.0,61.5,17.2,Clear,37.6,12.0,2024,7,July,189,Monsoon,False,True,False,False,True
2024-07-07,Jaipur,Northwest,39.6,30.3,0.0,64.9,14.5,Clear,34.95,9.3,2024,7,July,189,Monsoon,False,False,False,False,False
2024-07-07,Kolkata,East,34.2,26.3,0.0,86.3,9.7,Cloudy,30.25,7.900000000000002,2024,7,July,189,Monsoon,False,False,False,False,False
2024-07-07,Mumbai,West,33.3,25.7,49.5,74.1,15.9,Rain,29.5,7.599999999999998,2024,7,July,189,Monsoon,False,False,False,False,False
2024-07-08,Bengaluru,South,27.5,20.8,100.3,78.9,22.4,Heavy Rain,24.15,6.699999999999999,2024,7,July,190,Monsoon,True,False,False,False,True
2024-07-08,Chennai,South,34.4,28.2,0.0,42.6,3.7,Clear,31.299999999999997,6.199999999999999,2024,7,July,190,Monsoon,False,False,False,False,False
2024-07-08,Delhi,North,43.3,30.6,0.0,51.9,3.9,Clear,36.95,12.699999999999996,2024,7,July,190,Monsoon,False,True,False,False,True
2024-07-08,Jaipur,Northwest,42.6,32.5,42.9,72.2,15.4,Rain,37.55,10.100000000000001,2024,7,July,190,Monsoon,False,True,False,False,True
2024-07-08,Kolkata,East,32.6,26.3,53.6,77.8,10.9,Rain,29.450000000000003,6.300000000000001,2024,7,July,190,Monsoon,False,False,False,False,False
2024-07-08,Mumbai,West,33.6,28.6,61.9,86.2,17.3,Rain,31.1,5.0,2024,7,July,190,Monsoon,False,False,False,False,False
2024-07-09,Bengaluru,South,29.0,24.0,0.0,93.1,11.6,Cloudy,26.5,5.0,2024,7,July,191,Monsoon,False,False,False,False,False
2024-07-09,Chennai,South,35.5,27.1,31.8,57.2,18.9,Rain,31.3,8.399999999999999,2024,7,July,191,Monsoon,False,False,False,False,False
2024-07-09,Delhi,North,39.6,30.5,18.5,71.0,12.2,Rain,35.05,9.100000000000001,2024,7,July,191,Monsoon,False,False,False,False,False
2024-07-09,Jaipur,Northwest,43.2,30.4,81.1,79.4,9.7,Heavy Rain,36.8,12.800000000000004,2024,7,July,191,Monsoon,True,True,False,False,True
2024-07-09,Kolkata,East,36.3,28.6,128.4,71.2,21.2,Heavy Rain,32.45,7.699999999999996,2024,7,July,191,Monsoon,True,False,False,False,True
2024-07-09,Mumbai,West,31.6,24.7,0.0,49.6,7.9,Clear,28.15,6.900000000000002,2024,7,July,191,Monsoon,False,False,False,False,False
2024-07-10,Bengaluru,South,25.7,20.2,62.8,72.7,8.5,Rain,22.95,5.5,2024,7,July,192,Monsoon,False,False,False,False,False
2024-07-10,Chennai,South,34.7,26.4,0.0,31.1,5.0,Clear,30.55,8.300000000000004,2024,7,July,192,Monsoon,False,False,False,False,False
2024-07-10,Delhi,North,44.2,34.3,65.1,68.1,14.1,Heavy Rain,39.25,9.900000000000006,2024,7,July,192,Monsoon,True,True,False,False,True
2024-07-10,Jaipur,Northwest,41.2,30.8,41.1,86.0,7.6,Rain,36.0,10.400000000000002,2024,7,July,192,Monsoon,False,True,False,False,True
2024-07-10,Kolkata,East,38.7,31.3,0.0,71.3,6.0,Clear,35.0,7.400000000000002,2024,7,July,192,Monsoon,False,False,False,False,False
2024-07-10,Mumbai,West,35.1,30.1,0.0,68.6,5.7,Clear,32.6,5.0,2024,7,July,192,Monsoon,False,False,False,False,False
2024-07-11,Bengaluru,South,30.6,22.3,0.0,82.4,8.2,Cloudy,26.450000000000003,8.3,2024,7,July,193,Monsoon,False,False,False,False,False
2024-07-11,Chennai,South,33.0,24.2,0.0,49.8,12.0,Clear,28.6,8.8,2024,7,July,193,Monsoon,False,False,False,False,False
2024-07-11,Delhi,North,43.9,32.7,88.5,77.7,15.4,Heavy Rain,38.3,11.199999999999996,2024,7,July,193,Monsoon,True,True,False,False,True
2024-07-11,Jaipur,Northwest,40.0,28.5,267.2,79.7,15.8,Heavy Rain,34.25,11.5,2024,7,July,193,Monsoon,True,True,False,False,True
2024-07-11,Kolkata,East,34.0,28.6,51.6,77.8,34.5,Rain,31.3,5.399999999999999,2024,7,July,193,Monsoon,False,False,False,False,False
2024-07-11,Mumbai,West,37.1,29.0,86.6,89.2,31.6,Heavy Rain,33.05,8.100000000000001,2024,7,July,193,Monsoon,True,False,False,False,True
2024-07-12,Bengaluru,South,30.0,22.5,64.3,60.9,16.8,Rain,26.25,7.5,2024,7,July,194,Monsoon,False,False,False,False,False
2024-07-12,Chennai,South,35.5,30.0,0.0,53.4,11.8,Clear,32.75,5.5,2024,7,July,194,Monsoon,False,False,False,False,False
2024-07-12,Delhi,North,41.6,30.2,143.9,84.4,10.4,Heavy Rain,35.9,11.400000000000002,2024,7,July,194,Monsoon,True,True,False,False,True
2024-07-12,Jaipur,Northwest,42.9,31.5,60.8,88.8,15.0,Rain,37.2,11.399999999999999,2024,7,July,194,Monsoon,False,True,False,False,True
2024-07-12,Kolkata,East,38.6,33.6,35.4,67.7,13.3,Rain,36.1,5.0,2024,7,July,194,Monsoon,False,False,False,False,False
2024-07-12,Mumbai,West,35.8,28.0,0.0,69.3,13.9,Clear,31.9,7.799999999999997,2024,7,July,194,Monsoon,False,False,False,False,False
2024-07-13,Bengaluru,South,33.5,25.5,46.7,72.7,12.9,Rain,29.5,8.0,2024,7,July,195,Monsoon,False,False,False,False,False
2024-07-13,Chennai,South,36.4,31.1,0.0,46.7,6.9,Clear,33.75,5.299999999999997,2024,7,July,195,Monsoon,False,False,False,False,False
2024-07-13,Delhi,North,42.6,32.0,87.3,67.5,9.5,Heavy Rain,37.3,10.600000000000001,2024,7,July,195,Monsoon,True,True,False,False,True
2024-07-13,Jaipur,Northwest,43.3,32.4,142.5,73.8,11.6,Heavy Rain,37.849999999999994,10.899999999999999,2024,7,July,195,Monsoon,True,True,False,False,True
2024-07-13,Kolkata,East,34.4,26.4,92.3,74.5,17.7,Heavy Rain,30.4,8.0,2024,7,July,195,Monsoon,True,False,False,False,True
2024-07-13,Mumbai,West,36.4,28.7,0.0,68.9,13.5,Clear,32.55,7.699999999999999,2024,7,July,195,Monsoon,False,False,False,False,False
2024-07-14,Bengaluru,South,27.7,22.7,24.3,71.8,13.4,Rain,25.2,5.0,2024,7,July,196,Monsoon,False,False,False,False,False
2024-07-14,Chennai,South,34.1,26.0,6.5,53.4,15.7,Light Rain,30.05,8.100000000000001,2024,7,July,196,Monsoon,False,False,False,False,False
2024-07-14,Delhi,North,42.2,33.2,85.4,61.4,14.2,Heavy Rain,37.7,9.0,2024,7,July,196,Monsoon,True,True,False,False,True
2024-07-14,Jaipur,Northwest,46.6,37.1,0.0,60.4,4.7,Clear,41.85,9.5,2024,7,July,196,Monsoon,False,True,False,False,True
2024-07-14,Kolkata,East,35.8,29.0,56.5,90.6,11.2,Rain,32.4,6.799999999999997,2024,7,July,196,Monsoon,False,False,False,False,False
2024-07-14,Mumbai,West,34.3,29.3,92.0,76.6,16.4,Heavy Rain,31.799999999999997,4.9999999999999964,2024,7,July,196,Monsoon,True,False,False,False,True
2024-07-15,Bengaluru,South,30.9,25.1,14.8,89.2,23.1,Rain,28.0,5.799999999999997,2024,7,July,197,Monsoon,False,False,False,False,False
2024-07-15,Chennai,South,33.0,27.1,0.0,50.4,21.3,Clear,30.05,5.899999999999999,2024,7,July,197,Monsoon,False,False,False,False,False
2024-07-15,Delhi,North,40.7,30.6,0.0,70.2,12.5,Clear,35.650000000000006,10.100000000000001,2024,7,July,197,Monsoon,False,True,False,False,True
2024-07-15,Jaipur,Northwest,42.4,31.5,12.3,77.7,16.6,Rain,36.95,10.899999999999999,2024,7,July,197,Monsoon,False,True,False,False,True
2024-07-15,Kolkata,East,34.3,26.4,74.9,67.8,25.3,Heavy Rain,30.349999999999998,7.899999999999999,2024,7,July,197,Monsoon,True,False,False,False,True
2024-07-15,Mumbai,West,32.0,26.1,246.4,83.9,25.2,Heavy Rain,29.05,5.899999999999999,2024,7,July,197,Monsoon,True,False,False,False,True
2024-07-16,Bengaluru,South,27.9,22.9,58.5,74.8,13.9,Rain,25.4,5.0,2024,7,July,198,Monsoon,False,False,False,False,False
2024-07-16,Chennai,South,36.0,29.7,0.0,61.2,4.8,Clear,32.85,6.300000000000001,2024,7,July,198,Monsoon,False,False,False,False,False
2024-07-16,Delhi,North,48.4,34.0,42.3,72.4,23.4,Rain,41.2,14.399999999999999,2024,7,July,198,Monsoon,False,True,False,False,True
2024-07-16,Jaipur,Northwest,44.6,31.4,0.0,75.6,15.1,Clear,38.0,13.200000000000003,2024,7,July,198,Monsoon,False,True,False,False,True
2024-07-16,Kolkata,East,35.3,29.3,147.7,84.9,21.2,Heavy Rain,32.3,5.9999999999999964,2024,7,July,198,Monsoon,True,False,False,False,True
2024-07-16,Mumbai,West,32.1,27.1,87.1,87.5,10.8,Heavy Rain,29.6,5.0,2024,7,July,198,Monsoon,True,False,False,False,True
2024-07-17,Bengaluru,South,33.3,25.4,23.4,79.3,19.7,Rain,29.349999999999998,7.899999999999999,2024,7,July,199,Monsoon,False,False,False,False,False
2024-07-17,Chennai,South,35.6,28.6,0.0,53.2,16.2,Clear,32.1,7.0,2024,7,July,199,Monsoon,False,False,False,False,False
2024-07-17,Delhi,North,45.3,33.5,53.7,70.1,20.6,Rain,39.4,11.799999999999997,2024,7,July,199,Monsoon,False,True,False,False,True
2024-07-17,Jaipur,Northwest,47.3,35.4,0.0,71.4,18.8,Clear,41.349999999999994,11.899999999999999,2024,7,July,199,Monsoon,False,True,False,False,True
2024-07-17,Kolkata,East,37.2,30.1,0.0,74.2,5.9,Clear,33.650000000000006,7.100000000000001,2024,7,July,199,Monsoon,False,False,False,False,False
2024-07-17,Mumbai,West,33.8,27.0,16.7,79.3,10.6,Rain,30.4,6.799999999999997,2024,7,July,199,Monsoon,False,False,False,False,False
2024-07-18,Bengaluru,South,32.2,26.1,44.9,74.9,19.4,Rain,29.150000000000002,6.100000000000001,2024,7,July,200,Monsoon,False,False,False,False,False
2024-07-18,Chennai,South,32.1,25.3,0.0,53.1,5.0,Clear,28.700000000000003,6.800000000000001,2024,7,July,200,Monsoon,False,False,False,False,False
2024-07-18,Delhi,North,42.9,33.0,68.4,85.4,13.1,Heavy Rain,37.95,9.899999999999999,2024,7,July,200,Monsoon,True,True,False,False,True
2024-07-18,Jaipur,Northwest,39.6,28.7,106.1,84.4,18.7,Heavy Rain,34.15,10.900000000000002,2024,7,July,200,Monsoon,True,False,False,False,True
2024-07-18,Kolkata,East,36.4,28.7,5.2,63.7,8.7,Light Rain,32.55,7.699999999999999,2024,7,July,200,Monsoon,False,False,False,False,False
2024-07-18,Mumbai,West,32.7,27.7,67.1,75.4,8.5,Heavy Rain,30.200000000000003,5.0000000000000036,2024,7,July,200,Monsoon,True,False,False,False,True
2024-07-19,Bengaluru,South,31.0,25.4,24.4,81.6,13.5,Rain,28.2,5.600000000000001,2024,7,July,201,Monsoon,False,False,False,False,False
2024-07-19,Chennai,South,34.5,27.8,0.0,53.2,3.4,Clear,31.15,6.699999999999999,2024,7,July,201,Monsoon,False,False,False,False,False
2024-07-19,Delhi,North,43.5,31.0,131.6,81.3,8.5,Heavy Rain,37.25,12.5,2024,7,July,201,Monsoon,True,True,False,False,True
2024-07-19,Jaipur,Northwest,43.4,30.9,23.5,70.9,9.2,Rain,37.15,12.5,2024,7,July,201,Monsoon,False,True,False,False,True
2024-07-19,Kolkata,East,35.1,28.2,18.1,83.4,8.3,Rain,31.65,6.900000000000002,2024,7,July,201,Monsoon,False,False,False,False,False
2024-07-19,Mumbai,West,36.3,27.9,0.0,64.8,9.5,Clear,32.099999999999994,8.399999999999999,2024,7,July,201,Monsoon,False,False,False,False,False
2024-07-20,Bengaluru,South,31.6,23.4,87.3,91.3,36.4,Heavy Rain,27.5,8.200000000000003,2024,7,July,202,Monsoon,True,False,False,False,True
2024-07-20,Chennai,South,35.8,28.2,0.0,45.3,8.9,Clear,32.0,7.599999999999998,2024,7,July,202,Monsoon,False,False,False,False,False
2024-07-20,Delhi,North,40.4,29.9,0.0,69.4,7.0,Clear,35.15,10.5,2024,7,July,202,Monsoon,False,True,False,False,True
2024-07-20,Jaipur,Northwest,42.3,33.0,153.6,77.0,26.6,Heavy Rain,37.65,9.299999999999997,2024,7,July,202,Monsoon,True,True,False,False,True
2024-07-20,Kolkata,East,35.0,28.5,14.9,89.1,26.1,Rain,31.75,6.5,2024,7,July,202,Monsoon,False,False,False,False,False
2024-07-20,Mumbai,West,30.1,22.9,52.9,78.0,13.6,Rain,26.5,7.200000000000003,2024,7,July,202,Monsoon,False,False,False,False,False
2024-07-21,Bengaluru,South,31.7,23.8,53.0,88.3,26.8,Rain,27.75,7.899999999999999,2024,7,July,203,Monsoon,False,False,False,False,False
2024-07-21,Chennai,South,36.7,28.2,0.0,66.6,9.6,Clear,32.45,8.500000000000004,2024,7,July,203,Monsoon,False,False,False,False,False
2024-07-21,Delhi,North,42.3,29.7,0.0,53.9,18.0,Clear,36.0,12.599999999999998,2024,7,July,203,Monsoon,False,True,False,False,True
2024-07-21,Jaipur,Northwest,41.7,30.9,187.3,68.6,8.7,Heavy Rain,36.3,10.800000000000004,2024,7,July,203,Monsoon,True,True,False,False,True
2024-07-21,Kolkata,East,33.2,26.7,26.3,82.1,11.4,Rain,29.950000000000003,6.5000000000000036,2024,7,July,203,Monsoon,False,False,False,False,False
2024-07-21,Mumbai,West,35.9,28.8,295.4,77.4,11.0,Heavy Rain,32.35,7.099999999999998,2024,7,July,203,Monsoon,True,False,False,False,True
2024-07-22,Bengaluru,South,28.1,22.7,16.8,81.4,9.4,Rain,25.4,5.400000000000002,2024,7,July,204,Monsoon,False,False,False,False,False
2024-07-22,Chennai,South,36.3,29.1,32.1,58.5,16.2,Rain,32.7,7.199999999999996,2024,7,July,204,Monsoon,False,False,False,False,False
2024-07-22,Delhi,North,41.8,29.7,0.0,58.8,13.9,Clear,35.75,12.099999999999998,2024,7,July,204,Monsoon,False,True,False,False,True
2024-07-22,Jaipur,Northwest,42.2,33.7,0.0,63.3,17.8,Clear,37.95,8.5,2024,7,July,204,Monsoon,False,True,False,False,True
2024-07-22,Kolkata,East,37.9,30.9,0.0,74.1,13.7,Clear,34.4,7.0,2024,7,July,204,Monsoon,False,False,False,False,False
2024-07-22,Mumbai,West,35.4,27.9,82.0,93.2,14.4,Heavy Rain,31.65,7.5,2024,7,July,204,Monsoon,True,False,False,False,True
2024-07-23,Bengaluru,South,32.0,23.8,0.0,79.2,3.3,Clear,27.9,8.2,2024,7,July,205,Monsoon,False,False,False,False,False
2024-07-23,Chennai,South,37.8,28.7,0.0,56.4,10.8,Clear,33.25,9.099999999999998,2024,7,July,205,Monsoon,False,False,False,False,False
2024-07-23,Delhi,North,40.9,31.1,105.9,70.6,13.1,Heavy Rain,36.0,9.799999999999997,2024,7,July,205,Monsoon,True,True,False,False,True
2024-07-23,Jaipur,Northwest,43.7,31.1,23.2,82.9,12.3,Rain,37.400000000000006,12.600000000000001,2024,7,July,205,Monsoon,False,True,False,False,True
2024-07-23,Kolkata,East,35.5,29.2,18.5,82.2,7.7,Rain,32.35,6.300000000000001,2024,7,July,205,Monsoon,False,False,False,False,False
2024-07-23,Mumbai,West,35.9,28.3,54.3,84.4,20.9,Rain,32.1,7.599999999999998,2024,7,July,205,Monsoon,False,False,False,False,False
2024-07-24,Bengaluru,South,31.2,25.1,48.6,73.4,15.2,Rain,28.15,6.099999999999998,2024,7,July,206,Monsoon,False,False,False,False,False
2024-07-24,Chennai,South,35.4,29.0,43.2,57.7,8.1,Rain,32.2,6.399999999999999,2024,7,July,206,Monsoon,False,False,False,False,False
2024-07-24,Delhi,North,40.2,29.8,63.1,88.2,19.4,Rain,35.0,10.400000000000002,2024,7,July,206,Monsoon,False,True,False,False,True
2024-07-24,Jaipur,Northwest,45.4,31.6,68.7,88.2,6.8,Heavy Rain,38.5,13.799999999999997,2024,7,July,206,Monsoon,True,True,False,False,True
2024-07-24,Kolkata,East,36.5,29.5,179.8,81.9,15.0,Heavy Rain,33.0,7.0,2024,7,July,206,Monsoon,True,False,False,False,True
2024-07-24,Mumbai,West,34.9,29.4,74.8,75.4,10.8,Heavy Rain,32.15,5.5,2024,7,July,206,Monsoon,True,False,False,False,True
2024-07-25,Bengaluru,South,27.0,18.8,0.0,68.7,14.8,Clear,22.9,8.2,2024,7,July,207,Monsoon,False,False,False,False,False
2024-07-25,Chennai,South,32.7,26.5,25.0,64.9,10.9,Rain,29.6,6.200000000000003,2024,7,July,207,Monsoon,False,False,False,False,False
2024-07-25,Delhi,North,41.9,31.2,0.0,83.0,21.8,Cloudy,36.55,10.7,2024,7,July,207,Monsoon,False,True,False,False,True
2024-07-25,Jaipur,Northwest,40.3,28.1,167.2,78.3,15.7,Heavy Rain,34.2,12.199999999999996,2024,7,July,207,Monsoon,True,True,False,False,True
2024-07-25,Kolkata,East,33.3,26.2,52.3,72.9,14.9,Rain,29.75,7.099999999999998,2024,7,July,207,Monsoon,False,False,False,False,False
2024-07-25,Mumbai,West,35.9,26.3,133.6,76.2,11.7,Heavy Rain,31.1,9.599999999999998,2024,7,July,207,Monsoon,True,False,False,False,True
2024-07-26,Bengaluru,South,30.4,22.3,88.8,79.6,19.2,Heavy Rain,26.35,8.099999999999998,2024,7,July,208,Monsoon,True,False,False,False,True
2024-07-26,Chennai,South,34.1,27.1,0.1,53.8,7.5,Clear,30.6,7.0,2024,7,July,208,Monsoon,False,False,False,False,False
2024-07-26,Delhi,North,41.6,32.0,0.0,61.6,4.8,Clear,36.8,9.600000000000001,2024,7,July,208,Monsoon,False,True,False,False,True
2024-07-26,Jaipur,Northwest,41.1,30.6,96.0,93.8,20.0,Heavy Rain,35.85,10.5,2024,7,July,208,Monsoon,True,True,False,False,True
2024-07-26,Kolkata,East,36.9,29.9,83.9,73.5,18.3,Heavy Rain,33.4,7.0,2024,7,July,208,Monsoon,True,False,False,False,True
2024-07-26,Mumbai,West,33.8,28.0,0.0,72.5,4.8,Clear,30.9,5.799999999999997,2024,7,July,208,Monsoon,False,False,False,False,False
2024-07-27,Bengaluru,South,29.2,19.8,117.6,72.4,16.7,Heavy Rain,24.5,9.399999999999999,2024,7,July,209,Monsoon,True,False,False,False,True
2024-07-27,Chennai,South,38.6,30.6,0.0,64.0,2.3,Clear,34.6,8.0,2024,7,July,209,Monsoon,False,False,False,False,False
2024-07-27,Delhi,North,40.4,29.8,157.5,78.8,10.1,Heavy Rain,35.1,10.599999999999998,2024,7,July,209,Monsoon,True,True,False,False,True
2024-07-27,Jaipur,Northwest,43.5,30.2,0.0,56.7,2.9,Clear,36.85,13.3,2024,7,July,209,Monsoon,False,True,False,False,True
2024-07-27,Kolkata,East,30.3,23.2,0.0,74.9,6.7,Clear,26.75,7.100000000000001,2024,7,July,209,Monsoon,False,False,False,False,False
2024-07-27,Mumbai,West,34.6,28.6,186.5,78.6,15.5,Heavy Rain,31.6,6.0,2024,7,July,209,Monsoon,True,False,False,False,True
2024-07-28,Bengaluru,South,30.5,23.8,18.7,80.1,14.7,Rain,27.15,6.699999999999999,2024,7,July,210,Monsoon,False,False,False,False,False
2024-07-28,Chennai,South,34.0,27.0,0.0,55.6,7.8,Clear,30.5,7.0,2024,7,July,210,Monsoon,False,False,False,False,False
2024-07-28,Delhi,North,45.0,32.9,0.0,62.3,12.1,Clear,38.95,12.100000000000001,2024,7,July,210,Monsoon,False,True,False,False,True
2024-07-28,Jaipur,Northwest,43.2,31.9,0.0,61.9,5.7,Clear,37.55,11.300000000000004,2024,7,July,210,Monsoon,False,True,False,False,True
2024-07-28,Kolkata,East,35.8,28.7,0.0,60.2,4.5,Clear,32.25,7.099999999999998,2024,7,July,210,Monsoon,False,False,False,False,False
2024-07-28,Mumbai,West,34.2,27.5,0.0,66.0,4.6,Clear,30.85,6.700000000000003,2024,7,July,210,Monsoon,False,False,False,False,False
2024-07-29,Bengaluru,South,28.6,21.2,14.7,73.9,13.9,Rain,24.9,7.400000000000002,2024,7,July,211,Monsoon,False,False,False,False,False
2024-07-29,Chennai,South,35.4,27.8,0.0,61.3,1.8,Clear,31.6,7.599999999999998,2024,7,July,211,Monsoon,False,False,False,False,False
2024-07-29,Delhi,North,42.7,33.5,0.0,68.8,13.9,Clear,38.1,9.200000000000003,2024,7,July,211,Monsoon,False,True,False,False,True
2024-07-29,Jaipur,Northwest,41.1,30.7,21.2,77.7,12.9,Rain,35.9,10.400000000000002,2024,7,July,211,Monsoon,False,True,False,False,True
2024-07-29,Kolkata,East,34.7,28.9,12.5,74.5,8.3,Rain,31.8,5.800000000000004,2024,7,July,211,Monsoon,False,False,False,False,False
2024-07-29,Mumbai,West,32.3,25.2,49.7,78.1,9.2,Rain,28.75,7.099999999999998,2024,7,July,211,Monsoon,False,False,False,False,False
2024-07-30,Bengaluru,South,30.2,22.4,12.2,72.1,15.3,Rain,26.299999999999997,7.800000000000001,2024,7,July,212,Monsoon,False,False,False,False,False
2024-07-30,Chennai,South,35.7,28.6,12.8,69.8,12.7,Rain,32.150000000000006,7.100000000000001,2024,7,July,212,Monsoon,False,False,False,False,False
2024-07-30,Delhi,North,36.9,26.1,0.0,78.4,18.0,Clear,31.5,10.799999999999997,2024,7,July,212,Monsoon,False,False,False,False,False
2024-07-30,Jaipur,Northwest,42.3,32.3,66.7,83.2,14.9,Heavy Rain,37.3,10.0,2024,7,July,212,Monsoon,True,True,False,False,True
2024-07-30,Kolkata,East,34.8,28.2,0.0,72.9,5.8,Clear,31.5,6.599999999999998,2024,7,July,212,Monsoon,False,False,False,False,False
2024-07-30,Mumbai,West,36.4,30.4,145.5,83.0,22.6,Heavy Rain,33.4,6.0,2024,7,July,212,Monsoon,True,False,False,False,True
2024-07-31,Bengaluru,South,28.3,21.1,115.3,92.1,19.0,Heavy Rain,24.700000000000003,7.199999999999999,2024,7,July,213,Monsoon,True,False,False,False,True
2024-07-31,Chennai,South,34.3,28.8,0.0,59.5,12.6,Clear,31.549999999999997,5.4999999999999964,2024,7,July,213,Monsoon,False,False,False,False,False
2024-07-31,Delhi,North,42.2,31.5,56.3,84.6,12.4,Rain,36.85,10.700000000000003,2024,7,July,213,Monsoon,False,True,False,False,True
2024-07-31,Jaipur,Northwest,37.6,27.5,32.3,85.5,28.0,Rain,32.55,10.100000000000001,2024,7,July,213,Monsoon,False,False,False,False,False
2024-07-31,Kolkata,East,33.9,28.3,80.4,79.4,14.9,Heavy Rain,31.1,5.599999999999998,2024,7,July,213,Monsoon,True,False,False,False,True
2024-07-31,Mumbai,West,33.4,26.7,18.6,77.9,6.9,Rain,30.049999999999997,6.699999999999999,2024,7,July,213,Monsoon,False,False,False,False,False
2024-08-01,Bengaluru,South,26.7,19.6,0.0,48.3,3.8,Clear,23.15,7.099999999999998,2024,8,August,214,Monsoon,False,False,False,False,False
2024-08-01,Chennai,South,33.1,28.1,0.0,54.1,9.7,Clear,30.6,5.0,2024,8,August,214,Monsoon,False,False,False,False,False
2024-08-01,Delhi,North,44.2,31.3,231.8,57.1,7.0,Heavy Rain,37.75,12.900000000000002,2024,8,August,214,Monsoon,True,True,False,False,True
2024-08-01,Jaipur,Northwest,42.5,32.6,78.2,81.5,23.9,Heavy Rain,37.55,9.899999999999999,2024,8,August,214,Monsoon,True,True,False,False,True
2024-08-01,Kolkata,East,36.0,27.1,37.5,64.8,14.0,Rain,31.55,8.899999999999999,2024,8,August,214,Monsoon,False,False,False,False,False
2024-08-01,Mumbai,West,36.6,31.0,66.6,93.9,15.2,Heavy Rain,33.8,5.600000000000001,2024,8,August,214,Monsoon,True,False,False,False,True
2024-08-02,Bengaluru,South,28.8,22.6,0.0,43.0,1.5,Clear,25.700000000000003,6.199999999999999,2024,8,August,215,Monsoon,False,False,False,False,False
2024-08-02,Chennai,South,39.0,31.2,40.2,52.2,7.0,Rain,35.1,7.800000000000001,2024,8,August,215,Monsoon,False,False,False,False,False
2024-08-02,Delhi,North,43.8,33.0,0.0,66.9,7.3,Clear,38.4,10.799999999999997,2024,8,August,215,Monsoon,False,True,False,False,True
2024-08-02,Jaipur,Northwest,40.5,30.8,0.0,62.4,16.5,Clear,35.65,9.7,2024,8,August,215,Monsoon,False,True,False,False,True
2024-08-02,Kolkata,East,33.7,26.7,0.0,68.4,6.6,Clear,30.200000000000003,7.0000000000000036,2024,8,August,215,Monsoon,False,False,False,False,False
2024-08-02,Mumbai,West,34.9,29.9,95.4,84.7,21.8,Heavy Rain,32.4,5.0,2024,8,August,215,Monsoon,True,False,False,False,True
2024-08-03,Bengaluru,South,29.6,23.2,0.0,62.4,16.8,Clear,26.4,6.400000000000002,2024,8,August,216,Monsoon,False,False,False,False,False
2024-08-03,Chennai,South,34.7,27.6,38.0,49.5,29.0,Rain,31.150000000000002,7.100000000000001,2024,8,August,216,Monsoon,False,False,False,False,False
2024-08-03,Delhi,North,37.8,26.9,0.0,76.9,3.0,Clear,32.349999999999994,10.899999999999999,2024,8,August,216,Monsoon,False,False,False,False,False
2024-08-03,Jaipur,Northwest,42.3,29.7,19.9,70.4,11.0,Rain,36.0,12.599999999999998,2024,8,August,216,Monsoon,False,True,False,False,True
2024-08-03,Kolkata,East,35.5,29.6,0.0,87.4,16.4,Cloudy,32.55,5.899999999999999,2024,8,August,216,Monsoon,False,False,False,False,False
2024-08-03,Mumbai,West,33.5,27.4,149.0,86.9,18.7,Heavy Rain,30.45,6.100000000000001,2024,8,August,216,Monsoon,True,False,False,False,True
2024-08-04,Bengaluru,South,29.3,24.3,0.0,36.6,12.6,Clear,26.8,5.0,2024,8,August,217,Monsoon,False,False,False,False,False
2024-08-04,Chennai,South,35.2,27.8,29.3,51.1,7.7,Rain,31.5,7.400000000000002,2024,8,August,217,Monsoon,False,False,False,False,False
2024-08-04,Delhi,North,42.8,32.4,214.1,75.9,7.7,Heavy Rain,37.599999999999994,10.399999999999999,2024,8,August,217,Monsoon,True,True,False,False,True
2024-08-04,Jaipur,Northwest,41.5,30.8,0.0,83.3,9.2,Cloudy,36.15,10.7,2024,8,August,217,Monsoon,False,True,False,False,True
2024-08-04,Kolkata,East,36.8,30.7,54.1,79.9,15.2,Rain,33.75,6.099999999999998,2024,8,August,217,Monsoon,False,False,False,False,False
2024-08-04,Mumbai,West,35.6,28.7,31.8,73.8,14.2,Rain,32.15,6.900000000000002,2024,8,August,217,Monsoon,False,False,False,False,False
2024-08-05,Bengaluru,South,27.5,20.7,0.0,51.9,8.6,Clear,24.1,6.800000000000001,2024,8,August,218,Monsoon,False,False,False,False,False
2024-08-05,Chennai,South,35.0,26.6,5.2,78.8,14.3,Light Rain,30.8,8.399999999999999,2024,8,August,218,Monsoon,False,False,False,False,False
2024-08-05,Delhi,North,44.3,31.3,0.0,78.7,7.7,Clear,37.8,12.999999999999996,2024,8,August,218,Monsoon,False,True,False,False,True
2024-08-05,Jaipur,Northwest,39.1,30.5,0.0,62.7,13.7,Clear,34.8,8.600000000000001,2024,8,August,218,Monsoon,False,False,False,False,False
2024-08-05,Kolkata,East,35.0,27.9,32.5,75.5,26.8,Rain,31.45,7.100000000000001,2024,8,August,218,Monsoon,False,False,False,False,False
2024-08-05,Mumbai,West,32.4,24.4,128.7,76.5,22.0,Heavy Rain,28.4,8.0,2024,8,August,218,Monsoon,True,False,False,False,True
2024-08-06,Bengaluru,South,30.7,24.8,0.0,48.5,7.1,Clear,27.75,5.899999999999999,2024,8,August,219,Monsoon,False,False,False,False,False
2024-08-06,Chennai,South,35.2,30.2,0.0,43.2,5.9,Clear,32.7,5.0000000000000036,2024,8,August,219,Monsoon,False,False,False,False,False
2024-08-06,Delhi,North,39.1,26.8,129.5,68.2,5.9,Heavy Rain,32.95,12.3,2024,8,August,219,Monsoon,True,False,False,False,True
2024-08-06,Jaipur,Northwest,43.6,33.0,0.0,60.9,10.2,Clear,38.3,10.600000000000001,2024,8,August,219,Monsoon,False,True,False,False,True
2024-08-06,Kolkata,East,34.0,27.0,0.0,62.0,3.5,Clear,30.5,7.0,2024,8,August,219,Monsoon,False,False,False,False,False
2024-08-06,Mumbai,West,33.4,27.2,39.9,68.0,5.7,Rain,30.299999999999997,6.199999999999999,2024,8,August,219,Monsoon,False,False,False,False,False
2024-08-07,Bengaluru,South,27.5,20.5,0.0,49.4,8.5,Clear,24.0,7.0,2024,8,August,220,Monsoon,False,False,False,False,False
2024-08-07,Chennai,South,33.3,24.6,3.8,55.8,10.8,Light Rain,28.95,8.699999999999996,2024,8,August,220,Monsoon,False,False,False,False,False
2024-08-07,Delhi,North,42.2,31.0,43.9,78.2,6.0,Rain,36.6,11.200000000000003,2024,8,August,220,Monsoon,False,True,False,False,True
2024-08-07,Jaipur,Northwest,39.6,29.2,0.0,55.3,2.5,Clear,34.4,10.400000000000002,2024,8,August,220,Monsoon,False,False,False,False,False
2024-08-07,Kolkata,East,35.9,30.0,16.5,74.2,13.5,Rain,32.95,5.899999999999999,2024,8,August,220,Monsoon,False,False,False,False,False
2024-08-07,Mumbai,West,32.5,23.9,0.0,91.1,5.1,Cloudy,28.2,8.600000000000001,2024,8,August,220,Monsoon,False,False,False,False,False
2024-08-08,Bengaluru,South,30.1,23.2,0.0,51.7,1.9,Clear,26.65,6.900000000000002,2024,8,August,221,Monsoon,False,False,False,False,False
2024-08-08,Chennai,South,33.3,26.8,0.0,54.8,23.2,Clear,30.049999999999997,6.4999999999999964,2024,8,August,221,Monsoon,False,False,False,False,False
2024-08-08,Delhi,North,40.6,30.8,82.5,84.3,9.6,Heavy Rain,35.7,9.8,2024,8,August,221,Monsoon,True,True,False,False,True
2024-08-08,Jaipur,Northwest,43.8,32.3,0.0,69.7,12.1,Clear,38.05,11.5,2024,8,August,221,Monsoon,False,True,False,False,True
2024-08-08,Kolkata,East,34.8,28.4,54.0,86.0,11.9,Rain,31.599999999999998,6.399999999999999,2024,8,August,221,Monsoon,False,False,False,False,False
2024-08-08,Mumbai,West,33.5,26.3,0.0,76.4,8.4,Clear,29.9,7.199999999999999,2024,8,August,221,Monsoon,False,False,False,False,False
2024-08-09,Bengaluru,South,26.3,18.8,4.1,63.3,12.5,Light Rain,22.55,7.5,2024,8,August,222,Monsoon,False,False,False,False,False
2024-08-09,Chennai,South,36.3,30.0,0.0,59.6,13.7,Clear,33.15,6.299999999999997,2024,8,August,222,Monsoon,False,False,False,False,False
2024-08-09,Delhi,North,44.5,34.0,28.5,84.3,15.3,Rain,39.25,10.5,2024,8,August,222,Monsoon,False,True,False,False,True
2024-08-09,Jaipur,Northwest,46.8,34.2,0.0,65.8,10.1,Clear,40.5,12.599999999999994,2024,8,August,222,Monsoon,False,True,False,False,True
2024-08-09,Kolkata,East,37.5,30.9,0.0,67.2,23.2,Clear,34.2,6.600000000000001,2024,8,August,222,Monsoon,False,False,False,False,False
2024-08-09,Mumbai,West,33.2,26.4,13.1,85.8,20.2,Rain,29.8,6.800000000000004,2024,8,August,222,Monsoon,False,False,False,False,False
2024-08-10,Bengaluru,South,28.6,23.2,0.0,49.6,9.2,Clear,25.9,5.400000000000002,2024,8,August,223,Monsoon,False,False,False,False,False
2024-08-10,Chennai,South,34.8,29.4,0.0,58.0,21.0,Clear,32.099999999999994,5.399999999999999,2024,8,August,223,Monsoon,False,False,False,False,False
2024-08-10,Delhi,North,43.3,33.6,72.2,63.2,16.0,Heavy Rain,38.45,9.699999999999996,2024,8,August,223,Monsoon,True,True,False,False,True
2024-08-10,Jaipur,Northwest,41.9,26.9,89.4,64.1,22.1,Heavy Rain,34.4,15.0,2024,8,August,223,Monsoon,True,True,False,False,True
2024-08-10,Kolkata,East,37.8,31.6,101.3,69.5,6.3,Heavy Rain,34.7,6.199999999999996,2024,8,August,223,Monsoon,True,False,False,False,True
2024-08-10,Mumbai,West,33.0,26.6,55.8,62.6,25.2,Rain,29.8,6.399999999999999,2024,8,August,223,Monsoon,False,False,False,False,False
2024-08-11,Bengaluru,South,29.5,24.1,0.0,39.1,7.9,Clear,26.8,5.399999999999999,2024,8,August,224,Monsoon,False,False,False,False,False
2024-08-11,Chennai,South,35.5,29.8,0.0,49.2,6.2,Clear,32.65,5.699999999999999,2024,8,August,224,Monsoon,False,False,False,False,False
2024-08-11,Delhi,North,43.5,30.7,0.0,76.6,5.4,Clear,37.1,12.8,2024,8,August,224,Monsoon,False,True,False,False,True
2024-08-11,Jaipur,Northwest,42.7,32.9,91.4,64.7,6.7,Heavy Rain,37.8,9.800000000000004,2024,8,August,224,Monsoon,True,True,False,False,True
2024-08-11,Kolkata,East,35.5,28.7,56.3,88.9,16.5,Rain,32.1,6.800000000000001,2024,8,August,224,Monsoon,False,False,False,False,False
2024-08-11,Mumbai,West,34.1,26.7,44.4,84.6,14.7,Rain,30.4,7.400000000000002,2024,8,August,224,Monsoon,False,False,False,False,False
2024-08-12,Bengaluru,South,29.0,23.3,0.0,54.8,4.0,Clear,26.15,5.699999999999999,2024,8,August,225,Monsoon,False,False,False,False,False
2024-08-12,Chennai,South,36.6,30.1,74.2,56.6,8.2,Heavy Rain,33.35,6.5,2024,8,August,225,Monsoon,True,False,False,False,True
2024-08-12,Delhi,North,37.9,26.5,0.0,72.7,5.6,Clear,32.2,11.399999999999999,2024,8,August,225,Monsoon,False,False,False,False,False
2024-08-12,Jaipur,Northwest,43.4,30.9,75.9,71.5,17.7,Heavy Rain,37.15,12.5,2024,8,August,225,Monsoon,True,True,False,False,True
2024-08-12,Kolkata,East,34.9,27.2,46.8,68.6,17.0,Rain,31.049999999999997,7.699999999999999,2024,8,August,225,Monsoon,False,False,False,False,False
2024-08-12,Mumbai,West,35.0,29.6,0.0,68.4,8.2,Clear,32.3,5.399999999999999,2024,8,August,225,Monsoon,False,False,False,False,False
2024-08-13,Bengaluru,South,30.9,22.4,0.0,45.1,35.0,Clear,26.65,8.5,2024,8,August,226,Monsoon,False,False,False,False,False
2024-08-13,Chennai,South,35.7,28.3,0.0,59.8,7.7,Clear,32.0,7.400000000000002,2024,8,August,226,Monsoon,False,False,False,False,False
2024-08-13,Delhi,North,42.9,31.5,75.2,73.1,9.0,Heavy Rain,37.2,11.399999999999999,2024,8,August,226,Monsoon,True,True,False,False,True
2024-08-13,Jaipur,Northwest,41.8,30.1,0.0,70.9,16.5,Clear,35.95,11.699999999999996,2024,8,August,226,Monsoon,False,True,False,False,True
2024-08-13,Kolkata,East,35.0,30.0,163.3,77.3,17.8,Heavy Rain,32.5,5.0,2024,8,August,226,Monsoon,True,False,False,False,True
2024-08-13,Mumbai,West,34.2,26.2,0.0,65.4,3.9,Clear,30.200000000000003,8.000000000000004,2024,8,August,226,Monsoon,False,False,False,False,False
2024-08-14,Bengaluru,South,31.2,24.4,0.0,49.7,6.0,Clear,27.799999999999997,6.800000000000001,2024,8,August,227,Monsoon,False,False,False,False,False
2024-08-14,Chennai,South,36.2,28.9,8.1,57.4,13.0,Light Rain,32.55,7.300000000000004,2024,8,August,227,Monsoon,False,False,False,False,False
2024-08-14,Delhi,North,38.8,28.1,143.6,64.7,14.5,Heavy Rain,33.45,10.699999999999996,2024,8,August,227,Monsoon,True,False,False,False,True
2024-08-14,Jaipur,Northwest,40.9,30.4,0.0,62.5,7.1,Clear,35.65,10.5,2024,8,August,227,Monsoon,False,True,False,False,True
2024-08-14,Kolkata,East,35.7,28.6,51.7,72.3,12.4,Rain,32.150000000000006,7.100000000000001,2024,8,August,227,Monsoon,False,False,False,False,False
2024-08-14,Mumbai,West,32.4,25.7,25.8,88.5,22.3,Rain,29.049999999999997,6.699999999999999,2024,8,August,227,Monsoon,False,False,False,False,False
2024-08-15,Bengaluru,South,28.7,22.2,0.0,49.4,10.8,Clear,25.45,6.5,2024,8,August,228,Monsoon,False,False,False,False,False
2024-08-15,Chennai,South,33.7,26.3,2.7,52.7,10.1,Light Rain,30.0,7.400000000000002,2024,8,August,228,Monsoon,False,False,False,False,False
2024-08-15,Delhi,North,39.1,27.3,44.0,65.4,10.2,Rain,33.2,11.8,2024,8,August,228,Monsoon,False,False,False,False,False
2024-08-15,Jaipur,Northwest,38.9,25.7,0.0,76.8,11.9,Clear,32.3,13.2,2024,8,August,228,Monsoon,False,False,False,False,False
2024-08-15,Kolkata,East,33.7,28.7,61.9,67.1,15.7,Rain,31.200000000000003,5.0000000000000036,2024,8,August,228,Monsoon,False,False,False,False,False
2024-08-15,Mumbai,West,33.4,27.7,0.0,70.1,4.9,Clear,30.549999999999997,5.699999999999999,2024,8,August,228,Monsoon,False,False,False,False,False
2024-08-16,Bengaluru,South,31.7,22.9,0.0,33.5,13.1,Clear,27.299999999999997,8.8,2024,8,August,229,Monsoon,False,False,False,False,False
2024-08-16,Chennai,South,35.4,28.5,0.0,57.5,19.4,Clear,31.95,6.899999999999999,2024,8,August,229,Monsoon,False,False,False,False,False
2024-08-16,Delhi,North,41.7,31.8,0.0,75.7,5.9,Clear,36.75,9.900000000000002,2024,8,August,229,Monsoon,False,True,False,False,True
2024-08-16,Jaipur,Northwest,38.4,26.4,0.0,68.1,31.2,Clear,32.4,12.0,2024,8,August,229,Monsoon,False,False,False,False,False
2024-08-16,Kolkata,East,36.1,28.1,13.2,77.0,10.5,Rain,32.1,8.0,2024,8,August,229,Monsoon,False,False,False,False,False
2024-08-16,Mumbai,West,35.2,28.2,26.3,71.0,23.5,Rain,31.700000000000003,7.0000000000000036,2024,8,August,229,Monsoon,False,False,False,False,False
2024-08-17,Bengaluru,South,30.3,21.7,0.0,46.6,2.7,Clear,26.0,8.600000000000001,2024,8,August,230,Monsoon,False,False,False,False,False
2024-08-17,Chennai,South,31.1,24.2,0.0,51.3,15.5,Clear,27.65,6.900000000000002,2024,8,August,230,Monsoon,False,False,False,False,False
2024-08-17,Delhi,North,41.2,31.3,99.4,63.9,12.2,Heavy Rain,36.25,9.900000000000002,2024,8,August,230,Monsoon,True,True,False,False,True
2024-08-17,Jaipur,Northwest,39.7,27.2,181.8,82.8,7.7,Heavy Rain,33.45,12.500000000000004,2024,8,August,230,Monsoon,True,False,False,False,True
2024-08-17,Kolkata,East,35.4,28.1,4.0,72.5,24.6,Light Rain,31.75,7.299999999999997,2024,8,August,230,Monsoon,False,False,False,False,False
2024-08-17,Mumbai,West,33.2,26.8,16.1,84.4,11.1,Rain,30.0,6.400000000000002,2024,8,August,230,Monsoon,False,False,False,False,False
2024-08-18,Bengaluru,South,31.3,22.6,0.0,50.0,10.8,Clear,26.950000000000003,8.7,2024,8,August,231,Monsoon,False,False,False,False,False
2024-08-18,Chennai,South,34.9,27.8,37.4,64.2,23.1,Rain,31.35,7.099999999999998,2024,8,August,231,Monsoon,False,False,False,False,False
2024-08-18,Delhi,North,40.6,30.7,0.0,75.9,3.6,Clear,35.65,9.900000000000002,2024,8,August,231,Monsoon,False,True,False,False,True
2024-08-18,Jaipur,Northwest,38.7,27.3,0.0,71.1,23.1,Clear,33.0,11.400000000000002,2024,8,August,231,Monsoon,False,False,False,False,False
2024-08-18,Kolkata,East,34.0,25.6,0.0,69.1,15.4,Clear,29.8,8.399999999999999,2024,8,August,231,Monsoon,False,False,False,False,False
2024-08-18,Mumbai,West,31.7,23.5,0.0,64.9,15.5,Clear,27.6,8.2,2024,8,August,231,Monsoon,False,False,False,False,False
2024-08-19,Bengaluru,South,32.0,24.1,0.0,66.1,14.7,Clear,28.05,7.899999999999999,2024,8,August,232,Monsoon,False,False,False,False,False
2024-08-19,Chennai,South,35.8,26.5,0.0,50.4,6.7,Clear,31.15,9.299999999999997,2024,8,August,232,Monsoon,False,False,False,False,False
2024-08-19,Delhi,North,40.5,33.1,107.7,59.8,25.0,Heavy Rain,36.8,7.399999999999999,2024,8,August,232,Monsoon,True,True,False,False,True
2024-08-19,Jaipur,Northwest,43.4,31.3,0.0,64.6,17.3,Clear,37.35,12.099999999999998,2024,8,August,232,Monsoon,False,True,False,False,True
2024-08-19,Kolkata,East,31.4,24.7,0.0,65.7,4.9,Clear,28.049999999999997,6.699999999999999,2024,8,August,232,Monsoon,False,False,False,False,False
2024-08-19,Mumbai,West,31.5,23.0,0.0,64.4,5.2,Clear,27.25,8.5,2024,8,August,232,Monsoon,False,False,False,False,False
2024-08-20,Bengaluru,South,30.5,22.4,0.0,53.5,17.7,Clear,26.45,8.100000000000001,2024,8,August,233,Monsoon,False,False,False,False,False
2024-08-20,Chennai,South,33.9,27.0,39.3,64.6,20.4,Rain,30.45,6.899999999999999,2024,8,August,233,Monsoon,False,False,False,False,False
2024-08-20,Delhi,North,37.3,23.3,95.3,82.4,23.9,Heavy Rain,30.299999999999997,13.999999999999996,2024,8,August,233,Monsoon,True,False,False,False,True
2024-08-20,Jaipur,Northwest,40.1,30.6,0.0,69.7,5.4,Clear,35.35,9.5,2024,8,August,233,Monsoon,False,True,False,False,True
2024-08-20,Kolkata,East,35.8,27.8,0.0,77.0,3.8,Clear,31.799999999999997,7.9999999999999964,2024,8,August,233,Monsoon,False,False,False,False,False
2024-08-20,Mumbai,West,29.7,21.6,60.0,95.8,8.7,Rain,25.65,8.099999999999998,2024,8,August,233,Monsoon,False,False,False,False,False
2024-08-21,Bengaluru,South,30.9,21.0,0.0,50.0,14.5,Clear,25.95,9.899999999999999,2024,8,August,234,Monsoon,False,False,False,False,False
2024-08-21,Chennai,South,34.7,28.8,24.6,54.6,10.4,Rain,31.75,5.900000000000002,2024,8,August,234,Monsoon,False,False,False,False,False
2024-08-21,Delhi,North,41.3,30.0,0.0,61.3,6.2,Clear,35.65,11.299999999999997,2024,8,August,234,Monsoon,False,True,False,False,True
2024-08-21,Jaipur,Northwest,40.9,30.2,0.0,68.9,23.1,Clear,35.55,10.7,2024,8,August,234,Monsoon,False,True,False,False,True
2024-08-21,Kolkata,East,37.2,26.9,49.6,73.4,27.2,Rain,32.05,10.300000000000004,2024,8,August,234,Monsoon,False,False,False,False,False
2024-08-21,Mumbai,West,35.3,26.5,6.8,84.6,37.4,Light Rain,30.9,8.799999999999997,2024,8,August,234,Monsoon,False,False,False,False,False
2024-08-22,Bengaluru,South,28.6,22.0,0.0,51.1,10.4,Clear,25.3,6.600000000000001,2024,8,August,235,Monsoon,False,False,False,False,False
2024-08-22,Chennai,South,32.7,25.6,8.4,65.5,18.1,Light Rain,29.150000000000002,7.100000000000001,2024,8,August,235,Monsoon,False,False,False,False,False
2024-08-22,Delhi,North,40.1,27.5,137.1,79.2,18.7,Heavy Rain,33.8,12.600000000000001,2024,8,August,235,Monsoon,True,True,False,False,True
2024-08-22,Jaipur,Northwest,36.8,25.4,0.0,63.5,14.4,Clear,31.099999999999998,11.399999999999999,2024,8,August,235,Monsoon,False,False,False,False,False
2024-08-22,Kolkata,East,34.6,28.9,0.0,74.7,6.2,Clear,31.75,5.700000000000003,2024,8,August,235,Monsoon,False,False,False,False,False
2024-08-22,Mumbai,West,33.4,26.5,150.4,78.2,26.7,Heavy Rain,29.95,6.899999999999999,2024,8,August,235,Monsoon,True,False,False,False,True
2024-08-23,Bengaluru,South,29.5,21.5,0.0,58.6,15.7,Clear,25.5,8.0,2024,8,August,236,Monsoon,False,False,False,False,False
2024-08-23,Chennai,South,31.6,26.0,0.0,51.9,9.5,Clear,28.8,5.600000000000001,2024,8,August,236,Monsoon,False,False,False,False,False
2024-08-23,Delhi,North,36.3,26.3,70.9,98.0,8.5,Heavy Rain,31.299999999999997,9.999999999999996,2024,8,August,236,Monsoon,True,False,False,False,True
2024-08-23,Jaipur,Northwest,38.0,27.1,37.1,82.9,25.2,Rain,32.55,10.899999999999999,2024,8,August,236,Monsoon,False,False,False,False,False
2024-08-23,Kolkata,East,33.2,27.3,11.7,81.7,17.5,Rain,30.25,5.900000000000002,2024,8,August,236,Monsoon,False,False,False,False,False
2024-08-23,Mumbai,West,28.9,22.8,15.5,63.9,8.4,Rain,25.85,6.099999999999998,2024,8,August,236,Monsoon,False,False,False,False,False
2024-08-24,Bengaluru,South,27.0,21.4,0.0,64.8,9.8,Clear,24.2,5.600000000000001,2024,8,August,237,Monsoon,False,False,False,False,False
2024-08-24,Chennai,South,34.6,27.7,0.0,40.3,7.9,Clear,31.15,6.900000000000002,2024,8,August,237,Monsoon,False,False,False,False,False
2024-08-24,Delhi,North,40.8,29.0,146.0,82.3,10.3,Heavy Rain,34.9,11.799999999999997,2024,8,August,237,Monsoon,True,True,False,False,True
2024-08-24,Jaipur,Northwest,38.1,30.5,0.0,73.4,2.2,Clear,34.3,7.600000000000001,2024,8,August,237,Monsoon,False,False,False,False,False
2024-08-24,Kolkata,East,32.8,27.5,138.1,86.3,12.8,Heavy Rain,30.15,5.299999999999997,2024,8,August,237,Monsoon,True,False,False,False,True
2024-08-24,Mumbai,West,32.8,27.6,0.0,64.1,8.4,Clear,30.2,5.199999999999996,2024,8,August,237,Monsoon,False,False,False,False,False
2024-08-25,Bengaluru,South,27.5,21.9,0.0,30.3,14.2,Clear,24.7,5.600000000000001,2024,8,August,238,Monsoon,False,False,False,False,False
2024-08-25,Chennai,South,35.7,30.3,0.0,41.4,24.2,Clear,33.0,5.400000000000002,2024,8,August,238,Monsoon,False,False,False,False,False
2024-08-25,Delhi,North,42.7,31.0,98.4,85.0,13.6,Heavy Rain,36.85,11.700000000000003,2024,8,August,238,Monsoon,True,True,False,False,True
2024-08-25,Jaipur,Northwest,43.0,34.0,0.0,79.4,31.7,Clear,38.5,9.0,2024,8,August,238,Monsoon,False,True,False,False,True
2024-08-25,Kolkata,East,36.9,29.9,75.0,76.5,8.7,Heavy Rain,33.4,7.0,2024,8,August,238,Monsoon,True,False,False,False,True
2024-08-25,Mumbai,West,32.9,25.3,0.0,69.8,7.8,Clear,29.1,7.599999999999998,2024,8,August,238,Monsoon,False,False,False,False,False
2024-08-26,Bengaluru,South,24.2,19.2,0.0,43.0,14.2,Clear,21.7,5.0,2024,8,August,239,Monsoon,False,False,False,False,False
2024-08-26,Chennai,South,34.6,27.0,0.0,46.2,24.6,Clear,30.8,7.600000000000001,2024,8,August,239,Monsoon,False,False,False,False,False
2024-08-26,Delhi,North,42.8,32.1,49.5,90.0,26.9,Rain,37.45,10.699999999999996,2024,8,August,239,Monsoon,False,True,False,False,True
2024-08-26,Jaipur,Northwest,41.5,31.3,154.4,67.7,11.7,Heavy Rain,36.4,10.2,2024,8,August,239,Monsoon,True,True,False,False,True
2024-08-26,Kolkata,East,34.3,27.5,78.4,80.9,20.7,Heavy Rain,30.9,6.799999999999997,2024,8,August,239,Monsoon,True,False,False,False,True
2024-08-26,Mumbai,West,34.8,29.8,0.0,71.7,13.7,Clear,32.3,4.9999999999999964,2024,8,August,239,Monsoon,False,False,False,False,False
2024-08-27,Bengaluru,South,29.0,19.8,0.0,67.1,9.4,Clear,24.4,9.2,2024,8,August,240,Monsoon,False,False,False,False,False
2024-08-27,Chennai,South,37.2,30.6,0.0,53.6,15.1,Clear,33.900000000000006,6.600000000000001,2024,8,August,240,Monsoon,False,False,False,False,False
2024-08-27,Delhi,North,39.8,28.4,117.1,59.8,12.6,Heavy Rain,34.099999999999994,11.399999999999999,2024,8,August,240,Monsoon,True,False,False,False,True
2024-08-27,Jaipur,Northwest,39.3,26.2,0.0,73.7,26.0,Clear,32.75,13.099999999999998,2024,8,August,240,Monsoon,False,False,False,False,False
2024-08-27,Kolkata,East,33.9,25.9,22.8,72.4,23.1,Rain,29.9,8.0,2024,8,August,240,Monsoon,False,False,False,False,False
2024-08-27,Mumbai,West,34.1,26.5,0.0,73.2,20.1,Clear,30.3,7.600000000000001,2024,8,August,240,Monsoon,False,False,False,False,False
2024-08-28,Bengaluru,South,26.3,21.1,0.0,37.3,10.4,Clear,23.700000000000003,5.199999999999999,2024,8,August,241,Monsoon,False,False,False,False,False
2024-08-28,Chennai,South,35.6,28.2,0.0,43.2,5.1,Clear,31.9,7.400000000000002,2024,8,August,241,Monsoon,False,False,False,False,False
2024-08-28,Delhi,North,37.9,26.6,45.1,76.8,13.0,Rain,32.25,11.299999999999997,2024,8,August,241,Monsoon,False,False,False,False,False
2024-08-28,Jaipur,Northwest,39.7,28.9,0.0,65.2,18.5,Clear,34.3,10.800000000000004,2024,8,August,241,Monsoon,False,False,False,False,False
2024-08-28,Kolkata,East,33.6,28.5,98.7,95.6,9.1,Heavy Rain,31.05,5.100000000000001,2024,8,August,241,Monsoon,True,False,False,False,True
2024-08-28,Mumbai,West,30.8,22.6,114.2,73.1,16.1,Heavy Rain,26.700000000000003,8.2,2024,8,August,241,Monsoon,True,False,False,False,True
2024-08-29,Bengaluru,South,27.8,21.0,0.0,37.1,2.5,Clear,24.4,6.800000000000001,2024,8,August,242,Monsoon,False,False,False,False,False
2024-08-29,Chennai,South,34.4,27.6,0.0,40.1,7.2,Clear,31.0,6.799999999999997,2024,8,August,242,Monsoon,False,False,False,False,False
2024-08-29,Delhi,North,40.1,28.9,87.9,57.9,24.3,Heavy Rain,34.5,11.200000000000003,2024,8,August,242,Monsoon,True,True,False,False,True
2024-08-29,Jaipur,Northwest,38.8,26.9,0.0,90.1,2.7,Cloudy,32.849999999999994,11.899999999999999,2024,8,August,242,Monsoon,False,False,False,False,False
2024-08-29,Kolkata,East,32.4,26.6,21.8,71.4,18.5,Rain,29.5,5.799999999999997,2024,8,August,242,Monsoon,False,False,False,False,False
2024-08-29,Mumbai,West,31.1,25.0,60.1,92.7,15.0,Rain,28.05,6.100000000000001,2024,8,August,242,Monsoon,False,False,False,False,False
2024-08-30,Bengaluru,South,26.4,19.7,0.0,42.8,3.4,Clear,23.049999999999997,6.699999999999999,2024,8,August,243,Monsoon,False,False,False,False,False
2024-08-30,Chennai,South,35.1,27.4,36.6,61.9,17.5,Rain,31.25,7.700000000000003,2024,8,August,243,Monsoon,False,False,False,False,False
2024-08-30,Delhi,North,39.1,28.7,48.5,87.5,18.9,Rain,33.9,10.400000000000002,2024,8,August,243,Monsoon,False,False,False,False,False
2024-08-30,Jaipur,Northwest,37.6,27.0,129.1,71.1,6.1,Heavy Rain,32.3,10.600000000000001,2024,8,August,243,Monsoon,True,False,False,False,True
2024-08-30,Kolkata,East,36.2,27.8,76.1,81.4,7.7,Heavy Rain,32.0,8.400000000000002,2024,8,August,243,Monsoon,True,False,False,False,True
2024-08-30,Mumbai,West,34.2,27.3,51.8,66.3,15.9,Rain,30.75,6.900000000000002,2024,8,August,243,Monsoon,False,False,False,False,False
2024-08-31,Bengaluru,South,31.1,25.0,0.0,31.6,8.8,Clear,28.05,6.100000000000001,2024,8,August,244,Monsoon,False,False,False,False,False
2024-08-31,Chennai,South,32.3,25.8,4.0,64.7,25.0,Light Rain,29.049999999999997,6.4999999999999964,2024,8,August,244,Monsoon,False,False,False,False,False
2024-08-31,Delhi,North,38.6,26.6,24.7,75.0,8.7,Rain,32.6,12.0,2024,8,August,244,Monsoon,False,False,False,False,False
2024-08-31,Jaipur,Northwest,38.9,27.5,16.2,71.2,11.9,Rain,33.2,11.399999999999999,2024,8,August,244,Monsoon,False,False,False,False,False
2024-08-31,Kolkata,East,34.1,25.5,18.7,72.3,20.5,Rain,29.8,8.600000000000001,2024,8,August,244,Monsoon,False,False,False,False,False
2024-08-31,Mumbai,West,30.5,21.7,86.5,84.8,14.0,Heavy Rain,26.1,8.8,2024,8,August,244,Monsoon,True,False,False,False,True
2024-09-01,Bengaluru,South,27.4,19.4,0.0,49.8,7.4,Clear,23.4,8.0,2024,9,September,245,Monsoon,False,False,False,False,False
2024-09-01,Chennai,South,35.6,28.1,11.6,63.2,33.8,Rain,31.85,7.5,2024,9,September,245,Monsoon,False,False,False,False,False
2024-09-01,Delhi,North,39.8,30.0,0.0,74.1,5.0,Clear,34.9,9.799999999999997,2024,9,September,245,Monsoon,False,False,False,False,False
2024-09-01,Jaipur,Northwest,39.1,28.8,0.0,68.2,26.0,Clear,33.95,10.3,2024,9,September,245,Monsoon,False,False,False,False,False
2024-09-01,Kolkata,East,33.3,26.3,0.0,63.5,4.1,Clear,29.799999999999997,6.9999999999999964,2024,9,September,245,Monsoon,False,False,False,False,False
2024-09-01,Mumbai,West,32.9,26.2,18.6,85.7,22.6,Rain,29.549999999999997,6.699999999999999,2024,9,September,245,Monsoon,False,False,False,False,False
2024-09-02,Bengaluru,South,27.8,20.0,1.3,63.8,18.6,Light Rain,23.9,7.800000000000001,2024,9,September,246,Monsoon,False,False,False,False,False
2024-09-02,Chennai,South,33.2,28.2,24.4,60.2,31.2,Rain,30.700000000000003,5.0000000000000036,2024,9,September,246,Monsoon,False,False,False,False,False
2024-09-02,Delhi,North,40.0,29.8,0.0,52.5,33.1,Clear,34.9,10.2,2024,9,September,246,Monsoon,False,True,False,False,True
2024-09-02,Jaipur,Northwest,42.9,31.7,0.0,64.8,6.3,Clear,37.3,11.2,2024,9,September,246,Monsoon,False,True,False,False,True
2024-09-02,Kolkata,East,33.4,25.8,120.1,80.4,14.4,Heavy Rain,29.6,7.599999999999998,2024,9,September,246,Monsoon,True,False,False,False,True
2024-09-02,Mumbai,West,29.8,24.6,0.0,72.1,19.9,Clear,27.200000000000003,5.199999999999999,2024,9,September,246,Monsoon,False,False,False,False,False
2024-09-03,Bengaluru,South,30.0,22.6,0.0,49.1,5.9,Clear,26.3,7.399999999999999,2024,9,September,247,Monsoon,False,False,False,False,False
2024-09-03,Chennai,South,35.2,30.0,22.0,61.3,19.2,Rain,32.6,5.200000000000003,2024,9,September,247,Monsoon,False,False,False,False,False
2024-09-03,Delhi,North,35.3,24.9,16.4,72.5,14.8,Rain,30.099999999999998,10.399999999999999,2024,9,September,247,Monsoon,False,False,False,False,False
2024-09-03,Jaipur,Northwest,36.6,25.2,0.0,82.2,6.8,Cloudy,30.9,11.400000000000002,2024,9,September,247,Monsoon,False,False,False,False,False
2024-09-03,Kolkata,East,40.0,31.6,0.0,64.1,31.9,Clear,35.8,8.399999999999999,2024,9,September,247,Monsoon,False,True,False,False,True
2024-09-03,Mumbai,West,34.8,27.1,80.6,78.8,18.2,Heavy Rain,30.95,7.699999999999996,2024,9,September,247,Monsoon,True,False,False,False,True
2024-09-04,Bengaluru,South,33.1,24.7,0.0,66.7,15.7,Clear,28.9,8.400000000000002,2024,9,September,248,Monsoon,False,False,False,False,False
2024-09-04,Chennai,South,37.3,29.7,0.0,56.3,12.6,Clear,33.5,7.599999999999998,2024,9,September,248,Monsoon,False,False,False,False,False
2024-09-04,Delhi,North,37.7,25.2,132.0,72.0,13.2,Heavy Rain,31.450000000000003,12.500000000000004,2024,9,September,248,Monsoon,True,False,False,False,True
2024-09-04,Jaipur,Northwest,40.5,28.7,0.3,85.0,26.7,Light Rain,34.6,11.8,2024,9,September,248,Monsoon,False,True,False,False,True
2024-09-04,Kolkata,East,30.3,22.7,13.7,88.5,12.0,Rain,26.5,7.600000000000001,2024,9,September,248,Monsoon,False,False,False,False,False
2024-09-04,Mumbai,West,32.3,26.7,112.5,70.7,19.4,Heavy Rain,29.5,5.599999999999998,2024,9,September,248,Monsoon,True,False,False,False,True
2024-09-05,Bengaluru,South,26.5,20.8,0.0,55.9,9.3,Clear,23.65,5.699999999999999,2024,9,September,249,Monsoon,False,False,False,False,False
2024-09-05,Chennai,South,34.2,26.7,0.0,50.9,9.1,Clear,30.450000000000003,7.5000000000000036,2024,9,September,249,Monsoon,False,False,False,False,False
2024-09-05,Delhi,North,38.6,25.1,42.9,67.7,25.6,Rain,31.85,13.5,2024,9,September,249,Monsoon,False,False,False,False,False
2024-09-05,Jaipur,Northwest,40.6,29.9,9.5,76.7,12.2,Light Rain,35.25,10.700000000000003,2024,9,September,249,Monsoon,False,True,False,False,True
2024-09-05,Kolkata,East,31.8,23.5,0.0,77.2,10.5,Clear,27.65,8.3,2024,9,September,249,Monsoon,False,False,False,False,False
2024-09-05,Mumbai,West,33.3,25.0,51.3,85.0,15.2,Rain,29.15,8.299999999999997,2024,9,September,249,Monsoon,False,False,False,False,False
2024-09-06,Bengaluru,South,28.5,22.3,0.0,58.7,8.0,Clear,25.4,6.199999999999999,2024,9,September,250,Monsoon,False,False,False,False,False
2024-09-06,Chennai,South,33.8,27.1,14.6,55.5,22.8,Rain,30.45,6.699999999999996,2024,9,September,250,Monsoon,False,False,False,False,False
2024-09-06,Delhi,North,36.9,25.4,56.4,67.1,8.2,Rain,31.15,11.5,2024,9,September,250,Monsoon,False,False,False,False,False
2024-09-06,Jaipur,Northwest,40.6,30.2,29.2,76.2,27.2,Rain,35.4,10.400000000000002,2024,9,September,250,Monsoon,False,True,False,False,True
2024-09-06,Kolkata,East,34.2,26.6,6.8,83.5,12.5,Light Rain,30.400000000000002,7.600000000000001,2024,9,September,250,Monsoon,False,False,False,False,False
2024-09-06,Mumbai,West,33.2,27.1,60.9,81.6,16.5,Rain,30.150000000000002,6.100000000000001,2024,9,September,250,Monsoon,False,False,False,False,False
2024-09-07,Bengaluru,South,26.2,19.6,27.2,56.9,11.5,Rain,22.9,6.599999999999998,2024,9,September,251,Monsoon,False,False,False,False,False
2024-09-07,Chennai,South,34.2,27.2,0.0,46.9,14.6,Clear,30.700000000000003,7.0000000000000036,2024,9,September,251,Monsoon,False,False,False,False,False
2024-09-07,Delhi,North,35.0,25.9,113.2,81.7,9.6,Heavy Rain,30.45,9.100000000000001,2024,9,September,251,Monsoon,True,False,False,False,True
2024-09-07,Jaipur,Northwest,39.7,28.4,151.7,72.8,8.7,Heavy Rain,34.05,11.300000000000004,2024,9,September,251,Monsoon,True,False,False,False,True
2024-09-07,Kolkata,East,33.3,26.7,88.9,80.6,19.3,Heavy Rain,30.0,6.599999999999998,2024,9,September,251,Monsoon,True,False,False,False,True
2024-09-07,Mumbai,West,33.1,26.3,33.5,71.1,16.0,Rain,29.700000000000003,6.800000000000001,2024,9,September,251,Monsoon,False,False,False,False,False
2024-09-08,Bengaluru,South,29.5,23.0,19.2,47.5,18.3,Rain,26.25,6.5,2024,9,September,252,Monsoon,False,False,False,False,False
2024-09-08,Chennai,South,30.0,24.0,8.7,56.2,20.7,Light Rain,27.0,6.0,2024,9,September,252,Monsoon,False,False,False,False,False
2024-09-08,Delhi,North,36.4,25.3,0.0,72.6,8.0,Clear,30.85,11.099999999999998,2024,9,September,252,Monsoon,False,False,False,False,False
2024-09-08,Jaipur,Northwest,38.8,29.8,95.8,67.3,32.2,Heavy Rain,34.3,8.999999999999996,2024,9,September,252,Monsoon,True,False,False,False,True
2024-09-08,Kolkata,East,29.0,24.0,69.3,91.7,10.4,Heavy Rain,26.5,5.0,2024,9,September,252,Monsoon,True,False,False,False,True
2024-09-08,Mumbai,West,32.6,25.6,69.5,69.6,7.0,Heavy Rain,29.1,7.0,2024,9,September,252,Monsoon,True,False,False,False,True
2024-09-09,Bengaluru,South,29.9,22.6,0.0,54.8,0.7,Clear,26.25,7.299999999999997,2024,9,September,253,Monsoon,False,False,False,False,False
2024-09-09,Chennai,South,33.7,26.6,30.4,62.5,10.9,Rain,30.150000000000002,7.100000000000001,2024,9,September,253,Monsoon,False,False,False,False,False
2024-09-09,Delhi,North,36.0,24.8,93.8,86.2,8.6,Heavy Rain,30.4,11.2,2024,9,September,253,Monsoon,True,False,False,False,True
2024-09-09,Jaipur,Northwest,38.3,27.0,168.0,85.4,11.2,Heavy Rain,32.65,11.299999999999997,2024,9,September,253,Monsoon,True,False,False,False,True
2024-09-09,Kolkata,East,29.7,24.2,157.1,89.4,16.6,Heavy Rain,26.95,5.5,2024,9,September,253,Monsoon,True,False,False,False,True
2024-09-09,Mumbai,West,30.0,24.4,22.9,91.4,7.9,Rain,27.2,5.600000000000001,2024,9,September,253,Monsoon,False,False,False,False,False
2024-09-10,Bengaluru,South,26.9,21.4,0.0,47.9,20.3,Clear,24.15,5.5,2024,9,September,254,Monsoon,False,False,False,False,False
2024-09-10,Chennai,South,34.4,26.4,1.8,75.5,15.0,Light Rain,30.4,8.0,2024,9,September,254,Monsoon,False,False,False,False,False
2024-09-10,Delhi,North,36.0,23.7,63.7,73.5,14.5,Rain,29.85,12.3,2024,9,September,254,Monsoon,False,False,False,False,False
2024-09-10,Jaipur,Northwest,39.1,29.0,28.5,74.2,21.3,Rain,34.05,10.100000000000001,2024,9,September,254,Monsoon,False,False,False,False,False
2024-09-10,Kolkata,East,36.8,26.9,0.0,73.1,2.7,Clear,31.849999999999998,9.899999999999999,2024,9,September,254,Monsoon,False,False,False,False,False
2024-09-10,Mumbai,West,34.4,28.7,39.6,71.6,15.7,Rain,31.549999999999997,5.699999999999999,2024,9,September,254,Monsoon,False,False,False,False,False
2024-09-11,Bengaluru,South,26.9,20.4,0.0,50.4,9.8,Clear,23.65,6.5,2024,9,September,255,Monsoon,False,False,False,False,False
2024-09-11,Chennai,South,35.5,27.9,0.0,57.9,32.9,Clear,31.7,7.600000000000001,2024,9,September,255,Monsoon,False,False,False,False,False
2024-09-11,Delhi,North,37.4,25.1,158.6,78.3,12.7,Heavy Rain,31.25,12.299999999999997,2024,9,September,255,Monsoon,True,False,False,False,True
2024-09-11,Jaipur,Northwest,34.4,22.3,90.1,81.1,11.2,Heavy Rain,28.35,12.099999999999998,2024,9,September,255,Monsoon,True,False,False,False,True
2024-09-11,Kolkata,East,33.3,25.6,34.9,83.5,11.5,Rain,29.45,7.699999999999996,2024,9,September,255,Monsoon,False,False,False,False,False
2024-09-11,Mumbai,West,30.3,25.3,0.0,72.2,9.9,Clear,27.8,5.0,2024,9,September,255,Monsoon,False,False,False,False,False
2024-09-12,Bengaluru,South,30.3,22.1,0.0,50.0,14.1,Clear,26.200000000000003,8.2,2024,9,September,256,Monsoon,False,False,False,False,False
2024-09-12,Chennai,South,30.6,24.3,0.0,47.6,14.0,Clear,27.450000000000003,6.300000000000001,2024,9,September,256,Monsoon,False,False,False,False,False
2024-09-12,Delhi,North,34.9,23.8,135.8,83.7,19.1,Heavy Rain,29.35,11.099999999999998,2024,9,September,256,Monsoon,True,False,False,False,True
2024-09-12,Jaipur,Northwest,37.9,26.7,0.0,77.0,7.2,Clear,32.3,11.2,2024,9,September,256,Monsoon,False,False,False,False,False
2024-09-12,Kolkata,East,35.0,27.4,23.4,74.3,15.1,Rain,31.2,7.600000000000001,2024,9,September,256,Monsoon,False,False,False,False,False
2024-09-12,Mumbai,West,29.9,23.6,0.0,75.2,10.8,Clear,26.75,6.299999999999997,2024,9,September,256,Monsoon,False,False,False,False,False
2024-09-13,Bengaluru,South,27.1,19.2,0.0,52.5,9.0,Clear,23.15,7.900000000000002,2024,9,September,257,Monsoon,False,False,False,False,False
2024-09-13,Chennai,South,35.5,26.9,0.0,57.6,2.5,Clear,31.2,8.600000000000001,2024,9,September,257,Monsoon,False,False,False,False,False
2024-09-13,Delhi,North,39.2,26.0,128.0,90.9,11.8,Heavy Rain,32.6,13.200000000000003,2024,9,September,257,Monsoon,True,False,False,False,True
2024-09-13,Jaipur,Northwest,39.5,29.6,12.8,76.7,11.6,Rain,34.55,9.899999999999999,2024,9,September,257,Monsoon,False,False,False,False,False
2024-09-13,Kolkata,East,32.8,25.2,0.0,74.4,7.2,Clear,29.0,7.599999999999998,2024,9,September,257,Monsoon,False,False,False,False,False
2024-09-13,Mumbai,West,32.4,24.9,252.9,85.8,24.0,Heavy Rain,28.65,7.5,2024,9,September,257,Monsoon,True,False,False,False,True
2024-09-14,Bengaluru,South,25.6,18.2,0.0,52.5,11.9,Clear,21.9,7.400000000000002,2024,9,September,258,Monsoon,False,False,False,False,False
2024-09-14,Chennai,South,34.8,27.9,30.5,59.3,10.4,Rain,31.349999999999998,6.899999999999999,2024,9,September,258,Monsoon,False,False,False,False,False
2024-09-14,Delhi,North,36.2,25.2,88.8,76.7,15.1,Heavy Rain,30.700000000000003,11.000000000000004,2024,9,September,258,Monsoon,True,False,False,False,True
2024-09-14,Jaipur,Northwest,34.9,22.0,124.2,86.0,15.2,Heavy Rain,28.45,12.899999999999999,2024,9,September,258,Monsoon,True,False,False,False,True
2024-09-14,Kolkata,East,31.9,23.2,124.9,93.3,11.0,Heavy Rain,27.549999999999997,8.7,2024,9,September,258,Monsoon,True,False,False,False,True
2024-09-14,Mumbai,West,31.4,26.4,0.0,81.3,10.6,Clear,28.9,5.0,2024,9,September,258,Monsoon,False,False,False,False,False
2024-09-15,Bengaluru,South,27.7,21.1,49.1,67.0,11.8,Rain,24.4,6.599999999999998,2024,9,September,259,Monsoon,False,False,False,False,False
2024-09-15,Chennai,South,32.2,27.2,0.0,56.4,11.7,Clear,29.700000000000003,5.0000000000000036,2024,9,September,259,Monsoon,False,False,False,False,False
2024-09-15,Delhi,North,36.9,24.8,289.4,76.1,21.2,Heavy Rain,30.85,12.099999999999998,2024,9,September,259,Monsoon,True,False,False,False,True
2024-09-15,Jaipur,Northwest,35.3,24.7,51.6,78.0,16.5,Rain,30.0,10.599999999999998,2024,9,September,259,Monsoon,False,False,False,False,False
2024-09-15,Kolkata,East,30.4,24.3,95.1,85.7,9.8,Heavy Rain,27.35,6.099999999999998,2024,9,September,259,Monsoon,True,False,False,False,True
2024-09-15,Mumbai,West,29.9,21.5,14.8,83.1,11.6,Rain,25.7,8.399999999999999,2024,9,September,259,Monsoon,False,False,False,False,False
2024-09-16,Bengaluru,South,25.0,19.9,11.1,48.3,26.0,Rain,22.45,5.100000000000001,2024,9,September,260,Monsoon,False,False,False,False,False
2024-09-16,Chennai,South,36.4,28.9,17.3,49.5,19.4,Rain,32.65,7.5,2024,9,September,260,Monsoon,False,False,False,False,False
2024-09-16,Delhi,North,38.8,26.1,85.4,93.5,23.7,Heavy Rain,32.45,12.699999999999996,2024,9,September,260,Monsoon,True,False,False,False,True
2024-09-16,Jaipur,Northwest,36.3,26.0,21.0,78.7,12.5,Rain,31.15,10.299999999999997,2024,9,September,260,Monsoon,False,False,False,False,False
2024-09-16,Kolkata,East,30.1,22.6,15.4,82.2,22.9,Rain,26.35,7.5,2024,9,September,260,Monsoon,False,False,False,False,False
2024-09-16,Mumbai,West,34.7,28.7,54.0,75.0,12.0,Rain,31.700000000000003,6.0000000000000036,2024,9,September,260,Monsoon,False,False,False,False,False
2024-09-17,Bengaluru,South,27.8,17.3,0.0,52.9,2.9,Clear,22.55,10.5,2024,9,September,261,Monsoon,False,False,False,False,False
2024-09-17,Chennai,South,31.3,24.5,0.0,57.6,12.5,Clear,27.9,6.800000000000001,2024,9,September,261,Monsoon,False,False,False,False,False
2024-09-17,Delhi,North,33.2,22.8,45.2,82.0,12.3,Rain,28.0,10.400000000000002,2024,9,September,261,Monsoon,False,False,False,False,False
2024-09-17,Jaipur,Northwest,37.1,25.6,86.5,72.2,12.3,Heavy Rain,31.35,11.5,2024,9,September,261,Monsoon,True,False,False,False,True
2024-09-17,Kolkata,East,34.6,28.5,24.6,92.9,14.2,Rain,31.55,6.100000000000001,2024,9,September,261,Monsoon,False,False,False,False,False
2024-09-17,Mumbai,West,33.6,24.2,141.8,79.0,22.3,Heavy Rain,28.9,9.400000000000002,2024,9,September,261,Monsoon,True,False,False,False,True
2024-09-18,Bengaluru,South,29.8,24.7,0.0,53.8,3.8,Clear,27.25,5.100000000000001,2024,9,September,262,Monsoon,False,False,False,False,False
2024-09-18,Chennai,South,32.4,26.6,11.6,52.1,14.0,Rain,29.5,5.799999999999997,2024,9,September,262,Monsoon,False,False,False,False,False
2024-09-18,Delhi,North,35.4,22.6,0.0,77.2,21.1,Clear,29.0,12.799999999999997,2024,9,September,262,Monsoon,False,False,False,False,False
2024-09-18,Jaipur,Northwest,37.1,27.5,26.9,88.2,10.0,Rain,32.3,9.600000000000001,2024,9,September,262,Monsoon,False,False,False,False,False
2024-09-18,Kolkata,East,33.3,26.2,196.3,83.2,35.6,Heavy Rain,29.75,7.099999999999998,2024,9,September,262,Monsoon,True,False,False,False,True
2024-09-18,Mumbai,West,34.2,25.5,34.2,74.5,7.4,Rain,29.85,8.700000000000003,2024,9,September,262,Monsoon,False,False,False,False,False
2024-09-19,Bengaluru,South,30.0,22.5,0.0,39.7,5.2,Clear,26.25,7.5,2024,9,September,263,Monsoon,False,False,False,False,False
2024-09-19,Chennai,South,35.1,29.1,0.0,48.7,9.3,Clear,32.1,6.0,2024,9,September,263,Monsoon,False,False,False,False,False
2024-09-19,Delhi,North,35.6,25.1,20.5,79.6,16.3,Rain,30.35,10.5,2024,9,September,263,Monsoon,False,False,False,False,False
2024-09-19,Jaipur,Northwest,37.4,25.7,11.1,84.0,24.1,Rain,31.549999999999997,11.7,2024,9,September,263,Monsoon,False,False,False,False,False
2024-09-19,Kolkata,East,32.5,24.6,58.8,74.3,17.3,Rain,28.55,7.899999999999999,2024,9,September,263,Monsoon,False,False,False,False,False
2024-09-19,Mumbai,West,34.1,26.1,8.6,87.6,17.9,Light Rain,30.1,8.0,2024,9,September,263,Monsoon,False,False,False,False,False
2024-09-20,Bengaluru,South,26.9,20.5,0.0,59.6,8.1,Clear,23.7,6.399999999999999,2024,9,September,264,Monsoon,False,False,False,False,False
2024-09-20,Chennai,South,32.6,23.6,5.5,68.3,9.0,Light Rain,28.1,9.0,2024,9,September,264,Monsoon,False,False,False,False,False
2024-09-20,Delhi,North,33.4,22.5,78.3,83.7,8.6,Heavy Rain,27.95,10.899999999999999,2024,9,September,264,Monsoon,True,False,False,False,True
2024-09-20,Jaipur,Northwest,34.5,24.2,0.0,71.1,7.1,Clear,29.35,10.3,2024,9,September,264,Monsoon,False,False,False,False,False
2024-09-20,Kolkata,East,29.9,22.7,0.0,84.4,15.2,Cloudy,26.299999999999997,7.199999999999999,2024,9,September,264,Monsoon,False,False,False,False,False
2024-09-20,Mumbai,West,34.6,27.5,85.0,83.9,17.0,Heavy Rain,31.05,7.100000000000001,2024,9,September,264,Monsoon,True,False,False,False,True
2024-09-21,Bengaluru,South,27.4,21.0,20.4,53.7,23.8,Rain,24.2,6.399999999999999,2024,9,September,265,Monsoon,False,False,False,False,False
2024-09-21,Chennai,South,30.4,23.5,0.0,59.1,6.2,Clear,26.95,6.899999999999999,2024,9,September,265,Monsoon,False,False,False,False,False
2024-09-21,Delhi,North,33.5,24.9,145.8,84.7,12.9,Heavy Rain,29.2,8.600000000000001,2024,9,September,265,Monsoon,True,False,False,False,True
2024-09-21,Jaipur,Northwest,32.7,25.0,0.0,83.0,4.3,Cloudy,28.85,7.700000000000003,2024,9,September,265,Monsoon,False,False,False,False,False
2024-09-21,Kolkata,East,32.8,24.4,6.7,71.6,6.7,Light Rain,28.599999999999998,8.399999999999999,2024,9,September,265,Monsoon,False,False,False,False,False
2024-09-21,Mumbai,West,34.4,26.2,142.7,64.8,13.4,Heavy Rain,30.299999999999997,8.2,2024,9,September,265,Monsoon,True,False,False,False,True
2024-09-22,Bengaluru,South,28.9,23.2,0.0,44.7,10.6,Clear,26.049999999999997,5.699999999999999,2024,9,September,266,Monsoon,False,False,False,False,False
2024-09-22,Chennai,South,31.3,25.3,0.0,56.5,20.1,Clear,28.3,6.0,2024,9,September,266,Monsoon,False,False,False,False,False
2024-09-22,Delhi,North,34.8,24.7,0.0,73.0,3.6,Clear,29.75,10.099999999999998,2024,9,September,266,Monsoon,False,False,False,False,False
2024-09-22,Jaipur,Northwest,34.1,23.8,0.0,73.5,7.5,Clear,28.950000000000003,10.3,2024,9,September,266,Monsoon,False,False,False,False,False
2024-09-22,Kolkata,East,31.1,23.2,138.8,66.2,16.8,Heavy Rain,27.15,7.900000000000002,2024,9,September,266,Monsoon,True,False,False,False,True
2024-09-22,Mumbai,West,33.8,25.7,43.7,77.6,10.2,Rain,29.75,8.099999999999998,2024,9,September,266,Monsoon,False,False,False,False,False
2024-09-23,Bengaluru,South,25.8,17.6,12.5,74.5,11.8,Rain,21.700000000000003,8.2,2024,9,September,267,Monsoon,False,False,False,False,False
2024-09-23,Chennai,South,32.6,25.2,0.0,55.0,15.1,Clear,28.9,7.400000000000002,2024,9,September,267,Monsoon,False,False,False,False,False
2024-09-23,Delhi,North,34.8,23.2,0.0,65.0,13.4,Clear,29.0,11.599999999999998,2024,9,September,267,Monsoon,False,False,False,False,False
2024-09-23,Jaipur,Northwest,31.4,20.7,104.8,78.1,17.9,Heavy Rain,26.049999999999997,10.7,2024,9,September,267,Monsoon,True,False,False,False,True
2024-09-23,Kolkata,East,29.6,24.1,44.8,80.0,16.6,Rain,26.85,5.5,2024,9,September,267,Monsoon,False,False,False,False,False
2024-09-23,Mumbai,West,33.1,26.1,46.5,84.5,11.0,Rain,29.6,7.0,2024,9,September,267,Monsoon,False,False,False,False,False
2024-09-24,Bengaluru,South,30.3,25.0,43.5,48.0,35.9,Rain,27.65,5.300000000000001,2024,9,September,268,Monsoon,False,False,False,False,False
2024-09-24,Chennai,South,34.3,28.4,0.0,50.3,3.6,Clear,31.349999999999998,5.899999999999999,2024,9,September,268,Monsoon,False,False,False,False,False
2024-09-24,Delhi,North,31.7,21.9,0.0,58.1,3.9,Clear,26.799999999999997,9.8,2024,9,September,268,Monsoon,False,False,False,False,False
2024-09-24,Jaipur,Northwest,37.4,25.8,57.3,80.9,17.5,Rain,31.6,11.599999999999998,2024,9,September,268,Monsoon,False,False,False,False,False
2024-09-24,Kolkata,East,32.9,26.3,31.9,92.3,8.2,Rain,29.6,6.599999999999998,2024,9,September,268,Monsoon,False,False,False,False,False
2024-09-24,Mumbai,West,33.2,25.8,186.5,89.5,12.7,Heavy Rain,29.5,7.400000000000002,2024,9,September,268,Monsoon,True,False,False,False,True
2024-09-25,Bengaluru,South,28.1,22.6,0.0,52.9,2.6,Clear,25.35,5.5,2024,9,September,269,Monsoon,False,False,False,False,False
2024-09-25,Chennai,South,33.5,28.5,0.0,55.1,7.1,Clear,31.0,5.0,2024,9,September,269,Monsoon,False,False,False,False,False
2024-09-25,Delhi,North,34.0,24.2,30.9,80.0,22.8,Rain,29.1,9.8,2024,9,September,269,Monsoon,False,False,False,False,False
2024-09-25,Jaipur,Northwest,36.7,25.1,0.0,70.7,3.2,Clear,30.900000000000002,11.600000000000001,2024,9,September,269,Monsoon,False,False,False,False,False
2024-09-25,Kolkata,East,31.4,23.1,158.6,74.5,20.2,Heavy Rain,27.25,8.299999999999997,2024,9,September,269,Monsoon,True,False,False,False,True
2024-09-25,Mumbai,West,30.1,24.3,0.0,71.1,13.5,Clear,27.200000000000003,5.800000000000001,2024,9,September,269,Monsoon,False,False,False,False,False
2024-09-26,Bengaluru,South,29.2,22.6,0.0,57.1,12.5,Clear,25.9,6.599999999999998,2024,9,September,270,Monsoon,False,False,False,False,False
2024-09-26,Chennai,South,33.9,27.1,0.0,52.1,2.1,Clear,30.5,6.799999999999997,2024,9,September,270,Monsoon,False,False,False,False,False
2024-09-26,Delhi,North,37.4,25.2,46.4,75.8,9.0,Rain,31.299999999999997,12.2,2024,9,September,270,Monsoon,False,False,False,False,False
2024-09-26,Jaipur,Northwest,34.0,23.2,33.4,86.3,15.6,Rain,28.6,10.8,2024,9,September,270,Monsoon,False,False,False,False,False
2024-09-26,Kolkata,East,30.7,25.7,0.0,66.9,10.9,Clear,28.2,5.0,2024,9,September,270,Monsoon,False,False,False,False,False
2024-09-26,Mumbai,West,30.3,23.4,72.6,77.2,21.2,Heavy Rain,26.85,6.900000000000002,2024,9,September,270,Monsoon,True,False,False,False,True
2024-09-27,Bengaluru,South,26.3,19.1,0.0,47.0,8.8,Clear,22.700000000000003,7.199999999999999,2024,9,September,271,Monsoon,False,False,False,False,False
2024-09-27,Chennai,South,32.6,25.0,49.8,41.3,13.5,Rain,28.8,7.600000000000001,2024,9,September,271,Monsoon,False,False,False,False,False
2024-09-27,Delhi,North,31.4,20.7,56.5,75.0,14.1,Rain,26.049999999999997,10.7,2024,9,September,271,Monsoon,False,False,False,False,False
2024-09-27,Jaipur,Northwest,38.1,24.5,0.0,71.9,8.2,Clear,31.3,13.600000000000001,2024,9,September,271,Monsoon,False,False,False,False,False
2024-09-27,Kolkata,East,27.1,21.1,157.2,82.4,33.8,Heavy Rain,24.1,6.0,2024,9,September,271,Monsoon,True,False,False,False,True
2024-09-27,Mumbai,West,31.7,23.6,32.0,79.2,9.0,Rain,27.65,8.099999999999998,2024,9,September,271,Monsoon,False,False,False,False,False
2024-09-28,Bengaluru,South,27.9,21.5,0.0,42.5,14.5,Clear,24.7,6.399999999999999,2024,9,September,272,Monsoon,False,False,False,False,False
2024-09-28,Chennai,South,28.2,21.7,26.5,66.1,7.7,Rain,24.95,6.5,2024,9,September,272,Monsoon,False,False,False,False,False
2024-09-28,Delhi,North,32.2,22.6,37.1,67.5,15.1,Rain,27.400000000000002,9.600000000000001,2024,9,September,272,Monsoon,False,False,False,False,False
2024-09-28,Jaipur,Northwest,34.8,23.2,32.3,93.2,19.2,Rain,29.0,11.599999999999998,2024,9,September,272,Monsoon,False,False,False,False,False
2024-09-28,Kolkata,East,29.8,21.5,6.8,81.3,8.0,Light Rain,25.65,8.3,2024,9,September,272,Monsoon,False,False,False,False,False
2024-09-28,Mumbai,West,29.9,23.6,68.7,71.3,18.0,Heavy Rain,26.75,6.299999999999997,2024,9,September,272,Monsoon,True,False,False,False,True
2024-09-29,Bengaluru,South,25.5,16.8,0.0,53.6,7.6,Clear,21.15,8.7,2024,9,September,273,Monsoon,False,False,False,False,False
2024-09-29,Chennai,South,29.5,24.5,0.0,61.7,4.8,Clear,27.0,5.0,2024,9,September,273,Monsoon,False,False,False,False,False
2024-09-29,Delhi,North,32.6,23.5,0.0,79.2,4.6,Clear,28.05,9.100000000000001,2024,9,September,273,Monsoon,False,False,False,False,False
2024-09-29,Jaipur,Northwest,36.9,25.7,0.0,80.1,7.1,Clear,31.299999999999997,11.2,2024,9,September,273,Monsoon,False,False,False,False,False
2024-09-29,Kolkata,East,29.9,22.6,29.1,71.2,28.2,Rain,26.25,7.299999999999997,2024,9,September,273,Monsoon,False,False,False,False,False
2024-09-29,Mumbai,West,32.8,24.9,26.2,77.4,13.2,Rain,28.849999999999998,7.899999999999999,2024,9,September,273,Monsoon,False,False,False,False,False
2024-09-30,Bengaluru,South,28.2,21.9,25.2,54.3,8.5,Rain,25.049999999999997,6.300000000000001,2024,9,September,274,Monsoon,False,False,False,False,False
2024-09-30,Chennai,South,31.5,24.3,0.0,52.5,2.2,Clear,27.9,7.199999999999999,2024,9,September,274,Monsoon,False,False,False,False,False
2024-09-30,Delhi,North,34.6,23.4,191.7,85.2,8.7,Heavy Rain,29.0,11.200000000000003,2024,9,September,274,Monsoon,True,False,False,False,True
2024-09-30,Jaipur,Northwest,34.2,24.6,10.4,68.1,17.5,Rain,29.400000000000002,9.600000000000001,2024,9,September,274,Monsoon,False,False,False,False,False
2024-09-30,Kolkata,East,31.8,26.8,0.0,80.8,9.1,Clear,29.3,5.0,2024,9,September,274,Monsoon,False,False,False,False,False
2024-09-30,Mumbai,West,31.1,24.0,0.0,66.7,4.7,Clear,27.55,7.100000000000001,2024,9,September,274,Monsoon,False,False,False,False,False
2024-10-01,Bengaluru,South,28.1,22.1,0.0,69.7,2.1,Clear,25.1,6.0,2024,10,October,275,Post-Monsoon,False,False,False,False,False
2024-10-01,Chennai,South,30.7,24.2,44.6,96.2,11.5,Rain,27.45,6.5,2024,10,October,275,Post-Monsoon,False,False,False,False,False
2024-10-01,Delhi,North,33.4,21.5,0.0,50.8,5.8,Clear,27.45,11.899999999999999,2024,10,October,275,Post-Monsoon,False,False,False,False,False
2024-10-01,Jaipur,Northwest,36.6,27.8,0.0,52.0,38.2,Clear,32.2,8.8,2024,10,October,275,Post-Monsoon,False,False,False,False,False
2024-10-01,Kolkata,East,34.1,25.2,0.0,61.5,1.9,Clear,29.65,8.900000000000002,2024,10,October,275,Post-Monsoon,False,False,False,False,False
2024-10-01,Mumbai,West,28.6,23.2,0.3,49.4,12.7,Light Rain,25.9,5.400000000000002,2024,10,October,275,Post-Monsoon,False,False,False,False,False
2024-10-02,Bengaluru,South,26.9,19.2,0.0,49.0,5.5,Clear,23.049999999999997,7.699999999999999,2024,10,October,276,Post-Monsoon,False,False,False,False,False
2024-10-02,Chennai,South,35.0,27.4,69.3,70.4,12.3,Heavy Rain,31.2,7.600000000000001,2024,10,October,276,Post-Monsoon,True,False,False,False,True
2024-10-02,Delhi,North,34.3,23.0,0.0,46.8,14.5,Clear,28.65,11.299999999999997,2024,10,October,276,Post-Monsoon,False,False,False,False,False
2024-10-02,Jaipur,Northwest,34.1,22.0,11.7,65.9,17.0,Rain,28.05,12.100000000000001,2024,10,October,276,Post-Monsoon,False,False,False,False,False
2024-10-02,Kolkata,East,29.9,21.8,9.9,50.9,10.5,Light Rain,25.85,8.099999999999998,2024,10,October,276,Post-Monsoon,False,False,False,False,False
2024-10-02,Mumbai,West,31.6,24.8,17.3,54.7,12.5,Rain,28.200000000000003,6.800000000000001,2024,10,October,276,Post-Monsoon,False,False,False,False,False
2024-10-03,Bengaluru,South,25.3,20.3,17.4,75.0,20.3,Rain,22.8,5.0,2024,10,October,277,Post-Monsoon,False,False,False,False,False
2024-10-03,Chennai,South,32.9,26.0,9.2,66.7,14.0,Light Rain,29.45,6.899999999999999,2024,10,October,277,Post-Monsoon,False,False,False,False,False
2024-10-03,Delhi,North,35.7,23.5,0.0,48.7,5.9,Clear,29.6,12.200000000000003,2024,10,October,277,Post-Monsoon,False,False,False,False,False
2024-10-03,Jaipur,Northwest,35.1,25.7,0.0,58.7,15.6,Clear,30.4,9.400000000000002,2024,10,October,277,Post-Monsoon,False,False,False,False,False
2024-10-03,Kolkata,East,29.3,20.6,20.0,68.2,9.7,Rain,24.950000000000003,8.7,2024,10,October,277,Post-Monsoon,False,False,False,False,False
2024-10-03,Mumbai,West,31.8,25.5,0.0,61.5,10.1,Clear,28.65,6.300000000000001,2024,10,October,277,Post-Monsoon,False,False,False,False,False
2024-10-04,Bengaluru,South,24.7,18.3,0.0,46.4,11.9,Clear,21.5,6.399999999999999,2024,10,October,278,Post-Monsoon,False,False,False,False,False
2024-10-04,Chennai,South,31.4,26.1,16.1,77.1,13.8,Rain,28.75,5.299999999999997,2024,10,October,278,Post-Monsoon,False,False,False,False,False
2024-10-04,Delhi,North,31.1,20.2,0.0,58.5,6.9,Clear,25.65,10.900000000000002,2024,10,October,278,Post-Monsoon,False,False,False,False,False
2024-10-04,Jaipur,Northwest,32.9,23.7,0.0,49.5,5.3,Clear,28.299999999999997,9.2,2024,10,October,278,Post-Monsoon,False,False,False,False,False
2024-10-04,Kolkata,East,28.8,21.9,29.9,65.3,25.3,Rain,25.35,6.900000000000002,2024,10,October,278,Post-Monsoon,False,False,False,False,False
2024-10-04,Mumbai,West,33.0,24.2,26.2,53.6,9.7,Rain,28.6,8.8,2024,10,October,278,Post-Monsoon,False,False,False,False,False
2024-10-05,Bengaluru,South,27.7,20.3,9.1,59.7,18.5,Light Rain,24.0,7.399999999999999,2024,10,October,279,Post-Monsoon,False,False,False,False,False
2024-10-05,Chennai,South,31.4,22.6,0.0,55.2,1.8,Clear,27.0,8.799999999999997,2024,10,October,279,Post-Monsoon,False,False,False,False,False
2024-10-05,Delhi,North,29.4,17.5,0.0,47.4,18.9,Clear,23.45,11.899999999999999,2024,10,October,279,Post-Monsoon,False,False,False,False,False
2024-10-05,Jaipur,Northwest,35.9,25.4,13.8,52.8,14.2,Rain,30.65,10.5,2024,10,October,279,Post-Monsoon,False,False,False,False,False
2024-10-05,Kolkata,East,30.3,23.9,16.6,66.9,13.5,Rain,27.1,6.400000000000002,2024,10,October,279,Post-Monsoon,False,False,False,False,False
2024-10-05,Mumbai,West,28.8,23.0,26.6,57.6,29.6,Rain,25.9,5.800000000000001,2024,10,October,279,Post-Monsoon,False,False,False,False,False
2024-10-06,Bengaluru,South,29.3,21.0,0.6,51.5,13.6,Light Rain,25.15,8.3,2024,10,October,280,Post-Monsoon,False,False,False,False,False
2024-10-06,Chennai,South,32.1,27.1,68.9,71.6,14.9,Heavy Rain,29.6,5.0,2024,10,October,280,Post-Monsoon,True,False,False,False,True
2024-10-06,Delhi,North,33.5,22.0,11.0,71.0,13.7,Rain,27.75,11.5,2024,10,October,280,Post-Monsoon,False,False,False,False,False
2024-10-06,Jaipur,Northwest,34.3,23.6,29.5,37.5,14.0,Rain,28.95,10.699999999999996,2024,10,October,280,Post-Monsoon,False,False,False,False,False
2024-10-06,Kolkata,East,31.3,23.5,3.2,62.8,26.7,Light Rain,27.4,7.800000000000001,2024,10,October,280,Post-Monsoon,False,False,False,False,False
2024-10-06,Mumbai,West,28.1,23.1,19.2,53.1,6.3,Rain,25.6,5.0,2024,10,October,280,Post-Monsoon,False,False,False,False,False
2024-10-07,Bengaluru,South,25.6,19.0,0.0,53.1,17.3,Clear,22.3,6.600000000000001,2024,10,October,281,Post-Monsoon,False,False,False,False,False
2024-10-07,Chennai,South,34.1,26.8,156.2,74.9,17.0,Heavy Rain,30.450000000000003,7.300000000000001,2024,10,October,281,Post-Monsoon,True,False,False,False,True
2024-10-07,Delhi,North,30.4,21.5,0.0,38.8,4.9,Clear,25.95,8.899999999999999,2024,10,October,281,Post-Monsoon,False,False,False,False,False
2024-10-07,Jaipur,Northwest,34.8,22.5,0.0,51.8,19.8,Clear,28.65,12.299999999999997,2024,10,October,281,Post-Monsoon,False,False,False,False,False
2024-10-07,Kolkata,East,32.4,24.0,0.0,47.3,5.4,Clear,28.2,8.399999999999999,2024,10,October,281,Post-Monsoon,False,False,False,False,False
2024-10-07,Mumbai,West,30.6,22.5,0.0,41.4,10.1,Clear,26.55,8.100000000000001,2024,10,October,281,Post-Monsoon,False,False,False,False,False
2024-10-08,Bengaluru,South,25.7,18.0,0.0,55.9,11.2,Clear,21.85,7.699999999999999,2024,10,October,282,Post-Monsoon,False,False,False,False,False
2024-10-08,Chennai,South,30.9,23.6,25.9,72.9,13.8,Rain,27.25,7.299999999999997,2024,10,October,282,Post-Monsoon,False,False,False,False,False
2024-10-08,Delhi,North,30.8,19.7,0.0,54.2,5.9,Clear,25.25,11.100000000000001,2024,10,October,282,Post-Monsoon,False,False,False,False,False
2024-10-08,Jaipur,Northwest,35.2,24.3,0.0,47.7,18.0,Clear,29.75,10.900000000000002,2024,10,October,282,Post-Monsoon,False,False,False,False,False
2024-10-08,Kolkata,East,31.9,25.5,0.0,59.1,1.5,Clear,28.7,6.399999999999999,2024,10,October,282,Post-Monsoon,False,False,False,False,False
2024-10-08,Mumbai,West,33.5,25.7,36.8,62.0,10.4,Rain,29.6,7.800000000000001,2024,10,October,282,Post-Monsoon,False,False,False,False,False
2024-10-09,Bengaluru,South,26.1,18.1,0.0,55.0,1.8,Clear,22.1,8.0,2024,10,October,283,Post-Monsoon,False,False,False,False,False
2024-10-09,Chennai,South,30.7,24.2,25.5,82.4,18.6,Rain,27.45,6.5,2024,10,October,283,Post-Monsoon,False,False,False,False,False
2024-10-09,Delhi,North,31.5,19.6,0.0,46.9,7.3,Clear,25.55,11.899999999999999,2024,10,October,283,Post-Monsoon,False,False,False,False,False
2024-10-09,Jaipur,Northwest,31.5,20.1,0.0,48.5,6.0,Clear,25.8,11.399999999999999,2024,10,October,283,Post-Monsoon,False,False,False,False,False
2024-10-09,Kolkata,East,29.7,20.6,0.0,62.4,10.4,Clear,25.15,9.099999999999998,2024,10,October,283,Post-Monsoon,False,False,False,False,False
2024-10-09,Mumbai,West,27.4,21.0,2.8,67.6,10.8,Light Rain,24.2,6.399999999999999,2024,10,October,283,Post-Monsoon,False,False,False,False,False
2024-10-10,Bengaluru,South,25.5,20.5,18.6,66.7,6.4,Rain,23.0,5.0,2024,10,October,284,Post-Monsoon,False,False,False,False,False
2024-10-10,Chennai,South,29.7,23.1,119.5,80.1,26.2,Heavy Rain,26.4,6.599999999999998,2024,10,October,284,Post-Monsoon,True,False,False,False,True
2024-10-10,Delhi,North,30.7,20.6,0.0,47.7,3.6,Clear,25.65,10.099999999999998,2024,10,October,284,Post-Monsoon,False,False,False,False,False
2024-10-10,Jaipur,Northwest,30.7,20.4,0.0,58.0,6.7,Clear,25.549999999999997,10.3,2024,10,October,284,Post-Monsoon,False,False,False,False,False
2024-10-10,Kolkata,East,29.1,22.6,0.0,43.1,22.6,Clear,25.85,6.5,2024,10,October,284,Post-Monsoon,False,False,False,False,False
2024-10-10,Mumbai,West,31.3,25.8,20.7,68.8,7.3,Rain,28.55,5.5,2024,10,October,284,Post-Monsoon,False,False,False,False,False
2024-10-11,Bengaluru,South,24.0,16.7,0.0,52.0,35.6,Clear,20.35,7.300000000000001,2024,10,October,285,Post-Monsoon,False,False,False,False,False
2024-10-11,Chennai,South,31.6,24.2,0.0,64.3,23.3,Clear,27.9,7.400000000000002,2024,10,October,285,Post-Monsoon,False,False,False,False,False
2024-10-11,Delhi,North,30.2,16.5,0.0,55.6,10.1,Clear,23.35,13.7,2024,10,October,285,Post-Monsoon,False,False,False,False,False
2024-10-11,Jaipur,Northwest,30.4,21.1,0.0,61.5,2.3,Clear,25.75,9.299999999999997,2024,10,October,285,Post-Monsoon,False,False,False,False,False
2024-10-11,Kolkata,East,32.4,26.0,0.0,55.0,6.2,Clear,29.2,6.399999999999999,2024,10,October,285,Post-Monsoon,False,False,False,False,False
2024-10-11,Mumbai,West,30.4,25.4,42.7,56.7,18.4,Rain,27.9,5.0,2024,10,October,285,Post-Monsoon,False,False,False,False,False
2024-10-12,Bengaluru,South,26.9,18.8,0.0,69.0,10.7,Clear,22.85,8.099999999999998,2024,10,October,286,Post-Monsoon,False,False,False,False,False
2024-10-12,Chennai,South,31.4,21.4,79.9,67.3,6.4,Heavy Rain,26.4,10.0,2024,10,October,286,Post-Monsoon,True,False,False,False,True
2024-10-12,Delhi,North,30.0,17.8,0.0,48.9,6.9,Clear,23.9,12.2,2024,10,October,286,Post-Monsoon,False,False,False,False,False
2024-10-12,Jaipur,Northwest,30.1,20.3,0.0,53.6,12.3,Clear,25.200000000000003,9.8,2024,10,October,286,Post-Monsoon,False,False,False,False,False
2024-10-12,Kolkata,East,30.1,21.3,15.9,64.3,15.8,Rain,25.700000000000003,8.8,2024,10,October,286,Post-Monsoon,False,False,False,False,False
2024-10-12,Mumbai,West,31.4,25.4,4.8,58.2,14.8,Light Rain,28.4,6.0,2024,10,October,286,Post-Monsoon,False,False,False,False,False
2024-10-13,Bengaluru,South,25.7,17.7,0.0,60.4,20.8,Clear,21.7,8.0,2024,10,October,287,Post-Monsoon,False,False,False,False,False
2024-10-13,Chennai,South,30.0,23.8,0.0,69.5,5.2,Clear,26.9,6.199999999999999,2024,10,October,287,Post-Monsoon,False,False,False,False,False
2024-10-13,Delhi,North,30.6,20.5,0.0,51.2,9.6,Clear,25.55,10.100000000000001,2024,10,October,287,Post-Monsoon,False,False,False,False,False
2024-10-13,Jaipur,Northwest,35.5,24.1,0.0,43.5,4.5,Clear,29.8,11.399999999999999,2024,10,October,287,Post-Monsoon,False,False,False,False,False
2024-10-13,Kolkata,East,30.5,21.2,19.3,55.7,15.3,Rain,25.85,9.3,2024,10,October,287,Post-Monsoon,False,False,False,False,False
2024-10-13,Mumbai,West,31.7,26.5,0.0,48.6,30.5,Clear,29.1,5.199999999999999,2024,10,October,287,Post-Monsoon,False,False,False,False,False
2024-10-14,Bengaluru,South,25.4,18.3,0.0,41.3,9.4,Clear,21.85,7.099999999999998,2024,10,October,288,Post-Monsoon,False,False,False,False,False
2024-10-14,Chennai,South,34.2,28.0,0.0,59.8,4.8,Clear,31.1,6.200000000000003,2024,10,October,288,Post-Monsoon,False,False,False,False,False
2024-10-14,Delhi,North,31.5,19.1,0.0,51.3,1.3,Clear,25.3,12.399999999999999,2024,10,October,288,Post-Monsoon,False,False,False,False,False
2024-10-14,Jaipur,Northwest,29.5,20.0,0.0,45.9,14.0,Clear,24.75,9.5,2024,10,October,288,Post-Monsoon,False,False,False,False,False
2024-10-14,Kolkata,East,31.5,24.5,0.0,45.0,2.7,Clear,28.0,7.0,2024,10,October,288,Post-Monsoon,False,False,False,False,False
2024-10-14,Mumbai,West,30.4,25.4,0.0,50.8,7.1,Clear,27.9,5.0,2024,10,October,288,Post-Monsoon,False,False,False,False,False
2024-10-15,Bengaluru,South,24.8,18.8,19.4,64.8,9.5,Rain,21.8,6.0,2024,10,October,289,Post-Monsoon,False,False,False,False,False
2024-10-15,Chennai,South,32.5,22.7,131.0,76.6,20.8,Heavy Rain,27.6,9.8,2024,10,October,289,Post-Monsoon,True,False,False,False,True
2024-10-15,Delhi,North,28.3,17.3,0.0,44.4,8.0,Clear,22.8,11.0,2024,10,October,289,Post-Monsoon,False,False,False,False,False
2024-10-15,Jaipur,Northwest,33.4,22.1,0.0,45.4,7.2,Clear,27.75,11.299999999999997,2024,10,October,289,Post-Monsoon,False,False,False,False,False
2024-10-15,Kolkata,East,30.3,23.6,43.7,80.1,7.8,Rain,26.950000000000003,6.699999999999999,2024,10,October,289,Post-Monsoon,False,False,False,False,False
2024-10-15,Mumbai,West,30.1,23.3,4.0,50.0,47.7,Light Rain,26.700000000000003,6.800000000000001,2024,10,October,289,Post-Monsoon,False,False,False,True,True
2024-10-16,Bengaluru,South,25.0,19.0,0.0,68.5,8.1,Clear,22.0,6.0,2024,10,October,290,Post-Monsoon,False,False,False,False,False
2024-10-16,Chennai,South,31.4,22.5,0.0,69.8,1.8,Clear,26.95,8.899999999999999,2024,10,October,290,Post-Monsoon,False,False,False,False,False
2024-10-16,Delhi,North,27.0,14.1,0.0,51.2,6.4,Clear,20.55,12.9,2024,10,October,290,Post-Monsoon,False,False,False,False,False
2024-10-16,Jaipur,Northwest,29.0,17.6,23.9,69.5,8.7,Rain,23.3,11.399999999999999,2024,10,October,290,Post-Monsoon,False,False,False,False,False
2024-10-16,Kolkata,East,27.8,21.8,0.0,56.6,8.7,Clear,24.8,6.0,2024,10,October,290,Post-Monsoon,False,False,False,False,False
2024-10-16,Mumbai,West,30.0,23.9,0.0,45.8,2.4,Clear,26.95,6.100000000000001,2024,10,October,290,Post-Monsoon,False,False,False,False,False
2024-10-17,Bengaluru,South,23.4,17.3,22.9,60.6,9.8,Rain,20.35,6.099999999999998,2024,10,October,291,Post-Monsoon,False,False,False,False,False
2024-10-17,Chennai,South,30.9,24.7,0.0,78.6,11.3,Clear,27.799999999999997,6.199999999999999,2024,10,October,291,Post-Monsoon,False,False,False,False,False
2024-10-17,Delhi,North,28.1,18.0,11.3,63.3,15.0,Rain,23.05,10.100000000000001,2024,10,October,291,Post-Monsoon,False,False,False,False,False
2024-10-17,Jaipur,Northwest,31.1,18.9,0.0,49.1,14.2,Clear,25.0,12.200000000000003,2024,10,October,291,Post-Monsoon,False,False,False,False,False
2024-10-17,Kolkata,East,30.3,23.0,10.6,57.3,9.4,Rain,26.65,7.300000000000001,2024,10,October,291,Post-Monsoon,False,False,False,False,False
2024-10-17,Mumbai,West,28.8,22.6,0.0,55.7,6.2,Clear,25.700000000000003,6.199999999999999,2024,10,October,291,Post-Monsoon,False,False,False,False,False
2024-10-18,Bengaluru,South,27.2,20.9,7.1,43.3,9.8,Light Rain,24.049999999999997,6.300000000000001,2024,10,October,292,Post-Monsoon,False,False,False,False,False
2024-10-18,Chennai,South,31.0,24.7,0.0,75.9,12.1,Clear,27.85,6.300000000000001,2024,10,October,292,Post-Monsoon,False,False,False,False,False
2024-10-18,Delhi,North,28.6,18.0,0.0,48.7,8.7,Clear,23.3,10.600000000000001,2024,10,October,292,Post-Monsoon,False,False,False,False,False
2024-10-18,Jaipur,Northwest,28.8,18.8,0.0,52.1,16.7,Clear,23.8,10.0,2024,10,October,292,Post-Monsoon,False,False,False,False,False
2024-10-18,Kolkata,East,26.3,20.7,20.6,63.8,17.2,Rain,23.5,5.600000000000001,2024,10,October,292,Post-Monsoon,False,False,False,False,False
2024-10-18,Mumbai,West,30.2,23.4,0.0,70.2,28.9,Clear,26.799999999999997,6.800000000000001,2024,10,October,292,Post-Monsoon,False,False,False,False,False
2024-10-19,Bengaluru,South,22.9,15.5,0.0,53.7,6.5,Clear,19.2,7.399999999999999,2024,10,October,293,Post-Monsoon,False,False,False,False,False
2024-10-19,Chennai,South,33.0,25.4,210.3,69.4,17.5,Heavy Rain,29.2,7.600000000000001,2024,10,October,293,Post-Monsoon,True,False,False,False,True
2024-10-19,Delhi,North,31.6,20.7,0.0,60.4,3.2,Clear,26.15,10.900000000000002,2024,10,October,293,Post-Monsoon,False,False,False,False,False
2024-10-19,Jaipur,Northwest,28.7,20.1,0.0,54.9,18.7,Clear,24.4,8.599999999999998,2024,10,October,293,Post-Monsoon,False,False,False,False,False
2024-10-19,Kolkata,East,31.5,24.1,5.3,53.0,17.8,Light Rain,27.8,7.399999999999999,2024,10,October,293,Post-Monsoon,False,False,False,False,False
2024-10-19,Mumbai,West,31.6,22.3,8.2,60.9,20.0,Light Rain,26.950000000000003,9.3,2024,10,October,293,Post-Monsoon,False,False,False,False,False
2024-10-20,Bengaluru,South,23.2,14.2,0.0,54.9,9.5,Clear,18.7,9.0,2024,10,October,294,Post-Monsoon,False,False,False,False,False
2024-10-20,Chennai,South,30.1,25.1,0.0,67.2,6.6,Clear,27.6,5.0,2024,10,October,294,Post-Monsoon,False,False,False,False,False
2024-10-20,Delhi,North,25.3,14.6,0.0,57.9,4.5,Clear,19.95,10.700000000000001,2024,10,October,294,Post-Monsoon,False,False,False,False,False
2024-10-20,Jaipur,Northwest,32.2,20.6,0.0,54.5,4.4,Clear,26.400000000000002,11.600000000000001,2024,10,October,294,Post-Monsoon,False,False,False,False,False
2024-10-20,Kolkata,East,27.6,19.1,0.0,67.3,15.9,Clear,23.35,8.5,2024,10,October,294,Post-Monsoon,False,False,False,False,False
2024-10-20,Mumbai,West,32.2,24.4,6.7,75.7,9.6,Light Rain,28.3,7.800000000000004,2024,10,October,294,Post-Monsoon,False,False,False,False,False
2024-10-21,Bengaluru,South,24.8,19.3,0.0,54.7,7.5,Clear,22.05,5.5,2024,10,October,295,Post-Monsoon,False,False,False,False,False
2024-10-21,Chennai,South,33.1,25.1,54.3,63.1,10.6,Rain,29.1,8.0,2024,10,October,295,Post-Monsoon,False,False,False,False,False
2024-10-21,Delhi,North,31.2,20.7,9.2,63.9,11.0,Light Rain,25.95,10.5,2024,10,October,295,Post-Monsoon,False,False,False,False,False
2024-10-21,Jaipur,Northwest,33.4,21.4,0.0,51.8,3.6,Clear,27.4,12.0,2024,10,October,295,Post-Monsoon,False,False,False,False,False
2024-10-21,Kolkata,East,24.8,15.6,19.4,72.4,13.3,Rain,20.2,9.200000000000001,2024,10,October,295,Post-Monsoon,False,False,False,False,False
2024-10-21,Mumbai,West,28.7,22.4,6.5,66.8,15.7,Light Rain,25.549999999999997,6.300000000000001,2024,10,October,295,Post-Monsoon,False,False,False,False,False
2024-10-22,Bengaluru,South,25.2,17.6,0.0,63.0,10.6,Clear,21.4,7.599999999999998,2024,10,October,296,Post-Monsoon,False,False,False,False,False
2024-10-22,Chennai,South,31.5,24.0,0.0,55.4,5.7,Clear,27.75,7.5,2024,10,October,296,Post-Monsoon,False,False,False,False,False
2024-10-22,Delhi,North,29.7,18.5,0.0,54.9,1.7,Clear,24.1,11.2,2024,10,October,296,Post-Monsoon,False,False,False,False,False
2024-10-22,Jaipur,Northwest,31.7,19.8,0.0,61.6,10.9,Clear,25.75,11.899999999999999,2024,10,October,296,Post-Monsoon,False,False,False,False,False
2024-10-22,Kolkata,East,27.0,21.2,0.0,48.1,16.9,Clear,24.1,5.800000000000001,2024,10,October,296,Post-Monsoon,False,False,False,False,False
2024-10-22,Mumbai,West,28.9,20.4,0.0,70.6,12.4,Clear,24.65,8.5,2024,10,October,296,Post-Monsoon,False,False,False,False,False
2024-10-23,Bengaluru,South,28.0,19.7,0.0,51.4,2.1,Clear,23.85,8.3,2024,10,October,297,Post-Monsoon,False,False,False,False,False
2024-10-23,Chennai,South,33.2,25.2,46.1,86.9,10.3,Rain,29.200000000000003,8.000000000000004,2024,10,October,297,Post-Monsoon,False,False,False,False,False
2024-10-23,Delhi,North,30.8,20.7,41.0,57.8,15.4,Rain,25.75,10.100000000000001,2024,10,October,297,Post-Monsoon,False,False,False,False,False
2024-10-23,Jaipur,Northwest,30.2,19.7,0.0,37.6,8.9,Clear,24.95,10.5,2024,10,October,297,Post-Monsoon,False,False,False,False,False
2024-10-23,Kolkata,East,26.7,19.6,0.0,54.9,14.2,Clear,23.15,7.099999999999998,2024,10,October,297,Post-Monsoon,False,False,False,False,False
2024-10-23,Mumbai,West,28.6,21.0,8.3,68.2,26.0,Light Rain,24.8,7.600000000000001,2024,10,October,297,Post-Monsoon,False,False,False,False,False
2024-10-24,Bengaluru,South,25.5,20.5,0.0,79.1,4.7,Clear,23.0,5.0,2024,10,October,298,Post-Monsoon,False,False,False,False,False
2024-10-24,Chennai,South,30.4,22.1,0.0,58.9,8.5,Clear,26.25,8.299999999999997,2024,10,October,298,Post-Monsoon,False,False,False,False,False
2024-10-24,Delhi,North,27.0,17.4,0.0,56.7,14.4,Clear,22.2,9.600000000000001,2024,10,October,298,Post-Monsoon,False,False,False,False,False
2024-10-24,Jaipur,Northwest,30.0,16.7,0.0,44.5,1.4,Clear,23.35,13.3,2024,10,October,298,Post-Monsoon,False,False,False,False,False
2024-10-24,Kolkata,East,28.0,21.1,0.0,63.1,0.9,Clear,24.55,6.899999999999999,2024,10,October,298,Post-Monsoon,False,False,False,False,False
2024-10-24,Mumbai,West,28.6,23.5,0.0,47.3,10.9,Clear,26.05,5.100000000000001,2024,10,October,298,Post-Monsoon,False,False,False,False,False
2024-10-25,Bengaluru,South,25.9,19.6,0.0,67.7,9.9,Clear,22.75,6.299999999999997,2024,10,October,299,Post-Monsoon,False,False,False,False,False
2024-10-25,Chennai,South,34.8,26.3,76.1,66.1,11.6,Heavy Rain,30.549999999999997,8.499999999999996,2024,10,October,299,Post-Monsoon,True,False,False,False,True
2024-10-25,Delhi,North,29.4,16.2,0.0,68.7,18.5,Clear,22.799999999999997,13.2,2024,10,October,299,Post-Monsoon,False,False,False,False,False
2024-10-25,Jaipur,Northwest,30.0,17.4,0.0,64.3,7.0,Clear,23.7,12.600000000000001,2024,10,October,299,Post-Monsoon,False,False,False,False,False
2024-10-25,Kolkata,East,30.9,24.2,30.3,68.2,23.8,Rain,27.549999999999997,6.699999999999999,2024,10,October,299,Post-Monsoon,False,False,False,False,False
2024-10-25,Mumbai,West,28.3,22.0,12.2,66.6,11.7,Rain,25.15,6.300000000000001,2024,10,October,299,Post-Monsoon,False,False,False,False,False
2024-10-26,Bengaluru,South,27.0,18.2,0.0,72.5,10.3,Clear,22.6,8.8,2024,10,October,300,Post-Monsoon,False,False,False,False,False
2024-10-26,Chennai,South,29.2,22.2,0.0,69.9,14.6,Clear,25.7,7.0,2024,10,October,300,Post-Monsoon,False,False,False,False,False
2024-10-26,Delhi,North,26.3,16.3,0.0,61.0,15.7,Clear,21.3,10.0,2024,10,October,300,Post-Monsoon,False,False,False,False,False
2024-10-26,Jaipur,Northwest,30.4,18.6,0.0,56.5,7.6,Clear,24.5,11.799999999999997,2024,10,October,300,Post-Monsoon,False,False,False,False,False
2024-10-26,Kolkata,East,26.4,17.4,54.7,72.9,17.4,Rain,21.9,9.0,2024,10,October,300,Post-Monsoon,False,False,False,False,False
2024-10-26,Mumbai,West,29.9,22.4,7.5,66.4,14.4,Light Rain,26.15,7.5,2024,10,October,300,Post-Monsoon,False,False,False,False,False
2024-10-27,Bengaluru,South,25.7,18.0,0.0,47.4,3.2,Clear,21.85,7.699999999999999,2024,10,October,301,Post-Monsoon,False,False,False,False,False
2024-10-27,Chennai,South,29.2,22.9,0.0,63.7,1.3,Clear,26.049999999999997,6.300000000000001,2024,10,October,301,Post-Monsoon,False,False,False,False,False
2024-10-27,Delhi,North,26.8,15.0,27.5,57.7,17.2,Rain,20.9,11.8,2024,10,October,301,Post-Monsoon,False,False,False,False,False
2024-10-27,Jaipur,Northwest,32.7,22.2,0.0,58.8,0.9,Clear,27.450000000000003,10.500000000000004,2024,10,October,301,Post-Monsoon,False,False,False,False,False
2024-10-27,Kolkata,East,26.9,21.5,12.3,54.8,20.9,Rain,24.2,5.399999999999999,2024,10,October,301,Post-Monsoon,False,False,False,False,False
2024-10-27,Mumbai,West,24.8,18.0,35.4,56.6,17.1,Rain,21.4,6.800000000000001,2024,10,October,301,Post-Monsoon,False,False,False,False,False
2024-10-28,Bengaluru,South,26.7,18.7,0.0,50.7,7.0,Clear,22.7,8.0,2024,10,October,302,Post-Monsoon,False,False,False,False,False
2024-10-28,Chennai,South,29.2,20.9,52.2,84.6,5.7,Rain,25.049999999999997,8.3,2024,10,October,302,Post-Monsoon,False,False,False,False,False
2024-10-28,Delhi,North,28.5,17.9,0.0,54.7,11.9,Clear,23.2,10.600000000000001,2024,10,October,302,Post-Monsoon,False,False,False,False,False
2024-10-28,Jaipur,Northwest,28.1,19.0,0.0,60.5,7.2,Clear,23.55,9.100000000000001,2024,10,October,302,Post-Monsoon,False,False,False,False,False
2024-10-28,Kolkata,East,28.1,20.2,10.7,64.2,16.1,Rain,24.15,7.900000000000002,2024,10,October,302,Post-Monsoon,False,False,False,False,False
2024-10-28,Mumbai,West,32.9,25.5,27.8,43.5,29.3,Rain,29.2,7.399999999999999,2024,10,October,302,Post-Monsoon,False,False,False,False,False
2024-10-29,Bengaluru,South,28.3,19.4,0.0,54.4,8.6,Clear,23.85,8.900000000000002,2024,10,October,303,Post-Monsoon,False,False,False,False,False
2024-10-29,Chennai,South,32.3,25.2,148.7,78.1,14.9,Heavy Rain,28.75,7.099999999999998,2024,10,October,303,Post-Monsoon,True,False,False,False,True
2024-10-29,Delhi,North,26.8,17.8,0.0,43.2,6.6,Clear,22.3,9.0,2024,10,October,303,Post-Monsoon,False,False,False,False,False
2024-10-29,Jaipur,Northwest,30.7,19.0,0.0,61.7,9.4,Clear,24.85,11.7,2024,10,October,303,Post-Monsoon,False,False,False,False,False
2024-10-29,Kolkata,East,28.8,21.1,6.0,69.8,10.7,Light Rain,24.950000000000003,7.699999999999999,2024,10,October,303,Post-Monsoon,False,False,False,False,False
2024-10-29,Mumbai,West,27.5,19.7,17.5,51.7,7.2,Rain,23.6,7.800000000000001,2024,10,October,303,Post-Monsoon,False,False,False,False,False
2024-10-30,Bengaluru,South,24.9,17.6,0.0,59.8,10.3,Clear,21.25,7.299999999999997,2024,10,October,304,Post-Monsoon,False,False,False,False,False
2024-10-30,Chennai,South,33.2,24.7,34.1,71.4,15.9,Rain,28.950000000000003,8.500000000000004,2024,10,October,304,Post-Monsoon,False,False,False,False,False
2024-10-30,Delhi,North,25.1,16.0,0.0,58.6,7.6,Clear,20.55,9.100000000000001,2024,10,October,304,Post-Monsoon,False,False,False,False,False
2024-10-30,Jaipur,Northwest,26.6,16.9,0.0,56.6,19.2,Clear,21.75,9.700000000000003,2024,10,October,304,Post-Monsoon,False,False,False,False,False
2024-10-30,Kolkata,East,22.8,17.2,0.0,59.4,14.9,Clear,20.0,5.600000000000001,2024,10,October,304,Post-Monsoon,False,False,False,False,False
2024-10-30,Mumbai,West,28.2,22.1,17.7,62.8,25.5,Rain,25.15,6.099999999999998,2024,10,October,304,Post-Monsoon,False,False,False,False,False
2024-10-31,Bengaluru,South,23.3,15.3,0.0,66.5,2.0,Clear,19.3,8.0,2024,10,October,305,Post-Monsoon,False,False,False,False,False
2024-10-31,Chennai,South,28.5,21.6,69.2,93.5,13.6,Heavy Rain,25.05,6.899999999999999,2024,10,October,305,Post-Monsoon,True,False,False,False,True
2024-10-31,Delhi,North,27.7,14.7,16.1,59.6,20.9,Rain,21.2,13.0,2024,10,October,305,Post-Monsoon,False,False,False,False,False
2024-10-31,Jaipur,Northwest,20.8,12.7,0.0,56.9,19.4,Clear,16.75,8.100000000000001,2024,10,October,305,Post-Monsoon,False,False,False,False,False
2024-10-31,Kolkata,East,28.6,21.0,4.7,73.2,17.9,Light Rain,24.8,7.600000000000001,2024,10,October,305,Post-Monsoon,False,False,False,False,False
2024-10-31,Mumbai,West,31.0,24.9,19.1,60.9,23.6,Rain,27.95,6.100000000000001,2024,10,October,305,Post-Monsoon,False,False,False,False,False
2024-11-01,Bengaluru,South,27.8,21.0,0.0,43.2,5.2,Clear,24.4,6.800000000000001,2024,11,November,306,Post-Monsoon,False,False,False,False,False
2024-11-01,Chennai,South,29.9,22.0,0.0,61.1,20.0,Clear,25.95,7.899999999999999,2024,11,November,306,Post-Monsoon,False,False,False,False,False
2024-11-01,Delhi,North,23.3,11.7,0.0,57.4,17.5,Clear,17.5,11.600000000000001,2024,11,November,306,Post-Monsoon,False,False,False,False,False
2024-11-01,Jaipur,Northwest,27.2,16.5,0.0,65.5,2.0,Clear,21.85,10.7,2024,11,November,306,Post-Monsoon,False,False,False,False,False
2024-11-01,Kolkata,East,23.7,14.1,0.0,49.3,8.0,Clear,18.9,9.6,2024,11,November,306,Post-Monsoon,False,False,False,False,False
2024-11-01,Mumbai,West,29.4,24.0,0.0,48.2,21.1,Clear,26.7,5.399999999999999,2024,11,November,306,Post-Monsoon,False,False,False,False,False
2024-11-02,Bengaluru,South,24.3,18.0,0.0,50.3,10.5,Clear,21.15,6.300000000000001,2024,11,November,307,Post-Monsoon,False,False,False,False,False
2024-11-02,Chennai,South,32.7,25.5,0.0,66.8,8.0,Clear,29.1,7.200000000000003,2024,11,November,307,Post-Monsoon,False,False,False,False,False
2024-11-02,Delhi,North,27.7,14.7,0.0,46.8,22.5,Clear,21.2,13.0,2024,11,November,307,Post-Monsoon,False,False,False,False,False
2024-11-02,Jaipur,Northwest,26.7,13.9,0.0,54.3,8.6,Clear,20.3,12.799999999999999,2024,11,November,307,Post-Monsoon,False,False,False,False,False
2024-11-02,Kolkata,East,26.8,19.0,0.0,58.6,7.3,Clear,22.9,7.800000000000001,2024,11,November,307,Post-Monsoon,False,False,False,False,False
2024-11-02,Mumbai,West,31.5,23.3,0.0,47.5,5.9,Clear,27.4,8.2,2024,11,November,307,Post-Monsoon,False,False,False,False,False
2024-11-03,Bengaluru,South,23.5,17.2,0.0,51.2,22.4,Clear,20.35,6.300000000000001,2024,11,November,308,Post-Monsoon,False,False,False,False,False
2024-11-03,Chennai,South,29.7,24.2,26.5,92.0,26.9,Rain,26.95,5.5,2024,11,November,308,Post-Monsoon,False,False,False,False,False
2024-11-03,Delhi,North,25.4,13.4,0.0,55.5,16.9,Clear,19.4,11.999999999999998,2024,11,November,308,Post-Monsoon,False,False,False,False,False
2024-11-03,Jaipur,Northwest,26.8,15.2,0.0,40.2,14.2,Clear,21.0,11.600000000000001,2024,11,November,308,Post-Monsoon,False,False,False,False,False
2024-11-03,Kolkata,East,25.7,19.1,0.0,38.4,11.5,Clear,22.4,6.599999999999998,2024,11,November,308,Post-Monsoon,False,False,False,False,False
2024-11-03,Mumbai,West,27.2,21.7,0.0,56.9,6.1,Clear,24.45,5.5,2024,11,November,308,Post-Monsoon,False,False,False,False,False
2024-11-04,Bengaluru,South,25.8,18.8,0.0,39.1,11.9,Clear,22.3,7.0,2024,11,November,309,Post-Monsoon,False,False,False,False,False
2024-11-04,Chennai,South,27.6,20.3,34.6,84.9,13.7,Rain,23.950000000000003,7.300000000000001,2024,11,November,309,Post-Monsoon,False,False,False,False,False
2024-11-04,Delhi,North,26.4,16.0,0.0,49.2,10.0,Clear,21.2,10.399999999999999,2024,11,November,309,Post-Monsoon,False,False,False,False,False
2024-11-04,Jaipur,Northwest,27.8,17.2,0.0,65.5,6.0,Clear,22.5,10.600000000000001,2024,11,November,309,Post-Monsoon,False,False,False,False,False
2024-11-04,Kolkata,East,26.7,20.3,0.0,60.7,8.9,Clear,23.5,6.399999999999999,2024,11,November,309,Post-Monsoon,False,False,False,False,False
2024-11-04,Mumbai,West,25.2,20.0,0.0,51.0,24.8,Clear,22.6,5.199999999999999,2024,11,November,309,Post-Monsoon,False,False,False,False,False
2024-11-05,Bengaluru,South,29.4,21.7,0.0,45.5,7.7,Clear,25.549999999999997,7.699999999999999,2024,11,November,310,Post-Monsoon,False,False,False,False,False
2024-11-05,Chennai,South,30.3,25.3,92.7,81.4,8.9,Heavy Rain,27.8,5.0,2024,11,November,310,Post-Monsoon,True,False,False,False,True
2024-11-05,Delhi,North,27.9,15.5,0.0,60.6,8.4,Clear,21.7,12.399999999999999,2024,11,November,310,Post-Monsoon,False,False,False,False,False
2024-11-05,Jaipur,Northwest,25.5,15.2,0.0,54.4,13.7,Clear,20.35,10.3,2024,11,November,310,Post-Monsoon,False,False,False,False,False
2024-11-05,Kolkata,East,27.9,20.1,0.0,64.6,4.9,Clear,24.0,7.799999999999997,2024,11,November,310,Post-Monsoon,False,False,False,False,False
2024-11-05,Mumbai,West,27.2,21.5,0.0,51.1,12.9,Clear,24.35,5.699999999999999,2024,11,November,310,Post-Monsoon,False,False,False,False,False
2024-11-06,Bengaluru,South,25.9,18.8,0.0,41.3,11.8,Clear,22.35,7.099999999999998,2024,11,November,311,Post-Monsoon,False,False,False,False,False
2024-11-06,Chennai,South,27.8,19.7,122.4,86.4,11.4,Heavy Rain,23.75,8.100000000000001,2024,11,November,311,Post-Monsoon,True,False,False,False,True
2024-11-06,Delhi,North,25.5,14.4,0.0,30.5,6.7,Clear,19.95,11.1,2024,11,November,311,Post-Monsoon,False,False,False,False,False
2024-11-06,Jaipur,Northwest,27.5,17.6,0.0,40.6,5.5,Clear,22.55,9.899999999999999,2024,11,November,311,Post-Monsoon,False,False,False,False,False
2024-11-06,Kolkata,East,26.1,19.4,0.0,52.2,11.5,Clear,22.75,6.700000000000003,2024,11,November,311,Post-Monsoon,False,False,False,False,False
2024-11-06,Mumbai,West,25.0,19.7,0.0,58.1,6.6,Clear,22.35,5.300000000000001,2024,11,November,311,Post-Monsoon,False,False,False,False,False
2024-11-07,Bengaluru,South,26.9,19.0,0.0,49.4,12.7,Clear,22.95,7.899999999999999,2024,11,November,312,Post-Monsoon,False,False,False,False,False
2024-11-07,Chennai,South,32.3,23.4,8.4,75.1,9.2,Light Rain,27.849999999999998,8.899999999999999,2024,11,November,312,Post-Monsoon,False,False,False,False,False
2024-11-07,Delhi,North,27.1,12.7,0.0,46.5,3.7,Clear,19.9,14.400000000000002,2024,11,November,312,Post-Monsoon,False,False,False,False,False
2024-11-07,Jaipur,Northwest,29.6,16.6,0.0,48.3,3.1,Clear,23.1,13.0,2024,11,November,312,Post-Monsoon,False,False,False,False,False
2024-11-07,Kolkata,East,27.6,18.6,0.0,29.3,8.5,Clear,23.1,9.0,2024,11,November,312,Post-Monsoon,False,False,False,False,False
2024-11-07,Mumbai,West,27.8,22.8,0.0,52.0,17.0,Clear,25.3,5.0,2024,11,November,312,Post-Monsoon,False,False,False,False,False
2024-11-08,Bengaluru,South,25.8,20.1,0.0,57.0,8.3,Clear,22.950000000000003,5.699999999999999,2024,11,November,313,Post-Monsoon,False,False,False,False,False
2024-11-08,Chennai,South,29.8,24.1,37.2,82.5,16.0,Rain,26.950000000000003,5.699999999999999,2024,11,November,313,Post-Monsoon,False,False,False,False,False
2024-11-08,Delhi,North,27.1,15.8,0.0,67.8,11.4,Clear,21.450000000000003,11.3,2024,11,November,313,Post-Monsoon,False,False,False,False,False
2024-11-08,Jaipur,Northwest,26.7,17.9,0.0,57.2,10.1,Clear,22.299999999999997,8.8,2024,11,November,313,Post-Monsoon,False,False,False,False,False
2024-11-08,Kolkata,East,25.9,17.1,0.0,46.7,8.3,Clear,21.5,8.799999999999997,2024,11,November,313,Post-Monsoon,False,False,False,False,False
2024-11-08,Mumbai,West,28.8,22.6,0.0,42.0,2.4,Clear,25.700000000000003,6.199999999999999,2024,11,November,313,Post-Monsoon,False,False,False,False,False
2024-11-09,Bengaluru,South,23.4,15.6,0.0,53.9,2.9,Clear,19.5,7.799999999999999,2024,11,November,314,Post-Monsoon,False,False,False,False,False
2024-11-09,Chennai,South,28.7,22.7,108.8,78.3,15.0,Heavy Rain,25.7,6.0,2024,11,November,314,Post-Monsoon,True,False,False,False,True
2024-11-09,Delhi,North,23.8,14.5,0.0,43.0,10.8,Clear,19.15,9.3,2024,11,November,314,Post-Monsoon,False,False,False,False,False
2024-11-09,Jaipur,Northwest,28.0,16.1,0.0,54.8,5.1,Clear,22.05,11.899999999999999,2024,11,November,314,Post-Monsoon,False,False,False,False,False
2024-11-09,Kolkata,East,26.9,18.2,0.0,45.6,6.0,Clear,22.549999999999997,8.7,2024,11,November,314,Post-Monsoon,False,False,False,False,False
2024-11-09,Mumbai,West,31.2,24.1,0.0,50.3,8.1,Clear,27.65,7.099999999999998,2024,11,November,314,Post-Monsoon,False,False,False,False,False
2024-11-10,Bengaluru,South,23.7,17.0,0.0,44.4,11.2,Clear,20.35,6.699999999999999,2024,11,November,315,Post-Monsoon,False,False,False,False,False
2024-11-10,Chennai,South,26.5,19.1,100.9,70.9,12.4,Heavy Rain,22.8,7.399999999999999,2024,11,November,315,Post-Monsoon,True,False,False,False,True
2024-11-10,Delhi,North,24.2,13.0,0.0,43.0,7.9,Clear,18.6,11.2,2024,11,November,315,Post-Monsoon,False,False,False,False,False
2024-11-10,Jaipur,Northwest,28.6,20.2,0.0,42.1,8.0,Clear,24.4,8.400000000000002,2024,11,November,315,Post-Monsoon,False,False,False,False,False
2024-11-10,Kolkata,East,28.2,22.6,0.0,58.5,27.1,Clear,25.4,5.599999999999998,2024,11,November,315,Post-Monsoon,False,False,False,False,False
2024-11-10,Mumbai,West,32.3,25.9,0.0,42.3,3.9,Clear,29.099999999999998,6.399999999999999,2024,11,November,315,Post-Monsoon,False,False,False,False,False
2024-11-11,Bengaluru,South,26.0,16.2,0.0,62.5,10.7,Clear,21.1,9.8,2024,11,November,316,Post-Monsoon,False,False,False,False,False
2024-11-11,Chennai,South,29.5,21.0,139.2,89.1,10.1,Heavy Rain,25.25,8.5,2024,11,November,316,Post-Monsoon,True,False,False,False,True
2024-11-11,Delhi,North,26.8,14.7,0.0,47.9,10.9,Clear,20.75,12.100000000000001,2024,11,November,316,Post-Monsoon,False,False,False,False,False
2024-11-11,Jaipur,Northwest,22.2,12.1,0.0,52.1,5.2,Clear,17.15,10.1,2024,11,November,316,Post-Monsoon,False,False,False,False,False
2024-11-11,Kolkata,East,29.9,19.7,0.0,31.1,4.3,Clear,24.799999999999997,10.2,2024,11,November,316,Post-Monsoon,False,False,False,False,False
2024-11-11,Mumbai,West,28.3,21.8,1.7,55.8,16.6,Light Rain,25.05,6.5,2024,11,November,316,Post-Monsoon,False,False,False,False,False
2024-11-12,Bengaluru,South,21.7,13.9,0.0,63.7,10.6,Clear,17.8,7.799999999999999,2024,11,November,317,Post-Monsoon,False,False,False,False,False
2024-11-12,Chennai,South,31.0,22.5,107.4,66.0,15.0,Heavy Rain,26.75,8.5,2024,11,November,317,Post-Monsoon,True,False,False,False,True
2024-11-12,Delhi,North,25.3,12.9,0.0,46.7,12.9,Clear,19.1,12.4,2024,11,November,317,Post-Monsoon,False,False,False,False,False
2024-11-12,Jaipur,Northwest,33.0,21.1,0.0,53.5,8.0,Clear,27.05,11.899999999999999,2024,11,November,317,Post-Monsoon,False,False,False,False,False
2024-11-12,Kolkata,East,26.5,18.5,0.0,56.8,14.2,Clear,22.5,8.0,2024,11,November,317,Post-Monsoon,False,False,False,False,False
2024-11-12,Mumbai,West,31.2,23.9,1.8,52.7,8.6,Light Rain,27.549999999999997,7.300000000000001,2024,11,November,317,Post-Monsoon,False,False,False,False,False
2024-11-13,Bengaluru,South,25.8,20.8,0.0,38.5,6.1,Clear,23.3,5.0,2024,11,November,318,Post-Monsoon,False,False,False,False,False
2024-11-13,Chennai,South,31.1,24.4,0.0,77.5,12.0,Clear,27.75,6.700000000000003,2024,11,November,318,Post-Monsoon,False,False,False,False,False
2024-11-13,Delhi,North,24.8,15.4,0.0,55.4,12.2,Clear,20.1,9.4,2024,11,November,318,Post-Monsoon,False,False,False,False,False
2024-11-13,Jaipur,Northwest,24.8,13.4,0.0,50.3,3.1,Clear,19.1,11.4,2024,11,November,318,Post-Monsoon,False,False,False,False,False
2024-11-13,Kolkata,East,23.0,17.4,0.0,51.2,2.8,Clear,20.2,5.600000000000001,2024,11,November,318,Post-Monsoon,False,False,False,False,False
2024-11-13,Mumbai,West,29.2,21.0,0.0,56.9,10.6,Clear,25.1,8.2,2024,11,November,318,Post-Monsoon,False,False,False,False,False
2024-11-14,Bengaluru,South,25.0,18.4,0.0,48.2,4.6,Clear,21.7,6.600000000000001,2024,11,November,319,Post-Monsoon,False,False,False,False,False
2024-11-14,Chennai,South,30.7,23.4,185.8,85.8,23.8,Heavy Rain,27.049999999999997,7.300000000000001,2024,11,November,319,Post-Monsoon,True,False,False,False,True
2024-11-14,Delhi,North,24.1,13.8,0.0,49.1,7.6,Clear,18.950000000000003,10.3,2024,11,November,319,Post-Monsoon,False,False,False,False,False
2024-11-14,Jaipur,Northwest,24.9,14.6,0.0,45.7,7.2,Clear,19.75,10.299999999999999,2024,11,November,319,Post-Monsoon,False,False,False,False,False
2024-11-14,Kolkata,East,26.6,19.6,4.2,61.2,12.8,Light Rain,23.1,7.0,2024,11,November,319,Post-Monsoon,False,False,False,False,False
2024-11-14,Mumbai,West,29.3,20.3,0.0,44.4,3.7,Clear,24.8,9.0,2024,11,November,319,Post-Monsoon,False,False,False,False,False
2024-11-15,Bengaluru,South,24.8,18.5,0.0,57.0,9.9,Clear,21.65,6.300000000000001,2024,11,November,320,Post-Monsoon,False,False,False,False,False
2024-11-15,Chennai,South,28.7,21.7,67.2,69.7,11.1,Heavy Rain,25.2,7.0,2024,11,November,320,Post-Monsoon,True,False,False,False,True
2024-11-15,Delhi,North,23.3,13.7,0.0,43.6,8.1,Clear,18.5,9.600000000000001,2024,11,November,320,Post-Monsoon,False,False,False,False,False
2024-11-15,Jaipur,Northwest,27.2,13.6,0.0,57.9,22.5,Clear,20.4,13.6,2024,11,November,320,Post-Monsoon,False,False,False,False,False
2024-11-15,Kolkata,East,27.8,20.7,0.0,46.8,9.5,Clear,24.25,7.100000000000001,2024,11,November,320,Post-Monsoon,False,False,False,False,False
2024-11-15,Mumbai,West,32.2,25.9,0.0,50.1,14.6,Clear,29.05,6.300000000000004,2024,11,November,320,Post-Monsoon,False,False,False,False,False
2024-11-16,Bengaluru,South,24.2,19.2,0.0,54.2,11.8,Clear,21.7,5.0,2024,11,November,321,Post-Monsoon,False,False,False,False,False
2024-11-16,Chennai,South,30.5,21.6,0.0,65.9,9.5,Clear,26.05,8.899999999999999,2024,11,November,321,Post-Monsoon,False,False,False,False,False
2024-11-16,Delhi,North,23.9,10.9,0.0,64.2,10.1,Clear,17.4,12.999999999999998,2024,11,November,321,Post-Monsoon,False,False,False,False,False
2024-11-16,Jaipur,Northwest,24.3,14.4,0.0,56.9,10.6,Clear,19.35,9.9,2024,11,November,321,Post-Monsoon,False,False,False,False,False
2024-11-16,Kolkata,East,28.2,20.6,0.0,40.2,3.1,Clear,24.4,7.599999999999998,2024,11,November,321,Post-Monsoon,False,False,False,False,False
2024-11-16,Mumbai,West,30.0,22.9,0.0,51.9,18.1,Clear,26.45,7.100000000000001,2024,11,November,321,Post-Monsoon,False,False,False,False,False
2024-11-17,Bengaluru,South,22.2,15.2,0.0,44.2,18.4,Clear,18.7,7.0,2024,11,November,322,Post-Monsoon,False,False,False,False,False
2024-11-17,Chennai,South,28.1,20.9,118.8,98.7,11.3,Heavy Rain,24.5,7.200000000000003,2024,11,November,322,Post-Monsoon,True,False,False,False,True
2024-11-17,Delhi,North,21.7,12.3,0.0,52.2,11.0,Clear,17.0,9.399999999999999,2024,11,November,322,Post-Monsoon,False,False,False,False,False
2024-11-17,Jaipur,Northwest,23.1,11.3,0.0,49.4,10.6,Clear,17.200000000000003,11.8,2024,11,November,322,Post-Monsoon,False,False,False,False,False
2024-11-17,Kolkata,East,26.3,20.2,0.0,41.8,2.6,Clear,23.25,6.100000000000001,2024,11,November,322,Post-Monsoon,False,False,False,False,False
2024-11-17,Mumbai,West,25.4,18.4,0.0,61.2,6.2,Clear,21.9,7.0,2024,11,November,322,Post-Monsoon,False,False,False,False,False
2024-11-18,Bengaluru,South,24.5,18.3,0.0,38.3,1.1,Clear,21.4,6.199999999999999,2024,11,November,323,Post-Monsoon,False,False,False,False,False
2024-11-18,Chennai,South,31.2,22.7,58.2,87.9,9.1,Rain,26.95,8.5,2024,11,November,323,Post-Monsoon,False,False,False,False,False
2024-11-18,Delhi,North,21.6,11.5,0.0,47.8,15.0,Clear,16.55,10.100000000000001,2024,11,November,323,Post-Monsoon,False,False,False,False,False
2024-11-18,Jaipur,Northwest,23.1,12.2,0.0,51.8,23.4,Clear,17.65,10.900000000000002,2024,11,November,323,Post-Monsoon,False,False,False,False,False
2024-11-18,Kolkata,East,27.7,20.4,0.0,48.1,4.8,Clear,24.049999999999997,7.300000000000001,2024,11,November,323,Post-Monsoon,False,False,False,False,False
2024-11-18,Mumbai,West,27.9,18.7,0.0,56.2,15.3,Clear,23.299999999999997,9.2,2024,11,November,323,Post-Monsoon,False,False,False,False,False
2024-11-19,Bengaluru,South,25.5,18.1,0.0,60.3,19.0,Clear,21.8,7.399999999999999,2024,11,November,324,Post-Monsoon,False,False,False,False,False
2024-11-19,Chennai,South,28.0,18.8,42.9,79.8,51.9,Rain,23.4,9.2,2024,11,November,324,Post-Monsoon,False,False,False,True,True
2024-11-19,Delhi,North,21.7,11.2,0.0,64.2,2.5,Clear,16.45,10.5,2024,11,November,324,Post-Monsoon,False,False,False,False,False
2024-11-19,Jaipur,Northwest,25.7,14.3,0.0,59.3,12.3,Clear,20.0,11.399999999999999,2024,11,November,324,Post-Monsoon,False,False,False,False,False
2024-11-19,Kolkata,East,24.8,17.8,0.0,42.6,10.7,Clear,21.3,7.0,2024,11,November,324,Post-Monsoon,False,False,False,False,False
2024-11-19,Mumbai,West,28.3,19.9,0.0,41.3,1.3,Clear,24.1,8.400000000000002,2024,11,November,324,Post-Monsoon,False,False,False,False,False
2024-11-20,Bengaluru,South,24.2,18.7,0.0,49.9,20.0,Clear,21.45,5.5,2024,11,November,325,Post-Monsoon,False,False,False,False,False
2024-11-20,Chennai,South,28.8,21.4,80.6,79.2,18.3,Heavy Rain,25.1,7.400000000000002,2024,11,November,325,Post-Monsoon,True,False,False,False,True
2024-11-20,Delhi,North,21.1,10.3,0.0,68.6,3.6,Clear,15.700000000000001,10.8,2024,11,November,325,Post-Monsoon,False,False,False,False,False
2024-11-20,Jaipur,Northwest,24.5,13.2,0.0,53.4,10.2,Clear,18.85,11.3,2024,11,November,325,Post-Monsoon,False,False,False,False,False
2024-11-20,Kolkata,East,27.1,18.6,0.0,47.0,7.8,Clear,22.85,8.5,2024,11,November,325,Post-Monsoon,False,False,False,False,False
2024-11-20,Mumbai,West,29.6,22.5,0.0,41.0,12.2,Clear,26.05,7.100000000000001,2024,11,November,325,Post-Monsoon,False,False,False,False,False
2024-11-21,Bengaluru,South,27.2,20.7,0.0,54.3,12.3,Clear,23.95,6.5,2024,11,November,326,Post-Monsoon,False,False,False,False,False
2024-11-21,Chennai,South,30.2,25.2,0.0,77.5,3.9,Clear,27.7,5.0,2024,11,November,326,Post-Monsoon,False,False,False,False,False
2024-11-21,Delhi,North,25.0,11.0,0.0,58.6,15.7,Clear,18.0,14.0,2024,11,November,326,Post-Monsoon,False,False,False,False,False
2024-11-21,Jaipur,Northwest,20.9,9.4,0.0,60.8,23.7,Clear,15.149999999999999,11.499999999999998,2024,11,November,326,Post-Monsoon,False,False,False,False,False
2024-11-21,Kolkata,East,25.0,18.9,0.0,41.4,10.5,Clear,21.95,6.100000000000001,2024,11,November,326,Post-Monsoon,False,False,False,False,False
2024-11-21,Mumbai,West,29.7,22.3,0.0,42.6,11.2,Clear,26.0,7.399999999999999,2024,11,November,326,Post-Monsoon,False,False,False,False,False
2024-11-22,Bengaluru,South,22.8,17.3,0.0,52.3,2.9,Clear,20.05,5.5,2024,11,November,327,Post-Monsoon,False,False,False,False,False
2024-11-22,Chennai,South,29.5,23.3,101.6,84.1,10.7,Heavy Rain,26.4,6.199999999999999,2024,11,November,327,Post-Monsoon,True,False,False,False,True
2024-11-22,Delhi,North,25.0,13.9,0.0,49.3,5.4,Clear,19.45,11.1,2024,11,November,327,Post-Monsoon,False,False,False,False,False
2024-11-22,Jaipur,Northwest,26.0,14.0,0.0,60.7,10.2,Clear,20.0,12.0,2024,11,November,327,Post-Monsoon,False,False,False,False,False
2024-11-22,Kolkata,East,24.2,17.4,0.0,52.5,4.9,Clear,20.799999999999997,6.800000000000001,2024,11,November,327,Post-Monsoon,False,False,False,False,False
2024-11-22,Mumbai,West,29.6,22.9,0.0,48.9,19.1,Clear,26.25,6.700000000000003,2024,11,November,327,Post-Monsoon,False,False,False,False,False
2024-11-23,Bengaluru,South,26.6,18.9,0.0,39.4,22.2,Clear,22.75,7.700000000000003,2024,11,November,328,Post-Monsoon,False,False,False,False,False
2024-11-23,Chennai,South,29.2,23.3,138.8,74.2,6.1,Heavy Rain,26.25,5.899999999999999,2024,11,November,328,Post-Monsoon,True,False,False,False,True
2024-11-23,Delhi,North,25.3,13.2,0.0,69.5,3.1,Clear,19.25,12.100000000000001,2024,11,November,328,Post-Monsoon,False,False,False,False,False
2024-11-23,Jaipur,Northwest,23.5,9.7,0.0,48.4,11.6,Clear,16.6,13.8,2024,11,November,328,Post-Monsoon,False,False,False,False,False
2024-11-23,Kolkata,East,25.4,17.4,0.0,40.8,13.9,Clear,21.4,8.0,2024,11,November,328,Post-Monsoon,False,False,False,False,False
2024-11-23,Mumbai,West,28.7,20.0,0.0,47.9,10.0,Clear,24.35,8.7,2024,11,November,328,Post-Monsoon,False,False,False,False,False
2024-11-24,Bengaluru,South,27.2,21.9,0.0,59.5,10.3,Clear,24.549999999999997,5.300000000000001,2024,11,November,329,Post-Monsoon,False,False,False,False,False
2024-11-24,Chennai,South,33.4,26.6,159.8,81.5,19.8,Heavy Rain,30.0,6.799999999999997,2024,11,November,329,Post-Monsoon,True,False,False,False,True
2024-11-24,Delhi,North,19.2,9.2,0.0,46.4,3.7,Clear,14.2,10.0,2024,11,November,329,Post-Monsoon,False,False,False,False,False
2024-11-24,Jaipur,Northwest,24.1,13.8,0.0,50.4,10.6,Clear,18.950000000000003,10.3,2024,11,November,329,Post-Monsoon,False,False,False,False,False
2024-11-24,Kolkata,East,24.3,18.7,0.0,49.0,16.5,Clear,21.5,5.600000000000001,2024,11,November,329,Post-Monsoon,False,False,False,False,False
2024-11-24,Mumbai,West,28.4,19.3,0.0,57.5,19.7,Clear,23.85,9.099999999999998,2024,11,November,329,Post-Monsoon,False,False,False,False,False
2024-11-25,Bengaluru,South,22.7,17.7,0.0,63.2,11.5,Clear,20.2,5.0,2024,11,November,330,Post-Monsoon,False,False,False,False,False
2024-11-25,Chennai,South,28.8,22.9,115.4,78.6,12.0,Heavy Rain,25.85,5.900000000000002,2024,11,November,330,Post-Monsoon,True,False,False,False,True
2024-11-25,Delhi,North,23.0,11.7,0.0,45.8,4.9,Clear,17.35,11.3,2024,11,November,330,Post-Monsoon,False,False,False,False,False
2024-11-25,Jaipur,Northwest,23.4,13.0,0.0,38.3,5.1,Clear,18.2,10.399999999999999,2024,11,November,330,Post-Monsoon,False,False,False,False,False
2024-11-25,Kolkata,East,27.4,18.0,0.0,50.6,8.5,Clear,22.7,9.399999999999999,2024,11,November,330,Post-Monsoon,False,False,False,False,False
2024-11-25,Mumbai,West,28.4,22.1,5.7,57.8,8.5,Light Rain,25.25,6.299999999999997,2024,11,November,330,Post-Monsoon,False,False,False,False,False
2024-11-26,Bengaluru,South,25.5,18.0,8.0,51.6,6.8,Light Rain,21.75,7.5,2024,11,November,331,Post-Monsoon,False,False,False,False,False
2024-11-26,Chennai,South,30.1,22.1,0.0,79.7,16.0,Clear,26.1,8.0,2024,11,November,331,Post-Monsoon,False,False,False,False,False
2024-11-26,Delhi,North,22.4,9.8,0.0,44.5,7.2,Clear,16.1,12.599999999999998,2024,11,November,331,Post-Monsoon,False,False,False,False,False
2024-11-26,Jaipur,Northwest,22.5,11.8,0.0,46.7,0.7,Clear,17.15,10.7,2024,11,November,331,Post-Monsoon,False,False,False,False,False
2024-11-26,Kolkata,East,26.2,17.8,0.0,71.9,17.6,Clear,22.0,8.399999999999999,2024,11,November,331,Post-Monsoon,False,False,False,False,False
2024-11-26,Mumbai,West,27.1,22.1,0.0,42.9,4.9,Clear,24.6,5.0,2024,11,November,331,Post-Monsoon,False,False,False,False,False
2024-11-27,Bengaluru,South,26.3,18.2,0.0,43.9,49.5,Clear,22.25,8.100000000000001,2024,11,November,332,Post-Monsoon,False,False,False,True,True
2024-11-27,Chennai,South,29.6,21.2,136.2,71.1,9.7,Heavy Rain,25.4,8.400000000000002,2024,11,November,332,Post-Monsoon,True,False,False,False,True
2024-11-27,Delhi,North,22.9,11.2,0.0,61.9,8.6,Clear,17.049999999999997,11.7,2024,11,November,332,Post-Monsoon,False,False,False,False,False
2024-11-27,Jaipur,Northwest,23.9,14.6,0.0,65.4,21.9,Clear,19.25,9.299999999999999,2024,11,November,332,Post-Monsoon,False,False,False,False,False
2024-11-27,Kolkata,East,25.9,18.1,0.0,49.7,1.9,Clear,22.0,7.799999999999997,2024,11,November,332,Post-Monsoon,False,False,False,False,False
2024-11-27,Mumbai,West,26.5,21.5,1.7,60.9,22.6,Light Rain,24.0,5.0,2024,11,November,332,Post-Monsoon,False,False,False,False,False
2024-11-28,Bengaluru,South,26.9,19.0,0.0,28.9,12.7,Clear,22.95,7.899999999999999,2024,11,November,333,Post-Monsoon,False,False,False,False,False
2024-11-28,Chennai,South,29.0,23.6,0.0,71.7,1.6,Clear,26.3,5.399999999999999,2024,11,November,333,Post-Monsoon,False,False,False,False,False
2024-11-28,Delhi,North,27.1,15.4,0.0,49.8,4.7,Clear,21.25,11.700000000000001,2024,11,November,333,Post-Monsoon,False,False,False,False,False
2024-11-28,Jaipur,Northwest,23.5,12.9,0.0,49.6,12.1,Clear,18.2,10.6,2024,11,November,333,Post-Monsoon,False,False,False,False,False
2024-11-28,Kolkata,East,25.1,20.1,0.0,57.2,10.3,Clear,22.6,5.0,2024,11,November,333,Post-Monsoon,False,False,False,False,False
2024-11-28,Mumbai,West,28.1,22.9,9.5,66.8,13.8,Light Rain,25.5,5.200000000000003,2024,11,November,333,Post-Monsoon,False,False,False,False,False
2024-11-29,Bengaluru,South,22.9,16.4,0.0,60.5,12.3,Clear,19.65,6.5,2024,11,November,334,Post-Monsoon,False,False,False,False,False
2024-11-29,Chennai,South,31.3,23.4,54.4,84.7,26.8,Rain,27.35,7.900000000000002,2024,11,November,334,Post-Monsoon,False,False,False,False,False
2024-11-29,Delhi,North,21.0,8.2,0.0,58.6,2.5,Clear,14.6,12.8,2024,11,November,334,Post-Monsoon,False,False,False,False,False
2024-11-29,Jaipur,Northwest,27.0,15.3,0.0,55.3,9.3,Clear,21.15,11.7,2024,11,November,334,Post-Monsoon,False,False,False,False,False
2024-11-29,Kolkata,East,24.5,18.7,0.0,47.1,7.2,Clear,21.6,5.800000000000001,2024,11,November,334,Post-Monsoon,False,False,False,False,False
2024-11-29,Mumbai,West,29.1,19.4,3.7,70.6,10.4,Light Rain,24.25,9.700000000000003,2024,11,November,334,Post-Monsoon,False,False,False,False,False
2024-11-30,Bengaluru,South,24.7,17.7,0.0,35.4,10.1,Clear,21.2,7.0,2024,11,November,335,Post-Monsoon,False,False,False,False,False
2024-11-30,Chennai,South,28.3,20.2,113.2,80.7,9.6,Heavy Rain,24.25,8.100000000000001,2024,11,November,335,Post-Monsoon,True,False,False,False,True
2024-11-30,Delhi,North,23.1,11.0,0.0,40.3,3.1,Clear,17.05,12.100000000000001,2024,11,November,335,Post-Monsoon,False,False,False,False,False
2024-11-30,Jaipur,Northwest,23.0,10.5,0.0,37.2,10.9,Clear,16.75,12.5,2024,11,November,335,Post-Monsoon,False,False,False,False,False
2024-11-30,Kolkata,East,24.5,15.6,0.0,60.5,5.4,Clear,20.05,8.9,2024,11,November,335,Post-Monsoon,False,False,False,False,False
2024-11-30,Mumbai,West,26.0,19.2,1.9,66.9,17.8,Light Rain,22.6,6.800000000000001,2024,11,November,335,Post-Monsoon,False,False,False,False,False
2024-12-01,Bengaluru,South,26.7,18.3,0.0,47.0,5.7,Clear,22.5,8.399999999999999,2024,12,December,336,Winter,False,False,False,False,False
2024-12-01,Chennai,South,26.4,19.9,268.8,87.3,11.7,Heavy Rain,23.15,6.5,2024,12,December,336,Winter,True,False,False,False,True
2024-12-01,Delhi,North,19.8,10.1,0.0,63.1,4.7,Clear,14.95,9.700000000000001,2024,12,December,336,Winter,False,False,False,False,False
2024-12-01,Jaipur,Northwest,24.1,14.5,0.0,57.3,4.2,Clear,19.3,9.600000000000001,2024,12,December,336,Winter,False,False,False,False,False
2024-12-01,Kolkata,East,25.4,20.0,5.7,46.7,16.2,Light Rain,22.7,5.399999999999999,2024,12,December,336,Winter,False,False,False,False,False
2024-12-01,Mumbai,West,25.4,19.6,3.3,65.3,8.0,Light Rain,22.5,5.799999999999997,2024,12,December,336,Winter,False,False,False,False,False
2024-12-02,Bengaluru,South,24.6,15.9,0.0,53.5,9.3,Clear,20.25,8.700000000000001,2024,12,December,337,Winter,False,False,False,False,False
2024-12-02,Chennai,South,25.5,20.4,0.0,70.6,5.5,Clear,22.95,5.100000000000001,2024,12,December,337,Winter,False,False,False,False,False
2024-12-02,Delhi,North,22.1,9.2,0.0,62.7,5.7,Clear,15.65,12.900000000000002,2024,12,December,337,Winter,False,False,False,False,False
2024-12-02,Jaipur,Northwest,20.7,12.2,0.0,63.7,7.0,Clear,16.45,8.5,2024,12,December,337,Winter,False,False,False,False,False
2024-12-02,Kolkata,East,22.4,17.4,2.9,65.5,13.1,Light Rain,19.9,5.0,2024,12,December,337,Winter,False,False,False,False,False
2024-12-02,Mumbai,West,27.3,21.8,0.0,53.2,8.2,Clear,24.55,5.5,2024,12,December,337,Winter,False,False,False,False,False
2024-12-03,Bengaluru,South,21.0,14.1,0.0,41.5,11.6,Clear,17.55,6.9,2024,12,December,338,Winter,False,False,False,False,False
2024-12-03,Chennai,South,29.0,22.5,143.5,77.0,8.6,Heavy Rain,25.75,6.5,2024,12,December,338,Winter,True,False,False,False,True
2024-12-03,Delhi,North,16.6,6.6,0.0,55.8,12.8,Clear,11.600000000000001,10.000000000000002,2024,12,December,338,Winter,False,False,False,False,False
2024-12-03,Jaipur,Northwest,20.5,10.2,0.0,57.8,15.9,Clear,15.35,10.3,2024,12,December,338,Winter,False,False,False,False,False
2024-12-03,Kolkata,East,25.1,18.4,0.0,48.9,18.2,Clear,21.75,6.700000000000003,2024,12,December,338,Winter,False,False,False,False,False
2024-12-03,Mumbai,West,28.8,21.7,0.0,42.8,12.7,Clear,25.25,7.100000000000001,2024,12,December,338,Winter,False,False,False,False,False
2024-12-04,Bengaluru,South,26.4,18.2,0.0,36.7,21.7,Clear,22.299999999999997,8.2,2024,12,December,339,Winter,False,False,False,False,False
2024-12-04,Chennai,South,32.2,23.1,110.2,78.4,21.0,Heavy Rain,27.650000000000002,9.100000000000001,2024,12,December,339,Winter,True,False,False,False,True
2024-12-04,Delhi,North,23.5,14.8,0.0,51.3,13.0,Clear,19.15,8.7,2024,12,December,339,Winter,False,False,False,False,False
2024-12-04,Jaipur,Northwest,21.0,11.3,0.0,37.7,24.7,Clear,16.15,9.7,2024,12,December,339,Winter,False,False,False,False,False
2024-12-04,Kolkata,East,23.2,16.7,0.0,41.9,3.6,Clear,19.95,6.5,2024,12,December,339,Winter,False,False,False,False,False
2024-12-04,Mumbai,West,27.0,19.7,0.0,45.2,7.9,Clear,23.35,7.300000000000001,2024,12,December,339,Winter,False,False,False,False,False
2024-12-05,Bengaluru,South,23.9,18.4,0.0,52.2,8.6,Clear,21.15,5.5,2024,12,December,340,Winter,False,False,False,False,False
2024-12-05,Chennai,South,25.4,17.7,109.1,70.0,25.0,Heavy Rain,21.549999999999997,7.699999999999999,2024,12,December,340,Winter,True,False,False,False,True
2024-12-05,Delhi,North,19.8,8.9,0.0,46.3,9.2,Clear,14.350000000000001,10.9,2024,12,December,340,Winter,False,False,False,False,False
2024-12-05,Jaipur,Northwest,22.2,11.2,0.0,54.4,10.5,Clear,16.7,11.0,2024,12,December,340,Winter,False,False,False,False,False
2024-12-05,Kolkata,East,23.8,16.6,0.0,47.1,6.5,Clear,20.200000000000003,7.199999999999999,2024,12,December,340,Winter,False,False,False,False,False
2024-12-05,Mumbai,West,23.6,17.5,0.7,56.8,13.4,Light Rain,20.55,6.100000000000001,2024,12,December,340,Winter,False,False,False,False,False
2024-12-06,Bengaluru,South,25.1,19.3,0.0,60.8,9.4,Clear,22.200000000000003,5.800000000000001,2024,12,December,341,Winter,False,False,False,False,False
2024-12-06,Chennai,South,28.3,21.4,105.7,87.3,8.1,Heavy Rain,24.85,6.900000000000002,2024,12,December,341,Winter,True,False,False,False,True
2024-12-06,Delhi,North,19.1,7.8,9.3,53.9,15.7,Light Rain,13.450000000000001,11.3,2024,12,December,341,Winter,False,False,False,False,False
2024-12-06,Jaipur,Northwest,23.5,11.7,0.0,53.5,4.6,Clear,17.6,11.8,2024,12,December,341,Winter,False,False,False,False,False
2024-12-06,Kolkata,East,27.2,18.8,0.0,52.5,16.6,Clear,23.0,8.399999999999999,2024,12,December,341,Winter,False,False,False,False,False
2024-12-06,Mumbai,West,25.0,19.7,2.4,60.3,13.1,Light Rain,22.35,5.300000000000001,2024,12,December,341,Winter,False,False,False,False,False
2024-12-07,Bengaluru,South,22.9,15.9,0.0,52.1,4.2,Clear,19.4,6.999999999999998,2024,12,December,342,Winter,False,False,False,False,False
2024-12-07,Chennai,South,32.9,25.8,42.8,75.4,15.4,Rain,29.35,7.099999999999998,2024,12,December,342,Winter,False,False,False,False,False
2024-12-07,Delhi,North,20.2,10.5,0.0,57.3,1.7,Clear,15.35,9.7,2024,12,December,342,Winter,False,False,False,False,False
2024-12-07,Jaipur,Northwest,21.7,10.6,0.0,31.3,8.5,Clear,16.15,11.1,2024,12,December,342,Winter,False,False,False,False,False
2024-12-07,Kolkata,East,24.1,18.0,0.0,48.7,3.8,Clear,21.05,6.100000000000001,2024,12,December,342,Winter,False,False,False,False,False
2024-12-07,Mumbai,West,23.6,18.2,0.0,56.3,6.9,Clear,20.9,5.400000000000002,2024,12,December,342,Winter,False,False,False,False,False
2024-12-08,Bengaluru,South,23.0,15.9,0.0,52.7,15.7,Clear,19.45,7.1,2024,12,December,343,Winter,False,False,False,False,False
2024-12-08,Chennai,South,27.1,17.3,68.4,88.4,6.6,Heavy Rain,22.200000000000003,9.8,2024,12,December,343,Winter,True,False,False,False,True
2024-12-08,Delhi,North,22.0,11.2,0.0,54.2,9.1,Clear,16.6,10.8,2024,12,December,343,Winter,False,False,False,False,False
2024-12-08,Jaipur,Northwest,22.7,10.3,0.0,44.0,33.7,Clear,16.5,12.399999999999999,2024,12,December,343,Winter,False,False,False,False,False
2024-12-08,Kolkata,East,23.8,17.2,0.0,44.6,3.5,Clear,20.5,6.600000000000001,2024,12,December,343,Winter,False,False,False,False,False
2024-12-08,Mumbai,West,24.7,17.9,0.0,59.0,10.3,Clear,21.299999999999997,6.800000000000001,2024,12,December,343,Winter,False,False,False,False,False
2024-12-09,Bengaluru,South,26.7,19.0,0.0,48.0,4.3,Clear,22.85,7.699999999999999,2024,12,December,344,Winter,False,False,False,False,False
2024-12-09,Chennai,South,27.3,20.3,6.0,100.0,30.6,Light Rain,23.8,7.0,2024,12,December,344,Winter,False,False,False,False,False
2024-12-09,Delhi,North,20.7,9.3,0.0,66.3,7.5,Clear,15.0,11.399999999999999,2024,12,December,344,Winter,False,False,False,False,False
2024-12-09,Jaipur,Northwest,23.0,12.5,0.0,58.6,4.7,Clear,17.75,10.5,2024,12,December,344,Winter,False,False,False,False,False
2024-12-09,Kolkata,East,23.2,17.2,0.0,46.7,11.6,Clear,20.2,6.0,2024,12,December,344,Winter,False,False,False,False,False
2024-12-09,Mumbai,West,28.6,20.5,3.0,62.0,7.6,Light Rain,24.55,8.100000000000001,2024,12,December,344,Winter,False,False,False,False,False
2024-12-10,Bengaluru,South,25.2,16.6,0.0,64.1,9.9,Clear,20.9,8.599999999999998,2024,12,December,345,Winter,False,False,False,False,False
2024-12-10,Chennai,South,29.4,21.0,246.2,76.8,14.0,Heavy Rain,25.2,8.399999999999999,2024,12,December,345,Winter,True,False,False,False,True
2024-12-10,Delhi,North,17.8,9.7,0.0,49.4,5.5,Clear,13.75,8.100000000000001,2024,12,December,345,Winter,False,False,False,False,False
2024-12-10,Jaipur,Northwest,20.0,8.4,0.0,58.5,9.3,Clear,14.2,11.6,2024,12,December,345,Winter,False,False,False,False,False
2024-12-10,Kolkata,East,26.6,18.3,0.0,59.4,9.8,Clear,22.450000000000003,8.3,2024,12,December,345,Winter,False,False,False,False,False
2024-12-10,Mumbai,West,25.7,18.2,0.0,58.7,15.6,Clear,21.95,7.5,2024,12,December,345,Winter,False,False,False,False,False
2024-12-11,Bengaluru,South,24.5,17.5,0.0,49.0,6.8,Clear,21.0,7.0,2024,12,December,346,Winter,False,False,False,False,False
2024-12-11,Chennai,South,26.7,21.6,110.2,74.9,9.0,Heavy Rain,24.15,5.099999999999998,2024,12,December,346,Winter,True,False,False,False,True
2024-12-11,Delhi,North,19.0,7.3,0.0,46.6,13.2,Clear,13.15,11.7,2024,12,December,346,Winter,False,False,False,False,False
2024-12-11,Jaipur,Northwest,24.1,13.1,0.0,38.3,5.1,Clear,18.6,11.000000000000002,2024,12,December,346,Winter,False,False,False,False,False
2024-12-11,Kolkata,East,26.6,17.0,0.0,57.1,11.8,Clear,21.8,9.600000000000001,2024,12,December,346,Winter,False,False,False,False,False
2024-12-11,Mumbai,West,27.0,21.4,0.0,36.4,3.2,Clear,24.2,5.600000000000001,2024,12,December,346,Winter,False,False,False,False,False
2024-12-12,Bengaluru,South,23.9,16.6,0.0,46.8,11.0,Clear,20.25,7.299999999999997,2024,12,December,347,Winter,False,False,False,False,False
2024-12-12,Chennai,South,27.6,20.1,49.4,81.7,24.3,Rain,23.85,7.5,2024,12,December,347,Winter,False,False,False,False,False
2024-12-12,Delhi,North,20.2,9.3,0.0,60.4,8.5,Clear,14.75,10.899999999999999,2024,12,December,347,Winter,False,False,False,False,False
2024-12-12,Jaipur,Northwest,23.8,15.7,0.0,37.8,25.1,Clear,19.75,8.100000000000001,2024,12,December,347,Winter,False,False,False,False,False
2024-12-12,Kolkata,East,22.1,13.4,0.0,52.0,6.5,Clear,17.75,8.700000000000001,2024,12,December,347,Winter,False,False,False,False,False
2024-12-12,Mumbai,West,25.5,19.9,0.0,50.8,16.8,Clear,22.7,5.600000000000001,2024,12,December,347,Winter,False,False,False,False,False
2024-12-13,Bengaluru,South,23.6,16.4,0.0,48.5,7.1,Clear,20.0,7.200000000000003,2024,12,December,348,Winter,False,False,False,False,False
2024-12-13,Chennai,South,26.9,20.6,0.0,62.9,4.8,Clear,23.75,6.299999999999997,2024,12,December,348,Winter,False,False,False,False,False
2024-12-13,Delhi,North,20.4,9.3,0.0,48.0,11.4,Clear,14.85,11.099999999999998,2024,12,December,348,Winter,False,False,False,False,False
2024-12-13,Jaipur,Northwest,20.3,9.5,0.0,51.0,10.2,Clear,14.9,10.8,2024,12,December,348,Winter,False,False,False,False,False
2024-12-13,Kolkata,East,22.9,16.1,0.0,52.6,10.3,Clear,19.5,6.799999999999997,2024,12,December,348,Winter,False,False,False,False,False
2024-12-13,Mumbai,West,31.2,25.1,0.0,49.7,4.5,Clear,28.15,6.099999999999998,2024,12,December,348,Winter,False,False,False,False,False
2024-12-14,Bengaluru,South,23.9,16.1,0.0,56.2,23.0,Clear,20.0,7.799999999999997,2024,12,December,349,Winter,False,False,False,False,False
2024-12-14,Chennai,South,28.7,21.8,61.0,81.8,20.1,Rain,25.25,6.899999999999999,2024,12,December,349,Winter,False,False,False,False,False
2024-12-14,Delhi,North,16.7,3.9,0.0,59.9,20.1,Clear,10.299999999999999,12.799999999999999,2024,12,December,349,Winter,False,False,True,False,True
2024-12-14,Jaipur,Northwest,21.0,9.1,0.0,64.8,7.6,Clear,15.05,11.9,2024,12,December,349,Winter,False,False,False,False,False
2024-12-14,Kolkata,East,23.7,18.2,1.3,71.5,11.7,Light Rain,20.95,5.5,2024,12,December,349,Winter,False,False,False,False,False
2024-12-14,Mumbai,West,29.7,22.7,0.0,49.1,21.1,Clear,26.2,7.0,2024,12,December,349,Winter,False,False,False,False,False
2024-12-15,Bengaluru,South,26.7,17.5,0.0,47.6,3.0,Clear,22.1,9.2,2024,12,December,350,Winter,False,False,False,False,False
2024-12-15,Chennai,South,27.2,20.2,60.7,95.0,14.9,Rain,23.7,7.0,2024,12,December,350,Winter,False,False,False,False,False
2024-12-15,Delhi,North,20.4,7.0,0.0,44.2,14.9,Clear,13.7,13.399999999999999,2024,12,December,350,Winter,False,False,False,False,False
2024-12-15,Jaipur,Northwest,21.4,10.3,0.0,42.4,6.1,Clear,15.85,11.099999999999998,2024,12,December,350,Winter,False,False,False,False,False
2024-12-15,Kolkata,East,24.3,18.7,0.0,54.7,7.3,Clear,21.5,5.600000000000001,2024,12,December,350,Winter,False,False,False,False,False
2024-12-15,Mumbai,West,28.3,22.6,0.0,37.3,2.2,Clear,25.450000000000003,5.699999999999999,2024,12,December,350,Winter,False,False,False,False,False
2024-12-16,Bengaluru,South,20.0,13.0,0.0,57.4,5.1,Clear,16.5,7.0,2024,12,December,351,Winter,False,False,False,False,False
2024-12-16,Chennai,South,30.2,22.0,159.3,78.4,9.7,Heavy Rain,26.1,8.2,2024,12,December,351,Winter,True,False,False,False,True
2024-12-16,Delhi,North,19.2,8.1,0.0,58.0,1.9,Clear,13.649999999999999,11.1,2024,12,December,351,Winter,False,False,False,False,False
2024-12-16,Jaipur,Northwest,22.2,11.6,0.0,54.7,5.8,Clear,16.9,10.6,2024,12,December,351,Winter,False,False,False,False,False
2024-12-16,Kolkata,East,24.8,19.3,0.0,51.3,29.9,Clear,22.05,5.5,2024,12,December,351,Winter,False,False,False,False,False
2024-12-16,Mumbai,West,30.7,23.1,0.0,43.6,3.1,Clear,26.9,7.599999999999998,2024,12,December,351,Winter,False,False,False,False,False
2024-12-17,Bengaluru,South,21.8,15.5,0.0,52.7,19.9,Clear,18.65,6.300000000000001,2024,12,December,352,Winter,False,False,False,False,False
2024-12-17,Chennai,South,27.6,21.6,0.0,92.4,6.2,Cloudy,24.6,6.0,2024,12,December,352,Winter,False,False,False,False,False
2024-12-17,Delhi,North,20.0,8.6,0.0,47.3,3.1,Clear,14.3,11.4,2024,12,December,352,Winter,False,False,False,False,False
2024-12-17,Jaipur,Northwest,23.0,11.8,2.2,64.3,15.5,Light Rain,17.4,11.2,2024,12,December,352,Winter,False,False,False,False,False
2024-12-17,Kolkata,East,22.3,14.1,0.0,56.8,10.1,Clear,18.2,8.200000000000001,2024,12,December,352,Winter,False,False,False,False,False
2024-12-17,Mumbai,West,29.4,20.6,0.0,43.6,12.5,Clear,25.0,8.799999999999997,2024,12,December,352,Winter,False,False,False,False,False
2024-12-18,Bengaluru,South,20.3,13.1,0.0,67.2,12.7,Clear,16.7,7.200000000000001,2024,12,December,353,Winter,False,False,False,False,False
2024-12-18,Chennai,South,27.9,22.2,49.9,92.5,13.2,Rain,25.049999999999997,5.699999999999999,2024,12,December,353,Winter,False,False,False,False,False
2024-12-18,Delhi,North,20.1,9.3,0.0,55.0,2.6,Clear,14.700000000000001,10.8,2024,12,December,353,Winter,False,False,False,False,False
2024-12-18,Jaipur,Northwest,19.2,7.3,0.0,55.2,18.7,Clear,13.25,11.899999999999999,2024,12,December,353,Winter,False,False,False,False,False
2024-12-18,Kolkata,East,24.0,17.6,0.0,52.9,4.2,Clear,20.8,6.399999999999999,2024,12,December,353,Winter,False,False,False,False,False
2024-12-18,Mumbai,West,29.5,24.5,0.0,35.2,19.2,Clear,27.0,5.0,2024,12,December,353,Winter,False,False,False,False,False
2024-12-19,Bengaluru,South,25.2,19.4,0.0,39.7,16.3,Clear,22.299999999999997,5.800000000000001,2024,12,December,354,Winter,False,False,False,False,False
2024-12-19,Chennai,South,27.8,20.9,7.9,84.8,17.2,Light Rain,24.35,6.900000000000002,2024,12,December,354,Winter,False,False,False,False,False
2024-12-19,Delhi,North,21.0,10.1,0.0,30.5,3.0,Clear,15.55,10.9,2024,12,December,354,Winter,False,False,False,False,False
2024-12-19,Jaipur,Northwest,20.6,10.4,0.0,45.5,0.9,Clear,15.5,10.200000000000001,2024,12,December,354,Winter,False,False,False,False,False
2024-12-19,Kolkata,East,25.4,20.4,0.4,63.4,13.7,Light Rain,22.9,5.0,2024,12,December,354,Winter,False,False,False,False,False
2024-12-19,Mumbai,West,30.8,22.5,0.0,54.4,10.1,Clear,26.65,8.3,2024,12,December,354,Winter,False,False,False,False,False
2024-12-20,Bengaluru,South,23.7,17.7,0.0,54.2,9.9,Clear,20.7,6.0,2024,12,December,355,Winter,False,False,False,False,False
2024-12-20,Chennai,South,30.5,24.6,0.0,74.2,6.1,Clear,27.55,5.899999999999999,2024,12,December,355,Winter,False,False,False,False,False
2024-12-20,Delhi,North,23.4,10.4,0.0,62.9,12.0,Clear,16.9,12.999999999999998,2024,12,December,355,Winter,False,False,False,False,False
2024-12-20,Jaipur,Northwest,25.7,13.5,0.0,48.1,6.4,Clear,19.6,12.2,2024,12,December,355,Winter,False,False,False,False,False
2024-12-20,Kolkata,East,23.4,17.2,0.0,44.1,6.1,Clear,20.299999999999997,6.199999999999999,2024,12,December,355,Winter,False,False,False,False,False
2024-12-20,Mumbai,West,27.8,19.7,0.0,58.5,6.2,Clear,23.75,8.100000000000001,2024,12,December,355,Winter,False,False,False,False,False
2024-12-21,Bengaluru,South,23.9,15.4,0.0,58.8,19.9,Clear,19.65,8.499999999999998,2024,12,December,356,Winter,False,False,False,False,False
2024-12-21,Chennai,South,26.6,18.6,52.5,85.6,22.0,Rain,22.6,8.0,2024,12,December,356,Winter,False,False,False,False,False
2024-12-21,Delhi,North,18.3,6.9,0.0,37.5,7.1,Clear,12.600000000000001,11.4,2024,12,December,356,Winter,False,False,False,False,False
2024-12-21,Jaipur,Northwest,20.7,9.6,0.0,58.2,14.6,Clear,15.149999999999999,11.1,2024,12,December,356,Winter,False,False,False,False,False
2024-12-21,Kolkata,East,21.3,14.1,0.0,38.7,4.5,Clear,17.7,7.200000000000001,2024,12,December,356,Winter,False,False,False,False,False
2024-12-21,Mumbai,West,27.8,21.4,0.0,54.1,8.9,Clear,24.6,6.400000000000002,2024,12,December,356,Winter,False,False,False,False,False
2024-12-22,Bengaluru,South,25.0,17.3,0.0,48.3,6.0,Clear,21.15,7.699999999999999,2024,12,December,357,Winter,False,False,False,False,False
2024-12-22,Chennai,South,29.5,20.6,45.3,71.5,11.5,Rain,25.05,8.899999999999999,2024,12,December,357,Winter,False,False,False,False,False
2024-12-22,Delhi,North,20.6,10.6,0.0,39.9,18.5,Clear,15.600000000000001,10.000000000000002,2024,12,December,357,Winter,False,False,False,False,False
2024-12-22,Jaipur,Northwest,23.6,13.8,0.0,58.0,9.9,Clear,18.700000000000003,9.8,2024,12,December,357,Winter,False,False,False,False,False
2024-12-22,Kolkata,East,22.4,15.8,0.0,41.2,8.6,Clear,19.1,6.599999999999998,2024,12,December,357,Winter,False,False,False,False,False
2024-12-22,Mumbai,West,28.8,19.0,0.0,59.4,12.8,Clear,23.9,9.8,2024,12,December,357,Winter,False,False,False,False,False
2024-12-23,Bengaluru,South,24.8,18.8,0.0,58.0,5.2,Clear,21.8,6.0,2024,12,December,358,Winter,False,False,False,False,False
2024-12-23,Chennai,South,27.7,22.3,102.2,79.1,12.4,Heavy Rain,25.0,5.399999999999999,2024,12,December,358,Winter,True,False,False,False,True
2024-12-23,Delhi,North,20.3,8.8,0.0,38.2,8.0,Clear,14.55,11.5,2024,12,December,358,Winter,False,False,False,False,False
2024-12-23,Jaipur,Northwest,16.4,6.6,0.0,56.9,15.7,Clear,11.5,9.799999999999999,2024,12,December,358,Winter,False,False,False,False,False
2024-12-23,Kolkata,East,24.6,18.2,0.0,40.2,10.6,Clear,21.4,6.400000000000002,2024,12,December,358,Winter,False,False,False,False,False
2024-12-23,Mumbai,West,24.8,19.8,0.0,45.5,7.4,Clear,22.3,5.0,2024,12,December,358,Winter,False,False,False,False,False
2024-12-24,Bengaluru,South,21.1,14.6,0.0,45.9,6.8,Clear,17.85,6.500000000000002,2024,12,December,359,Winter,False,False,False,False,False
2024-12-24,Chennai,South,27.3,21.1,6.2,67.7,18.7,Light Rain,24.200000000000003,6.199999999999999,2024,12,December,359,Winter,False,False,False,False,False
2024-12-24,Delhi,North,18.5,7.5,0.0,55.1,14.3,Clear,13.0,11.0,2024,12,December,359,Winter,False,False,False,False,False
2024-12-24,Jaipur,Northwest,20.3,11.2,0.0,43.1,10.9,Clear,15.75,9.100000000000001,2024,12,December,359,Winter,False,False,False,False,False
2024-12-24,Kolkata,East,22.6,16.7,0.0,41.9,8.8,Clear,19.65,5.900000000000002,2024,12,December,359,Winter,False,False,False,False,False
2024-12-24,Mumbai,West,30.0,25.0,0.0,53.3,18.8,Clear,27.5,5.0,2024,12,December,359,Winter,False,False,False,False,False
2024-12-25,Bengaluru,South,24.4,15.8,0.0,50.5,11.6,Clear,20.1,8.599999999999998,2024,12,December,360,Winter,False,False,False,False,False
2024-12-25,Chennai,South,31.0,22.0,102.9,69.3,14.1,Heavy Rain,26.5,9.0,2024,12,December,360,Winter,True,False,False,False,True
2024-12-25,Delhi,North,20.1,9.6,0.0,52.5,5.5,Clear,14.850000000000001,10.500000000000002,2024,12,December,360,Winter,False,False,False,False,False
2024-12-25,Jaipur,Northwest,22.0,12.1,0.0,54.4,2.1,Clear,17.05,9.9,2024,12,December,360,Winter,False,False,False,False,False
2024-12-25,Kolkata,East,20.8,14.5,0.0,57.2,4.2,Clear,17.65,6.300000000000001,2024,12,December,360,Winter,False,False,False,False,False
2024-12-25,Mumbai,West,27.3,20.8,0.0,55.0,5.0,Clear,24.05,6.5,2024,12,December,360,Winter,False,False,False,False,False
2024-12-26,Bengaluru,South,20.9,15.8,3.0,71.0,22.5,Light Rain,18.35,5.099999999999998,2024,12,December,361,Winter,False,False,False,False,False
2024-12-26,Chennai,South,27.2,19.9,63.0,82.6,22.5,Rain,23.549999999999997,7.300000000000001,2024,12,December,361,Winter,False,False,False,False,False
2024-12-26,Delhi,North,19.1,8.3,0.0,64.9,2.5,Clear,13.700000000000001,10.8,2024,12,December,361,Winter,False,False,False,False,False
2024-12-26,Jaipur,Northwest,20.5,9.0,0.0,52.9,19.5,Clear,14.75,11.5,2024,12,December,361,Winter,False,False,False,False,False
2024-12-26,Kolkata,East,23.5,17.0,0.0,53.5,4.1,Clear,20.25,6.5,2024,12,December,361,Winter,False,False,False,False,False
2024-12-26,Mumbai,West,25.3,19.9,5.8,55.8,9.1,Light Rain,22.6,5.400000000000002,2024,12,December,361,Winter,False,False,False,False,False
2024-12-27,Bengaluru,South,22.8,16.9,0.0,59.8,22.9,Clear,19.85,5.900000000000002,2024,12,December,362,Winter,False,False,False,False,False
2024-12-27,Chennai,South,27.5,19.8,31.7,84.9,11.2,Rain,23.65,7.699999999999999,2024,12,December,362,Winter,False,False,False,False,False
2024-12-27,Delhi,North,19.0,9.0,0.0,43.9,9.8,Clear,14.0,10.0,2024,12,December,362,Winter,False,False,False,False,False
2024-12-27,Jaipur,Northwest,21.4,10.7,0.0,65.1,11.2,Clear,16.049999999999997,10.7,2024,12,December,362,Winter,False,False,False,False,False
2024-12-27,Kolkata,East,22.9,14.3,0.0,39.6,6.3,Clear,18.6,8.599999999999998,2024,12,December,362,Winter,False,False,False,False,False
2024-12-27,Mumbai,West,24.8,17.1,0.0,61.8,9.7,Clear,20.950000000000003,7.699999999999999,2024,12,December,362,Winter,False,False,False,False,False
2024-12-28,Bengaluru,South,25.0,16.1,0.0,64.1,3.8,Clear,20.55,8.899999999999999,2024,12,December,363,Winter,False,False,False,False,False
2024-12-28,Chennai,South,29.3,21.5,77.5,90.1,16.8,Heavy Rain,25.4,7.800000000000001,2024,12,December,363,Winter,True,False,False,False,True
2024-12-28,Delhi,North,16.6,6.1,0.0,61.1,8.9,Clear,11.350000000000001,10.500000000000002,2024,12,December,363,Winter,False,False,False,False,False
2024-12-28,Jaipur,Northwest,22.6,11.7,0.0,51.0,2.8,Clear,17.15,10.900000000000002,2024,12,December,363,Winter,False,False,False,False,False
2024-12-28,Kolkata,East,22.3,16.5,0.0,49.6,2.9,Clear,19.4,5.800000000000001,2024,12,December,363,Winter,False,False,False,False,False
2024-12-28,Mumbai,West,24.5,19.0,0.0,54.5,3.8,Clear,21.75,5.5,2024,12,December,363,Winter,False,False,False,False,False
2024-12-29,Bengaluru,South,26.1,19.4,0.0,45.1,3.5,Clear,22.75,6.700000000000003,2024,12,December,364,Winter,False,False,False,False,False
2024-12-29,Chennai,South,27.0,21.1,97.8,84.3,8.5,Heavy Rain,24.05,5.899999999999999,2024,12,December,364,Winter,True,False,False,False,True
2024-12-29,Delhi,North,18.2,6.6,0.0,43.6,17.3,Clear,12.399999999999999,11.6,2024,12,December,364,Winter,False,False,False,False,False
2024-12-29,Jaipur,Northwest,25.3,13.0,0.0,44.1,8.2,Clear,19.15,12.3,2024,12,December,364,Winter,False,False,False,False,False
2024-12-29,Kolkata,East,24.1,17.1,0.0,52.2,1.8,Clear,20.6,7.0,2024,12,December,364,Winter,False,False,False,False,False
2024-12-29,Mumbai,West,25.4,19.0,0.0,56.7,3.1,Clear,22.2,6.399999999999999,2024,12,December,364,Winter,False,False,False,False,False
2024-12-30,Bengaluru,South,25.8,18.7,0.0,42.3,9.8,Clear,22.25,7.100000000000001,2024,12,December,365,Winter,False,False,False,False,False
2024-12-30,Chennai,South,24.7,18.3,74.1,84.1,35.6,Heavy Rain,21.5,6.399999999999999,2024,12,December,365,Winter,True,False,False,False,True
2024-12-30,Delhi,North,17.0,6.3,0.0,53.1,32.2,Clear,11.65,10.7,2024,12,December,365,Winter,False,False,False,False,False
2024-12-30,Jaipur,Northwest,18.0,6.7,0.0,54.8,7.1,Clear,12.35,11.3,2024,12,December,365,Winter,False,False,False,False,False
2024-12-30,Kolkata,East,21.8,14.3,0.0,52.0,9.8,Clear,18.05,7.5,2024,12,December,365,Winter,False,False,False,False,False
2024-12-30,Mumbai,West,26.8,21.6,0.0,55.7,2.5,Clear,24.200000000000003,5.199999999999999,2024,12,December,365,Winter,False,False,False,False,False
2024-12-31,Bengaluru,South,23.2,17.6,0.0,70.0,9.0,Clear,20.4,5.599999999999998,2024,12,December,366,Winter,False,False,False,False,False
2024-12-31,Chennai,South,31.6,22.7,14.0,90.8,14.9,Rain,27.15,8.900000000000002,2024,12,December,366,Winter,False,False,False,False,False
2024-12-31,Delhi,North,20.1,8.9,0.0,53.9,15.9,Clear,14.5,11.200000000000001,2024,12,December,366,Winter,False,False,False,False,False
2024-12-31,Jaipur,Northwest,19.9,8.9,0.0,52.5,9.2,Clear,14.399999999999999,10.999999999999998,2024,12,December,366,Winter,False,False,False,False,False
2024-12-31,Kolkata,East,24.4,16.9,0.0,61.1,15.3,Clear,20.65,7.5,2024,12,December,366,Winter,False,False,False,False,False
2024-12-31,Mumbai,West,29.2,22.2,0.0,47.0,7.6,Clear,25.7,7.0,2024,12,December,366,Winter,False,False,False,False,False
