invoice_id,date,time,branch,city,customer_type,gender,category,product,unit_price,quantity,discount_pct,payment_method,rating,cost_price,gross_sales,discount_amount,net_sales,total_cost,profit,profit_margin_pct,weekday,month,hour,time_slot
INV-2024-01323,2024-01-01,09:55,A,Delhi,Normal,Male,Clothing,Jacket,2797.26,1,0.0,Cash,8.6,1706.33,2797.26,0.0,2797.26,1706.33,1090.9300000000003,38.99994995102351,Monday,January,9,Morning
INV-2024-01101,2024-01-01,10:49,A,Delhi,Normal,Male,Electronics,Earbuds,2101.56,1,0.0,Cash,7.7,1450.08,2101.56,0.0,2101.56,1450.08,651.48,30.999828698680982,Monday,January,10,Morning
INV-2024-02299,2024-01-01,12:12,A,Delhi,Member,Female,Home & Kitchen,Bedsheet,1017.73,3,0.1,Card,6.8,671.7,3053.19,305.319,2747.871,2015.1000000000001,732.771,26.66686318244197,Monday,January,12,Afternoon
INV-2024-01617,2024-01-01,12:34,A,Delhi,Normal,Female,Home & Kitchen,Mixer Grinder,3516.98,5,0.05,Card,8.2,2321.21,17584.9,879.2450000000001,16705.655000000002,11606.05,5099.605000000003,30.52622001352238,Monday,January,12,Afternoon
INV-2024-00052,2024-01-01,13:15,A,Delhi,Normal,Male,Groceries,Dry Fruits,976.75,4,0.2,UPI,5.9,800.94,3907.0,781.4000000000001,3125.6,3203.76,-78.16000000000031,-2.5006398771435983,Monday,January,13,Afternoon
INV-2024-00741,2024-01-01,14:28,A,Delhi,Member,Female,Electronics,Bluetooth Speaker,2602.74,3,0.15000000000000002,Cash,4.7,1795.89,7808.219999999999,1171.2330000000002,6636.986999999999,5387.67,1249.316999999999,18.823556532504874,Monday,January,14,Afternoon
INV-2024-00775,2024-01-01,14:29,B,Mumbai,Normal,Female,Groceries,Dry Fruits,976.0,6,0.0,UPI,6.1,800.32,5856.0,0.0,5856.0,4801.92,1054.08,18.0,Monday,January,14,Afternoon
INV-2024-01221,2024-01-01,15:06,C,Bengaluru,Normal,Male,Electronics,Smart Watch,4090.96,1,0.05,UPI,6.2,2822.76,4090.96,204.548,3886.4120000000003,2822.76,1063.652,27.368482806249055,Monday,January,15,Afternoon
INV-2024-00647,2024-01-01,16:26,C,Bengaluru,Normal,Female,Electronics,Earbuds,2102.06,1,0.0,UPI,6.5,1450.42,2102.06,0.0,2102.06,1450.42,651.6399999999999,31.000066601333927,Monday,January,16,Evening
INV-2024-02384,2024-01-01,16:58,B,Mumbai,Member,Male,Groceries,Breakfast Cereal,377.58,6,0.15000000000000002,Card,6.5,309.62,2265.48,339.82200000000006,1925.658,1857.72,67.93799999999987,3.528040804753486,Monday,January,16,Evening
INV-2024-00811,2024-01-01,17:03,A,Delhi,Normal,Female,Sports,Dumbbell Set,2580.3,2,0.05,UPI,7.3,1651.39,5160.6,258.03000000000003,4902.570000000001,3302.78,1599.7900000000004,32.631660537228434,Monday,January,17,Evening
INV-2024-00595,2024-01-01,17:11,C,Bengaluru,Member,Male,Clothing,Jacket,2843.48,4,0.05,UPI,8.4,1734.52,11373.92,568.696,10805.224,6938.08,3867.1440000000002,35.78957733777662,Monday,January,17,Evening
INV-2024-00744,2024-01-01,17:16,B,Mumbai,Normal,Male,Clothing,T-Shirt,752.55,1,0.0,UPI,6.3,459.06,752.55,0.0,752.55,459.06,293.48999999999995,38.9994020330875,Monday,January,17,Evening
INV-2024-00998,2024-01-01,17:24,C,Bengaluru,Normal,Male,Groceries,Dry Fruits,968.34,1,0.0,Card,7.9,794.04,968.34,0.0,968.34,794.04,174.30000000000007,17.999876076584677,Monday,January,17,Evening
INV-2024-01158,2024-01-01,18:20,A,Delhi,Member,Female,Personal Care,Trimmer,2033.84,1,0.15,UPI,7.0,1179.63,2033.84,305.07599999999996,1728.764,1179.63,549.1339999999998,31.764543916925607,Monday,January,18,Evening
INV-2024-01314,2024-01-01,20:20,B,Mumbai,Member,Female,Personal Care,Skin Care Kit,1186.94,1,0.2,Card,8.9,688.43,1186.94,237.38800000000003,949.552,688.43,261.12200000000007,27.499494498458226,Monday,January,20,Night
INV-2024-01837,2024-01-01,20:28,B,Mumbai,Normal,Female,Electronics,Bluetooth Speaker,2729.57,1,0.05,Card,7.3,1883.4,2729.57,136.47850000000003,2593.0915,1883.4,709.6914999999999,27.368548313856255,Monday,January,20,Night
INV-2024-00423,2024-01-01,20:59,C,Bengaluru,Member,Female,Sports,Dumbbell Set,2563.68,2,0.1,Card,7.0,1640.76,5127.36,512.736,4614.624,3281.52,1333.1039999999998,28.888680854604836,Monday,January,20,Night
INV-2024-00766,2024-01-01,21:07,A,Delhi,Member,Male,Clothing,T-Shirt,786.82,3,0.05,UPI,8.1,479.96,2360.46,118.02300000000001,2242.437,1439.8799999999999,802.557,35.78950044081506,Monday,January,21,Night
INV-2024-00535,2024-01-02,09:12,C,Bengaluru,Normal,Male,Electronics,Bluetooth Speaker,2969.37,5,0.1,Card,8.9,2048.87,14846.849999999999,1484.685,13362.164999999999,10244.349999999999,3117.8150000000005,23.33315746362959,Tuesday,January,9,Morning
INV-2024-01568,2024-01-02,10:23,A,Delhi,Normal,Male,Personal Care,Trimmer,1928.27,2,0.0,UPI,7.3,1118.4,3856.54,0.0,3856.54,2236.8,1619.7399999999998,41.999823676144935,Tuesday,January,10,Morning
INV-2024-02115,2024-01-02,10:34,B,Mumbai,Normal,Male,Groceries,Cooking Oil,840.76,3,0.1,Cash,9.0,689.42,2522.2799999999997,252.22799999999998,2270.0519999999997,2068.2599999999998,201.79199999999992,8.889311786690346,Tuesday,January,10,Morning
INV-2024-01929,2024-01-02,10:41,A,Delhi,Member,Male,Groceries,Breakfast Cereal,402.2,5,0.05,UPI,6.3,329.8,2011.0,100.55000000000001,1910.45,1649.0,261.45000000000005,13.685257400088988,Tuesday,January,10,Morning
INV-2024-01911,2024-01-02,11:15,A,Delhi,Member,Male,Clothing,Sports Shoes,2341.27,5,0.0,UPI,8.2,1428.17,11706.35,0.0,11706.35,7140.85,4565.5,39.000200745749105,Tuesday,January,11,Morning
INV-2024-00841,2024-01-02,11:22,A,Delhi,Member,Male,Electronics,Earbuds,2251.96,4,0.15000000000000002,Card,8.0,1553.85,9007.84,1351.1760000000002,7656.664,6215.4,1441.2640000000001,18.823654792740026,Tuesday,January,11,Morning
INV-2024-01952,2024-01-02,12:44,B,Mumbai,Member,Female,Groceries,Breakfast Cereal,369.65,3,0.0,UPI,7.1,303.11,1108.9499999999998,0.0,1108.9499999999998,909.33,199.61999999999978,18.000811578520203,Tuesday,January,12,Afternoon
INV-2024-00683,2024-01-02,12:57,C,Bengaluru,Normal,Female,Clothing,Jeans,1897.68,1,0.1,Card,5.7,1157.58,1897.68,189.76800000000003,1707.912,1157.58,550.3320000000001,32.22250326714725,Tuesday,January,12,Afternoon
INV-2024-00519,2024-01-02,13:43,C,Bengaluru,Normal,Male,Electronics,Bluetooth Speaker,2597.15,2,0.1,UPI,7.8,1792.03,5194.3,519.4300000000001,4674.87,3584.06,1090.81,23.33348307011746,Tuesday,January,13,Afternoon
INV-2024-00239,2024-01-02,15:36,C,Bengaluru,Member,Male,Electronics,Bluetooth Speaker,2647.1,1,0.15000000000000002,Card,6.0,1826.5,2647.1,397.06500000000005,2250.035,1826.5,423.53499999999985,18.823484968011602,Tuesday,January,15,Afternoon
INV-2024-00205,2024-01-02,16:09,A,Delhi,Normal,Male,Groceries,Dry Fruits,982.93,1,0.0,Card,6.7,806.0,982.93,0.0,982.93,806.0,176.92999999999995,18.000264515275752,Tuesday,January,16,Evening
INV-2024-02394,2024-01-02,16:40,A,Delhi,Member,Male,Clothing,T-Shirt,768.78,2,0.15000000000000002,UPI,7.8,468.96,1537.56,230.63400000000001,1306.926,937.92,369.006,28.234651388066347,Tuesday,January,16,Evening
INV-2024-00395,2024-01-02,17:09,B,Mumbai,Member,Male,Electronics,Earbuds,2275.68,2,0.15000000000000002,UPI,7.0,1570.22,4551.36,682.7040000000001,3868.6559999999995,3140.44,728.2159999999994,18.823488053732344,Tuesday,January,17,Evening
INV-2024-02023,2024-01-02,17:47,A,Delhi,Normal,Female,Electronics,Power Bank,1493.05,3,0.05,Cash,8.3,1030.2,4479.15,223.95749999999998,4255.192499999999,3090.6000000000004,1164.5924999999988,27.368738312073994,Tuesday,January,17,Evening
INV-2024-00826,2024-01-02,18:20,C,Bengaluru,Normal,Female,Groceries,Cooking Oil,735.19,3,0.05,Card,9.8,602.86,2205.57,110.27850000000001,2095.2915000000003,1808.58,286.71150000000034,13.68360917800699,Tuesday,January,18,Evening
INV-2024-01949,2024-01-02,18:50,B,Mumbai,Normal,Male,Clothing,Sports Shoes,2492.13,1,0.1,UPI,6.4,1520.2,2492.13,249.21300000000002,2242.917,1520.2,722.7169999999999,32.22219101286405,Tuesday,January,18,Evening
INV-2024-00812,2024-01-02,20:55,B,Mumbai,Member,Female,Groceries,Breakfast Cereal,392.18,1,0.05,UPI,8.5,321.59,392.18,19.609,372.571,321.59,50.98100000000005,13.683566353795666,Tuesday,January,20,Night
INV-2024-02052,2024-01-02,21:27,B,Mumbai,Member,Male,Groceries,Rice 5kg,571.47,3,0.1,UPI,8.3,468.61,1714.41,171.44100000000003,1542.969,1405.83,137.13900000000012,8.887994509286973,Tuesday,January,21,Night
INV-2024-00227,2024-01-03,09:40,A,Delhi,Normal,Male,Electronics,Earbuds,2224.5,5,0.05,UPI,8.5,1534.9,11122.5,556.125,10566.375,7674.5,2891.875,27.36865765222226,Wednesday,January,9,Morning
INV-2024-02038,2024-01-03,09:52,C,Bengaluru,Member,Female,Groceries,Dry Fruits,976.77,2,0.15000000000000002,UPI,8.7,800.95,1953.54,293.03100000000006,1660.509,1601.9,58.608999999999924,3.5295803877003937,Wednesday,January,9,Morning
INV-2024-01045,2024-01-03,09:55,A,Delhi,Normal,Male,Electronics,Bluetooth Speaker,2914.81,2,0.0,UPI,6.4,2011.22,5829.62,0.0,5829.62,4022.44,1807.1799999999998,30.999962261691156,Wednesday,January,9,Morning
INV-2024-01318,2024-01-03,11:40,A,Delhi,Member,Male,Electronics,Smart Watch,3880.53,4,0.1,Cash,7.8,2677.57,15522.12,1552.2120000000002,13969.908000000001,10710.28,3259.6280000000006,23.333210211548998,Wednesday,January,11,Morning
INV-2024-02130,2024-01-03,12:54,B,Mumbai,Member,Female,Clothing,T-Shirt,841.1,5,0.05,UPI,7.5,513.07,4205.5,210.275,3995.225,2565.3500000000004,1429.8749999999995,35.78959883360761,Wednesday,January,12,Afternoon
INV-2024-01356,2024-01-03,13:36,A,Delhi,Normal,Male,Personal Care,Trimmer,1811.92,6,0.0,Cash,6.5,1050.91,10871.52,0.0,10871.52,6305.460000000001,4566.0599999999995,42.00019868426861,Wednesday,January,13,Afternoon
INV-2024-00150,2024-01-03,14:16,C,Bengaluru,Normal,Male,Sports,Fitness Band,1301.46,3,0.1,Card,8.0,832.93,3904.38,390.43800000000005,3513.942,2498.79,1015.152,28.889264535385045,Wednesday,January,14,Afternoon
INV-2024-01902,2024-01-03,14:33,A,Delhi,Normal,Male,Personal Care,Trimmer,1981.55,3,0.05,UPI,9.5,1149.3,5944.65,297.2325,5647.4175,3447.8999999999996,2199.5175,38.94731529942669,Wednesday,January,14,Afternoon
INV-2024-02031,2024-01-03,15:06,C,Bengaluru,Member,Female,Groceries,Breakfast Cereal,371.5,3,0.1,UPI,6.6,304.63,1114.5,111.45,1003.05,913.89,89.15999999999997,8.888888888888886,Wednesday,January,15,Afternoon
INV-2024-00872,2024-01-03,15:27,A,Delhi,Member,Female,Home & Kitchen,Storage Set,673.23,2,0.1,UPI,8.7,444.33,1346.46,134.64600000000002,1211.814,888.66,323.1540000000001,26.66696374196041,Wednesday,January,15,Afternoon
INV-2024-00136,2024-01-03,15:50,A,Delhi,Member,Male,Home & Kitchen,Bedsheet,1063.77,3,0.1,Card,7.3,702.09,3191.31,319.13100000000003,2872.179,2106.27,765.9090000000001,26.666478656100473,Wednesday,January,15,Afternoon
INV-2024-02350,2024-01-03,16:27,B,Mumbai,Normal,Male,Electronics,Earbuds,2267.42,1,0.05,Card,10.0,1564.52,2267.42,113.37100000000001,2154.049,1564.52,589.529,27.368411767791727,Wednesday,January,16,Evening
INV-2024-01894,2024-01-03,17:46,A,Delhi,Normal,Male,Electronics,Earbuds,2050.22,1,0.0,UPI,6.1,1414.65,2050.22,0.0,2050.22,1414.65,635.5699999999997,31.00008779545609,Wednesday,January,17,Evening
INV-2024-01205,2024-01-03,17:53,A,Delhi,Member,Female,Groceries,Rice 5kg,665.07,2,0.0,Card,7.9,545.36,1330.14,0.0,1330.14,1090.72,239.42000000000007,17.999609063707585,Wednesday,January,17,Evening
INV-2024-01721,2024-01-03,18:23,B,Mumbai,Normal,Male,Electronics,Power Bank,1494.86,1,0.05,UPI,7.3,1031.45,1494.86,74.743,1420.117,1031.45,388.6669999999999,27.36866046952469,Wednesday,January,18,Evening
INV-2024-01743,2024-01-03,18:38,A,Delhi,Normal,Male,Groceries,Breakfast Cereal,350.94,3,0.0,Card,7.0,287.77,1052.82,0.0,1052.82,863.31,189.51,18.000227959195303,Wednesday,January,18,Evening
INV-2024-00085,2024-01-03,18:42,C,Bengaluru,Normal,Male,Groceries,Cooking Oil,753.17,3,0.1,Card,7.3,617.6,2259.5099999999998,225.951,2033.5589999999997,1852.8000000000002,180.75899999999956,8.888800374122392,Wednesday,January,18,Evening
INV-2024-01069,2024-01-03,19:19,B,Mumbai,Member,Female,Clothing,Jeans,1829.91,3,0.1,Card,6.7,1116.25,5489.7300000000005,548.9730000000001,4940.7570000000005,3348.75,1592.0070000000005,32.22192469696446,Wednesday,January,19,Night
INV-2024-00590,2024-01-03,19:20,C,Bengaluru,Member,Male,Groceries,Cooking Oil,749.42,2,0.1,Cash,5.3,614.52,1498.84,149.884,1348.956,1229.04,119.91599999999994,8.88954124522964,Wednesday,January,19,Night
INV-2024-00270,2024-01-03,20:04,A,Delhi,Normal,Male,Electronics,Bluetooth Speaker,2814.41,1,0.05,UPI,5.7,1941.94,2814.41,140.7205,2673.6895,1941.94,731.7494999999999,27.368529516983926,Wednesday,January,20,Night
INV-2024-00797,2024-01-03,20:35,C,Bengaluru,Normal,Male,Clothing,Jeans,1936.49,2,0.0,UPI,6.2,1181.26,3872.98,0.0,3872.98,2362.52,1510.46,38.99994319619518,Wednesday,January,20,Night
INV-2024-02321,2024-01-04,12:18,B,Mumbai,Member,Female,Personal Care,Perfume,1502.12,1,0.2,Card,8.7,871.23,1502.12,300.424,1201.696,871.23,330.4659999999999,27.49996671371128,Thursday,January,12,Afternoon
INV-2024-01841,2024-01-04,12:49,A,Delhi,Member,Female,Sports,Yoga Mat,829.95,4,0.0,Cash,7.6,531.17,3319.8,0.0,3319.8,2124.68,1195.1200000000003,35.99975902162782,Thursday,January,12,Afternoon
INV-2024-02122,2024-01-04,13:23,A,Delhi,Member,Female,Groceries,Cooking Oil,780.46,5,0.05,Card,4.3,639.98,3902.3,195.115,3707.1850000000004,3199.9,507.2850000000003,13.683832881283244,Thursday,January,13,Afternoon
INV-2024-02018,2024-01-04,13:49,B,Mumbai,Normal,Male,Groceries,Dry Fruits,909.82,1,0.1,Card,8.2,746.05,909.82,90.98200000000001,818.8380000000001,746.05,72.78800000000012,8.889181987157425,Thursday,January,13,Afternoon
INV-2024-00795,2024-01-04,14:22,C,Bengaluru,Member,Female,Groceries,Rice 5kg,664.82,3,0.0,Card,10.0,545.15,1994.46,0.0,1994.46,1635.4499999999998,359.0100000000002,18.000360999969928,Thursday,January,14,Afternoon
INV-2024-00415,2024-01-04,14:59,C,Bengaluru,Normal,Male,Groceries,Dry Fruits,876.08,2,0.0,Card,5.8,718.39,1752.16,0.0,1752.16,1436.78,315.3800000000001,17.999497762761397,Thursday,January,14,Afternoon
INV-2024-01382,2024-01-04,15:00,A,Delhi,Normal,Male,Sports,Dumbbell Set,2310.51,4,0.0,UPI,8.7,1478.73,9242.04,0.0,9242.04,5914.92,3327.120000000001,35.99984419024372,Thursday,January,15,Afternoon
INV-2024-00650,2024-01-04,15:53,A,Delhi,Member,Male,Groceries,Breakfast Cereal,394.86,4,0.0,UPI,7.2,323.79,1579.44,0.0,1579.44,1295.16,284.28,17.998784379273662,Thursday,January,15,Afternoon
INV-2024-01729,2024-01-04,16:55,C,Bengaluru,Member,Female,Groceries,Cooking Oil,843.21,3,0.2,Card,7.5,691.43,2529.63,505.92600000000004,2023.7040000000002,2074.29,-50.585999999999785,-2.499673865347886,Thursday,January,16,Evening
INV-2024-00164,2024-01-04,17:10,B,Mumbai,Member,Male,Groceries,Dry Fruits,878.53,2,0.0,Cash,9.0,720.39,1757.06,0.0,1757.06,1440.78,316.28,18.000523601925945,Thursday,January,17,Evening
INV-2024-02276,2024-01-04,17:21,C,Bengaluru,Normal,Female,Groceries,Breakfast Cereal,356.76,4,0.1,Cash,6.4,292.54,1427.04,142.704,1284.336,1170.16,114.17599999999993,8.889885512825298,Thursday,January,17,Evening
INV-2024-01660,2024-01-04,17:22,A,Delhi,Normal,Female,Sports,Cricket Bat,1947.74,2,0.05,Card,9.0,1246.55,3895.48,194.774,3700.706,2493.1,1207.6060000000002,32.63177350483935,Thursday,January,17,Evening
INV-2024-01433,2024-01-04,18:13,C,Bengaluru,Normal,Male,Electronics,Earbuds,2299.0,2,0.1,Cash,7.5,1586.31,4598.0,459.8,4138.2,3172.62,965.5799999999999,23.333333333333332,Thursday,January,18,Evening
INV-2024-00069,2024-01-04,18:29,B,Mumbai,Normal,Female,Clothing,Jacket,2771.79,2,0.05,UPI,6.7,1690.79,5543.58,277.17900000000003,5266.401,3381.58,1884.821,35.789545839749,Thursday,January,18,Evening
INV-2024-00422,2024-01-04,18:30,C,Bengaluru,Normal,Female,Personal Care,Perfume,1538.7,4,0.0,UPI,7.3,892.45,6154.8,0.0,6154.8,3569.8,2585.0,41.99974004029375,Thursday,January,18,Evening
INV-2024-00633,2024-01-04,18:59,C,Bengaluru,Normal,Female,Electronics,Smart Watch,3765.03,3,0.05,UPI,8.9,2597.87,11295.09,564.7545,10730.335500000001,7793.61,2936.7255000000014,27.3684406233151,Thursday,January,18,Evening
INV-2024-00485,2024-01-04,19:24,C,Bengaluru,Member,Female,Clothing,T-Shirt,752.66,1,0.05,Cash,8.3,459.12,752.66,37.633,715.0269999999999,459.12,255.90699999999993,35.789837306842955,Thursday,January,19,Night
INV-2024-00768,2024-01-04,19:29,A,Delhi,Normal,Male,Groceries,Dry Fruits,1002.73,1,0.15,Card,9.5,822.24,1002.73,150.4095,852.3205,822.24,30.08050000000003,3.5292475072463967,Thursday,January,19,Night
INV-2024-01161,2024-01-04,19:48,A,Delhi,Normal,Male,Clothing,Jacket,2791.72,2,0.0,Card,8.8,1702.95,5583.44,0.0,5583.44,3405.9,2177.5399999999995,38.999971343831035,Thursday,January,19,Night
INV-2024-02152,2024-01-04,19:56,A,Delhi,Member,Male,Personal Care,Perfume,1636.94,1,0.05,Card,7.4,949.43,1636.94,81.84700000000001,1555.093,949.43,605.6630000000001,38.947059757840854,Thursday,January,19,Night
INV-2024-00972,2024-01-04,20:01,C,Bengaluru,Member,Female,Personal Care,Perfume,1720.27,4,0.15000000000000002,UPI,7.6,997.76,6881.08,1032.162,5848.918,3991.04,1857.8779999999997,31.76447336071389,Thursday,January,20,Night
INV-2024-02080,2024-01-04,21:35,A,Delhi,Normal,Female,Clothing,Jeans,1899.37,3,0.05,Card,6.2,1158.62,5698.11,284.9055,5413.2045,3475.8599999999997,1937.3445000000002,35.789235378046406,Thursday,January,21,Night
INV-2024-00723,2024-01-04,21:51,B,Mumbai,Member,Female,Clothing,Jacket,2824.5,2,0.05,Cash,8.1,1722.94,5649.0,282.45,5366.55,3445.88,1920.67,35.78966002366511,Thursday,January,21,Night
INV-2024-01019,2024-01-05,10:37,B,Mumbai,Normal,Male,Personal Care,Skin Care Kit,1286.5,5,0.1,Card,8.0,746.17,6432.5,643.25,5789.25,3730.85,2058.4,35.55555555555556,Friday,January,10,Morning
INV-2024-02160,2024-01-05,10:52,C,Bengaluru,Member,Male,Groceries,Breakfast Cereal,389.4,2,0.1,UPI,7.1,319.31,778.8,77.88,700.92,638.62,62.299999999999955,8.888318210352104,Friday,January,10,Morning
INV-2024-01386,2024-01-05,12:10,A,Delhi,Member,Male,Sports,Cricket Bat,2112.76,6,0.1,Card,9.8,1352.17,12676.560000000001,1267.6560000000002,11408.904,8113.02,3295.884,28.888699563078102,Friday,January,12,Afternoon
INV-2024-01926,2024-01-05,12:34,A,Delhi,Member,Female,Groceries,Breakfast Cereal,357.95,5,0.15000000000000002,Card,6.0,293.52,1789.75,268.46250000000003,1521.2875,1467.6,53.6875,3.5290830957330552,Friday,January,12,Afternoon
INV-2024-00281,2024-01-05,13:31,C,Bengaluru,Member,Female,Home & Kitchen,Cookware Set,2531.62,3,0.0,UPI,5.5,1670.87,7594.86,0.0,7594.86,5012.61,2582.25,33.99996839968084,Friday,January,13,Afternoon
INV-2024-02229,2024-01-05,13:51,B,Mumbai,Member,Male,Groceries,Breakfast Cereal,351.38,2,0.1,UPI,8.7,288.13,702.76,70.276,632.484,576.26,56.224000000000046,8.889394830541175,Friday,January,13,Afternoon
INV-2024-02046,2024-01-05,14:13,B,Mumbai,Normal,Female,Groceries,Breakfast Cereal,373.85,2,0.1,Cash,5.6,306.56,747.7,74.77000000000001,672.9300000000001,613.12,59.81000000000006,8.887997265688862,Friday,January,14,Afternoon
INV-2024-00125,2024-01-05,14:56,A,Delhi,Member,Female,Sports,Yoga Mat,876.69,1,0.05,UPI,6.1,561.08,876.69,43.834500000000006,832.8555,561.08,271.77549999999997,32.631771057524375,Friday,January,14,Afternoon
INV-2024-00555,2024-01-05,15:02,A,Delhi,Member,Female,Groceries,Cooking Oil,778.46,2,0.1,UPI,5.8,638.34,1556.92,155.692,1401.228,1276.68,124.548,8.888489239438549,Friday,January,15,Afternoon
INV-2024-00726,2024-01-05,15:48,C,Bengaluru,Member,Female,Clothing,Jacket,3177.49,2,0.0,Card,7.2,1938.27,6354.98,0.0,6354.98,3876.54,2478.4399999999996,38.999965381480344,Friday,January,15,Afternoon
INV-2024-01620,2024-01-05,16:59,C,Bengaluru,Normal,Male,Groceries,Breakfast Cereal,410.23,4,0.15,UPI,5.4,336.39,1640.92,246.138,1394.7820000000002,1345.56,49.22200000000021,3.5290102682713287,Friday,January,16,Evening
INV-2024-00620,2024-01-05,17:03,B,Mumbai,Member,Female,Groceries,Breakfast Cereal,391.57,1,0.15000000000000002,Card,5.8,321.09,391.57,58.73550000000001,332.8345,321.09,11.744500000000016,3.528630595686449,Friday,January,17,Evening
INV-2024-02388,2024-01-05,17:04,A,Delhi,Member,Female,Personal Care,Shampoo,470.04,2,0.2,Card,6.7,272.62,940.08,188.01600000000002,752.0640000000001,545.24,206.82400000000007,27.500850991404995,Friday,January,17,Evening
INV-2024-00435,2024-01-05,17:30,B,Mumbai,Normal,Male,Personal Care,Shampoo,448.78,1,0.0,UPI,6.0,260.29,448.78,0.0,448.78,260.29,188.48999999999995,42.00053478318998,Friday,January,17,Evening
INV-2024-00176,2024-01-05,17:39,C,Bengaluru,Member,Male,Electronics,Smart Watch,3783.21,4,0.05,UPI,10.0,2610.41,15132.84,756.642,14376.198,10441.64,3934.558000000001,27.36855738909551,Friday,January,17,Evening
INV-2024-02296,2024-01-05,17:59,C,Bengaluru,Member,Male,Personal Care,Shampoo,471.06,3,0.05,UPI,6.3,273.21,1413.18,70.659,1342.521,819.6299999999999,522.8910000000001,38.94844102997273,Friday,January,17,Evening
INV-2024-01261,2024-01-05,18:01,C,Bengaluru,Normal,Female,Personal Care,Perfume,1616.48,1,0.1,Card,7.4,937.56,1616.48,161.64800000000002,1454.8319999999999,937.56,517.2719999999999,35.555445577221285,Friday,January,18,Evening
INV-2024-01940,2024-01-05,18:04,B,Mumbai,Normal,Male,Electronics,Smart Watch,4192.26,1,0.1,UPI,10.0,2892.66,4192.26,419.22600000000006,3773.034,2892.66,880.3740000000003,23.33331743101176,Friday,January,18,Evening
INV-2024-02097,2024-01-05,18:19,A,Delhi,Member,Male,Home & Kitchen,Cookware Set,2529.36,1,0.05,Card,7.6,1669.38,2529.36,126.46800000000002,2402.8920000000003,1669.38,733.5120000000002,30.526215909828657,Friday,January,18,Evening
INV-2024-00451,2024-01-05,18:39,C,Bengaluru,Member,Male,Clothing,Jeans,1939.43,1,0.05,UPI,8.5,1183.05,1939.43,96.9715,1842.4585,1183.05,659.4085,35.789598517415726,Friday,January,18,Evening
INV-2024-01390,2024-01-05,19:40,B,Mumbai,Normal,Female,Groceries,Rice 5kg,642.26,3,0.1,UPI,6.0,526.65,1926.78,192.678,1734.1019999999999,1579.9499999999998,154.15200000000004,8.889442489542141,Friday,January,19,Night
INV-2024-01364,2024-01-05,19:57,C,Bengaluru,Member,Female,Electronics,Earbuds,2307.68,2,0.0,Card,8.4,1592.3,4615.36,0.0,4615.36,3184.6,1430.7599999999998,30.999965333148438,Friday,January,19,Night
INV-2024-00028,2024-01-05,20:16,B,Mumbai,Member,Male,Clothing,Jacket,3217.74,1,0.05,UPI,5.6,1962.82,3217.74,160.887,3056.8529999999996,1962.82,1094.0329999999997,35.789519482945366,Friday,January,20,Night
INV-2024-00903,2024-01-05,20:20,B,Mumbai,Member,Female,Personal Care,Skin Care Kit,1261.5,2,0.0,UPI,6.8,731.67,2523.0,0.0,2523.0,1463.34,1059.66,42.00000000000001,Friday,January,20,Night
INV-2024-01315,2024-01-05,20:46,B,Mumbai,Normal,Male,Sports,Cricket Bat,1976.95,5,0.05,Card,7.3,1265.25,9884.75,494.2375,9390.5125,6326.25,3064.2625000000007,32.63147245690797,Friday,January,20,Night
INV-2024-02298,2024-01-05,20:52,B,Mumbai,Normal,Male,Personal Care,Skin Care Kit,1217.5,1,0.05,Cash,8.1,706.15,1217.5,60.875,1156.625,706.15,450.475,38.94736842105264,Friday,January,20,Night
INV-2024-02118,2024-01-05,21:02,B,Mumbai,Normal,Male,Clothing,Jeans,1823.94,2,0.0,UPI,7.3,1112.6,3647.88,0.0,3647.88,2225.2,1422.6800000000003,39.000186409640676,Friday,January,21,Night
INV-2024-01726,2024-01-06,09:17,A,Delhi,Member,Male,Home & Kitchen,Storage Set,711.9,3,0.05,UPI,8.2,469.85,2135.7,106.785,2028.9149999999997,1409.5500000000002,619.3649999999996,30.52690723859795,Saturday,January,9,Morning
INV-2024-00635,2024-01-06,11:06,B,Mumbai,Normal,Male,Clothing,Sports Shoes,2303.85,1,0.0,Card,9.5,1405.35,2303.85,0.0,2303.85,1405.35,898.5,38.999934891594506,Saturday,January,11,Morning
INV-2024-02362,2024-01-06,11:06,B,Mumbai,Normal,Female,Clothing,Jeans,1816.48,6,0.2,UPI,5.7,1108.05,10898.880000000001,2179.7760000000003,8719.104000000001,6648.299999999999,2070.804000000002,23.750192680348825,Saturday,January,11,Morning
INV-2024-00732,2024-01-06,11:54,B,Mumbai,Normal,Female,Home & Kitchen,Bedsheet,975.71,2,0.2,Card,8.4,643.97,1951.42,390.28400000000005,1561.136,1287.94,273.1959999999999,17.499820643428883,Saturday,January,11,Morning
INV-2024-00763,2024-01-06,12:50,B,Mumbai,Normal,Male,Personal Care,Trimmer,1904.85,1,0.1,UPI,9.1,1104.81,1904.85,190.485,1714.3649999999998,1104.81,609.5549999999998,35.555730547462176,Saturday,January,12,Afternoon
INV-2024-00429,2024-01-06,12:53,C,Bengaluru,Member,Male,Personal Care,Shampoo,415.71,4,0.05,Cash,7.9,241.11,1662.84,83.142,1579.6979999999999,964.44,615.2579999999998,38.947824204373234,Saturday,January,12,Afternoon
INV-2024-00821,2024-01-06,12:58,A,Delhi,Normal,Male,Electronics,Earbuds,2051.61,1,0.1,UPI,9.2,1415.61,2051.61,205.16100000000003,1846.449,1415.61,430.83900000000017,23.333382075540683,Saturday,January,12,Afternoon
INV-2024-02476,2024-01-06,12:58,A,Delhi,Member,Female,Home & Kitchen,Bedsheet,1016.93,1,0.2,Cash,7.8,671.17,1016.93,203.386,813.544,671.17,142.37400000000002,17.50046709213024,Saturday,January,12,Afternoon
INV-2024-01157,2024-01-06,13:17,C,Bengaluru,Member,Female,Personal Care,Perfume,1547.96,4,0.15000000000000002,UPI,7.6,897.82,6191.84,928.7760000000002,5263.064,3591.28,1671.784,31.764462678014176,Saturday,January,13,Afternoon
INV-2024-00568,2024-01-06,14:08,B,Mumbai,Member,Female,Clothing,T-Shirt,792.22,6,0.05,Cash,4.4,483.25,4753.32,237.666,4515.6539999999995,2899.5,1616.1539999999995,35.79003174291032,Saturday,January,14,Afternoon
INV-2024-02447,2024-01-06,14:15,A,Delhi,Member,Male,Clothing,T-Shirt,847.9,4,0.0,Cash,6.5,517.22,3391.6,0.0,3391.6,2068.88,1322.7199999999998,38.99988206156386,Saturday,January,14,Afternoon
INV-2024-02385,2024-01-06,14:31,A,Delhi,Normal,Male,Groceries,Rice 5kg,589.73,2,0.0,Card,6.8,483.58,1179.46,0.0,1179.46,967.16,212.30000000000007,17.99976260322521,Saturday,January,14,Afternoon
INV-2024-01900,2024-01-06,15:00,B,Mumbai,Member,Male,Personal Care,Trimmer,1975.7,1,0.2,UPI,7.8,1145.91,1975.7,395.14000000000004,1580.56,1145.91,434.64999999999986,27.49974692514045,Saturday,January,15,Afternoon
INV-2024-00292,2024-01-06,15:15,A,Delhi,Normal,Female,Electronics,Power Bank,1488.38,2,0.1,UPI,8.5,1026.98,2976.76,297.67600000000004,2679.0840000000003,2053.96,625.1240000000003,23.33349756857195,Saturday,January,15,Afternoon
INV-2024-00449,2024-01-06,15:44,A,Delhi,Normal,Female,Clothing,T-Shirt,837.89,1,0.0,UPI,5.6,511.11,837.89,0.0,837.89,511.11,326.78,39.000346107484276,Saturday,January,15,Afternoon
INV-2024-00759,2024-01-06,15:50,B,Mumbai,Normal,Female,Home & Kitchen,Mixer Grinder,3483.37,3,0.0,UPI,9.4,2299.02,10450.11,0.0,10450.11,6897.0599999999995,3553.050000000001,34.0001205728935,Saturday,January,15,Afternoon
INV-2024-02493,2024-01-06,15:54,B,Mumbai,Normal,Male,Home & Kitchen,Storage Set,649.25,2,0.05,Card,7.2,428.5,1298.5,64.925,1233.575,857.0,376.57500000000005,30.527126441440533,Saturday,January,15,Afternoon
INV-2024-02259,2024-01-06,16:21,B,Mumbai,Normal,Female,Groceries,Rice 5kg,588.13,2,0.1,Cash,6.1,482.27,1176.26,117.626,1058.634,964.54,94.09400000000005,8.888246551688313,Saturday,January,16,Evening
INV-2024-01309,2024-01-06,16:50,A,Delhi,Member,Female,Home & Kitchen,Bedsheet,1070.02,1,0.2,Card,9.0,706.21,1070.02,214.00400000000002,856.016,706.21,149.80599999999993,17.500373824788316,Saturday,January,16,Evening
INV-2024-01592,2024-01-06,17:27,A,Delhi,Normal,Male,Electronics,Bluetooth Speaker,2575.73,1,0.1,Cash,7.4,1777.25,2575.73,257.57300000000004,2318.157,1777.25,540.9070000000002,23.333492942885236,Saturday,January,17,Evening
INV-2024-00643,2024-01-06,17:57,A,Delhi,Member,Female,Groceries,Cooking Oil,821.04,5,0.15,Card,8.5,673.25,4105.2,615.78,3489.42,3366.25,123.17000000000007,3.52981297751489,Saturday,January,17,Evening
INV-2024-01244,2024-01-06,18:06,A,Delhi,Normal,Male,Sports,Fitness Band,1232.57,3,0.0,UPI,3.7,788.84,3697.71,0.0,3697.71,2366.52,1331.19,36.000389430214916,Saturday,January,18,Evening
INV-2024-02011,2024-01-06,18:18,C,Bengaluru,Member,Male,Electronics,Bluetooth Speaker,2993.62,2,0.1,UPI,8.7,2065.6,5987.24,598.724,5388.516,4131.2,1257.3159999999998,23.333251678198597,Saturday,January,18,Evening
INV-2024-01139,2024-01-06,18:22,B,Mumbai,Normal,Male,Electronics,Earbuds,2357.98,3,0.0,UPI,8.1,1627.01,7073.9400000000005,0.0,7073.9400000000005,4881.03,2192.9100000000008,30.9998388451132,Saturday,January,18,Evening
INV-2024-00075,2024-01-06,18:35,A,Delhi,Member,Male,Clothing,Sports Shoes,2656.02,2,0.1,UPI,7.1,1620.17,5312.04,531.2040000000001,4780.836,3240.34,1540.496,32.22231425633508,Saturday,January,18,Evening
INV-2024-01732,2024-01-06,18:40,B,Mumbai,Normal,Female,Personal Care,Skin Care Kit,1263.13,3,0.1,UPI,7.1,732.62,3789.3900000000003,378.9390000000001,3410.451,2197.86,1212.591,35.55515091699015,Saturday,January,18,Evening
INV-2024-02060,2024-01-06,18:42,A,Delhi,Member,Male,Groceries,Dry Fruits,956.18,6,0.15000000000000002,UPI,7.2,784.07,5737.08,860.5620000000001,4876.518,4704.42,172.09799999999996,3.52911647204009,Saturday,January,18,Evening
INV-2024-00988,2024-01-06,18:47,B,Mumbai,Member,Male,Groceries,Breakfast Cereal,405.16,4,0.1,UPI,7.5,332.23,1620.64,162.06400000000002,1458.576,1328.92,129.65599999999995,8.889217976985769,Saturday,January,18,Evening
INV-2024-00287,2024-01-06,19:02,A,Delhi,Member,Female,Clothing,Jeans,1804.11,3,0.05,Card,6.8,1100.51,5412.33,270.61650000000003,5141.7135,3301.5299999999997,1840.1835,35.78930447991706,Saturday,January,19,Night
INV-2024-00513,2024-01-06,19:39,B,Mumbai,Normal,Male,Home & Kitchen,Bedsheet,942.35,4,0.1,UPI,8.6,621.95,3769.4,376.94000000000005,3392.46,2487.8,904.6599999999999,26.66678457520501,Saturday,January,19,Night
INV-2024-01206,2024-01-06,19:47,B,Mumbai,Member,Female,Electronics,Smart Watch,4181.68,1,0.05,UPI,8.9,2885.36,4181.68,209.08400000000003,3972.5960000000005,2885.36,1087.2360000000003,27.368400914666385,Saturday,January,19,Night
INV-2024-00271,2024-01-06,19:54,C,Bengaluru,Member,Male,Electronics,Smart Watch,4022.23,3,0.0,Cash,8.9,2775.34,12066.69,0.0,12066.69,8326.02,3740.67,30.99996767962051,Saturday,January,19,Night
INV-2024-01442,2024-01-06,19:54,B,Mumbai,Member,Female,Groceries,Rice 5kg,591.68,4,0.1,UPI,7.5,485.18,2366.72,236.672,2130.048,1940.72,189.32799999999975,8.888438194820012,Saturday,January,19,Night
INV-2024-01669,2024-01-06,20:06,C,Bengaluru,Member,Male,Sports,Cricket Bat,2004.05,4,0.1,Card,8.3,1282.59,8016.2,801.62,7214.58,5130.36,2084.2200000000003,28.88899977545471,Saturday,January,20,Night
INV-2024-00273,2024-01-06,20:45,A,Delhi,Member,Female,Electronics,Smart Watch,3885.45,3,0.15000000000000002,UPI,8.3,2680.96,11656.349999999999,1748.4525,9907.8975,8042.88,1865.017499999999,18.823544551202705,Saturday,January,20,Night
INV-2024-02351,2024-01-06,20:52,A,Delhi,Member,Male,Personal Care,Perfume,1717.26,2,0.15000000000000002,Card,5.3,996.01,3434.52,515.1780000000001,2919.3419999999996,1992.02,927.3219999999997,31.7647606892238,Saturday,January,20,Night
INV-2024-00424,2024-01-06,21:26,B,Mumbai,Normal,Male,Electronics,Power Bank,1519.06,3,0.15,UPI,9.3,1048.15,4557.18,683.577,3873.603,3144.4500000000003,729.1529999999998,18.823637837950862,Saturday,January,21,Night
INV-2024-01486,2024-01-06,21:49,B,Mumbai,Normal,Female,Personal Care,Trimmer,1768.83,5,0.1,Cash,6.0,1025.92,8844.15,884.415,7959.735,5129.6,2830.1349999999993,35.55564349818178,Saturday,January,21,Night
INV-2024-01116,2024-01-07,09:02,B,Mumbai,Member,Male,Groceries,Rice 5kg,630.36,2,0.15,Card,7.3,516.9,1260.72,189.108,1071.612,1033.8,37.812000000000126,3.528515918074837,Sunday,January,9,Morning
INV-2024-01230,2024-01-07,09:43,B,Mumbai,Member,Male,Clothing,T-Shirt,849.14,6,0.1,UPI,7.2,517.98,5094.84,509.48400000000004,4585.356,3107.88,1477.4759999999997,32.22162030603512,Sunday,January,9,Morning
INV-2024-02340,2024-01-07,11:05,A,Delhi,Normal,Male,Electronics,Bluetooth Speaker,2730.33,2,0.0,Card,8.0,1883.93,5460.66,0.0,5460.66,3767.86,1692.7999999999997,30.999915761098475,Sunday,January,11,Morning
INV-2024-01491,2024-01-07,11:38,B,Mumbai,Normal,Female,Groceries,Cooking Oil,790.48,4,0.05,UPI,7.4,648.19,3161.92,158.096,3003.824,2592.76,411.06399999999985,13.684689915254683,Sunday,January,11,Morning
INV-2024-02242,2024-01-07,11:52,A,Delhi,Normal,Female,Electronics,Power Bank,1613.95,3,0.0,UPI,7.6,1113.63,4841.85,0.0,4841.85,3340.8900000000003,1500.96,30.99972118095356,Sunday,January,11,Morning
INV-2024-01001,2024-01-07,12:52,B,Mumbai,Normal,Male,Clothing,Jeans,1816.54,1,0.0,Card,6.7,1108.09,1816.54,0.0,1816.54,1108.09,708.45,38.99996697017407,Sunday,January,12,Afternoon
INV-2024-01444,2024-01-07,14:22,C,Bengaluru,Normal,Female,Personal Care,Shampoo,445.99,4,0.0,Cash,8.8,258.67,1783.96,0.0,1783.96,1034.68,749.28,42.00094172515079,Sunday,January,14,Afternoon
INV-2024-02322,2024-01-07,14:24,C,Bengaluru,Member,Female,Home & Kitchen,Bedsheet,1018.37,1,0.1,Cash,9.5,672.12,1018.37,101.837,916.533,672.12,244.413,26.667124915305834,Sunday,January,14,Afternoon
INV-2024-02194,2024-01-07,14:55,B,Mumbai,Normal,Male,Groceries,Cooking Oil,813.08,3,0.1,Cash,6.3,666.73,2439.2400000000002,243.92400000000004,2195.3160000000003,2000.19,195.1260000000002,8.888287608708731,Sunday,January,14,Afternoon
INV-2024-01220,2024-01-07,15:03,B,Mumbai,Normal,Male,Clothing,T-Shirt,738.14,4,0.0,Cash,6.3,450.27,2952.56,0.0,2952.56,1801.08,1151.48,38.999376811986885,Sunday,January,15,Afternoon
INV-2024-02427,2024-01-07,15:23,A,Delhi,Normal,Male,Home & Kitchen,Bedsheet,951.28,2,0.0,Card,5.7,627.84,1902.56,0.0,1902.56,1255.68,646.8799999999999,34.00050458329829,Sunday,January,15,Afternoon
INV-2024-02342,2024-01-07,15:36,C,Bengaluru,Member,Female,Clothing,Sports Shoes,2343.72,1,0.1,Card,7.1,1429.67,2343.72,234.37199999999999,2109.348,1429.67,679.6779999999999,32.222184295810834,Sunday,January,15,Afternoon
INV-2024-00259,2024-01-07,15:40,A,Delhi,Normal,Female,Groceries,Cooking Oil,758.04,1,0.0,UPI,6.4,621.59,758.04,0.0,758.04,621.59,136.44999999999993,18.00036937364782,Sunday,January,15,Afternoon
INV-2024-01535,2024-01-07,15:47,C,Bengaluru,Member,Female,Groceries,Breakfast Cereal,369.21,2,0.2,Card,9.2,302.75,738.42,147.684,590.736,605.5,-14.76400000000001,-2.499255166436447,Sunday,January,15,Afternoon
INV-2024-01394,2024-01-07,16:03,A,Delhi,Normal,Female,Clothing,T-Shirt,784.6,3,0.0,Card,6.1,478.61,2353.8,0.0,2353.8,1435.83,917.9700000000003,38.999490186082085,Sunday,January,16,Evening
INV-2024-02228,2024-01-07,16:13,B,Mumbai,Member,Female,Clothing,Sports Shoes,2662.48,2,0.1,Card,9.3,1624.11,5324.96,532.496,4792.464,3248.22,1544.2440000000001,32.22233907234358,Sunday,January,16,Evening
INV-2024-01402,2024-01-07,16:32,B,Mumbai,Member,Female,Home & Kitchen,Storage Set,710.92,1,0.0,Cash,6.5,469.21,710.92,0.0,710.92,469.21,241.70999999999998,33.99960614415124,Sunday,January,16,Evening
INV-2024-00681,2024-01-07,17:10,A,Delhi,Normal,Female,Sports,Dumbbell Set,2598.73,5,0.2,Cash,7.3,1663.19,12993.65,2598.73,10394.92,8315.95,2078.9699999999993,19.999865318828807,Sunday,January,17,Evening
INV-2024-01482,2024-01-07,17:12,B,Mumbai,Normal,Female,Sports,Dumbbell Set,2433.54,6,0.0,UPI,7.1,1557.47,14601.24,0.0,14601.24,9344.82,5256.42,35.99981919343836,Sunday,January,17,Evening
INV-2024-00018,2024-01-07,18:31,B,Mumbai,Normal,Male,Home & Kitchen,Bedsheet,955.83,5,0.05,Cash,7.6,630.85,4779.150000000001,238.95750000000004,4540.1925,3154.25,1385.9425,30.52607350899769,Sunday,January,18,Evening
INV-2024-02197,2024-01-07,18:34,B,Mumbai,Normal,Female,Electronics,Bluetooth Speaker,2722.71,4,0.0,Card,6.5,1878.67,10890.84,0.0,10890.84,7514.68,3376.16,30.99999632718872,Sunday,January,18,Evening
INV-2024-00735,2024-01-07,19:12,A,Delhi,Normal,Female,Home & Kitchen,Storage Set,664.17,1,0.0,Cash,6.6,438.35,664.17,0.0,664.17,438.35,225.81999999999994,34.000331240495655,Sunday,January,19,Night
INV-2024-00728,2024-01-07,19:23,C,Bengaluru,Member,Male,Groceries,Dry Fruits,953.05,3,0.05,Card,10.0,781.5,2859.1499999999996,142.95749999999998,2716.1924999999997,2344.5,371.69249999999965,13.68432097504134,Sunday,January,19,Night
INV-2024-01156,2024-01-07,19:54,C,Bengaluru,Normal,Male,Personal Care,Perfume,1576.51,1,0.15,Cash,6.1,914.38,1576.51,236.4765,1340.0335,914.38,425.6535,31.76439245735275,Sunday,January,19,Night
INV-2024-02419,2024-01-07,20:17,B,Mumbai,Normal,Female,Personal Care,Shampoo,413.24,2,0.1,UPI,8.0,239.68,826.48,82.64800000000001,743.832,479.36,264.472,35.555340453220616,Sunday,January,20,Night
INV-2024-01899,2024-01-07,20:42,A,Delhi,Member,Male,Groceries,Cooking Oil,841.39,2,0.1,UPI,5.5,689.94,1682.78,168.27800000000002,1514.502,1379.88,134.62199999999984,8.888862477566875,Sunday,January,20,Night
INV-2024-02346,2024-01-07,21:05,C,Bengaluru,Member,Male,Groceries,Breakfast Cereal,388.15,3,0.05,UPI,7.7,318.28,1164.4499999999998,58.2225,1106.2274999999997,954.8399999999999,151.38749999999982,13.685024102185118,Sunday,January,21,Night
INV-2024-01428,2024-01-08,10:26,B,Mumbai,Member,Female,Sports,Fitness Band,1233.42,1,0.05,UPI,7.5,789.39,1233.42,61.67100000000001,1171.749,789.39,382.35900000000004,32.63147653635719,Monday,January,10,Morning
INV-2024-01966,2024-01-08,12:32,B,Mumbai,Normal,Male,Personal Care,Shampoo,476.33,3,0.0,Cash,8.5,276.27,1428.99,0.0,1428.99,828.81,600.1800000000001,42.00029391388323,Monday,January,12,Afternoon
INV-2024-00794,2024-01-08,16:51,B,Mumbai,Normal,Female,Sports,Dumbbell Set,2504.25,4,0.05,UPI,8.1,1602.72,10017.0,500.85,9516.15,6410.88,3105.2699999999995,32.63157894736842,Monday,January,16,Evening
INV-2024-01994,2024-01-08,16:52,A,Delhi,Normal,Female,Groceries,Dry Fruits,880.74,5,0.1,UPI,8.0,722.21,4403.7,440.37,3963.33,3611.05,352.27999999999975,8.888485187960622,Monday,January,16,Evening
INV-2024-01908,2024-01-08,17:32,A,Delhi,Member,Female,Groceries,Dry Fruits,959.7,3,0.0,UPI,7.5,786.95,2879.1000000000004,0.0,2879.1000000000004,2360.8500000000004,518.25,18.0004167969157,Monday,January,17,Evening
INV-2024-00548,2024-01-08,17:40,B,Mumbai,Member,Female,Groceries,Rice 5kg,606.97,3,0.0,UPI,7.1,497.72,1820.91,0.0,1820.91,1493.16,327.75,17.999242137173173,Monday,January,17,Evening
INV-2024-02312,2024-01-08,17:44,A,Delhi,Normal,Male,Clothing,Jeans,1721.39,6,0.15,Card,7.0,1050.05,10328.34,1549.251,8779.089,6300.299999999999,2478.7890000000007,28.235150594782677,Monday,January,17,Evening
INV-2024-00511,2024-01-08,18:08,C,Bengaluru,Normal,Male,Groceries,Cooking Oil,731.61,1,0.1,Card,6.4,599.92,731.61,73.161,658.4490000000001,599.92,58.52900000000011,8.888919263299073,Monday,January,18,Evening
INV-2024-02390,2024-01-08,18:12,A,Delhi,Member,Male,Groceries,Dry Fruits,1008.76,2,0.1,UPI,8.9,827.18,2017.52,201.752,1815.768,1654.36,161.40800000000013,8.889241356825329,Monday,January,18,Evening
INV-2024-00917,2024-01-08,18:26,A,Delhi,Normal,Female,Groceries,Breakfast Cereal,403.75,5,0.1,Cash,8.8,331.08,2018.75,201.875,1816.875,1655.3999999999999,161.47500000000014,8.887512899896809,Monday,January,18,Evening
INV-2024-01826,2024-01-08,18:33,A,Delhi,Member,Male,Groceries,Rice 5kg,609.12,2,0.0,UPI,9.1,499.48,1218.24,0.0,1218.24,998.96,219.27999999999997,17.999737325978458,Monday,January,18,Evening
INV-2024-01790,2024-01-08,19:31,C,Bengaluru,Member,Female,Electronics,Earbuds,2265.36,2,0.05,Card,8.0,1563.1,4530.72,226.53600000000003,4304.184,3126.2,1177.9840000000004,27.36834670636758,Monday,January,19,Night
INV-2024-01766,2024-01-08,19:43,A,Delhi,Normal,Male,Home & Kitchen,Cookware Set,2529.99,2,0.15,UPI,8.0,1669.79,5059.98,758.997,4300.982999999999,3339.58,961.4029999999993,22.353099279862292,Monday,January,19,Night
INV-2024-01958,2024-01-08,21:00,A,Delhi,Member,Female,Groceries,Rice 5kg,610.84,6,0.1,UPI,7.7,500.89,3665.04,366.504,3298.536,3005.34,293.1959999999999,8.888670610234357,Monday,January,21,Night
INV-2024-01768,2024-01-08,21:31,B,Mumbai,Member,Female,Electronics,Power Bank,1561.06,4,0.05,Cash,8.1,1077.13,6244.24,312.212,5932.028,4308.52,1623.5079999999998,27.36851545542266,Monday,January,21,Night
INV-2024-01807,2024-01-08,21:57,A,Delhi,Normal,Female,Clothing,T-Shirt,743.21,3,0.0,UPI,7.2,453.36,2229.63,0.0,2229.63,1360.08,869.5500000000002,38.999744352201944,Monday,January,21,Night
INV-2024-01567,2024-01-09,10:05,C,Bengaluru,Member,Male,Clothing,Sports Shoes,2573.99,1,0.15000000000000002,UPI,7.6,1570.13,2573.99,386.0985,2187.8914999999997,1570.13,617.7614999999996,28.235472371458993,Tuesday,January,10,Morning
INV-2024-01991,2024-01-09,13:02,C,Bengaluru,Normal,Female,Groceries,Rice 5kg,651.8,3,0.0,Cash,6.8,534.48,1955.3999999999999,0.0,1955.3999999999999,1603.44,351.9599999999998,17.99938631482049,Tuesday,January,13,Afternoon
INV-2024-00098,2024-01-09,13:35,A,Delhi,Normal,Female,Groceries,Cooking Oil,730.62,3,0.1,UPI,8.1,599.11,2191.86,219.18600000000004,1972.674,1797.33,175.34400000000005,8.888645564345657,Tuesday,January,13,Afternoon
INV-2024-02349,2024-01-09,14:11,C,Bengaluru,Normal,Male,Groceries,Rice 5kg,579.36,1,0.0,Card,6.5,475.08,579.36,0.0,579.36,475.08,104.28000000000003,17.999171499585753,Tuesday,January,14,Afternoon
INV-2024-01624,2024-01-09,14:45,A,Delhi,Normal,Male,Groceries,Rice 5kg,578.9,3,0.05,Cash,9.3,474.7,1736.6999999999998,86.835,1649.8649999999998,1424.1,225.76499999999987,13.683846860197646,Tuesday,January,14,Afternoon
INV-2024-02216,2024-01-09,14:45,A,Delhi,Normal,Male,Groceries,Rice 5kg,602.68,4,0.0,UPI,6.2,494.2,2410.72,0.0,2410.72,1976.8,433.91999999999985,17.999601778721704,Tuesday,January,14,Afternoon
INV-2024-00140,2024-01-09,15:23,B,Mumbai,Member,Female,Personal Care,Perfume,1647.71,1,0.05,UPI,8.4,955.67,1647.71,82.38550000000001,1565.3245,955.67,609.6545,38.94748341318366,Tuesday,January,15,Afternoon
INV-2024-00123,2024-01-09,16:15,A,Delhi,Normal,Male,Clothing,T-Shirt,758.81,1,0.0,UPI,6.5,462.87,758.81,0.0,758.81,462.87,295.93999999999994,39.00054031971112,Tuesday,January,16,Evening
INV-2024-00561,2024-01-09,16:22,C,Bengaluru,Member,Male,Personal Care,Trimmer,1794.26,4,0.05,Cash,8.9,1040.67,7177.04,358.85200000000003,6818.188,4162.68,2655.508,38.947415354343406,Tuesday,January,16,Evening
INV-2024-01183,2024-01-09,16:59,C,Bengaluru,Normal,Female,Electronics,Power Bank,1457.3,1,0.1,Card,9.9,1005.54,1457.3,145.73,1311.57,1005.54,306.03,23.333104599830737,Tuesday,January,16,Evening
INV-2024-00339,2024-01-09,17:26,B,Mumbai,Member,Female,Electronics,Smart Watch,4240.52,3,0.15,Cash,7.3,2925.96,12721.560000000001,1908.2340000000002,10813.326000000001,8777.880000000001,2035.446,18.823496119510313,Tuesday,January,17,Evening
INV-2024-00364,2024-01-09,17:33,C,Bengaluru,Member,Male,Clothing,T-Shirt,798.11,3,0.0,Card,7.7,486.85,2394.33,0.0,2394.33,1460.5500000000002,933.7799999999997,38.99963664156569,Tuesday,January,17,Evening
INV-2024-02324,2024-01-09,18:23,A,Delhi,Normal,Male,Groceries,Rice 5kg,614.32,6,0.05,UPI,8.0,503.74,3685.92,184.29600000000002,3501.6240000000003,3022.44,479.1840000000002,13.684621764072904,Tuesday,January,18,Evening
INV-2024-01376,2024-01-09,18:35,B,Mumbai,Normal,Male,Personal Care,Shampoo,482.16,3,0.0,UPI,7.5,279.65,1446.48,0.0,1446.48,838.9499999999999,607.5300000000001,42.00058072009292,Tuesday,January,18,Evening
INV-2024-00664,2024-01-09,19:30,C,Bengaluru,Member,Female,Groceries,Rice 5kg,570.7,4,0.05,UPI,5.5,467.97,2282.8,114.14000000000001,2168.6600000000003,1871.88,296.7800000000002,13.684948309094104,Tuesday,January,19,Night
INV-2024-00628,2024-01-09,19:32,C,Bengaluru,Normal,Male,Personal Care,Shampoo,429.28,5,0.1,Card,6.0,248.98,2146.3999999999996,214.64,1931.7599999999998,1244.8999999999999,686.8599999999999,35.55617675073508,Tuesday,January,19,Night
INV-2024-01810,2024-01-09,19:33,A,Delhi,Member,Male,Personal Care,Trimmer,1828.68,3,0.05,UPI,10.0,1060.63,5486.04,274.302,5211.738,3181.8900000000003,2029.848,38.947621695488145,Tuesday,January,19,Night
INV-2024-00350,2024-01-10,10:12,B,Mumbai,Normal,Female,Clothing,Jeans,1883.18,3,0.15,Card,7.6,1148.74,5649.54,847.4309999999999,4802.109,3446.2200000000003,1355.8890000000001,28.23528162313683,Wednesday,January,10,Morning
INV-2024-01764,2024-01-10,10:57,A,Delhi,Normal,Female,Electronics,Bluetooth Speaker,2708.19,1,0.0,UPI,7.9,1868.65,2708.19,0.0,2708.19,1868.65,839.54,31.000040617534218,Wednesday,January,10,Morning
INV-2024-01153,2024-01-10,11:19,B,Mumbai,Normal,Male,Groceries,Rice 5kg,591.06,2,0.0,Cash,7.7,484.67,1182.12,0.0,1182.12,969.34,212.77999999999986,17.999864649950926,Wednesday,January,11,Morning
INV-2024-01133,2024-01-10,11:31,B,Mumbai,Member,Male,Home & Kitchen,Storage Set,664.48,2,0.15,UPI,5.2,438.56,1328.96,199.344,1129.616,877.12,252.49599999999998,22.352374612257616,Wednesday,January,11,Morning
INV-2024-02264,2024-01-10,12:32,C,Bengaluru,Normal,Female,Electronics,Earbuds,2289.13,1,0.0,UPI,8.6,1579.5,2289.13,0.0,2289.13,1579.5,709.6300000000001,30.99998689458441,Wednesday,January,12,Afternoon
INV-2024-02157,2024-01-10,12:53,B,Mumbai,Member,Male,Clothing,Jeans,1692.1,2,0.2,Card,6.9,1032.18,3384.2,676.84,2707.3599999999997,2064.36,642.9999999999995,23.750073872702547,Wednesday,January,12,Afternoon
INV-2024-02150,2024-01-10,13:06,A,Delhi,Normal,Female,Groceries,Dry Fruits,996.87,5,0.0,Cash,5.8,817.43,4984.35,0.0,4984.35,4087.1499999999996,897.2000000000007,18.000341067541417,Wednesday,January,13,Afternoon
INV-2024-01427,2024-01-10,13:19,B,Mumbai,Normal,Female,Electronics,Smart Watch,4094.48,3,0.05,Cash,8.0,2825.19,12283.44,614.172,11669.268,8475.57,3193.6980000000003,27.368451902895714,Wednesday,January,13,Afternoon
INV-2024-01041,2024-01-10,13:32,B,Mumbai,Member,Male,Groceries,Breakfast Cereal,369.03,3,0.1,UPI,7.8,302.6,1107.09,110.709,996.3809999999999,907.8000000000001,88.58099999999979,8.8902739012486,Wednesday,January,13,Afternoon
INV-2024-01456,2024-01-10,13:33,C,Bengaluru,Member,Female,Groceries,Breakfast Cereal,410.15,2,0.05,Card,9.0,336.32,820.3,41.015,779.285,672.64,106.64499999999998,13.684980462860183,Wednesday,January,13,Afternoon
INV-2024-00455,2024-01-10,13:44,B,Mumbai,Member,Female,Clothing,T-Shirt,740.62,1,0.15000000000000002,Card,7.5,451.78,740.62,111.09300000000002,629.527,451.78,177.74700000000007,28.235008188687704,Wednesday,January,13,Afternoon
INV-2024-02463,2024-01-10,14:59,B,Mumbai,Normal,Male,Electronics,Bluetooth Speaker,2914.62,4,0.0,UPI,7.0,2011.09,11658.48,0.0,11658.48,8044.36,3614.12,30.999924518462095,Wednesday,January,14,Afternoon
INV-2024-02286,2024-01-10,15:17,A,Delhi,Member,Male,Clothing,Jeans,1728.26,5,0.0,Card,8.2,1054.24,8641.3,0.0,8641.3,5271.2,3370.0999999999995,38.99991899366993,Wednesday,January,15,Afternoon
INV-2024-01297,2024-01-10,15:32,B,Mumbai,Normal,Female,Home & Kitchen,Bedsheet,984.51,1,0.15,Cash,6.9,649.78,984.51,147.6765,836.8335,649.78,187.05349999999999,22.352534882984486,Wednesday,January,15,Afternoon
INV-2024-00086,2024-01-10,15:48,B,Mumbai,Normal,Male,Electronics,Smart Watch,4044.11,2,0.15,Card,7.4,2790.44,8088.22,1213.233,6874.987,5580.88,1294.107,18.823410138811898,Wednesday,January,15,Afternoon
INV-2024-00005,2024-01-10,16:19,A,Delhi,Normal,Female,Electronics,Smart Watch,3861.58,5,0.1,UPI,8.9,2664.49,19307.9,1930.7900000000002,17377.11,13322.449999999999,4054.6600000000017,23.33333908803018,Wednesday,January,16,Evening
INV-2024-02147,2024-01-10,17:01,B,Mumbai,Normal,Male,Home & Kitchen,Storage Set,732.73,1,0.0,UPI,6.2,483.6,732.73,0.0,732.73,483.6,249.13,34.00024565665388,Wednesday,January,17,Evening
INV-2024-02233,2024-01-10,17:01,A,Delhi,Normal,Male,Clothing,Jeans,1677.84,2,0.0,UPI,8.9,1023.48,3355.68,0.0,3355.68,2046.96,1308.7199999999998,39.00014304105277,Wednesday,January,17,Evening
INV-2024-02129,2024-01-10,17:03,B,Mumbai,Normal,Female,Clothing,Jacket,3132.22,3,0.15,Cash,7.0,1910.65,9396.66,1409.499,7987.161,5731.950000000001,2255.2109999999993,28.235451870821176,Wednesday,January,17,Evening
INV-2024-00188,2024-01-10,17:11,A,Delhi,Normal,Male,Clothing,T-Shirt,804.51,2,0.0,UPI,7.6,490.75,1609.02,0.0,1609.02,981.5,627.52,39.000136729189194,Wednesday,January,17,Evening
INV-2024-02424,2024-01-10,17:18,B,Mumbai,Normal,Male,Electronics,Smart Watch,3786.77,1,0.1,Cash,7.2,2612.87,3786.77,378.677,3408.093,2612.87,795.223,23.333371477832323,Wednesday,January,17,Evening
INV-2024-01371,2024-01-10,17:41,B,Mumbai,Normal,Male,Clothing,Jeans,1823.88,1,0.0,UPI,7.8,1112.57,1823.88,0.0,1823.88,1112.57,711.3100000000002,38.99982454986075,Wednesday,January,17,Evening
INV-2024-01707,2024-01-10,17:52,B,Mumbai,Normal,Male,Electronics,Bluetooth Speaker,2589.48,4,0.05,Cash,8.3,1786.74,10357.92,517.8960000000001,9840.024,7146.96,2693.0639999999994,27.368469833000404,Wednesday,January,17,Evening
INV-2024-00845,2024-01-10,18:13,B,Mumbai,Member,Male,Groceries,Breakfast Cereal,400.45,3,0.15000000000000002,Card,7.0,328.37,1201.35,180.20250000000001,1021.1474999999999,985.11,36.03749999999991,3.529117977569343,Wednesday,January,18,Evening
INV-2024-01836,2024-01-10,18:33,A,Delhi,Member,Male,Home & Kitchen,Mixer Grinder,3437.26,1,0.1,Card,6.6,2268.59,3437.26,343.72600000000006,3093.534,2268.59,824.944,26.666718387449436,Wednesday,January,18,Evening
INV-2024-01170,2024-01-10,18:58,C,Bengaluru,Member,Female,Personal Care,Perfume,1710.66,1,0.0,Cash,6.6,992.18,1710.66,0.0,1710.66,992.18,718.4800000000001,42.00016367951551,Wednesday,January,18,Evening
INV-2024-00921,2024-01-10,19:09,C,Bengaluru,Normal,Male,Electronics,Bluetooth Speaker,2905.8,3,0.1,Card,7.1,2005.0,8717.400000000001,871.7400000000002,7845.660000000002,6015.0,1830.6600000000017,23.333409808735038,Wednesday,January,19,Night
INV-2024-01408,2024-01-10,19:15,A,Delhi,Normal,Female,Clothing,Jacket,3104.44,2,0.05,Cash,7.9,1893.71,6208.88,310.444,5898.436,3787.42,2111.0159999999996,35.789419432541095,Wednesday,January,19,Night
INV-2024-00337,2024-01-10,19:34,A,Delhi,Member,Male,Sports,Cricket Bat,2081.32,2,0.05,Card,7.0,1332.04,4162.64,208.13200000000003,3954.5080000000003,2664.08,1290.4280000000003,32.63182170828837,Wednesday,January,19,Night
INV-2024-02064,2024-01-10,19:59,A,Delhi,Normal,Female,Personal Care,Perfume,1639.88,2,0.0,Card,6.2,951.13,3279.76,0.0,3279.76,1902.26,1377.5000000000002,42.00002439202869,Wednesday,January,19,Night
INV-2024-01642,2024-01-10,20:12,B,Mumbai,Normal,Female,Personal Care,Trimmer,1979.39,2,0.05,UPI,6.1,1148.05,3958.78,197.93900000000002,3760.8410000000003,2296.1,1464.7410000000004,38.94716633859289,Wednesday,January,20,Night
INV-2024-00413,2024-01-10,21:32,A,Delhi,Member,Female,Personal Care,Shampoo,440.3,2,0.05,UPI,7.0,255.37,880.6,44.03,836.57,510.74,325.83000000000004,38.94832470683865,Wednesday,January,21,Night
INV-2024-00109,2024-01-10,21:39,B,Mumbai,Normal,Female,Groceries,Rice 5kg,619.14,4,0.1,Card,9.1,507.69,2476.56,247.656,2228.904,2030.76,198.144,8.889750298801562,Wednesday,January,21,Night
INV-2024-02483,2024-01-11,10:12,C,Bengaluru,Normal,Female,Home & Kitchen,Cookware Set,2218.12,1,0.15,UPI,6.5,1463.96,2218.12,332.71799999999996,1885.402,1463.96,421.442,22.352898745201287,Thursday,January,10,Morning
INV-2024-00865,2024-01-11,11:18,A,Delhi,Member,Female,Sports,Fitness Band,1225.39,2,0.1,Card,7.8,784.25,2450.78,245.07800000000003,2205.702,1568.5,637.2020000000002,28.888852619256824,Thursday,January,11,Morning
INV-2024-00129,2024-01-11,12:09,B,Mumbai,Member,Female,Electronics,Power Bank,1510.58,3,0.15,UPI,7.7,1042.3,4531.74,679.761,3851.979,3126.8999999999996,725.0790000000002,18.82354498817362,Thursday,January,12,Afternoon
INV-2024-02458,2024-01-11,12:37,A,Delhi,Member,Female,Groceries,Cooking Oil,836.72,1,0.05,UPI,5.7,686.11,836.72,41.836000000000006,794.884,686.11,108.774,13.684260848123749,Thursday,January,12,Afternoon
INV-2024-00290,2024-01-11,12:44,A,Delhi,Normal,Male,Electronics,Earbuds,2331.8,4,0.1,UPI,6.8,1608.94,9327.2,932.7200000000001,8394.480000000001,6435.76,1958.7200000000012,23.33342863405477,Thursday,January,12,Afternoon
INV-2024-01236,2024-01-11,12:45,C,Bengaluru,Member,Male,Groceries,Cooking Oil,731.84,5,0.1,UPI,7.3,600.11,3659.2000000000003,365.9200000000001,3293.28,3000.55,292.73,8.888706699703638,Thursday,January,12,Afternoon
INV-2024-00161,2024-01-11,13:09,C,Bengaluru,Normal,Female,Groceries,Dry Fruits,928.62,2,0.1,Card,6.3,761.47,1857.24,185.72400000000002,1671.516,1522.94,148.57600000000002,8.888697445911378,Thursday,January,13,Afternoon
INV-2024-02210,2024-01-11,14:07,A,Delhi,Normal,Male,Groceries,Dry Fruits,899.47,1,0.15,UPI,7.8,737.57,899.47,134.9205,764.5495000000001,737.57,26.97950000000003,3.5288101032045702,Thursday,January,14,Afternoon
INV-2024-00294,2024-01-11,15:17,B,Mumbai,Normal,Female,Home & Kitchen,Mixer Grinder,3560.5,2,0.0,Card,8.6,2349.93,7121.0,0.0,7121.0,4699.86,2421.1400000000003,34.0,Thursday,January,15,Afternoon
INV-2024-00894,2024-01-11,16:06,A,Delhi,Member,Female,Electronics,Smart Watch,3903.72,1,0.0,UPI,10.0,2693.57,3903.72,0.0,3903.72,2693.57,1210.1499999999996,30.999918026907658,Thursday,January,16,Evening
INV-2024-02416,2024-01-11,16:15,A,Delhi,Member,Female,Home & Kitchen,Storage Set,690.22,2,0.05,Card,6.0,455.55,1380.44,69.022,1311.4180000000001,911.1,400.3180000000001,30.525583757428986,Thursday,January,16,Evening
INV-2024-00725,2024-01-11,16:51,C,Bengaluru,Normal,Male,Clothing,T-Shirt,858.4,4,0.05,UPI,8.7,523.62,3433.6,171.68,3261.92,2094.48,1167.44,35.789964192868005,Thursday,January,16,Evening
INV-2024-00258,2024-01-11,16:58,B,Mumbai,Normal,Male,Groceries,Rice 5kg,587.87,1,0.0,UPI,7.2,482.05,587.87,0.0,587.87,482.05,105.82,18.000578359161036,Thursday,January,16,Evening
INV-2024-00409,2024-01-11,16:58,B,Mumbai,Member,Male,Groceries,Rice 5kg,608.99,2,0.05,Card,8.0,499.37,1217.98,60.899,1157.0810000000001,998.74,158.34100000000012,13.684521654058802,Thursday,January,16,Evening
INV-2024-00230,2024-01-11,17:17,A,Delhi,Member,Female,Electronics,Power Bank,1485.16,2,0.0,UPI,7.5,1024.76,2970.32,0.0,2970.32,2049.52,920.8000000000002,31.000026933125053,Thursday,January,17,Evening
INV-2024-01473,2024-01-11,17:36,A,Delhi,Normal,Female,Electronics,Power Bank,1395.64,3,0.1,Card,8.8,962.99,4186.92,418.692,3768.228,2888.9700000000003,879.2579999999998,23.3334607141606,Thursday,January,17,Evening
INV-2024-00940,2024-01-11,18:19,A,Delhi,Normal,Male,Personal Care,Skin Care Kit,1181.96,4,0.05,UPI,6.3,685.54,4727.84,236.39200000000002,4491.448,2742.16,1749.2880000000005,38.947083435008054,Thursday,January,18,Evening
INV-2024-01278,2024-01-11,18:25,A,Delhi,Normal,Male,Personal Care,Shampoo,423.59,1,0.0,UPI,7.2,245.68,423.59,0.0,423.59,245.68,177.90999999999997,42.00051937014565,Thursday,January,18,Evening
INV-2024-02035,2024-01-11,18:25,C,Bengaluru,Normal,Male,Home & Kitchen,Storage Set,730.14,4,0.05,Card,4.6,481.89,2920.56,146.028,2774.532,1927.56,846.9720000000002,30.526661793772792,Thursday,January,18,Evening
INV-2024-01341,2024-01-11,18:29,B,Mumbai,Member,Female,Groceries,Dry Fruits,942.24,3,0.15000000000000002,UPI,9.1,772.64,2826.7200000000003,424.0080000000001,2402.712,2317.92,84.79199999999992,3.5290122161956954,Thursday,January,18,Evening
INV-2024-00583,2024-01-11,18:46,C,Bengaluru,Member,Female,Home & Kitchen,Mixer Grinder,3562.26,1,0.2,UPI,7.3,2351.09,3562.26,712.4520000000001,2849.808,2351.09,498.71799999999985,17.500056144133215,Thursday,January,18,Evening
INV-2024-00869,2024-01-11,19:05,A,Delhi,Normal,Male,Sports,Cricket Bat,2141.29,2,0.2,Cash,5.8,1370.43,4282.58,856.5160000000001,3426.064,2740.86,685.2039999999997,19.99974314548706,Thursday,January,19,Night
INV-2024-01936,2024-01-11,19:05,B,Mumbai,Normal,Male,Home & Kitchen,Mixer Grinder,3218.36,1,0.1,Card,7.1,2124.12,3218.36,321.836,2896.5240000000003,2124.12,772.4040000000005,26.666583808730753,Thursday,January,19,Night
INV-2024-01251,2024-01-11,19:12,B,Mumbai,Member,Female,Sports,Cricket Bat,1938.98,4,0.0,Card,8.9,1240.95,7755.92,0.0,7755.92,4963.8,2792.12,35.999855594178385,Thursday,January,19,Night
INV-2024-01252,2024-01-11,19:24,B,Mumbai,Normal,Female,Groceries,Cooking Oil,821.0,4,0.0,Card,7.1,673.22,3284.0,0.0,3284.0,2692.88,591.1199999999999,17.999999999999996,Thursday,January,19,Night
INV-2024-00718,2024-01-11,20:45,C,Bengaluru,Normal,Male,Groceries,Dry Fruits,907.16,2,0.05,Card,6.7,743.87,1814.32,90.71600000000001,1723.6039999999998,1487.74,235.8639999999998,13.68434976943659,Thursday,January,20,Night
INV-2024-00240,2024-01-12,10:49,A,Delhi,Member,Male,Home & Kitchen,Cookware Set,2233.72,2,0.15,Card,5.2,1474.26,4467.44,670.1159999999999,3797.3239999999996,2948.52,848.8039999999996,22.352688366860445,Friday,January,10,Morning
INV-2024-02217,2024-01-12,11:59,A,Delhi,Member,Male,Electronics,Power Bank,1500.9,5,0.05,Card,9.3,1035.62,7504.5,375.225,7129.275,5178.099999999999,1951.1750000000002,27.368491185990163,Friday,January,11,Morning
INV-2024-02119,2024-01-12,12:39,C,Bengaluru,Normal,Male,Personal Care,Shampoo,483.67,2,0.2,UPI,6.5,280.53,967.34,193.46800000000002,773.8720000000001,561.06,212.81200000000013,27.49963818305871,Friday,January,12,Afternoon
INV-2024-02022,2024-01-12,13:18,A,Delhi,Normal,Male,Clothing,Jeans,1692.64,2,0.0,Card,8.7,1032.51,3385.28,0.0,3385.28,2065.02,1320.2600000000002,39.00002363172323,Friday,January,13,Afternoon
INV-2024-00404,2024-01-12,15:19,B,Mumbai,Normal,Male,Electronics,Bluetooth Speaker,2584.5,5,0.15,Card,8.9,1783.3,12922.5,1938.375,10984.125,8916.5,2067.625,18.823757012961888,Friday,January,15,Afternoon
INV-2024-00636,2024-01-12,15:49,C,Bengaluru,Member,Female,Sports,Cricket Bat,1883.86,2,0.0,UPI,9.0,1205.67,3767.72,0.0,3767.72,2411.34,1356.3799999999997,36.000021233000325,Friday,January,15,Afternoon
INV-2024-00908,2024-01-12,15:58,A,Delhi,Member,Female,Groceries,Rice 5kg,611.0,5,0.1,Card,6.9,501.02,3055.0,305.5,2749.5,2505.1,244.4000000000001,8.888888888888893,Friday,January,15,Afternoon
INV-2024-01122,2024-01-12,16:00,C,Bengaluru,Member,Male,Groceries,Rice 5kg,652.47,3,0.1,Cash,4.6,535.03,1957.41,195.741,1761.669,1605.09,156.57900000000018,8.888105540825215,Friday,January,16,Evening
INV-2024-01253,2024-01-12,17:18,A,Delhi,Member,Female,Clothing,Jacket,2911.75,4,0.05,UPI,8.4,1776.17,11647.0,582.35,11064.65,7104.68,3959.9699999999993,35.78938330629527,Friday,January,17,Evening
INV-2024-00269,2024-01-12,17:30,C,Bengaluru,Member,Male,Clothing,T-Shirt,782.77,4,0.1,UPI,8.1,477.49,3131.08,313.108,2817.9719999999998,1909.96,908.0119999999997,32.222179638406615,Friday,January,17,Evening
INV-2024-00510,2024-01-12,17:30,C,Bengaluru,Member,Female,Clothing,Sports Shoes,2341.33,2,0.15,Cash,4.6,1428.21,4682.66,702.399,3980.261,2856.42,1123.841,28.23535943999652,Friday,January,17,Evening
INV-2024-02005,2024-01-12,17:32,A,Delhi,Normal,Female,Groceries,Dry Fruits,985.77,2,0.05,UPI,8.5,808.33,1971.54,98.577,1872.963,1616.66,256.3029999999999,13.684360022061295,Friday,January,17,Evening
INV-2024-00363,2024-01-12,17:37,A,Delhi,Normal,Male,Groceries,Dry Fruits,1002.63,3,0.05,Card,9.2,822.16,3007.89,150.3945,2857.4955,2466.48,391.0155,13.683853570373076,Friday,January,17,Evening
INV-2024-00155,2024-01-12,17:51,B,Mumbai,Normal,Female,Home & Kitchen,Mixer Grinder,3141.47,1,0.1,Card,7.9,2073.37,3141.47,314.147,2827.323,2073.37,753.953,26.666673740495867,Friday,January,17,Evening
INV-2024-01107,2024-01-12,17:56,C,Bengaluru,Member,Female,Electronics,Bluetooth Speaker,2739.98,5,0.0,Card,7.7,1890.59,13699.9,0.0,13699.9,9452.949999999999,4246.950000000001,30.999861312856304,Friday,January,17,Evening
INV-2024-01517,2024-01-12,17:56,B,Mumbai,Normal,Female,Groceries,Dry Fruits,1005.81,2,0.05,Cash,7.1,824.76,2011.62,100.581,1911.039,1649.52,261.519,13.684650077784912,Friday,January,17,Evening
INV-2024-00060,2024-01-12,18:11,A,Delhi,Normal,Male,Groceries,Cooking Oil,738.69,2,0.1,Card,7.7,605.73,1477.38,147.73800000000003,1329.642,1211.46,118.18200000000002,8.88825713989179,Friday,January,18,Evening
INV-2024-00742,2024-01-12,18:35,B,Mumbai,Normal,Male,Home & Kitchen,Mixer Grinder,3076.55,4,0.0,Cash,7.4,2030.52,12306.2,0.0,12306.2,8122.08,4184.120000000001,34.00009751182331,Friday,January,18,Evening
INV-2024-01393,2024-01-12,18:46,A,Delhi,Member,Male,Personal Care,Shampoo,413.47,2,0.0,UPI,5.7,239.81,826.94,0.0,826.94,479.62,347.32000000000005,42.00062882434034,Friday,January,18,Evening
INV-2024-00608,2024-01-12,18:55,B,Mumbai,Member,Male,Electronics,Smart Watch,4153.02,1,0.05,Cash,9.3,2865.58,4153.02,207.65100000000004,3945.3690000000006,2865.58,1079.7890000000007,27.36851736808396,Friday,January,18,Evening
INV-2024-00733,2024-01-12,19:16,A,Delhi,Normal,Female,Groceries,Cooking Oil,787.35,4,0.15,UPI,6.8,645.63,3149.4,472.40999999999997,2676.9900000000002,2582.52,94.47000000000025,3.528963500050439,Friday,January,19,Night
INV-2024-00769,2024-01-12,19:16,B,Mumbai,Member,Male,Groceries,Cooking Oil,752.6,3,0.05,Card,5.6,617.13,2257.8,112.89000000000001,2144.9100000000003,1851.3899999999999,293.52000000000044,13.684490258332534,Friday,January,19,Night
INV-2024-01575,2024-01-12,19:39,C,Bengaluru,Normal,Male,Groceries,Rice 5kg,647.5,2,0.0,UPI,6.6,530.95,1295.0,0.0,1295.0,1061.9,233.0999999999999,17.999999999999993,Friday,January,19,Night
INV-2024-02191,2024-01-12,21:15,C,Bengaluru,Normal,Male,Personal Care,Skin Care Kit,1125.97,1,0.1,UPI,7.2,653.06,1125.97,112.59700000000001,1013.373,653.06,360.3130000000001,35.555812124459614,Friday,January,21,Night
INV-2024-02489,2024-01-12,21:41,A,Delhi,Member,Female,Home & Kitchen,Bedsheet,960.73,2,0.0,UPI,6.9,634.08,1921.46,0.0,1921.46,1268.16,653.3,34.00018735753021,Friday,January,21,Night
INV-2024-01887,2024-01-13,10:28,A,Delhi,Normal,Male,Home & Kitchen,Storage Set,699.34,2,0.05,Cash,7.2,461.56,1398.68,69.93400000000001,1328.746,923.12,405.6260000000001,30.52697806804311,Saturday,January,10,Morning
INV-2024-01765,2024-01-13,10:57,B,Mumbai,Normal,Male,Home & Kitchen,Storage Set,743.36,3,0.15,UPI,7.9,490.62,2230.08,334.512,1895.568,1471.8600000000001,423.70799999999986,22.352561343090823,Saturday,January,10,Morning
INV-2024-00193,2024-01-13,11:00,A,Delhi,Member,Male,Groceries,Breakfast Cereal,405.31,2,0.05,Cash,9.5,332.35,810.62,40.531000000000006,770.0889999999999,664.7,105.3889999999999,13.685301309329171,Saturday,January,11,Morning
INV-2024-01275,2024-01-13,11:15,C,Bengaluru,Normal,Male,Clothing,Jeans,1932.24,2,0.0,UPI,5.8,1178.67,3864.48,0.0,3864.48,2357.34,1507.1399999999999,38.99981368774065,Saturday,January,11,Morning
INV-2024-00805,2024-01-13,11:19,A,Delhi,Member,Female,Sports,Yoga Mat,901.46,4,0.05,UPI,7.1,576.93,3605.84,180.29200000000003,3425.5480000000002,2307.72,1117.8280000000004,32.63209273377575,Saturday,January,11,Morning
INV-2024-00218,2024-01-13,12:08,A,Delhi,Normal,Female,Clothing,Jeans,1669.93,2,0.1,Card,7.0,1018.66,3339.86,333.98600000000005,3005.8740000000003,2037.32,968.5540000000003,32.2220425739735,Saturday,January,12,Afternoon
INV-2024-00964,2024-01-13,13:29,A,Delhi,Member,Female,Clothing,Jacket,3002.87,2,0.1,Cash,10.0,1831.75,6005.74,600.574,5405.166,3663.5,1741.6660000000002,32.22224812336938,Saturday,January,13,Afternoon
INV-2024-01532,2024-01-13,14:34,A,Delhi,Normal,Female,Electronics,Power Bank,1555.57,5,0.15,Cash,8.5,1073.34,7777.849999999999,1166.6774999999998,6611.1725,5366.7,1244.4724999999999,18.823778989279134,Saturday,January,14,Afternoon
INV-2024-00815,2024-01-13,14:36,B,Mumbai,Member,Male,Electronics,Smart Watch,3926.88,2,0.05,Card,6.6,2709.55,7853.76,392.68800000000005,7461.072,5419.1,2041.9719999999998,27.368345996393007,Saturday,January,14,Afternoon
INV-2024-00209,2024-01-13,14:37,B,Mumbai,Member,Male,Electronics,Smart Watch,3976.67,2,0.15,Cash,6.0,2743.9,7953.34,1193.001,6760.339,5487.8,1272.5389999999998,18.82359745568972,Saturday,January,14,Afternoon
INV-2024-01040,2024-01-13,14:57,C,Bengaluru,Member,Female,Groceries,Cooking Oil,761.65,5,0.05,UPI,7.6,624.55,3808.25,190.41250000000002,3617.8375,3122.75,495.0875000000001,13.684625138635997,Saturday,January,14,Afternoon
INV-2024-00938,2024-01-13,14:59,A,Delhi,Member,Female,Personal Care,Skin Care Kit,1288.74,1,0.05,Card,8.5,747.47,1288.74,64.437,1224.303,747.47,476.8330000000001,38.94730307775119,Saturday,January,14,Afternoon
INV-2024-02421,2024-01-13,14:59,B,Mumbai,Normal,Female,Electronics,Bluetooth Speaker,2785.67,2,0.1,UPI,10.0,1922.11,5571.34,557.134,5014.206,3844.22,1169.9860000000003,23.333425072683497,Saturday,January,14,Afternoon
INV-2024-00525,2024-01-13,15:01,C,Bengaluru,Normal,Female,Groceries,Rice 5kg,618.98,1,0.0,UPI,7.9,507.56,618.98,0.0,618.98,507.56,111.42000000000002,18.000581601990373,Saturday,January,15,Afternoon
INV-2024-01350,2024-01-13,15:02,B,Mumbai,Member,Female,Clothing,Sports Shoes,2438.09,1,0.2,Cash,7.0,1487.23,2438.09,487.61800000000005,1950.4720000000002,1487.23,463.2420000000002,23.750251221242866,Saturday,January,15,Afternoon
INV-2024-02201,2024-01-13,16:22,B,Mumbai,Member,Male,Groceries,Breakfast Cereal,351.32,3,0.1,UPI,10.0,288.08,1053.96,105.39600000000002,948.5640000000001,864.24,84.32400000000007,8.889647930977779,Saturday,January,16,Evening
INV-2024-01674,2024-01-13,17:07,B,Mumbai,Member,Male,Groceries,Breakfast Cereal,388.54,1,0.05,UPI,7.1,318.6,388.54,19.427000000000003,369.113,318.6,50.51299999999998,13.684969101603025,Saturday,January,17,Evening
INV-2024-01003,2024-01-13,17:43,B,Mumbai,Normal,Male,Clothing,Jeans,1751.89,4,0.1,UPI,9.2,1068.65,7007.56,700.7560000000001,6306.804,4274.6,2032.2039999999997,32.222406150563735,Saturday,January,17,Evening
INV-2024-01415,2024-01-13,18:04,B,Mumbai,Member,Female,Electronics,Power Bank,1615.01,1,0.0,Cash,7.5,1114.36,1615.01,0.0,1615.01,1114.36,500.6500000000001,30.99980805072415,Saturday,January,18,Evening
INV-2024-01255,2024-01-13,18:19,A,Delhi,Normal,Male,Clothing,Jacket,2894.55,1,0.05,UPI,8.2,1765.68,2894.55,144.72750000000002,2749.8225,1765.68,984.1425000000002,35.789310037284224,Saturday,January,18,Evening
INV-2024-01182,2024-01-13,18:28,A,Delhi,Normal,Male,Home & Kitchen,Mixer Grinder,3380.51,2,0.15,UPI,5.7,2231.14,6761.02,1014.153,5746.867,4462.28,1284.5870000000004,22.352822851129154,Saturday,January,18,Evening
INV-2024-00437,2024-01-13,18:31,A,Delhi,Member,Male,Electronics,Power Bank,1511.24,1,0.15000000000000002,Card,7.0,1042.76,1511.24,226.68600000000004,1284.554,1042.76,241.7940000000001,18.823186880426988,Saturday,January,18,Evening
INV-2024-00973,2024-01-13,19:09,C,Bengaluru,Member,Female,Home & Kitchen,Storage Set,690.29,5,0.1,Card,9.1,455.59,3451.45,345.145,3106.305,2277.95,828.355,26.66689201478928,Saturday,January,19,Night
INV-2024-00389,2024-01-13,19:19,B,Mumbai,Normal,Female,Electronics,Bluetooth Speaker,2693.08,3,0.1,UPI,5.9,1858.23,8079.24,807.924,7271.316,5574.6900000000005,1696.6259999999993,23.33313529490397,Saturday,January,19,Night
INV-2024-00099,2024-01-13,19:21,B,Mumbai,Member,Female,Home & Kitchen,Cookware Set,2285.06,2,0.0,UPI,8.7,1508.14,4570.12,0.0,4570.12,3016.28,1553.8399999999997,33.99998249498918,Saturday,January,19,Night
INV-2024-01685,2024-01-13,19:45,A,Delhi,Member,Male,Groceries,Rice 5kg,599.52,1,0.05,Cash,4.4,491.61,599.52,29.976,569.544,491.61,77.93399999999997,13.683578441700725,Saturday,January,19,Night
INV-2024-01052,2024-01-13,19:59,A,Delhi,Member,Male,Groceries,Breakfast Cereal,352.05,2,0.1,UPI,7.0,288.68,704.1,70.41000000000001,633.69,577.36,56.33000000000004,8.88920450062334,Saturday,January,19,Night
INV-2024-02099,2024-01-13,19:59,B,Mumbai,Member,Female,Clothing,Jacket,3177.46,2,0.05,Cash,5.5,1938.25,6354.92,317.74600000000004,6037.174,3876.5,2160.674,35.78949356106019,Saturday,January,19,Night
INV-2024-02399,2024-01-13,20:05,A,Delhi,Normal,Male,Electronics,Bluetooth Speaker,2591.93,4,0.0,Cash,9.9,1788.43,10367.72,0.0,10367.72,7153.72,3213.999999999999,31.000065588191035,Saturday,January,20,Night
INV-2024-00619,2024-01-13,20:12,A,Delhi,Member,Male,Clothing,Jeans,1668.02,1,0.0,UPI,9.0,1017.49,1668.02,0.0,1668.02,1017.49,650.53,39.000131892902964,Saturday,January,20,Night
INV-2024-02266,2024-01-13,20:27,C,Bengaluru,Member,Female,Sports,Fitness Band,1377.15,1,0.2,Cash,8.1,881.38,1377.15,275.43,1101.72,881.38,220.34000000000003,19.99963693134372,Saturday,January,20,Night
INV-2024-00009,2024-01-13,21:05,B,Mumbai,Normal,Female,Sports,Dumbbell Set,2481.71,3,0.05,UPI,7.5,1588.29,7445.13,372.2565,7072.8735,4764.87,2308.0035,32.63176557590066,Saturday,January,21,Night
INV-2024-00362,2024-01-13,21:20,B,Mumbai,Normal,Male,Groceries,Rice 5kg,624.76,2,0.05,UPI,4.5,512.3,1249.52,62.476,1187.0439999999999,1024.6,162.44399999999996,13.684749680719499,Saturday,January,21,Night
INV-2024-00473,2024-01-13,21:29,A,Delhi,Member,Female,Sports,Yoga Mat,838.14,3,0.2,Cash,8.6,536.41,2514.42,502.884,2011.536,1609.23,402.30600000000004,19.99994034409526,Saturday,January,21,Night
INV-2024-00392,2024-01-13,21:57,C,Bengaluru,Member,Male,Electronics,Power Bank,1452.13,4,0.0,UPI,8.7,1001.97,5808.52,0.0,5808.52,4007.88,1800.6400000000003,30.99997934069264,Saturday,January,21,Night
INV-2024-00310,2024-01-14,09:05,B,Mumbai,Member,Male,Groceries,Rice 5kg,627.0,3,0.2,Card,7.6,514.14,1881.0,376.20000000000005,1504.8,1542.42,-37.62000000000012,-2.500000000000008,Sunday,January,9,Morning
INV-2024-00037,2024-01-14,10:00,A,Delhi,Normal,Male,Sports,Cricket Bat,2027.19,3,0.1,Card,10.0,1297.4,6081.57,608.157,5473.413,3892.2000000000003,1581.2129999999993,28.88897658554177,Sunday,January,10,Morning
INV-2024-01511,2024-01-14,10:06,B,Mumbai,Normal,Female,Electronics,Smart Watch,3719.27,2,0.0,Cash,6.7,2566.3,7438.54,0.0,7438.54,5132.6,2305.9399999999996,30.999900518112423,Sunday,January,10,Morning
INV-2024-00341,2024-01-14,10:18,C,Bengaluru,Member,Female,Electronics,Power Bank,1451.68,6,0.0,UPI,7.5,1001.66,8710.08,0.0,8710.08,6009.96,2700.12,30.999944891436126,Sunday,January,10,Morning
INV-2024-02334,2024-01-14,11:00,C,Bengaluru,Member,Male,Clothing,Sports Shoes,2398.63,3,0.1,UPI,7.5,1463.16,7195.89,719.589,6476.301,4389.4800000000005,2086.821,32.22242140999931,Sunday,January,11,Morning
INV-2024-00764,2024-01-14,12:06,A,Delhi,Member,Female,Home & Kitchen,Storage Set,753.58,1,0.1,Card,7.5,497.36,753.58,75.358,678.222,497.36,180.86199999999997,26.667079510838633,Sunday,January,12,Afternoon
INV-2024-01803,2024-01-14,12:31,B,Mumbai,Normal,Female,Sports,Yoga Mat,961.26,1,0.0,Card,7.6,615.21,961.26,0.0,961.26,615.21,346.04999999999995,35.999625491542346,Sunday,January,12,Afternoon
INV-2024-02013,2024-01-14,12:48,A,Delhi,Member,Male,Clothing,T-Shirt,749.29,2,0.05,Cash,9.8,457.07,1498.58,74.929,1423.6509999999998,914.14,509.51099999999985,35.789038184217894,Sunday,January,12,Afternoon
INV-2024-01054,2024-01-14,13:01,A,Delhi,Normal,Female,Groceries,Dry Fruits,991.12,2,0.1,UPI,7.5,812.72,1982.24,198.22400000000002,1784.016,1625.44,158.57600000000002,8.888709518300285,Sunday,January,13,Afternoon
INV-2024-01117,2024-01-14,13:19,A,Delhi,Normal,Male,Personal Care,Trimmer,1982.01,3,0.1,Cash,6.8,1149.57,5946.03,594.603,5351.427,3448.71,1902.7169999999996,35.55532010433852,Sunday,January,13,Afternoon
INV-2024-00059,2024-01-14,14:00,B,Mumbai,Normal,Male,Groceries,Dry Fruits,886.24,2,0.05,UPI,9.6,726.72,1772.48,88.62400000000001,1683.856,1453.44,230.41599999999994,13.683830446308946,Sunday,January,14,Afternoon
INV-2024-00217,2024-01-14,14:30,B,Mumbai,Member,Male,Sports,Dumbbell Set,2480.11,2,0.05,UPI,7.7,1587.27,4960.22,248.01100000000002,4712.209,3174.54,1537.6689999999999,32.631595924544094,Sunday,January,14,Afternoon
INV-2024-00335,2024-01-14,14:41,C,Bengaluru,Member,Female,Groceries,Rice 5kg,617.23,3,0.05,Card,6.3,506.13,1851.69,92.5845,1759.1055000000001,1518.3899999999999,240.71550000000025,13.683971768606273,Sunday,January,14,Afternoon
INV-2024-02102,2024-01-14,14:51,B,Mumbai,Normal,Female,Electronics,Smart Watch,4138.29,1,0.05,UPI,8.8,2855.42,4138.29,206.9145,3931.3755,2855.42,1075.9555,27.36842359627057,Sunday,January,14,Afternoon
INV-2024-01105,2024-01-14,15:05,B,Mumbai,Normal,Male,Groceries,Breakfast Cereal,384.19,1,0.0,UPI,6.2,315.04,384.19,0.0,384.19,315.04,69.14999999999998,17.99890679091074,Sunday,January,15,Afternoon
INV-2024-00474,2024-01-14,15:10,B,Mumbai,Member,Female,Sports,Yoga Mat,833.5,6,0.0,Card,8.9,533.44,5001.0,0.0,5001.0,3200.6400000000003,1800.3599999999997,35.99999999999999,Sunday,January,15,Afternoon
INV-2024-00302,2024-01-14,15:24,A,Delhi,Member,Male,Clothing,Sports Shoes,2414.55,1,0.15,UPI,7.7,1472.88,2414.55,362.1825,2052.3675000000003,1472.88,579.4875000000002,28.235074858669325,Sunday,January,15,Afternoon
INV-2024-02237,2024-01-14,16:27,A,Delhi,Member,Female,Clothing,Jeans,1719.22,2,0.05,UPI,8.6,1048.72,3438.44,171.92200000000003,3266.518,2097.44,1169.078,35.78973083877082,Sunday,January,16,Evening
INV-2024-00153,2024-01-14,16:35,C,Bengaluru,Member,Male,Electronics,Bluetooth Speaker,2786.36,3,0.1,UPI,8.5,1922.59,8359.08,835.908,7523.172,5767.7699999999995,1755.402,23.333269530458697,Sunday,January,16,Evening
INV-2024-01551,2024-01-14,16:41,C,Bengaluru,Member,Female,Groceries,Dry Fruits,944.66,2,0.15000000000000002,Card,6.8,774.62,1889.32,283.398,1605.922,1549.24,56.682000000000016,3.529561211565693,Sunday,January,16,Evening
INV-2024-00231,2024-01-14,16:48,C,Bengaluru,Member,Female,Groceries,Breakfast Cereal,376.21,2,0.1,UPI,8.8,308.49,752.42,75.242,677.178,616.98,60.19799999999998,8.889538644196945,Sunday,January,16,Evening
INV-2024-01769,2024-01-14,16:49,A,Delhi,Normal,Female,Home & Kitchen,Mixer Grinder,3126.77,3,0.1,UPI,6.3,2063.67,9380.31,938.031,8442.278999999999,6191.01,2251.2689999999984,26.66660270289573,Sunday,January,16,Evening
INV-2024-01602,2024-01-14,16:50,C,Bengaluru,Member,Female,Electronics,Power Bank,1481.85,4,0.15000000000000002,UPI,8.2,1022.48,5927.4,889.1100000000001,5038.289999999999,4089.92,948.369999999999,18.82325153970889,Sunday,January,16,Evening
INV-2024-01654,2024-01-14,17:01,A,Delhi,Member,Female,Clothing,Sports Shoes,2602.9,2,0.1,Card,9.5,1587.77,5205.8,520.58,4685.22,3175.54,1509.6800000000003,32.222179534792396,Sunday,January,17,Evening
INV-2024-00963,2024-01-14,17:06,B,Mumbai,Normal,Male,Clothing,Sports Shoes,2603.52,1,0.1,UPI,9.2,1588.15,2603.52,260.35200000000003,2343.168,1588.15,755.018,32.22210272588222,Sunday,January,17,Evening
INV-2024-01240,2024-01-14,17:22,B,Mumbai,Member,Male,Personal Care,Perfume,1655.0,5,0.1,Card,8.7,959.9,8275.0,827.5,7447.5,4799.5,2648.0,35.55555555555556,Sunday,January,17,Evening
INV-2024-02379,2024-01-14,17:22,B,Mumbai,Normal,Female,Personal Care,Skin Care Kit,1185.28,1,0.05,Card,6.4,687.46,1185.28,59.264,1126.016,687.46,438.55600000000004,38.9475815618961,Sunday,January,17,Evening
INV-2024-00050,2024-01-14,17:54,A,Delhi,Normal,Male,Personal Care,Skin Care Kit,1124.93,1,0.0,Card,7.1,652.46,1124.93,0.0,1124.93,652.46,472.47,41.99994666334794,Sunday,January,17,Evening
INV-2024-00671,2024-01-14,17:55,A,Delhi,Normal,Male,Personal Care,Perfume,1671.16,1,0.0,UPI,6.4,969.27,1671.16,0.0,1671.16,969.27,701.8900000000001,42.00016754828981,Sunday,January,17,Evening
INV-2024-00918,2024-01-14,18:09,A,Delhi,Normal,Female,Electronics,Smart Watch,3791.06,4,0.0,UPI,8.7,2615.83,15164.24,0.0,15164.24,10463.32,4700.92,31.000036928985566,Sunday,January,18,Evening
INV-2024-01189,2024-01-14,18:27,A,Delhi,Normal,Female,Groceries,Cooking Oil,827.11,1,0.0,Cash,6.4,678.23,827.11,0.0,827.11,678.23,148.88,18.000024180580574,Sunday,January,18,Evening
INV-2024-00207,2024-01-14,18:48,B,Mumbai,Normal,Male,Clothing,Jacket,3115.04,1,0.1,UPI,5.1,1900.17,3115.04,311.504,2803.536,1900.17,903.366,32.222379166880685,Sunday,January,18,Evening
INV-2024-02059,2024-01-14,19:07,C,Bengaluru,Member,Male,Groceries,Rice 5kg,600.06,4,0.15,Cash,8.5,492.05,2400.24,360.03599999999994,2040.2039999999997,1968.2,72.00399999999968,3.5292549176454755,Sunday,January,19,Night
INV-2024-01757,2024-01-14,19:35,B,Mumbai,Normal,Female,Home & Kitchen,Bedsheet,1040.58,2,0.0,UPI,7.4,686.78,2081.16,0.0,2081.16,1373.56,707.5999999999999,34.00026908070499,Sunday,January,19,Night
INV-2024-00888,2024-01-14,20:07,A,Delhi,Normal,Female,Groceries,Cooking Oil,849.12,1,0.0,Card,6.4,696.28,849.12,0.0,849.12,696.28,152.84000000000003,17.999811569625027,Sunday,January,20,Night
INV-2024-00679,2024-01-14,20:27,C,Bengaluru,Member,Female,Groceries,Dry Fruits,991.22,3,0.15,UPI,10.0,812.8,2973.66,446.049,2527.611,2438.3999999999996,89.21100000000024,3.529459240365715,Sunday,January,20,Night
INV-2024-01368,2024-01-14,20:30,B,Mumbai,Member,Female,Clothing,Jacket,2870.03,4,0.0,UPI,10.0,1750.72,11480.12,0.0,11480.12,7002.88,4477.240000000001,38.99994076716968,Sunday,January,20,Night
INV-2024-02477,2024-01-15,09:00,C,Bengaluru,Member,Male,Home & Kitchen,Bedsheet,968.86,3,0.05,UPI,9.2,639.45,2906.58,145.329,2761.2509999999997,1918.3500000000001,842.9009999999996,30.52605503809685,Monday,January,9,Morning
INV-2024-00417,2024-01-15,13:16,B,Mumbai,Normal,Male,Electronics,Earbuds,2233.97,1,0.2,Card,6.8,1541.44,2233.97,446.794,1787.176,1541.44,245.73599999999988,13.7499608320613,Monday,January,13,Afternoon
INV-2024-02376,2024-01-15,13:56,A,Delhi,Member,Female,Electronics,Smart Watch,3864.1,3,0.0,Card,8.4,2666.23,11592.3,0.0,11592.3,7998.6900000000005,3593.6099999999988,30.99997412075256,Monday,January,13,Afternoon
INV-2024-00128,2024-01-15,15:00,A,Delhi,Member,Female,Groceries,Rice 5kg,594.3,2,0.05,Card,7.1,487.33,1188.6,59.43,1129.1699999999998,974.66,154.50999999999988,13.68350204132238,Monday,January,15,Afternoon
INV-2024-00762,2024-01-15,15:21,C,Bengaluru,Normal,Female,Groceries,Breakfast Cereal,352.88,2,0.0,Cash,7.8,289.36,705.76,0.0,705.76,578.72,127.03999999999996,18.00045341192473,Monday,January,15,Afternoon
INV-2024-00545,2024-01-15,15:24,C,Bengaluru,Member,Female,Home & Kitchen,Cookware Set,2576.64,3,0.05,Card,7.7,1700.58,7729.92,386.49600000000004,7343.424,5101.74,2241.684,30.52641383637933,Monday,January,15,Afternoon
INV-2024-00469,2024-01-15,15:57,B,Mumbai,Normal,Female,Home & Kitchen,Cookware Set,2207.5,2,0.05,Card,4.4,1456.95,4415.0,220.75,4194.25,2913.9,1280.35,30.526315789473685,Monday,January,15,Afternoon
INV-2024-02008,2024-01-15,16:04,A,Delhi,Normal,Female,Groceries,Dry Fruits,893.66,6,0.0,Card,9.0,732.8,5361.96,0.0,5361.96,4396.799999999999,965.1600000000008,18.00013427925611,Monday,January,16,Evening
INV-2024-02184,2024-01-15,16:24,C,Bengaluru,Member,Female,Clothing,Jacket,2963.25,5,0.15,UPI,8.5,1807.58,14816.25,2222.4375,12593.8125,9037.9,3555.9125000000004,28.235393372737605,Monday,January,16,Evening
INV-2024-00204,2024-01-15,16:40,A,Delhi,Member,Male,Electronics,Earbuds,2309.8,2,0.1,UPI,8.7,1593.76,4619.6,461.96000000000004,4157.64,3187.52,970.1200000000003,23.333429541759273,Monday,January,16,Evening
INV-2024-00849,2024-01-15,16:49,B,Mumbai,Normal,Female,Clothing,Sports Shoes,2386.27,1,0.05,UPI,5.1,1455.62,2386.27,119.3135,2266.9565,1455.62,811.3364999999999,35.78968101064136,Monday,January,16,Evening
INV-2024-00552,2024-01-15,17:00,B,Mumbai,Member,Female,Electronics,Smart Watch,4116.83,2,0.1,Cash,7.4,2840.61,8233.66,823.366,7410.294,5681.22,1729.0739999999996,23.333406204935994,Monday,January,17,Evening
INV-2024-00376,2024-01-15,17:38,B,Mumbai,Normal,Male,Home & Kitchen,Bedsheet,1032.28,1,0.0,Card,5.7,681.3,1032.28,0.0,1032.28,681.3,350.98,34.000464990118964,Monday,January,17,Evening
INV-2024-02360,2024-01-15,17:44,B,Mumbai,Member,Female,Home & Kitchen,Cookware Set,2397.76,3,0.1,UPI,7.9,1582.52,7193.280000000001,719.3280000000001,6473.952,4747.5599999999995,1726.3920000000007,26.666740809941142,Monday,January,17,Evening
INV-2024-01165,2024-01-15,18:00,B,Mumbai,Normal,Female,Electronics,Power Bank,1516.11,3,0.05,Card,8.0,1046.12,4548.33,227.4165,4320.9135,3138.3599999999997,1182.5535,27.368136390603514,Monday,January,18,Evening
INV-2024-01915,2024-01-15,18:08,A,Delhi,Normal,Female,Personal Care,Shampoo,425.03,1,0.05,Card,7.6,246.52,425.03,21.2515,403.77849999999995,246.52,157.25849999999994,38.946724503657315,Monday,January,18,Evening
INV-2024-02049,2024-01-15,18:16,A,Delhi,Member,Female,Sports,Yoga Mat,872.33,6,0.0,UPI,9.1,558.29,5233.9800000000005,0.0,5233.9800000000005,3349.74,1884.2400000000007,36.00013756261966,Monday,January,18,Evening
INV-2024-02383,2024-01-15,18:22,A,Delhi,Normal,Female,Clothing,Jacket,2889.35,1,0.0,UPI,6.4,1762.5,2889.35,0.0,2889.35,1762.5,1126.85,39.000121134511225,Monday,January,18,Evening
INV-2024-00261,2024-01-15,18:23,A,Delhi,Normal,Male,Home & Kitchen,Bedsheet,966.17,3,0.2,UPI,5.1,637.67,2898.5099999999998,579.702,2318.808,1913.0099999999998,405.79800000000023,17.500284628999047,Monday,January,18,Evening
INV-2024-00462,2024-01-15,18:24,A,Delhi,Normal,Male,Sports,Yoga Mat,835.5,4,0.1,UPI,6.7,534.72,3342.0,334.20000000000005,3007.8,2138.88,868.9200000000001,28.888888888888893,Monday,January,18,Evening
INV-2024-01151,2024-01-15,18:43,B,Mumbai,Normal,Male,Home & Kitchen,Cookware Set,2550.9,6,0.05,UPI,9.8,1683.59,15305.400000000001,765.2700000000001,14540.130000000001,10101.539999999999,4438.590000000002,30.526480849896124,Monday,January,18,Evening
INV-2024-00264,2024-01-15,19:37,A,Delhi,Member,Male,Clothing,Jeans,1744.82,2,0.1,UPI,7.3,1064.34,3489.64,348.964,3140.676,2128.68,1011.9960000000001,32.222234958333814,Monday,January,19,Night
INV-2024-01529,2024-01-15,19:54,C,Bengaluru,Normal,Female,Home & Kitchen,Storage Set,722.96,3,0.1,Card,6.9,477.15,2168.88,216.88800000000003,1951.9920000000002,1431.4499999999998,520.5420000000004,26.66721994762275,Monday,January,19,Night
INV-2024-00806,2024-01-15,20:18,A,Delhi,Member,Female,Electronics,Smart Watch,4227.43,1,0.15000000000000002,Card,10.0,2916.93,4227.43,634.1145000000001,3593.3155,2916.93,676.3855000000003,18.823437574574243,Monday,January,20,Night
INV-2024-01990,2024-01-15,20:57,A,Delhi,Member,Male,Clothing,Sports Shoes,2339.95,6,0.05,Card,4.9,1427.37,14039.699999999999,701.985,13337.714999999998,8564.22,4773.494999999999,35.789451191602154,Monday,January,20,Night
INV-2024-02209,2024-01-16,09:54,A,Delhi,Normal,Female,Personal Care,Shampoo,456.41,2,0.0,UPI,6.3,264.72,912.82,0.0,912.82,529.44,383.38,41.99951797725729,Tuesday,January,9,Morning
INV-2024-00195,2024-01-16,10:45,B,Mumbai,Member,Female,Personal Care,Perfume,1575.62,3,0.1,Card,6.9,913.86,4726.86,472.686,4254.174,2741.58,1512.594,35.55552734796461,Tuesday,January,10,Morning
INV-2024-01111,2024-01-16,11:04,A,Delhi,Normal,Male,Groceries,Breakfast Cereal,367.04,4,0.1,Card,7.5,300.97,1468.16,146.816,1321.344,1203.88,117.46399999999994,8.889736510704248,Tuesday,January,11,Morning
INV-2024-01784,2024-01-16,12:18,B,Mumbai,Normal,Male,Electronics,Earbuds,2368.82,2,0.15,UPI,8.0,1634.49,4737.64,710.6460000000001,4026.994,3268.98,758.0140000000001,18.823320819449947,Tuesday,January,12,Afternoon
INV-2024-00375,2024-01-16,12:25,B,Mumbai,Member,Male,Personal Care,Perfume,1720.46,2,0.05,Card,9.8,997.87,3440.92,172.04600000000002,3268.8740000000003,1995.74,1273.1340000000002,38.94717263498074,Tuesday,January,12,Afternoon
INV-2024-00268,2024-01-16,13:00,B,Mumbai,Member,Male,Groceries,Dry Fruits,1000.51,5,0.1,UPI,6.5,820.42,5002.55,500.25500000000005,4502.295,4102.099999999999,400.1950000000006,8.888688990836908,Tuesday,January,13,Afternoon
INV-2024-00442,2024-01-16,13:26,C,Bengaluru,Member,Female,Home & Kitchen,Mixer Grinder,3473.65,2,0.0,UPI,7.3,2292.61,6947.3,0.0,6947.3,4585.22,2362.08,33.999971211837696,Tuesday,January,13,Afternoon
INV-2024-00985,2024-01-16,13:51,A,Delhi,Normal,Female,Sports,Cricket Bat,2148.97,3,0.05,UPI,6.6,1375.34,6446.91,322.3455,6124.5644999999995,4126.0199999999995,1998.5445,32.63161813382813,Tuesday,January,13,Afternoon
INV-2024-01443,2024-01-16,14:07,B,Mumbai,Member,Female,Clothing,Jeans,1670.74,4,0.2,Card,6.9,1019.15,6682.96,1336.592,5346.368,4076.6,1269.7680000000005,23.750104744005657,Tuesday,January,14,Afternoon
INV-2024-01396,2024-01-16,14:59,B,Mumbai,Normal,Female,Personal Care,Trimmer,1868.08,4,0.0,UPI,5.9,1083.49,7472.32,0.0,7472.32,4333.96,3138.3599999999997,41.99980728876707,Tuesday,January,14,Afternoon
INV-2024-01519,2024-01-16,15:09,B,Mumbai,Member,Male,Clothing,Sports Shoes,2642.75,1,0.15000000000000002,Cash,8.0,1612.08,2642.75,396.4125000000001,2246.3375,1612.08,634.2575000000002,28.23518282537687,Tuesday,January,15,Afternoon
INV-2024-00703,2024-01-16,15:25,B,Mumbai,Member,Female,Groceries,Rice 5kg,616.53,3,0.15,UPI,5.0,505.55,1849.59,277.4385,1572.1515,1516.65,55.50149999999985,3.5302895427062753,Tuesday,January,15,Afternoon
INV-2024-01434,2024-01-16,15:44,B,Mumbai,Normal,Female,Personal Care,Perfume,1582.34,3,0.15,Cash,8.3,917.76,4747.0199999999995,712.0529999999999,4034.9669999999996,2753.2799999999997,1281.687,31.764497702211692,Tuesday,January,15,Afternoon
INV-2024-00029,2024-01-16,16:48,C,Bengaluru,Member,Female,Electronics,Bluetooth Speaker,2863.12,3,0.1,UPI,7.4,1975.55,8589.36,858.9360000000001,7730.424000000001,5926.65,1803.7740000000013,23.333441994902234,Tuesday,January,16,Evening
INV-2024-02174,2024-01-16,17:55,A,Delhi,Member,Male,Clothing,Jacket,2829.66,3,0.05,Card,6.4,1726.09,8488.98,424.449,8064.531,5178.2699999999995,2886.2610000000004,35.789570404032176,Tuesday,January,17,Evening
INV-2024-01004,2024-01-16,17:57,A,Delhi,Member,Male,Electronics,Bluetooth Speaker,2630.28,1,0.0,UPI,7.1,1814.89,2630.28,0.0,2630.28,1814.89,815.3900000000001,31.000121660051406,Tuesday,January,17,Evening
INV-2024-01154,2024-01-16,18:32,A,Delhi,Member,Male,Home & Kitchen,Storage Set,662.57,6,0.0,UPI,8.4,437.3,3975.42,0.0,3975.42,2623.8,1351.62,33.99942647569313,Tuesday,January,18,Evening
INV-2024-01904,2024-01-16,18:38,A,Delhi,Normal,Female,Groceries,Dry Fruits,897.66,3,0.05,UPI,8.9,736.08,2692.98,134.649,2558.331,2208.2400000000002,350.0909999999999,13.684351243056502,Tuesday,January,18,Evening
INV-2024-01964,2024-01-16,19:17,A,Delhi,Member,Male,Electronics,Power Bank,1470.92,4,0.0,Card,6.7,1014.93,5883.68,0.0,5883.68,4059.72,1823.9600000000005,31.000326326380772,Tuesday,January,19,Night
INV-2024-00091,2024-01-16,19:20,B,Mumbai,Member,Female,Clothing,Jeans,1803.12,3,0.1,Cash,9.1,1099.9,5409.36,540.936,4868.424,3299.7000000000003,1568.7239999999997,32.22241941129202,Tuesday,January,19,Night
INV-2024-02009,2024-01-16,19:51,C,Bengaluru,Member,Female,Electronics,Power Bank,1525.44,1,0.15000000000000002,Cash,6.5,1052.55,1525.44,228.81600000000003,1296.624,1052.55,244.07400000000007,18.823807055861998,Tuesday,January,19,Night
INV-2024-00523,2024-01-16,20:27,B,Mumbai,Normal,Female,Clothing,Jeans,1938.74,2,0.0,Card,5.9,1182.63,3877.48,0.0,3877.48,2365.26,1512.2199999999998,39.00007221184893,Tuesday,January,20,Night
INV-2024-01843,2024-01-16,21:39,A,Delhi,Member,Male,Groceries,Rice 5kg,592.29,1,0.15,UPI,5.3,485.68,592.29,88.84349999999999,503.44649999999996,485.68,17.76649999999995,3.5289747768630733,Tuesday,January,21,Night
INV-2024-00089,2024-01-17,09:50,B,Mumbai,Member,Male,Electronics,Power Bank,1569.83,3,0.05,UPI,9.5,1083.18,4709.49,235.4745,4474.0154999999995,3249.54,1224.4754999999996,27.368602098048157,Wednesday,January,9,Morning
INV-2024-00798,2024-01-17,10:09,B,Mumbai,Normal,Male,Clothing,T-Shirt,767.78,2,0.0,UPI,7.3,468.35,1535.56,0.0,1535.56,936.7,598.8599999999999,38.9994529682982,Wednesday,January,10,Morning
INV-2024-00925,2024-01-17,10:52,C,Bengaluru,Member,Female,Personal Care,Skin Care Kit,1220.09,2,0.15,UPI,5.8,707.65,2440.18,366.027,2074.153,1415.3,658.8529999999998,31.764918017137596,Wednesday,January,10,Morning
INV-2024-00539,2024-01-17,12:47,C,Bengaluru,Member,Male,Clothing,Sports Shoes,2372.74,2,0.0,UPI,7.5,1447.37,4745.48,0.0,4745.48,2894.74,1850.7399999999998,39.00005900351493,Wednesday,January,12,Afternoon
INV-2024-02442,2024-01-17,13:03,C,Bengaluru,Member,Female,Electronics,Power Bank,1380.99,3,0.15,Card,7.6,952.88,4142.97,621.4455,3521.5245000000004,2858.64,662.8845000000006,18.823793501933622,Wednesday,January,13,Afternoon
INV-2024-00927,2024-01-17,13:17,C,Bengaluru,Member,Female,Groceries,Breakfast Cereal,381.62,4,0.05,Cash,6.5,312.93,1526.48,76.324,1450.156,1251.72,198.43599999999992,13.683769194486658,Wednesday,January,13,Afternoon
INV-2024-01330,2024-01-17,13:32,B,Mumbai,Member,Female,Sports,Yoga Mat,870.71,1,0.05,UPI,8.6,557.25,870.71,43.535500000000006,827.1745000000001,557.25,269.9245000000001,32.63211087865983,Wednesday,January,13,Afternoon
INV-2024-00954,2024-01-17,15:50,C,Bengaluru,Normal,Male,Home & Kitchen,Cookware Set,2415.76,3,0.15,Card,6.1,1594.4,7247.280000000001,1087.092,6160.188,4783.200000000001,1376.9879999999994,22.35301909617043,Wednesday,January,15,Afternoon
INV-2024-00084,2024-01-17,16:18,C,Bengaluru,Member,Male,Groceries,Cooking Oil,831.3,2,0.05,Card,7.0,681.67,1662.6,83.13,1579.4699999999998,1363.34,216.12999999999988,13.683704027300292,Wednesday,January,16,Evening
INV-2024-01164,2024-01-17,17:33,A,Delhi,Normal,Male,Groceries,Dry Fruits,970.56,5,0.05,Card,7.4,795.86,4852.799999999999,242.64,4610.159999999999,3979.3,630.8599999999988,13.68412376143125,Wednesday,January,17,Evening
INV-2024-00889,2024-01-17,17:46,B,Mumbai,Normal,Female,Personal Care,Skin Care Kit,1173.96,1,0.0,Cash,7.2,680.9,1173.96,0.0,1173.96,680.9,493.06000000000006,41.99972741831068,Wednesday,January,17,Evening
INV-2024-01845,2024-01-17,18:12,A,Delhi,Member,Male,Electronics,Power Bank,1517.47,6,0.2,UPI,7.9,1047.05,9104.82,1820.964,7283.856,6282.299999999999,1001.5560000000005,13.75035420799094,Wednesday,January,18,Evening
INV-2024-00175,2024-01-17,18:15,C,Bengaluru,Normal,Female,Home & Kitchen,Cookware Set,2587.14,3,0.0,Cash,6.6,1707.51,7761.42,0.0,7761.42,5122.53,2638.8900000000003,34.00009276652984,Wednesday,January,18,Evening
INV-2024-02110,2024-01-17,18:17,B,Mumbai,Member,Female,Electronics,Bluetooth Speaker,2811.24,1,0.05,Cash,7.7,1939.76,2811.24,140.56199999999998,2670.678,1939.76,730.9179999999999,27.368256300460033,Wednesday,January,18,Evening
INV-2024-00968,2024-01-17,18:33,A,Delhi,Normal,Female,Groceries,Cooking Oil,778.84,1,0.05,UPI,6.3,638.65,778.84,38.94200000000001,739.898,638.65,101.24800000000005,13.68404834179847,Wednesday,January,18,Evening
INV-2024-00538,2024-01-17,18:38,C,Bengaluru,Member,Male,Electronics,Smart Watch,4062.39,1,0.0,Card,8.0,2803.05,4062.39,0.0,4062.39,2803.05,1259.3399999999997,30.999977845553968,Wednesday,January,18,Evening
INV-2024-01762,2024-01-17,18:48,A,Delhi,Member,Male,Electronics,Smart Watch,4052.8,4,0.0,Cash,7.1,2796.43,16211.2,0.0,16211.2,11185.72,5025.480000000001,31.00004934859851,Wednesday,January,18,Evening
INV-2024-00266,2024-01-17,19:02,B,Mumbai,Member,Female,Home & Kitchen,Cookware Set,2294.42,3,0.1,UPI,5.7,1514.32,6883.26,688.326,6194.934,4542.96,1651.9740000000002,26.666531072001735,Wednesday,January,19,Night
INV-2024-01100,2024-01-17,19:06,A,Delhi,Normal,Male,Personal Care,Shampoo,446.81,2,0.0,Card,6.7,259.15,893.62,0.0,893.62,518.3,375.32000000000005,41.99995523824445,Wednesday,January,19,Night
INV-2024-00778,2024-01-17,19:39,A,Delhi,Normal,Male,Groceries,Dry Fruits,983.62,2,0.05,Cash,6.8,806.57,1967.24,98.36200000000001,1868.878,1613.14,255.73799999999983,13.68403930058569,Wednesday,January,19,Night
INV-2024-01360,2024-01-17,19:40,C,Bengaluru,Member,Male,Groceries,Cooking Oil,839.98,2,0.0,UPI,7.5,688.78,1679.96,0.0,1679.96,1377.56,302.4000000000001,18.000428581632903,Wednesday,January,19,Night
INV-2024-01298,2024-01-17,20:01,B,Mumbai,Normal,Female,Groceries,Rice 5kg,609.41,1,0.05,Card,6.6,499.72,609.41,30.4705,578.9395,499.72,79.21949999999993,13.683554153758715,Wednesday,January,20,Night
INV-2024-01470,2024-01-17,20:34,C,Bengaluru,Member,Female,Clothing,Sports Shoes,2303.7,4,0.0,Card,6.8,1405.26,9214.8,0.0,9214.8,5621.04,3593.7599999999993,38.99986977471024,Wednesday,January,20,Night
INV-2024-01661,2024-01-17,20:40,C,Bengaluru,Normal,Female,Clothing,Jacket,3062.8,2,0.05,Card,9.3,1868.31,6125.6,306.28000000000003,5819.320000000001,3736.62,2082.7000000000007,35.78940494765712,Wednesday,January,20,Night
INV-2024-01016,2024-01-18,10:19,A,Delhi,Member,Female,Sports,Yoga Mat,947.76,2,0.1,Card,7.0,606.57,1895.52,189.55200000000002,1705.9679999999998,1213.14,492.82799999999975,28.88846684111307,Thursday,January,10,Morning
INV-2024-00808,2024-01-18,10:45,B,Mumbai,Normal,Male,Personal Care,Skin Care Kit,1178.11,1,0.15,Cash,9.0,683.3,1178.11,176.71649999999997,1001.3934999999999,683.3,318.09349999999995,31.76508535355981,Thursday,January,10,Morning
INV-2024-01185,2024-01-18,11:11,B,Mumbai,Member,Female,Personal Care,Perfume,1657.57,4,0.0,UPI,6.2,961.39,6630.28,0.0,6630.28,3845.56,2784.72,42.00003619756632,Thursday,January,11,Morning
INV-2024-00851,2024-01-18,11:44,B,Mumbai,Member,Male,Clothing,Jeans,1925.26,2,0.0,UPI,6.5,1174.41,3850.52,0.0,3850.52,2348.82,1501.6999999999998,38.999927282548846,Thursday,January,11,Morning
INV-2024-00516,2024-01-18,12:00,C,Bengaluru,Member,Male,Clothing,Jeans,1806.07,3,0.05,UPI,7.9,1101.7,5418.21,270.9105,5147.2995,3305.1000000000004,1842.1994999999997,35.78963104828075,Thursday,January,12,Afternoon
INV-2024-02186,2024-01-18,12:01,B,Mumbai,Normal,Male,Electronics,Smart Watch,3777.65,3,0.15,UPI,6.6,2606.58,11332.95,1699.9425,9633.0075,7819.74,1813.2675,18.823482697381895,Thursday,January,12,Afternoon
INV-2024-01896,2024-01-18,12:31,A,Delhi,Normal,Female,Sports,Yoga Mat,945.94,1,0.0,Cash,7.7,605.4,945.94,0.0,945.94,605.4,340.5400000000001,36.00016914392034,Thursday,January,12,Afternoon
INV-2024-01590,2024-01-18,12:53,A,Delhi,Normal,Female,Electronics,Smart Watch,4200.6,1,0.1,Card,6.1,2898.41,4200.6,420.06000000000006,3780.5400000000004,2898.41,882.1300000000006,23.333439138324167,Thursday,January,12,Afternoon
INV-2024-00454,2024-01-18,13:29,A,Delhi,Normal,Female,Clothing,Sports Shoes,2595.44,4,0.0,UPI,8.7,1583.22,10381.76,0.0,10381.76,6332.88,4048.88,38.99993835341984,Thursday,January,13,Afternoon
INV-2024-01526,2024-01-18,13:36,B,Mumbai,Normal,Male,Sports,Cricket Bat,2094.75,3,0.1,UPI,10.0,1340.64,6284.25,628.4250000000001,5655.825,4021.92,1633.9049999999997,28.888888888888886,Thursday,January,13,Afternoon
INV-2024-01544,2024-01-18,14:32,A,Delhi,Normal,Male,Groceries,Dry Fruits,897.66,2,0.1,Cash,6.8,736.08,1795.32,179.532,1615.788,1472.16,143.62799999999993,8.889037423226311,Thursday,January,14,Afternoon
INV-2024-01267,2024-01-18,14:45,B,Mumbai,Member,Male,Personal Care,Shampoo,479.95,2,0.1,Cash,6.9,278.37,959.9,95.99000000000001,863.91,556.74,307.16999999999996,35.5557870611522,Thursday,January,14,Afternoon
INV-2024-01598,2024-01-18,15:18,C,Bengaluru,Member,Female,Personal Care,Perfume,1572.21,2,0.2,UPI,6.6,911.88,3144.42,628.884,2515.536,1823.76,691.7760000000001,27.50014311065316,Thursday,January,15,Afternoon
INV-2024-01912,2024-01-18,15:32,B,Mumbai,Member,Female,Home & Kitchen,Mixer Grinder,3239.09,1,0.1,Card,8.6,2137.8,3239.09,323.90900000000005,2915.181,2137.8,777.3809999999999,26.66664608475425,Thursday,January,15,Afternoon
INV-2024-00131,2024-01-18,15:38,B,Mumbai,Member,Female,Groceries,Breakfast Cereal,376.5,2,0.05,Cash,7.6,308.73,753.0,37.65,715.35,617.46,97.88999999999999,13.684210526315788,Thursday,January,15,Afternoon
INV-2024-01124,2024-01-18,15:41,C,Bengaluru,Normal,Male,Electronics,Smart Watch,3995.14,1,0.2,Card,8.6,2756.65,3995.14,799.028,3196.112,2756.65,439.462,13.749893620749209,Thursday,January,15,Afternoon
INV-2024-01225,2024-01-18,16:53,B,Mumbai,Normal,Female,Groceries,Breakfast Cereal,395.47,2,0.0,UPI,6.4,324.29,790.94,0.0,790.94,648.58,142.36,17.998836827066526,Thursday,January,16,Evening
INV-2024-01239,2024-01-18,17:01,A,Delhi,Member,Female,Groceries,Dry Fruits,995.36,5,0.05,Cash,3.6,816.2,4976.8,248.84000000000003,4727.96,4081.0,646.96,13.683702907808017,Thursday,January,17,Evening
INV-2024-00352,2024-01-18,17:39,C,Bengaluru,Normal,Female,Groceries,Dry Fruits,1019.74,2,0.05,UPI,8.7,836.19,2039.48,101.974,1937.506,1672.38,265.126,13.683880204758072,Thursday,January,17,Evening
INV-2024-00115,2024-01-18,17:40,B,Mumbai,Normal,Female,Groceries,Cooking Oil,815.97,2,0.2,UPI,5.2,669.1,1631.94,326.38800000000003,1305.5520000000001,1338.2,-32.64799999999991,-2.500704682770193,Thursday,January,17,Evening
INV-2024-02341,2024-01-18,18:13,A,Delhi,Normal,Male,Electronics,Smart Watch,3970.16,6,0.0,Card,7.3,2739.41,23820.96,0.0,23820.96,16436.46,7384.5,31.0000100751607,Thursday,January,18,Evening
INV-2024-01975,2024-01-18,18:16,A,Delhi,Normal,Male,Personal Care,Skin Care Kit,1234.09,3,0.1,UPI,6.8,715.77,3702.2699999999995,370.227,3332.0429999999997,2147.31,1184.7329999999997,35.55575363223103,Thursday,January,18,Evening
INV-2024-01184,2024-01-18,18:49,C,Bengaluru,Member,Male,Electronics,Power Bank,1469.95,2,0.1,UPI,7.0,1014.27,2939.9,293.99,2645.91,2028.54,617.3699999999999,23.33299318570926,Thursday,January,18,Evening
INV-2024-02317,2024-01-18,19:55,A,Delhi,Member,Female,Clothing,Sports Shoes,2504.17,4,0.15000000000000002,UPI,7.5,1527.54,10016.68,1502.5020000000002,8514.178,6110.16,2404.018,28.235467945349512,Thursday,January,19,Night
INV-2024-02113,2024-01-18,20:58,A,Delhi,Normal,Male,Sports,Cricket Bat,2105.81,2,0.1,Cash,5.1,1347.72,4211.62,421.16200000000003,3790.4579999999996,2695.44,1095.0179999999996,28.888804466373188,Thursday,January,20,Night
INV-2024-01781,2024-01-18,21:00,B,Mumbai,Normal,Female,Electronics,Smart Watch,3693.86,1,0.0,Card,6.4,2548.76,3693.86,0.0,3693.86,2548.76,1145.1,31.00009204463623,Thursday,January,21,Night
INV-2024-00587,2024-01-18,21:24,C,Bengaluru,Normal,Male,Clothing,Sports Shoes,2526.43,1,0.0,Card,8.8,1541.12,2526.43,0.0,2526.43,1541.12,985.31,39.00009103755101,Thursday,January,21,Night
INV-2024-00272,2024-01-18,21:36,C,Bengaluru,Normal,Male,Electronics,Smart Watch,3805.96,1,0.1,UPI,8.0,2626.11,3805.96,380.596,3425.364,2626.11,799.2539999999999,23.33340339887965,Thursday,January,21,Night
INV-2024-01944,2024-01-18,21:42,C,Bengaluru,Normal,Male,Electronics,Earbuds,2295.28,4,0.05,Cash,8.8,1583.74,9181.12,459.05600000000004,8722.064,6334.96,2387.1040000000003,27.36856780688608,Thursday,January,21,Night
INV-2024-02282,2024-01-19,09:54,C,Bengaluru,Member,Female,Groceries,Dry Fruits,970.2,1,0.1,UPI,7.8,795.56,970.2,97.02000000000001,873.1800000000001,795.56,77.62000000000012,8.889346984585094,Friday,January,9,Morning
INV-2024-01834,2024-01-19,10:41,A,Delhi,Normal,Male,Groceries,Cooking Oil,758.49,1,0.2,UPI,7.3,621.96,758.49,151.698,606.792,621.96,-15.168000000000006,-2.4997033579875816,Friday,January,10,Morning
INV-2024-01645,2024-01-19,12:33,A,Delhi,Member,Female,Electronics,Power Bank,1551.6,1,0.0,Cash,8.6,1070.6,1551.6,0.0,1551.6,1070.6,481.0,31.000257798401655,Friday,January,12,Afternoon
INV-2024-02084,2024-01-19,13:45,C,Bengaluru,Normal,Male,Personal Care,Perfume,1635.07,4,0.1,UPI,9.7,948.34,6540.28,654.028,5886.2519999999995,3793.36,2092.8919999999994,35.55559632852959,Friday,January,13,Afternoon
INV-2024-00716,2024-01-19,14:55,C,Bengaluru,Member,Female,Clothing,Jacket,2945.75,2,0.15000000000000002,Cash,10.0,1796.91,5891.5,883.7250000000001,5007.775,3593.82,1413.9549999999995,28.235194272905623,Friday,January,14,Afternoon
INV-2024-00899,2024-01-19,15:37,B,Mumbai,Normal,Female,Groceries,Breakfast Cereal,370.94,4,0.0,Card,5.6,304.17,1483.76,0.0,1483.76,1216.68,267.0799999999999,18.000215668302147,Friday,January,15,Afternoon
INV-2024-01472,2024-01-19,16:23,C,Bengaluru,Normal,Female,Groceries,Breakfast Cereal,354.35,3,0.0,Card,5.4,290.57,1063.0500000000002,0.0,1063.0500000000002,871.71,191.34000000000015,17.99915337942713,Friday,January,16,Evening
INV-2024-00196,2024-01-19,16:40,B,Mumbai,Normal,Male,Clothing,T-Shirt,799.08,1,0.0,Card,8.4,487.44,799.08,0.0,799.08,487.44,311.64000000000004,38.999849827301404,Friday,January,16,Evening
INV-2024-01463,2024-01-19,17:17,A,Delhi,Normal,Female,Clothing,T-Shirt,743.66,2,0.0,UPI,8.7,453.63,1487.32,0.0,1487.32,907.26,580.06,39.00034962213915,Friday,January,17,Evening
INV-2024-02204,2024-01-19,18:35,A,Delhi,Normal,Male,Groceries,Breakfast Cereal,390.41,5,0.0,Card,9.8,320.14,1952.0500000000002,0.0,1952.0500000000002,1600.6999999999998,351.35000000000036,17.999026664276034,Friday,January,18,Evening
INV-2024-00663,2024-01-19,18:36,B,Mumbai,Member,Male,Personal Care,Shampoo,454.2,2,0.0,Cash,4.5,263.44,908.4,0.0,908.4,526.88,381.52,41.99911933069133,Friday,January,18,Evening
INV-2024-02314,2024-01-19,18:39,C,Bengaluru,Normal,Male,Clothing,Jacket,3070.36,2,0.05,UPI,5.8,1872.92,6140.72,307.036,5833.684,3745.84,2087.844,35.789459970749185,Friday,January,18,Evening
INV-2024-02078,2024-01-19,19:10,A,Delhi,Normal,Male,Electronics,Smart Watch,4216.24,5,0.0,Cash,9.3,2909.21,21081.199999999997,0.0,21081.199999999997,14546.05,6535.149999999998,30.999895641614323,Friday,January,19,Night
INV-2024-00553,2024-01-19,19:39,B,Mumbai,Normal,Male,Personal Care,Skin Care Kit,1277.39,6,0.0,Card,8.1,740.89,7664.34,0.0,7664.34,4445.34,3219.0,41.99970251841646,Friday,January,19,Night
INV-2024-00282,2024-01-19,19:41,A,Delhi,Normal,Male,Electronics,Power Bank,1458.91,2,0.1,UPI,7.7,1006.65,2917.82,291.78200000000004,2626.038,2013.3,612.738,23.333173396576896,Friday,January,19,Night
INV-2024-00456,2024-01-19,20:38,C,Bengaluru,Normal,Female,Electronics,Earbuds,2138.98,1,0.0,UPI,8.3,1475.9,2138.98,0.0,2138.98,1475.9,663.0799999999999,30.999822345229965,Friday,January,20,Night
INV-2024-01337,2024-01-19,20:45,A,Delhi,Member,Male,Electronics,Smart Watch,3922.95,1,0.2,Card,9.9,2706.84,3922.95,784.59,3138.3599999999997,2706.84,431.5199999999995,13.749856613008054,Friday,January,20,Night
INV-2024-00943,2024-01-19,21:11,B,Mumbai,Member,Male,Electronics,Earbuds,2194.31,5,0.05,Cash,5.0,1514.07,10971.55,548.5775,10422.9725,7570.349999999999,2852.6225000000004,27.36860813937675,Friday,January,21,Night
INV-2024-00980,2024-01-19,21:51,C,Bengaluru,Member,Male,Home & Kitchen,Bedsheet,967.59,1,0.15,Cash,8.5,638.61,967.59,145.1385,822.4515,638.61,183.8415,22.352868223840556,Friday,January,21,Night
INV-2024-01888,2024-01-20,10:57,A,Delhi,Member,Female,Home & Kitchen,Bedsheet,1014.72,5,0.1,Card,7.2,669.72,5073.6,507.36000000000007,4566.240000000001,3348.6000000000004,1217.6400000000003,26.666141070114584,Saturday,January,10,Morning
INV-2024-01196,2024-01-20,11:54,A,Delhi,Member,Male,Electronics,Earbuds,2327.71,4,0.05,Cash,7.6,1606.12,9310.84,465.54200000000003,8845.298,6424.48,2420.818000000001,27.368416530454947,Saturday,January,11,Morning
INV-2024-02478,2024-01-20,12:17,C,Bengaluru,Member,Male,Groceries,Rice 5kg,652.08,4,0.15,UPI,9.7,534.71,2608.32,391.248,2217.072,2138.84,78.23199999999997,3.5286179249027527,Saturday,January,12,Afternoon
INV-2024-01629,2024-01-20,12:36,A,Delhi,Member,Male,Home & Kitchen,Cookware Set,2503.68,2,0.15000000000000002,UPI,8.2,1652.43,5007.36,751.104,4256.255999999999,3304.86,951.3959999999993,22.352884788884868,Saturday,January,12,Afternoon
INV-2024-02328,2024-01-20,12:38,B,Mumbai,Normal,Male,Groceries,Dry Fruits,1014.31,3,0.0,UPI,7.0,831.73,3042.93,0.0,3042.93,2495.19,547.7399999999998,18.000414074592573,Saturday,January,12,Afternoon
INV-2024-02398,2024-01-20,12:38,C,Bengaluru,Normal,Female,Groceries,Breakfast Cereal,364.32,1,0.05,Card,7.5,298.74,364.32,18.216,346.104,298.74,47.363999999999976,13.684903959503494,Saturday,January,12,Afternoon
INV-2024-00852,2024-01-20,13:00,B,Mumbai,Member,Female,Home & Kitchen,Cookware Set,2325.64,2,0.05,Card,9.4,1534.92,4651.28,232.564,4418.715999999999,3069.84,1348.8759999999993,30.526424418315173,Saturday,January,13,Afternoon
INV-2024-02224,2024-01-20,13:24,A,Delhi,Normal,Male,Groceries,Rice 5kg,633.38,6,0.05,UPI,6.2,519.37,3800.2799999999997,190.014,3610.2659999999996,3116.2200000000003,494.04599999999937,13.684476434700363,Saturday,January,13,Afternoon
INV-2024-02082,2024-01-20,14:17,B,Mumbai,Normal,Male,Clothing,Jeans,1754.45,1,0.1,Card,6.8,1070.21,1754.45,175.44500000000002,1579.005,1070.21,508.7950000000001,32.22250721182011,Saturday,January,14,Afternoon
INV-2024-01697,2024-01-20,14:53,B,Mumbai,Member,Male,Personal Care,Shampoo,442.85,1,0.0,Card,7.1,256.85,442.85,0.0,442.85,256.85,186.0,42.00067743028113,Saturday,January,14,Afternoon
INV-2024-01369,2024-01-20,15:02,A,Delhi,Member,Female,Electronics,Smart Watch,3719.22,1,0.0,UPI,8.8,2566.26,3719.22,0.0,3719.22,2566.26,1152.9599999999996,31.000048397244573,Saturday,January,15,Afternoon
INV-2024-01520,2024-01-20,15:04,C,Bengaluru,Normal,Female,Groceries,Rice 5kg,588.62,2,0.0,Cash,6.3,482.67,1177.24,0.0,1177.24,965.34,211.89999999999998,17.999728177771736,Saturday,January,15,Afternoon
INV-2024-02422,2024-01-20,15:38,C,Bengaluru,Normal,Female,Clothing,Jeans,1689.49,2,0.0,UPI,5.9,1030.59,3378.98,0.0,3378.98,2061.18,1317.8000000000002,38.99993489159451,Saturday,January,15,Afternoon
INV-2024-00026,2024-01-20,15:50,B,Mumbai,Normal,Female,Sports,Fitness Band,1402.55,4,0.1,Card,9.3,897.63,5610.2,561.02,5049.18,3590.52,1458.6600000000003,28.889047330457622,Saturday,January,15,Afternoon
INV-2024-01047,2024-01-20,15:52,A,Delhi,Normal,Female,Clothing,Jacket,3012.01,2,0.1,UPI,6.7,1837.33,6024.02,602.402,5421.618,3674.66,1746.9580000000005,32.22207835373131,Saturday,January,15,Afternoon
INV-2024-01445,2024-01-20,15:57,B,Mumbai,Member,Female,Groceries,Cooking Oil,835.55,2,0.1,UPI,9.6,685.15,1671.1,167.11,1503.9899999999998,1370.3,133.68999999999983,8.889021868496457,Saturday,January,15,Afternoon
INV-2024-01277,2024-01-20,16:00,A,Delhi,Normal,Female,Clothing,Jacket,2967.43,3,0.05,Cash,8.9,1810.13,8902.289999999999,445.11449999999996,8457.1755,5430.39,3026.785499999999,35.78955527173344,Saturday,January,16,Evening
INV-2024-00213,2024-01-20,16:30,B,Mumbai,Normal,Male,Groceries,Breakfast Cereal,387.87,4,0.15,UPI,7.8,318.05,1551.48,232.72199999999998,1318.758,1272.2,46.55799999999999,3.5304430380706684,Saturday,January,16,Evening
INV-2024-00419,2024-01-20,16:39,B,Mumbai,Member,Male,Electronics,Smart Watch,3946.78,2,0.05,Card,8.7,2723.28,7893.56,394.67800000000005,7498.8820000000005,5446.56,2052.322,27.368373045475312,Saturday,January,16,Evening
INV-2024-02289,2024-01-20,16:55,B,Mumbai,Member,Male,Clothing,Jacket,3010.07,1,0.15,Cash,6.4,1836.14,3010.07,451.51050000000004,2558.5595000000003,1836.14,722.4195000000002,28.23539964577725,Saturday,January,16,Evening
INV-2024-01233,2024-01-20,17:07,A,Delhi,Normal,Female,Clothing,T-Shirt,795.24,4,0.0,UPI,7.3,485.1,3180.96,0.0,3180.96,1940.4,1240.56,38.99954730647352,Saturday,January,17,Evening
INV-2024-01405,2024-01-20,17:58,C,Bengaluru,Member,Female,Electronics,Smart Watch,3691.2,3,0.15000000000000002,Card,7.1,2546.93,11073.599999999999,1661.04,9412.559999999998,7640.789999999999,1771.7699999999986,18.823465667151115,Saturday,January,17,Evening
INV-2024-00199,2024-01-20,18:08,C,Bengaluru,Member,Male,Clothing,Jeans,1928.41,1,0.1,UPI,8.8,1176.33,1928.41,192.841,1735.569,1176.33,559.239,32.22222798402138,Saturday,January,18,Evening
INV-2024-01512,2024-01-20,18:10,A,Delhi,Member,Male,Groceries,Cooking Oil,741.26,5,0.05,Card,7.5,607.83,3706.3,185.31500000000003,3520.985,3039.15,481.83500000000004,13.68466494461067,Saturday,January,18,Evening
INV-2024-00444,2024-01-20,18:14,C,Bengaluru,Member,Male,Groceries,Dry Fruits,943.59,2,0.05,Card,8.8,773.74,1887.18,94.35900000000001,1792.8210000000001,1547.48,245.34100000000012,13.684634439244082,Saturday,January,18,Evening
INV-2024-00885,2024-01-20,18:30,C,Bengaluru,Member,Female,Sports,Yoga Mat,856.51,1,0.1,Card,5.7,548.17,856.51,85.65100000000001,770.8589999999999,548.17,222.68899999999996,28.88842187741208,Saturday,January,18,Evening
INV-2024-00036,2024-01-20,18:42,A,Delhi,Normal,Female,Clothing,Jacket,2876.22,1,0.05,Card,9.3,1754.49,2876.22,143.811,2732.4089999999997,1754.49,977.9189999999996,35.7896273947275,Saturday,January,18,Evening
INV-2024-02246,2024-01-20,19:21,B,Mumbai,Member,Female,Clothing,Jacket,2807.63,2,0.05,Card,7.8,1712.65,5615.26,280.76300000000003,5334.497,3425.3,1909.1970000000001,35.78963489903547,Saturday,January,19,Night
INV-2024-01591,2024-01-20,19:32,A,Delhi,Normal,Female,Electronics,Earbuds,2345.59,3,0.05,UPI,9.0,1618.46,7036.77,351.83850000000007,6684.931500000001,4855.38,1829.5515000000005,27.368290909188826,Saturday,January,19,Night
INV-2024-00767,2024-01-20,19:47,A,Delhi,Normal,Male,Personal Care,Skin Care Kit,1112.61,3,0.1,UPI,8.6,645.31,3337.83,333.783,3004.047,1935.9299999999998,1068.1170000000002,35.55593504362615,Saturday,January,19,Night
INV-2024-02124,2024-01-20,20:09,C,Bengaluru,Member,Male,Clothing,Jeans,1856.4,1,0.05,UPI,7.9,1132.4,1856.4,92.82000000000001,1763.5800000000002,1132.4,631.1800000000001,35.78970049558285,Saturday,January,20,Night
INV-2024-00051,2024-01-20,20:12,B,Mumbai,Normal,Female,Groceries,Breakfast Cereal,408.25,5,0.15,UPI,9.5,334.77,2041.25,306.1875,1735.0625,1673.85,61.21250000000009,3.5279708944202346,Saturday,January,20,Night
INV-2024-00589,2024-01-20,20:31,A,Delhi,Normal,Male,Home & Kitchen,Cookware Set,2479.94,2,0.1,Card,7.1,1636.76,4959.88,495.98800000000006,4463.892,3273.52,1190.3719999999998,26.666684588247204,Saturday,January,20,Night
INV-2024-01628,2024-01-20,20:46,A,Delhi,Member,Female,Groceries,Rice 5kg,623.03,2,0.15,UPI,6.1,510.88,1246.06,186.909,1059.1509999999998,1021.76,37.39099999999985,3.530280384949819,Saturday,January,20,Night
INV-2024-01110,2024-01-20,21:21,A,Delhi,Member,Female,Clothing,Jacket,2907.12,2,0.05,Card,8.6,1773.34,5814.24,290.712,5523.528,3546.68,1976.8480000000004,35.78958955218477,Saturday,January,21,Night
INV-2024-01597,2024-01-20,21:33,A,Delhi,Member,Female,Groceries,Cooking Oil,739.1,2,0.0,UPI,6.5,606.06,1478.2,0.0,1478.2,1212.12,266.08000000000015,18.000270599377632,Saturday,January,21,Night
INV-2024-00898,2024-01-21,09:08,B,Mumbai,Member,Female,Home & Kitchen,Storage Set,723.93,4,0.15,UPI,9.7,477.79,2895.72,434.35799999999995,2461.362,1911.16,550.202,22.353558720740793,Sunday,January,9,Morning
INV-2024-01664,2024-01-21,09:23,A,Delhi,Member,Male,Sports,Fitness Band,1247.13,2,0.15,Cash,4.5,798.16,2494.26,374.139,2120.121,1596.32,523.8010000000002,24.706184222504287,Sunday,January,9,Morning
INV-2024-02285,2024-01-21,09:48,A,Delhi,Member,Male,Clothing,Sports Shoes,2451.08,5,0.0,Card,8.5,1495.16,12255.4,0.0,12255.4,7475.8,4779.599999999999,38.99995104198965,Sunday,January,9,Morning
INV-2024-01621,2024-01-21,10:20,A,Delhi,Member,Female,Groceries,Cooking Oil,737.1,3,0.05,Cash,6.5,604.42,2211.3,110.56500000000001,2100.735,1813.2599999999998,287.47500000000036,13.684496140636506,Sunday,January,10,Morning
INV-2024-00870,2024-01-21,11:12,B,Mumbai,Normal,Male,Electronics,Earbuds,2166.01,2,0.15,UPI,6.2,1494.55,4332.02,649.803,3682.2170000000006,2989.1,693.1170000000006,18.823361034941737,Sunday,January,11,Morning
INV-2024-01752,2024-01-21,11:34,A,Delhi,Member,Female,Electronics,Bluetooth Speaker,2898.88,5,0.0,Card,7.7,2000.23,14494.400000000001,0.0,14494.400000000001,10001.15,4493.250000000002,30.999903410972525,Sunday,January,11,Morning
INV-2024-01248,2024-01-21,11:43,A,Delhi,Normal,Female,Electronics,Bluetooth Speaker,2721.3,2,0.05,UPI,8.0,1877.7,5442.6,272.13000000000005,5170.47,3755.4,1415.0700000000002,27.368305009022393,Sunday,January,11,Morning
INV-2024-02443,2024-01-21,12:34,C,Bengaluru,Normal,Male,Groceries,Dry Fruits,1013.86,3,0.05,UPI,8.7,831.37,3041.58,152.079,2889.5009999999997,2494.11,395.3909999999996,13.683712170371273,Sunday,January,12,Afternoon
INV-2024-01435,2024-01-21,13:13,A,Delhi,Normal,Male,Personal Care,Shampoo,429.59,1,0.2,Card,7.9,249.16,429.59,85.918,343.67199999999997,249.16,94.51199999999997,27.500640145254774,Sunday,January,13,Afternoon
INV-2024-00332,2024-01-21,13:32,A,Delhi,Member,Male,Sports,Cricket Bat,2007.9,2,0.2,UPI,8.4,1285.06,4015.8,803.1600000000001,3212.6400000000003,2570.12,642.5200000000004,19.999750983614735,Sunday,January,13,Afternoon
INV-2024-00855,2024-01-21,13:44,C,Bengaluru,Member,Male,Groceries,Breakfast Cereal,390.9,6,0.05,UPI,8.2,320.54,2345.3999999999996,117.26999999999998,2228.1299999999997,1923.2400000000002,304.8899999999994,13.683671958099369,Sunday,January,13,Afternoon
INV-2024-01237,2024-01-21,14:23,A,Delhi,Normal,Male,Personal Care,Skin Care Kit,1195.49,1,0.1,Cash,9.2,693.38,1195.49,119.549,1075.941,693.38,382.56100000000004,35.555945911532326,Sunday,January,14,Afternoon
INV-2024-01763,2024-01-21,14:24,B,Mumbai,Normal,Male,Personal Care,Skin Care Kit,1160.72,4,0.05,UPI,7.3,673.22,4642.88,232.144,4410.736,2692.88,1717.8559999999998,38.94715077030227,Sunday,January,14,Afternoon
INV-2024-00994,2024-01-21,15:31,A,Delhi,Member,Female,Personal Care,Perfume,1659.1,3,0.05,UPI,8.1,962.28,4977.299999999999,248.86499999999998,4728.4349999999995,2886.84,1841.5949999999993,38.94724152917402,Sunday,January,15,Afternoon
INV-2024-00970,2024-01-21,15:59,B,Mumbai,Normal,Male,Groceries,Dry Fruits,1002.92,3,0.0,Card,9.0,822.39,3008.7599999999998,0.0,3008.7599999999998,2467.17,541.5899999999997,18.000438718940686,Sunday,January,15,Afternoon
INV-2024-02498,2024-01-21,17:01,B,Mumbai,Member,Male,Clothing,T-Shirt,856.5,1,0.0,Cash,8.8,522.47,856.5,0.0,856.5,522.47,334.03,38.99941622883829,Sunday,January,17,Evening
INV-2024-00737,2024-01-21,17:25,B,Mumbai,Normal,Female,Clothing,Sports Shoes,2546.63,1,0.0,UPI,9.8,1553.44,2546.63,0.0,2546.63,1553.44,993.19,39.000168850598634,Sunday,January,17,Evening
INV-2024-00682,2024-01-21,17:57,B,Mumbai,Member,Male,Groceries,Dry Fruits,897.87,2,0.1,Card,8.9,736.25,1795.74,179.574,1616.166,1472.5,143.66599999999994,8.889309637747605,Sunday,January,17,Evening
INV-2024-02327,2024-01-21,18:00,A,Delhi,Normal,Female,Clothing,Jeans,1925.87,1,0.1,Cash,6.4,1174.78,1925.87,192.587,1733.283,1174.78,558.5029999999999,32.22226260801035,Sunday,January,18,Evening
INV-2024-00112,2024-01-21,18:10,A,Delhi,Member,Female,Groceries,Dry Fruits,894.91,4,0.15000000000000002,UPI,9.6,733.83,3579.64,536.946,3042.694,2935.32,107.3739999999998,3.528912207405668,Sunday,January,18,Evening
INV-2024-01450,2024-01-21,18:11,B,Mumbai,Normal,Male,Home & Kitchen,Mixer Grinder,3330.27,4,0.0,Cash,9.5,2197.98,13321.08,0.0,13321.08,8791.92,4529.16,33.99994595032835,Sunday,January,18,Evening
INV-2024-00936,2024-01-21,18:13,A,Delhi,Member,Female,Clothing,Jacket,3136.0,3,0.0,Cash,7.3,1912.96,9408.0,0.0,9408.0,5738.88,3669.12,39.0,Sunday,January,18,Evening
INV-2024-01947,2024-01-21,18:27,B,Mumbai,Normal,Female,Groceries,Breakfast Cereal,351.3,6,0.05,UPI,6.7,288.07,2107.8,105.39000000000001,2002.41,1728.42,273.99,13.683011970575457,Sunday,January,18,Evening
INV-2024-00436,2024-01-21,18:54,A,Delhi,Normal,Male,Electronics,Smart Watch,3925.42,1,0.0,Cash,8.9,2708.54,3925.42,0.0,3925.42,2708.54,1216.88,30.999994905003796,Sunday,January,18,Evening
INV-2024-01644,2024-01-21,19:20,C,Bengaluru,Member,Female,Clothing,Jacket,2856.13,4,0.1,Cash,7.2,1742.24,11424.52,1142.452,10282.068000000001,6968.96,3313.108000000001,32.22219499034631,Sunday,January,19,Night
INV-2024-01180,2024-01-21,19:22,B,Mumbai,Normal,Female,Electronics,Smart Watch,4307.23,2,0.15,UPI,9.3,2971.99,8614.46,1292.1689999999999,7322.290999999999,5943.98,1378.3109999999997,18.823493903752254,Sunday,January,19,Night
INV-2024-01916,2024-01-21,19:38,C,Bengaluru,Normal,Male,Electronics,Power Bank,1499.79,2,0.05,Card,7.0,1034.86,2999.58,149.979,2849.601,2069.72,779.8810000000003,27.36807714483537,Sunday,January,19,Night
INV-2024-00536,2024-01-21,19:56,A,Delhi,Normal,Male,Sports,Cricket Bat,1961.96,5,0.1,Card,7.2,1255.65,9809.8,980.98,8828.82,6278.25,2550.5699999999997,28.889138072811537,Sunday,January,19,Night
INV-2024-02131,2024-01-21,19:58,C,Bengaluru,Normal,Female,Groceries,Dry Fruits,876.02,5,0.0,Card,6.2,718.34,4380.1,0.0,4380.1,3591.7000000000003,788.4000000000001,17.999589050478303,Sunday,January,19,Night
INV-2024-01868,2024-01-21,20:43,B,Mumbai,Normal,Female,Clothing,T-Shirt,853.85,5,0.1,UPI,5.7,520.85,4269.25,426.925,3842.325,2604.25,1238.0749999999998,32.22202702790627,Sunday,January,20,Night
INV-2024-01058,2024-01-21,21:14,A,Delhi,Member,Male,Groceries,Rice 5kg,649.65,4,0.1,Card,9.1,532.71,2598.6,259.86,2338.74,2130.84,207.89999999999964,8.889401985684584,Sunday,January,21,Night
INV-2024-01097,2024-01-22,09:39,A,Delhi,Normal,Female,Electronics,Bluetooth Speaker,2969.36,2,0.05,Card,6.3,2048.86,5938.72,296.93600000000004,5641.784000000001,4097.72,1544.0640000000003,27.368364332984036,Monday,January,9,Morning
INV-2024-01835,2024-01-22,09:58,A,Delhi,Member,Female,Electronics,Earbuds,2278.23,1,0.1,Card,7.4,1571.98,2278.23,227.823,2050.407,1571.98,478.42700000000013,23.333269931286818,Monday,January,9,Morning
INV-2024-01738,2024-01-22,10:08,C,Bengaluru,Normal,Female,Groceries,Cooking Oil,748.69,2,0.15,Card,7.7,613.93,1497.38,224.607,1272.7730000000001,1227.86,44.91300000000024,3.5287517884179063,Monday,January,10,Morning
INV-2024-01222,2024-01-22,10:41,A,Delhi,Normal,Male,Sports,Dumbbell Set,2385.29,3,0.0,UPI,8.5,1526.59,7155.87,0.0,7155.87,4579.7699999999995,2576.1000000000004,35.99981553605642,Monday,January,10,Morning
INV-2024-01179,2024-01-22,10:49,A,Delhi,Member,Female,Clothing,T-Shirt,844.99,2,0.05,UPI,4.9,515.44,1689.98,84.49900000000001,1605.481,1030.88,574.6009999999999,35.78995951991957,Monday,January,10,Morning
INV-2024-01616,2024-01-22,11:44,A,Delhi,Normal,Male,Electronics,Smart Watch,3844.15,4,0.1,Card,7.4,2652.46,15376.6,1537.66,13838.94,10609.84,3229.1000000000004,23.333434497150797,Monday,January,11,Morning
INV-2024-02278,2024-01-22,13:28,B,Mumbai,Normal,Female,Groceries,Cooking Oil,844.76,1,0.1,Card,6.8,692.7,844.76,84.476,760.284,692.7,67.58399999999995,8.889309784238513,Monday,January,13,Afternoon
INV-2024-01367,2024-01-22,14:36,B,Mumbai,Normal,Female,Electronics,Earbuds,2291.32,2,0.1,Card,10.0,1581.01,4582.64,458.26400000000007,4124.376,3162.02,962.3560000000002,23.333372127080562,Monday,January,14,Afternoon
INV-2024-00071,2024-01-22,14:44,A,Delhi,Member,Male,Electronics,Earbuds,2305.03,3,0.0,UPI,6.0,1590.47,6915.09,0.0,6915.09,4771.41,2143.6800000000003,31.000030368368307,Monday,January,14,Afternoon
INV-2024-01976,2024-01-22,14:58,A,Delhi,Member,Male,Electronics,Smart Watch,3932.1,1,0.2,UPI,6.1,2713.15,3932.1,786.4200000000001,3145.68,2713.15,432.52999999999975,13.74996821037104,Monday,January,14,Afternoon
INV-2024-01793,2024-01-22,15:19,A,Delhi,Normal,Female,Electronics,Power Bank,1383.41,4,0.0,UPI,7.4,954.55,5533.64,0.0,5533.64,3818.2,1715.4400000000005,31.000209626936346,Monday,January,15,Afternoon
INV-2024-01437,2024-01-22,15:40,B,Mumbai,Normal,Male,Home & Kitchen,Mixer Grinder,3446.99,3,0.15,UPI,6.8,2275.01,10340.97,1551.1454999999999,8789.824499999999,6825.030000000001,1964.7944999999982,22.353057219743107,Monday,January,15,Afternoon
INV-2024-01197,2024-01-22,17:43,C,Bengaluru,Normal,Female,Electronics,Power Bank,1449.22,3,0.15,UPI,7.9,999.96,4347.66,652.149,3695.511,2999.88,695.6309999999999,18.82367553499367,Monday,January,17,Evening
INV-2024-02094,2024-01-22,17:54,A,Delhi,Member,Male,Clothing,Jacket,2868.9,6,0.1,Card,6.6,1750.03,17213.4,1721.3400000000001,15492.060000000001,10500.18,4991.880000000001,32.2221834927053,Monday,January,17,Evening
INV-2024-01301,2024-01-22,18:56,A,Delhi,Member,Male,Clothing,T-Shirt,829.45,2,0.1,UPI,6.6,505.96,1658.9,165.89000000000001,1493.01,1011.92,481.09000000000003,32.22282503131259,Monday,January,18,Evening
INV-2024-01980,2024-01-22,19:36,B,Mumbai,Normal,Female,Groceries,Breakfast Cereal,409.29,6,0.0,UPI,7.6,335.62,2455.7400000000002,0.0,2455.7400000000002,2013.72,442.0200000000002,17.99946248381344,Monday,January,19,Night
INV-2024-01231,2024-01-22,19:44,C,Bengaluru,Normal,Female,Electronics,Power Bank,1393.22,1,0.0,UPI,6.5,961.32,1393.22,0.0,1393.22,961.32,431.9,31.000129197111725,Monday,January,19,Night
INV-2024-01509,2024-01-22,19:49,C,Bengaluru,Member,Male,Home & Kitchen,Cookware Set,2525.14,4,0.1,UPI,7.3,1666.59,10100.56,1010.056,9090.503999999999,6666.36,2424.1439999999993,26.66677227137241,Monday,January,19,Night
INV-2024-00482,2024-01-22,20:30,A,Delhi,Member,Male,Home & Kitchen,Storage Set,732.74,3,0.0,UPI,7.0,483.61,2198.2200000000003,0.0,2198.2200000000003,1450.83,747.3900000000003,33.999781641509955,Monday,January,20,Night
INV-2024-01235,2024-01-22,20:47,A,Delhi,Member,Male,Electronics,Power Bank,1557.98,4,0.0,Card,8.8,1075.01,6231.92,0.0,6231.92,4300.04,1931.88,30.99975609442997,Monday,January,20,Night
INV-2024-01722,2024-01-22,20:57,B,Mumbai,Member,Female,Clothing,Sports Shoes,2639.78,1,0.05,Cash,8.6,1610.27,2639.78,131.989,2507.791,1610.27,897.5210000000002,35.789306206139194,Monday,January,20,Night
INV-2024-00791,2024-01-22,21:31,A,Delhi,Normal,Male,Clothing,T-Shirt,862.66,5,0.05,Card,8.9,526.22,4313.3,215.66500000000002,4097.635,2631.1000000000004,1466.5349999999999,35.789790940383895,Monday,January,21,Night
INV-2024-01657,2024-01-23,09:14,C,Bengaluru,Member,Female,Home & Kitchen,Storage Set,668.72,3,0.05,UPI,6.5,441.36,2006.16,100.308,1905.852,1324.08,581.7720000000002,30.525560221885023,Tuesday,January,9,Morning
INV-2024-01941,2024-01-23,10:45,B,Mumbai,Member,Female,Clothing,Sports Shoes,2527.2,3,0.0,UPI,6.6,1541.59,7581.599999999999,0.0,7581.599999999999,4624.7699999999995,2956.83,39.00007913896803,Tuesday,January,10,Morning
INV-2024-00163,2024-01-23,12:22,A,Delhi,Normal,Female,Electronics,Power Bank,1507.33,4,0.0,Card,7.7,1040.06,6029.32,0.0,6029.32,4160.24,1869.08,30.999847412311837,Tuesday,January,12,Afternoon
INV-2024-01457,2024-01-23,12:55,A,Delhi,Member,Male,Sports,Dumbbell Set,2428.95,2,0.1,UPI,7.9,1554.53,4857.9,485.78999999999996,4372.11,3109.06,1263.0499999999997,28.88879739988243,Tuesday,January,12,Afternoon
INV-2024-01811,2024-01-23,13:24,C,Bengaluru,Member,Female,Groceries,Rice 5kg,584.9,2,0.0,UPI,8.0,479.62,1169.8,0.0,1169.8,959.24,210.55999999999995,17.99965806120704,Tuesday,January,13,Afternoon
INV-2024-01857,2024-01-23,14:47,A,Delhi,Normal,Female,Sports,Cricket Bat,2061.78,2,0.0,Card,6.9,1319.54,4123.56,0.0,4123.56,2639.08,1484.4800000000005,35.999961198575996,Tuesday,January,14,Afternoon
INV-2024-00039,2024-01-23,15:10,A,Delhi,Member,Female,Personal Care,Trimmer,1793.74,4,0.15000000000000002,Cash,8.3,1040.37,7174.96,1076.2440000000001,6098.716,4161.48,1937.2360000000008,31.76465341229204,Tuesday,January,15,Afternoon
INV-2024-00206,2024-01-23,15:15,B,Mumbai,Member,Male,Home & Kitchen,Cookware Set,2536.55,1,0.1,Cash,7.1,1674.12,2536.55,253.65500000000003,2282.895,1674.12,608.7750000000001,26.66679807875527,Tuesday,January,15,Afternoon
INV-2024-01925,2024-01-23,16:41,C,Bengaluru,Normal,Female,Groceries,Cooking Oil,795.12,4,0.05,UPI,5.8,652.0,3180.48,159.024,3021.456,2608.0,413.45600000000013,13.683998707907715,Tuesday,January,16,Evening
INV-2024-01742,2024-01-23,16:54,B,Mumbai,Member,Female,Groceries,Cooking Oil,788.8,2,0.0,UPI,7.9,646.82,1577.6,0.0,1577.6,1293.64,283.9599999999998,17.99949290060851,Tuesday,January,16,Evening
INV-2024-01576,2024-01-23,17:56,B,Mumbai,Normal,Female,Groceries,Breakfast Cereal,403.39,5,0.15,Cash,8.2,330.78,2016.9499999999998,302.54249999999996,1714.4074999999998,1653.8999999999999,60.507499999999936,3.5293534355163483,Tuesday,January,17,Evening
INV-2024-01668,2024-01-23,18:06,A,Delhi,Normal,Female,Groceries,Rice 5kg,648.39,4,0.15,Cash,8.6,531.68,2593.56,389.034,2204.526,2126.72,77.80600000000004,3.5293754757258498,Tuesday,January,18,Evening
INV-2024-01851,2024-01-23,18:16,A,Delhi,Member,Male,Electronics,Bluetooth Speaker,2679.28,3,0.1,Card,8.4,1848.7,8037.84,803.7840000000001,7234.0560000000005,5546.1,1687.9560000000001,23.33346603896901,Tuesday,January,18,Evening
INV-2024-00488,2024-01-23,18:50,B,Mumbai,Member,Male,Home & Kitchen,Bedsheet,977.7,3,0.05,Cash,8.3,645.28,2933.1000000000004,146.65500000000003,2786.445,1935.84,850.6050000000002,30.526531117606847,Tuesday,January,18,Evening
INV-2024-01468,2024-01-23,19:20,A,Delhi,Member,Female,Sports,Fitness Band,1327.34,1,0.0,UPI,7.3,849.5,1327.34,0.0,1327.34,849.5,477.8399999999999,35.999819187246665,Tuesday,January,19,Night
INV-2024-00756,2024-01-23,19:42,A,Delhi,Normal,Female,Personal Care,Shampoo,425.49,1,0.05,Card,9.5,246.78,425.49,21.274500000000003,404.2155,246.78,157.43550000000002,38.94840747076746,Tuesday,January,19,Night
INV-2024-00016,2024-01-23,19:49,C,Bengaluru,Member,Male,Groceries,Breakfast Cereal,394.54,4,0.15,UPI,9.5,323.52,1578.16,236.724,1341.4360000000001,1294.08,47.35600000000022,3.530246690859662,Tuesday,January,19,Night
INV-2024-01891,2024-01-23,19:49,C,Bengaluru,Member,Female,Electronics,Smart Watch,3981.74,4,0.1,Card,7.3,2747.4,15926.96,1592.696,14334.264,10989.6,3344.663999999999,23.33335007643224,Tuesday,January,19,Night
INV-2024-02465,2024-01-23,20:44,C,Bengaluru,Normal,Female,Groceries,Breakfast Cereal,376.08,2,0.0,UPI,7.4,308.39,752.16,0.0,752.16,616.78,135.38,17.99883003616252,Tuesday,January,20,Night
INV-2024-01484,2024-01-23,21:37,B,Mumbai,Normal,Male,Clothing,Jeans,1681.5,2,0.2,Cash,7.3,1025.71,3363.0,672.6,2690.4,2051.42,638.98,23.75037169194172,Tuesday,January,21,Night
INV-2024-01686,2024-01-24,11:20,C,Bengaluru,Member,Male,Electronics,Power Bank,1395.73,2,0.1,Cash,8.0,963.05,2791.46,279.146,2512.314,1926.1,586.2139999999999,23.333627882501947,Wednesday,January,11,Morning
INV-2024-00255,2024-01-24,11:32,B,Mumbai,Member,Female,Electronics,Smart Watch,3772.23,1,0.2,UPI,9.7,2602.84,3772.23,754.446,3017.784,2602.84,414.94399999999996,13.749956922032855,Wednesday,January,11,Morning
INV-2024-02417,2024-01-24,13:45,B,Mumbai,Member,Male,Clothing,Jacket,2862.44,1,0.1,Cash,8.6,1746.09,2862.44,286.244,2576.196,1746.09,830.106,32.22216011514652,Wednesday,January,13,Afternoon
INV-2024-02353,2024-01-24,14:28,B,Mumbai,Normal,Male,Personal Care,Perfume,1607.21,3,0.0,UPI,10.0,932.18,4821.63,0.0,4821.63,2796.54,2025.0900000000001,42.000111995321085,Wednesday,January,14,Afternoon
INV-2024-00427,2024-01-24,14:30,C,Bengaluru,Member,Female,Sports,Cricket Bat,2151.28,3,0.15,Card,8.5,1376.82,6453.84,968.076,5485.764,4130.46,1355.304,24.705838603337657,Wednesday,January,14,Afternoon
INV-2024-01814,2024-01-24,15:20,A,Delhi,Normal,Female,Clothing,Jeans,1692.61,6,0.0,UPI,8.3,1032.49,10155.66,0.0,10155.66,6194.9400000000005,3960.7199999999993,39.0001240687459,Wednesday,January,15,Afternoon
INV-2024-00283,2024-01-24,15:30,B,Mumbai,Member,Male,Personal Care,Trimmer,1887.54,3,0.0,UPI,7.9,1094.77,5662.62,0.0,5662.62,3284.31,2378.31,42.000169532831094,Wednesday,January,15,Afternoon
INV-2024-00074,2024-01-24,16:06,A,Delhi,Member,Female,Electronics,Smart Watch,4112.85,2,0.0,UPI,7.0,2837.87,8225.7,0.0,8225.7,5675.74,2549.960000000001,30.99991490085951,Wednesday,January,16,Evening
INV-2024-00313,2024-01-24,16:11,B,Mumbai,Member,Female,Electronics,Bluetooth Speaker,3018.34,2,0.1,Card,7.5,2082.65,6036.68,603.668,5433.012000000001,4165.3,1267.7120000000004,23.33350266850138,Wednesday,January,16,Evening
INV-2024-00693,2024-01-24,16:16,B,Mumbai,Normal,Female,Groceries,Breakfast Cereal,409.93,1,0.05,Card,7.0,336.14,409.93,20.4965,389.4335,336.14,53.293499999999995,13.684878162767196,Wednesday,January,16,Evening
INV-2024-01091,2024-01-24,16:57,B,Mumbai,Member,Female,Clothing,Jacket,3188.15,3,0.0,UPI,5.7,1944.77,9564.45,0.0,9564.45,5834.3099999999995,3730.1400000000012,39.00004704922919,Wednesday,January,16,Evening
INV-2024-01605,2024-01-24,17:13,A,Delhi,Normal,Female,Groceries,Cooking Oil,839.98,2,0.1,UPI,8.6,688.78,1679.96,167.996,1511.964,1377.56,134.404,8.889365090703217,Wednesday,January,17,Evening
INV-2024-02482,2024-01-24,17:30,C,Bengaluru,Member,Male,Sports,Fitness Band,1246.37,2,0.15,Card,6.0,797.68,2492.74,373.91099999999994,2118.8289999999997,1595.36,523.4689999999998,24.705580299306828,Wednesday,January,17,Evening
INV-2024-00243,2024-01-24,18:01,B,Mumbai,Normal,Female,Sports,Fitness Band,1240.06,3,0.0,Card,9.2,793.64,3720.18,0.0,3720.18,2380.92,1339.2599999999998,35.999870973985125,Wednesday,January,18,Evening
INV-2024-02100,2024-01-24,18:04,A,Delhi,Member,Male,Groceries,Dry Fruits,969.57,2,0.0,UPI,5.6,795.05,1939.14,0.0,1939.14,1590.1,349.0400000000002,17.999731839887794,Wednesday,January,18,Evening
INV-2024-00654,2024-01-24,18:37,C,Bengaluru,Normal,Female,Home & Kitchen,Storage Set,721.55,2,0.05,UPI,8.8,476.22,1443.1,72.155,1370.945,952.44,418.5049999999999,30.526753443792416,Wednesday,January,18,Evening
INV-2024-02382,2024-01-24,19:29,B,Mumbai,Normal,Female,Groceries,Cooking Oil,845.22,2,0.0,Card,7.6,693.08,1690.44,0.0,1690.44,1386.16,304.28,18.000047324956814,Wednesday,January,19,Night
INV-2024-00828,2024-01-24,19:40,A,Delhi,Normal,Male,Home & Kitchen,Cookware Set,2407.75,3,0.15,UPI,6.4,1589.11,7223.25,1083.4875,6139.7625,4767.33,1372.4325,22.353185485594924,Wednesday,January,19,Night
INV-2024-02120,2024-01-24,19:59,A,Delhi,Member,Male,Electronics,Earbuds,2192.21,6,0.05,Card,6.8,1512.62,13153.26,657.663,12495.597,9075.72,3419.8770000000004,27.368656335507623,Wednesday,January,19,Night
INV-2024-01555,2024-01-24,20:06,C,Bengaluru,Member,Male,Electronics,Smart Watch,3753.45,4,0.05,UPI,10.0,2589.88,15013.8,750.69,14263.109999999999,10359.52,3903.5899999999983,27.368435074818876,Wednesday,January,20,Night
INV-2024-01441,2024-01-24,20:51,C,Bengaluru,Normal,Female,Groceries,Cooking Oil,827.93,3,0.2,Cash,7.5,678.9,2483.79,496.75800000000004,1987.032,2036.6999999999998,-49.66799999999989,-2.4996074547365064,Wednesday,January,20,Night
INV-2024-00556,2024-01-24,20:55,C,Bengaluru,Normal,Male,Clothing,T-Shirt,739.33,6,0.1,Cash,9.2,450.99,4435.9800000000005,443.59800000000007,3992.3820000000005,2705.94,1286.4420000000005,32.22241759430837,Wednesday,January,20,Night
INV-2024-00644,2024-01-24,21:30,A,Delhi,Member,Female,Home & Kitchen,Cookware Set,2525.47,3,0.15000000000000002,Card,7.2,1666.81,7576.41,1136.4615000000001,6439.9484999999995,5000.43,1439.5184999999992,22.35295049331527,Wednesday,January,21,Night
INV-2024-00284,2024-01-25,09:47,C,Bengaluru,Normal,Female,Electronics,Bluetooth Speaker,2942.66,1,0.0,Card,8.0,2030.44,2942.66,0.0,2942.66,2030.44,912.2199999999998,30.999843678848382,Thursday,January,9,Morning
INV-2024-01639,2024-01-25,10:56,B,Mumbai,Normal,Female,Clothing,Sports Shoes,2658.65,5,0.1,Cash,9.3,1621.78,13293.25,1329.325,11963.925,8108.9,3855.0249999999996,32.22207594915548,Thursday,January,10,Morning
INV-2024-01939,2024-01-25,12:17,C,Bengaluru,Member,Male,Sports,Cricket Bat,2133.93,4,0.15000000000000002,Cash,9.8,1365.72,8535.72,1280.3580000000002,7255.361999999999,5462.88,1792.481999999999,24.70561772107304,Thursday,January,12,Afternoon
INV-2024-00952,2024-01-25,12:58,B,Mumbai,Normal,Male,Clothing,Jeans,1831.61,1,0.1,UPI,4.6,1117.28,1831.61,183.161,1648.4489999999998,1117.28,531.1689999999999,32.22234961469842,Thursday,January,12,Afternoon
INV-2024-00893,2024-01-25,12:59,A,Delhi,Member,Female,Clothing,Sports Shoes,2380.68,2,0.1,Card,7.3,1452.21,4761.36,476.13599999999997,4285.224,2904.42,1380.804,32.222446247850755,Thursday,January,12,Afternoon
INV-2024-00946,2024-01-25,13:44,B,Mumbai,Member,Male,Electronics,Power Bank,1402.53,4,0.1,UPI,8.5,967.75,5610.12,561.0120000000001,5049.108,3871.0,1178.1080000000002,23.332992679102926,Thursday,January,13,Afternoon
INV-2024-00701,2024-01-25,14:25,A,Delhi,Member,Female,Personal Care,Trimmer,1888.66,3,0.1,Cash,9.2,1095.42,5665.9800000000005,566.5980000000001,5099.3820000000005,3286.26,1813.1220000000003,35.555720281398806,Thursday,January,14,Afternoon
INV-2024-00192,2024-01-25,14:55,B,Mumbai,Member,Female,Clothing,Jeans,1859.28,1,0.1,UPI,7.1,1134.16,1859.28,185.928,1673.3519999999999,1134.16,539.1919999999998,32.22227003045383,Thursday,January,14,Afternoon
INV-2024-01542,2024-01-25,14:56,B,Mumbai,Normal,Male,Electronics,Bluetooth Speaker,2678.55,2,0.0,Cash,9.8,1848.2,5357.1,0.0,5357.1,3696.4,1660.7000000000003,30.999981333184003,Thursday,January,14,Afternoon
INV-2024-00771,2024-01-25,15:54,C,Bengaluru,Member,Female,Groceries,Rice 5kg,646.15,2,0.05,Cash,6.0,529.84,1292.3,64.615,1227.685,1059.68,168.00499999999988,13.684699251029366,Thursday,January,15,Afternoon
INV-2024-02406,2024-01-25,16:12,B,Mumbai,Normal,Male,Groceries,Cooking Oil,771.26,2,0.0,UPI,9.6,632.43,1542.52,0.0,1542.52,1264.86,277.6600000000001,18.00041490547935,Thursday,January,16,Evening
INV-2024-00727,2024-01-25,16:15,C,Bengaluru,Member,Male,Electronics,Earbuds,2101.13,1,0.05,UPI,6.7,1449.78,2101.13,105.05650000000001,1996.0735000000002,1449.78,546.2935000000002,27.36840602312491,Thursday,January,16,Evening
INV-2024-00953,2024-01-25,16:44,C,Bengaluru,Normal,Female,Home & Kitchen,Bedsheet,1063.75,1,0.1,UPI,5.8,702.07,1063.75,106.375,957.375,702.07,255.30499999999995,26.66718892805849,Thursday,January,16,Evening
INV-2024-00254,2024-01-25,17:01,A,Delhi,Member,Male,Groceries,Rice 5kg,587.11,4,0.0,Card,7.3,481.43,2348.44,0.0,2348.44,1925.72,422.72,18.000034065166666,Thursday,January,17,Evening
INV-2024-01785,2024-01-25,17:27,C,Bengaluru,Normal,Female,Personal Care,Trimmer,2048.31,1,0.0,UPI,6.8,1188.02,2048.31,0.0,2048.31,1188.02,860.29,41.99999023585297,Thursday,January,17,Evening
INV-2024-02024,2024-01-25,17:30,C,Bengaluru,Member,Male,Personal Care,Trimmer,2000.02,5,0.05,UPI,7.0,1160.01,10000.1,500.00500000000005,9500.095000000001,5800.05,3700.045000000001,38.947452630736855,Thursday,January,17,Evening
INV-2024-01081,2024-01-25,17:39,C,Bengaluru,Member,Female,Home & Kitchen,Cookware Set,2446.16,3,0.05,Card,6.9,1614.47,7338.48,366.924,6971.556,4843.41,2128.1459999999997,30.526126448672287,Thursday,January,17,Evening
INV-2024-00416,2024-01-25,17:45,C,Bengaluru,Member,Female,Electronics,Bluetooth Speaker,2968.12,1,0.15000000000000002,UPI,9.9,2048.0,2968.12,445.2180000000001,2522.902,2048.0,474.90200000000004,18.823640395068857,Thursday,January,17,Evening
INV-2024-01547,2024-01-25,18:57,A,Delhi,Member,Male,Sports,Fitness Band,1305.54,1,0.05,Card,7.2,835.55,1305.54,65.277,1240.263,835.55,404.71299999999997,32.63122418390293,Thursday,January,18,Evening
INV-2024-01693,2024-01-25,18:57,A,Delhi,Normal,Male,Home & Kitchen,Bedsheet,963.19,4,0.0,UPI,7.7,635.71,3852.76,0.0,3852.76,2542.84,1309.92,33.99952242029091,Thursday,January,18,Evening
INV-2024-01984,2024-01-25,19:22,C,Bengaluru,Normal,Male,Groceries,Breakfast Cereal,401.12,3,0.15,Card,7.4,328.92,1203.3600000000001,180.50400000000002,1022.8560000000001,986.76,36.09600000000012,3.528942490438548,Thursday,January,19,Night
INV-2024-01741,2024-01-25,19:35,C,Bengaluru,Normal,Male,Clothing,Sports Shoes,2521.12,4,0.15,UPI,6.2,1537.88,10084.48,1512.6719999999998,8571.807999999999,6151.52,2420.2879999999986,28.235443444370183,Thursday,January,19,Night
INV-2024-00562,2024-01-25,19:57,C,Bengaluru,Member,Female,Clothing,T-Shirt,771.11,3,0.2,Card,7.4,470.38,2313.33,462.666,1850.664,1411.1399999999999,439.5240000000001,23.749529898458075,Thursday,January,19,Night
INV-2024-01050,2024-01-25,20:32,A,Delhi,Normal,Male,Electronics,Smart Watch,3946.58,3,0.15,Card,5.9,2723.14,11839.74,1775.961,10063.779,8169.42,1894.3590000000004,18.823535373739826,Thursday,January,20,Night
INV-2024-00753,2024-01-25,20:52,A,Delhi,Normal,Female,Groceries,Dry Fruits,997.57,4,0.0,UPI,9.0,818.01,3990.28,0.0,3990.28,3272.04,718.2400000000002,17.99973936666099,Thursday,January,20,Night
INV-2024-01859,2024-01-26,10:51,B,Mumbai,Normal,Male,Clothing,Jacket,2833.91,6,0.15,UPI,7.3,1728.69,17003.46,2550.519,14452.940999999999,10372.14,4080.8009999999995,28.23509069884115,Friday,January,10,Morning
INV-2024-02374,2024-01-26,12:05,B,Mumbai,Normal,Male,Home & Kitchen,Storage Set,743.97,3,0.0,UPI,8.5,491.02,2231.91,0.0,2231.91,1473.06,758.8499999999999,34.00002688280441,Friday,January,12,Afternoon
INV-2024-00926,2024-01-26,12:40,A,Delhi,Normal,Male,Groceries,Rice 5kg,650.15,2,0.1,UPI,9.1,533.12,1300.3,130.03,1170.27,1066.24,104.02999999999997,8.889401591085816,Friday,January,12,Afternoon
INV-2024-02069,2024-01-26,12:57,A,Delhi,Member,Female,Groceries,Dry Fruits,990.62,3,0.2,UPI,8.5,812.31,2971.86,594.3720000000001,2377.4880000000003,2436.93,-59.44199999999955,-2.5002018937634825,Friday,January,12,Afternoon
INV-2024-01094,2024-01-26,13:06,B,Mumbai,Member,Male,Personal Care,Perfume,1536.53,2,0.1,UPI,8.9,891.19,3073.06,307.30600000000004,2765.754,1782.38,983.3739999999998,35.555367541726405,Friday,January,13,Afternoon
INV-2024-01611,2024-01-26,13:57,C,Bengaluru,Normal,Male,Groceries,Cooking Oil,737.76,2,0.1,UPI,6.6,604.96,1475.52,147.552,1327.968,1209.92,118.048,8.889370828212728,Friday,January,13,Afternoon
INV-2024-02226,2024-01-26,16:16,B,Mumbai,Member,Male,Electronics,Power Bank,1415.98,3,0.05,UPI,7.7,977.03,4247.9400000000005,212.39700000000005,4035.5430000000006,2931.09,1104.4530000000004,27.36813856276591,Friday,January,16,Evening
INV-2024-02179,2024-01-26,16:22,B,Mumbai,Member,Male,Clothing,Jeans,1922.3,4,0.05,Cash,8.5,1172.6,7689.2,384.46000000000004,7304.74,4690.4,2614.34,35.78963796110471,Friday,January,16,Evening
INV-2024-01987,2024-01-26,16:40,B,Mumbai,Normal,Female,Home & Kitchen,Bedsheet,1038.56,3,0.0,Cash,8.3,685.45,3115.68,0.0,3115.68,2056.3500000000004,1059.3299999999995,33.99996148513325,Friday,January,16,Evening
INV-2024-00173,2024-01-26,16:46,A,Delhi,Normal,Female,Clothing,Jacket,3078.76,1,0.05,UPI,7.9,1878.04,3078.76,153.93800000000002,2924.822,1878.04,1046.7820000000002,35.78959676862387,Friday,January,16,Evening
INV-2024-01653,2024-01-26,17:08,A,Delhi,Normal,Male,Personal Care,Skin Care Kit,1151.76,6,0.0,Cash,7.2,668.02,6910.5599999999995,0.0,6910.5599999999995,4008.12,2902.4399999999996,42.00006945891505,Friday,January,17,Evening
INV-2024-00830,2024-01-26,17:12,C,Bengaluru,Member,Female,Groceries,Cooking Oil,749.07,1,0.0,Card,7.3,614.24,749.07,0.0,749.07,614.24,134.83000000000004,17.999652902932976,Friday,January,17,Evening
INV-2024-02244,2024-01-26,17:24,A,Delhi,Normal,Male,Groceries,Rice 5kg,661.73,2,0.0,Cash,7.2,542.62,1323.46,0.0,1323.46,1085.24,238.22000000000003,17.99978843334895,Friday,January,17,Evening
INV-2024-02172,2024-01-26,17:41,B,Mumbai,Member,Female,Groceries,Breakfast Cereal,385.04,5,0.1,Card,8.4,315.73,1925.2,192.52,1732.68,1578.65,154.02999999999997,8.889696885749242,Friday,January,17,Evening
INV-2024-02199,2024-01-26,17:57,C,Bengaluru,Normal,Female,Groceries,Rice 5kg,658.77,1,0.0,UPI,9.4,540.19,658.77,0.0,658.77,540.19,118.57999999999993,18.000212517267016,Friday,January,17,Evening
INV-2024-00781,2024-01-26,18:15,A,Delhi,Normal,Male,Electronics,Smart Watch,4199.22,4,0.05,UPI,7.8,2897.46,16796.88,839.844,15957.036,11589.84,4367.196,27.368466173793177,Friday,January,18,Evening
INV-2024-00971,2024-01-26,18:24,C,Bengaluru,Member,Female,Home & Kitchen,Cookware Set,2478.2,2,0.2,Card,7.2,1635.61,4956.4,991.28,3965.12,3271.22,693.9000000000001,17.500100879670732,Friday,January,18,Evening
INV-2024-01734,2024-01-26,18:43,B,Mumbai,Normal,Male,Groceries,Cooking Oil,829.79,2,0.15,UPI,5.5,680.43,1659.58,248.93699999999998,1410.643,1360.86,49.78300000000013,3.5290998502101614,Friday,January,18,Evening
INV-2024-01063,2024-01-26,18:51,C,Bengaluru,Normal,Male,Groceries,Breakfast Cereal,377.95,4,0.1,Cash,7.8,309.92,1511.8,151.18,1360.62,1239.68,120.93999999999983,8.888594905263766,Friday,January,18,Evening
INV-2024-00348,2024-01-26,19:09,C,Bengaluru,Member,Female,Groceries,Cooking Oil,759.24,1,0.0,Cash,7.7,622.58,759.24,0.0,759.24,622.58,136.65999999999997,17.99957852589431,Friday,January,19,Night
INV-2024-01304,2024-01-26,19:31,A,Delhi,Normal,Female,Electronics,Power Bank,1497.25,2,0.0,UPI,9.8,1033.1,2994.5,0.0,2994.5,2066.2,928.3000000000002,31.000166972783443,Friday,January,19,Night
INV-2024-00909,2024-01-26,20:24,B,Mumbai,Member,Male,Groceries,Breakfast Cereal,379.61,3,0.1,UPI,7.8,311.28,1138.83,113.883,1024.947,933.8399999999999,91.10699999999997,8.88894742850118,Friday,January,20,Night
INV-2024-01173,2024-01-26,21:31,B,Mumbai,Normal,Female,Home & Kitchen,Mixer Grinder,3509.66,4,0.1,Cash,5.7,2316.38,14038.64,1403.864,12634.776,9265.52,3369.2559999999994,26.66652736858967,Friday,January,21,Night
INV-2024-02397,2024-01-26,21:47,A,Delhi,Normal,Male,Sports,Dumbbell Set,2432.04,4,0.1,Card,6.2,1556.51,9728.16,972.816,8755.344,6226.04,2529.303999999999,28.88868786880332,Friday,January,21,Night
INV-2024-01584,2024-01-27,10:11,A,Delhi,Normal,Male,Groceries,Cooking Oil,764.65,2,0.2,UPI,6.8,627.01,1529.3,305.86,1223.44,1254.02,-30.579999999999927,-2.4995095795461917,Saturday,January,10,Morning
INV-2024-01600,2024-01-27,10:52,B,Mumbai,Member,Female,Clothing,Jeans,1724.96,2,0.15000000000000002,UPI,6.4,1052.23,3449.92,517.488,2932.432,2104.46,827.9719999999998,28.234994025436897,Saturday,January,10,Morning
INV-2024-01209,2024-01-27,11:11,C,Bengaluru,Normal,Male,Sports,Fitness Band,1298.06,3,0.05,Card,7.8,830.76,3894.18,194.709,3699.471,2492.2799999999997,1207.1910000000003,32.6314491990882,Saturday,January,11,Morning
INV-2024-00146,2024-01-27,11:41,A,Delhi,Member,Male,Electronics,Bluetooth Speaker,2606.95,3,0.05,UPI,6.6,1798.8,7820.849999999999,391.0425,7429.807499999999,5396.4,2033.4074999999993,27.368239352096264,Saturday,January,11,Morning
INV-2024-00190,2024-01-27,13:07,B,Mumbai,Member,Male,Electronics,Power Bank,1387.82,1,0.1,Cash,6.5,957.6,1387.82,138.782,1249.038,957.6,291.438,23.332997074548572,Saturday,January,13,Afternoon
INV-2024-00751,2024-01-27,13:30,A,Delhi,Normal,Female,Groceries,Dry Fruits,952.52,1,0.0,UPI,9.4,781.07,952.52,0.0,952.52,781.07,171.44999999999993,17.999622055179938,Saturday,January,13,Afternoon
INV-2024-01783,2024-01-27,14:16,A,Delhi,Member,Female,Sports,Yoga Mat,927.52,3,0.05,Card,7.4,593.61,2782.56,139.12800000000001,2643.432,1780.83,862.6019999999999,32.63189671608727,Saturday,January,14,Afternoon
INV-2024-01329,2024-01-27,14:22,B,Mumbai,Normal,Female,Electronics,Power Bank,1499.71,1,0.05,UPI,7.7,1034.8,1499.71,74.9855,1424.7245,1034.8,389.9245000000001,27.368414033730737,Saturday,January,14,Afternoon
INV-2024-02325,2024-01-27,14:31,B,Mumbai,Member,Female,Electronics,Earbuds,2291.57,1,0.0,Cash,8.1,1581.18,2291.57,0.0,2291.57,1581.18,710.3900000000001,31.000144006074443,Saturday,January,14,Afternoon
INV-2024-02166,2024-01-27,15:14,A,Delhi,Normal,Female,Groceries,Cooking Oil,840.7,2,0.0,Card,6.2,689.37,1681.4,0.0,1681.4,1378.74,302.6600000000001,18.00047579398121,Saturday,January,15,Afternoon
INV-2024-00309,2024-01-27,15:36,B,Mumbai,Normal,Female,Clothing,Jeans,1886.71,3,0.15,UPI,6.3,1150.89,5660.13,849.0195,4811.1105,3452.67,1358.4404999999997,28.235487420212024,Saturday,January,15,Afternoon
INV-2024-02247,2024-01-27,16:02,A,Delhi,Normal,Male,Clothing,T-Shirt,773.79,1,0.05,Card,7.0,472.01,773.79,38.6895,735.1005,472.01,263.0905,35.78973215227034,Saturday,January,16,Evening
INV-2024-02367,2024-01-27,16:16,B,Mumbai,Normal,Male,Electronics,Earbuds,2203.95,1,0.2,UPI,7.6,1520.73,2203.95,440.78999999999996,1763.1599999999999,1520.73,242.42999999999984,13.749744776424139,Saturday,January,16,Evening
INV-2024-00103,2024-01-27,16:17,A,Delhi,Member,Female,Groceries,Cooking Oil,734.49,3,0.15,Card,8.3,602.28,2203.4700000000003,330.5205,1872.9495000000002,1806.84,66.10950000000025,3.529700080007509,Saturday,January,16,Evening
INV-2024-01215,2024-01-27,16:41,B,Mumbai,Normal,Female,Clothing,Sports Shoes,2479.84,2,0.05,Card,8.6,1512.7,4959.68,247.98400000000004,4711.696,3025.4,1686.2959999999998,35.7895755583552,Saturday,January,16,Evening
INV-2024-02189,2024-01-27,16:47,A,Delhi,Member,Male,Sports,Fitness Band,1380.21,2,0.05,Card,6.8,883.33,2760.42,138.02100000000002,2622.399,1766.66,855.7389999999998,32.63191451796617,Saturday,January,16,Evening
INV-2024-00372,2024-01-27,17:15,B,Mumbai,Normal,Male,Groceries,Dry Fruits,897.47,2,0.0,UPI,4.7,735.93,1794.94,0.0,1794.94,1471.86,323.08000000000015,17.99948744804841,Saturday,January,17,Evening
INV-2024-00941,2024-01-27,17:16,B,Mumbai,Normal,Female,Groceries,Cooking Oil,809.98,2,0.2,Card,7.7,664.18,1619.96,323.992,1295.968,1328.36,-32.391999999999825,-2.4994444307266708,Saturday,January,17,Evening
INV-2024-02162,2024-01-27,17:44,B,Mumbai,Normal,Female,Clothing,Sports Shoes,2362.44,3,0.0,Card,6.3,1441.09,7087.32,0.0,7087.32,4323.2699999999995,2764.05,38.99993227341224,Saturday,January,17,Evening
INV-2024-01860,2024-01-27,17:47,B,Mumbai,Normal,Female,Groceries,Breakfast Cereal,383.9,1,0.2,Card,7.9,314.8,383.9,76.78,307.12,314.8,-7.680000000000007,-2.500651211252933,Saturday,January,17,Evening
INV-2024-01119,2024-01-27,18:09,C,Bengaluru,Member,Female,Electronics,Earbuds,2033.04,2,0.1,UPI,8.5,1402.8,4066.08,406.608,3659.4719999999998,2805.6,853.8719999999998,23.33320216686997,Saturday,January,18,Evening
INV-2024-02086,2024-01-27,18:11,C,Bengaluru,Normal,Female,Personal Care,Skin Care Kit,1204.41,5,0.0,UPI,8.8,698.56,6022.05,0.0,6022.05,3492.7999999999997,2529.2500000000005,41.99981733794971,Saturday,January,18,Evening
INV-2024-01608,2024-01-27,18:22,A,Delhi,Normal,Female,Electronics,Power Bank,1453.42,1,0.15,UPI,8.1,1002.86,1453.42,218.013,1235.4070000000002,1002.86,232.54700000000014,18.82351322276789,Saturday,January,18,Evening
INV-2024-00445,2024-01-27,19:32,B,Mumbai,Member,Male,Clothing,T-Shirt,843.58,5,0.15,UPI,7.0,514.58,4217.900000000001,632.6850000000001,3585.2150000000006,2572.9,1012.3150000000005,28.23582407191759,Saturday,January,19,Night
INV-2024-01877,2024-01-27,19:40,A,Delhi,Member,Male,Clothing,T-Shirt,854.46,1,0.15,Cash,8.3,521.22,854.46,128.169,726.291,521.22,205.07100000000003,28.235376729162283,Saturday,January,19,Night
INV-2024-02062,2024-01-27,19:47,B,Mumbai,Member,Female,Clothing,T-Shirt,859.1,4,0.05,UPI,7.3,524.05,3436.4,171.82000000000002,3264.58,2096.2,1168.38,35.78959621145753,Saturday,January,19,Night
INV-2024-01246,2024-01-27,19:55,C,Bengaluru,Normal,Male,Clothing,T-Shirt,742.41,2,0.1,UPI,6.2,452.87,1484.82,148.482,1336.338,905.74,430.59799999999996,32.222237188495725,Saturday,January,19,Night
INV-2024-02117,2024-01-27,20:07,B,Mumbai,Member,Male,Electronics,Earbuds,2321.13,3,0.15,Cash,9.4,1601.58,6963.39,1044.5085,5918.8815,4804.74,1114.1415000000006,18.823514206189135,Saturday,January,20,Night
INV-2024-00902,2024-01-27,20:32,B,Mumbai,Normal,Female,Electronics,Power Bank,1532.14,3,0.0,Card,7.6,1057.18,4596.42,0.0,4596.42,3171.54,1424.88,30.99977808816427,Saturday,January,20,Night
INV-2024-01651,2024-01-27,21:48,B,Mumbai,Member,Female,Electronics,Bluetooth Speaker,2993.97,5,0.1,UPI,6.8,2065.84,14969.849999999999,1496.985,13472.864999999998,10329.2,3143.6649999999972,23.333307355191323,Saturday,January,21,Night
INV-2024-00596,2024-01-28,10:08,C,Bengaluru,Normal,Male,Groceries,Breakfast Cereal,380.54,1,0.05,UPI,6.6,312.04,380.54,19.027,361.51300000000003,312.04,49.47300000000001,13.684985048947066,Sunday,January,10,Morning
INV-2024-00820,2024-01-28,10:46,A,Delhi,Normal,Male,Groceries,Dry Fruits,981.28,4,0.15,Card,10.0,804.65,3925.12,588.7679999999999,3336.352,3218.6,117.75199999999995,3.5293638081353516,Sunday,January,10,Morning
INV-2024-00108,2024-01-28,12:15,A,Delhi,Normal,Male,Groceries,Cooking Oil,758.23,3,0.2,Card,8.3,621.75,2274.69,454.93800000000005,1819.752,1865.25,-45.49800000000005,-2.500230800680535,Sunday,January,12,Afternoon
INV-2024-01652,2024-01-28,12:54,A,Delhi,Normal,Male,Home & Kitchen,Mixer Grinder,3044.87,3,0.05,UPI,7.8,2009.61,9134.61,456.73050000000006,8677.879500000001,6028.83,2649.049500000001,30.526460986235183,Sunday,January,12,Afternoon
INV-2024-00157,2024-01-28,13:07,A,Delhi,Normal,Female,Personal Care,Trimmer,1979.83,5,0.1,Cash,7.5,1148.3,9899.15,989.915,8909.235,5741.5,3167.7350000000006,35.55563412571338,Sunday,January,13,Afternoon
INV-2024-00514,2024-01-28,13:18,A,Delhi,Normal,Male,Personal Care,Trimmer,2019.95,2,0.05,Card,8.7,1171.57,4039.9,201.995,3837.905,2343.14,1494.7650000000003,38.94742053281674,Sunday,January,13,Afternoon
INV-2024-00661,2024-01-28,13:50,B,Mumbai,Normal,Female,Home & Kitchen,Mixer Grinder,3505.76,5,0.0,UPI,6.1,2313.8,17528.800000000003,0.0,17528.800000000003,11569.0,5959.800000000003,34.000045639176676,Sunday,January,13,Afternoon
INV-2024-01516,2024-01-28,13:57,B,Mumbai,Normal,Female,Clothing,Sports Shoes,2385.06,5,0.0,Card,7.2,1454.89,11925.3,0.0,11925.3,7274.450000000001,4650.8499999999985,38.99985744593427,Sunday,January,13,Afternoon
INV-2024-02121,2024-01-28,14:32,A,Delhi,Member,Male,Electronics,Earbuds,2354.13,1,0.15,Cash,7.9,1624.35,2354.13,353.1195,2001.0105,1624.35,376.6605000000002,18.823514419339638,Sunday,January,14,Afternoon
INV-2024-02017,2024-01-28,15:07,B,Mumbai,Member,Female,Groceries,Cooking Oil,749.4,5,0.15,Cash,8.1,614.51,3747.0,562.05,3184.95,3072.55,112.39999999999964,3.5290977880343375,Sunday,January,15,Afternoon
INV-2024-00076,2024-01-28,16:25,A,Delhi,Normal,Male,Clothing,Jacket,3174.75,1,0.2,UPI,8.2,1936.6,3174.75,634.95,2539.8,1936.6,603.2000000000003,23.749901567052532,Sunday,January,16,Evening
INV-2024-01000,2024-01-28,17:10,C,Bengaluru,Normal,Male,Groceries,Rice 5kg,604.07,3,0.0,UPI,6.0,495.34,1812.21,0.0,1812.21,1486.02,326.19000000000005,17.999569586306226,Sunday,January,17,Evening
INV-2024-02459,2024-01-28,18:10,A,Delhi,Normal,Male,Groceries,Dry Fruits,1017.62,1,0.0,Card,7.9,834.45,1017.62,0.0,1017.62,834.45,183.16999999999996,17.999842770385797,Sunday,January,18,Evening
INV-2024-01530,2024-01-28,18:13,C,Bengaluru,Member,Male,Home & Kitchen,Cookware Set,2524.3,5,0.2,Card,6.6,1666.04,12621.5,2524.3,10097.2,8330.2,1767.0,17.499900962643107,Sunday,January,18,Evening
INV-2024-01053,2024-01-28,18:22,A,Delhi,Normal,Female,Electronics,Bluetooth Speaker,2862.82,2,0.0,Card,7.7,1975.35,5725.64,0.0,5725.64,3950.7,1774.9400000000005,30.999853291509776,Sunday,January,18,Evening
INV-2024-02158,2024-01-28,18:23,C,Bengaluru,Normal,Male,Sports,Fitness Band,1255.08,4,0.15,UPI,5.2,803.25,5020.32,753.0479999999999,4267.272,3213.0,1054.272,24.705994836982505,Sunday,January,18,Evening
INV-2024-01606,2024-01-28,18:48,C,Bengaluru,Normal,Male,Electronics,Bluetooth Speaker,2719.39,2,0.15,Card,7.9,1876.38,5438.78,815.8169999999999,4622.963,3752.76,870.2029999999995,18.82349047569707,Sunday,January,18,Evening
INV-2024-00475,2024-01-28,18:55,A,Delhi,Member,Male,Groceries,Rice 5kg,653.72,2,0.15000000000000002,UPI,6.5,536.05,1307.44,196.11600000000004,1111.324,1072.1,39.22400000000016,3.529483750913339,Sunday,January,18,Evening
INV-2024-01550,2024-01-28,19:32,B,Mumbai,Normal,Male,Sports,Fitness Band,1390.95,1,0.1,UPI,7.0,890.21,1390.95,139.095,1251.855,890.21,361.645,28.888729125977047,Sunday,January,19,Night
INV-2024-02123,2024-01-28,20:24,B,Mumbai,Member,Female,Home & Kitchen,Mixer Grinder,3264.21,1,0.1,Card,7.5,2154.38,3264.21,326.42100000000005,2937.7889999999998,2154.38,783.4089999999997,26.666619011780618,Sunday,January,20,Night
INV-2024-00897,2024-01-28,21:18,C,Bengaluru,Normal,Female,Clothing,Jeans,1879.96,1,0.0,Card,6.7,1146.78,1879.96,0.0,1879.96,1146.78,733.1800000000001,38.99976595246707,Sunday,January,21,Night
INV-2024-02073,2024-01-28,21:25,B,Mumbai,Member,Male,Personal Care,Trimmer,1771.52,2,0.0,UPI,9.5,1027.48,3543.04,0.0,3543.04,2054.96,1488.08,42.000090317919074,Sunday,January,21,Night
INV-2024-01898,2024-01-28,21:47,C,Bengaluru,Normal,Female,Home & Kitchen,Storage Set,711.1,1,0.1,UPI,7.0,469.33,711.1,71.11,639.99,469.33,170.66000000000003,26.66604165690089,Sunday,January,21,Night
INV-2024-01684,2024-01-29,10:54,A,Delhi,Normal,Male,Electronics,Bluetooth Speaker,2981.14,4,0.2,UPI,7.1,2056.99,11924.56,2384.912,9539.648,8227.96,1311.688,13.749857437087828,Monday,January,10,Morning
INV-2024-02344,2024-01-29,11:12,A,Delhi,Normal,Male,Clothing,Jacket,3061.05,3,0.2,Cash,9.4,1867.24,9183.150000000001,1836.6300000000003,7346.520000000001,5601.72,1744.800000000001,23.750020417830495,Monday,January,11,Morning
INV-2024-00705,2024-01-29,11:18,C,Bengaluru,Normal,Male,Electronics,Earbuds,2044.67,3,0.0,UPI,7.7,1410.82,6134.01,0.0,6134.01,4232.46,1901.5500000000002,31.000112487589686,Monday,January,11,Morning
INV-2024-01858,2024-01-29,11:50,B,Mumbai,Normal,Male,Electronics,Earbuds,2089.96,5,0.2,UPI,8.0,1442.07,10449.8,2089.96,8359.84,7210.349999999999,1149.4900000000007,13.750143543417106,Monday,January,11,Morning
INV-2024-01199,2024-01-29,11:51,A,Delhi,Member,Male,Electronics,Earbuds,2244.96,4,0.1,Card,7.6,1549.02,8979.84,897.984,8081.856,6196.08,1885.7759999999998,23.333452117929347,Monday,January,11,Morning
INV-2024-00691,2024-01-29,11:59,B,Mumbai,Normal,Male,Groceries,Breakfast Cereal,368.41,5,0.2,Card,8.1,302.1,1842.0500000000002,368.4100000000001,1473.64,1510.5,-36.8599999999999,-2.5012893243940106,Monday,January,11,Morning
INV-2024-00225,2024-01-29,12:18,C,Bengaluru,Normal,Female,Groceries,Rice 5kg,606.74,3,0.05,UPI,9.1,497.53,1820.22,91.01100000000001,1729.209,1492.59,236.61900000000014,13.683655359184469,Monday,January,12,Afternoon
INV-2024-02012,2024-01-29,12:18,A,Delhi,Member,Female,Clothing,T-Shirt,793.03,3,0.2,UPI,7.7,483.75,2379.09,475.81800000000004,1903.2720000000002,1451.25,452.02200000000016,23.74973204040201,Monday,January,12,Afternoon
INV-2024-01647,2024-01-29,12:44,C,Bengaluru,Member,Female,Home & Kitchen,Storage Set,723.9,5,0.0,UPI,7.9,477.77,3619.5,0.0,3619.5,2388.85,1230.65,34.00055256250864,Monday,January,12,Afternoon
INV-2024-02041,2024-01-29,13:40,A,Delhi,Normal,Male,Electronics,Bluetooth Speaker,2800.17,2,0.0,Card,6.7,1932.12,5600.34,0.0,5600.34,3864.24,1736.1000000000004,30.99990357728281,Monday,January,13,Afternoon
INV-2024-01521,2024-01-29,14:19,C,Bengaluru,Member,Male,Electronics,Bluetooth Speaker,3007.68,1,0.15,UPI,8.2,2075.3,3007.68,451.152,2556.528,2075.3,481.2279999999996,18.82349811932432,Monday,January,14,Afternoon
INV-2024-00557,2024-01-29,15:47,A,Delhi,Normal,Male,Groceries,Rice 5kg,591.85,3,0.1,Card,8.0,485.32,1775.5500000000002,177.55500000000004,1597.9950000000001,1455.96,142.03500000000008,8.888325683121666,Monday,January,15,Afternoon
INV-2024-00267,2024-01-29,15:53,B,Mumbai,Normal,Female,Electronics,Bluetooth Speaker,2983.45,1,0.0,Card,8.5,2058.58,2983.45,0.0,2983.45,2058.58,924.8699999999999,31.000016759121152,Monday,January,15,Afternoon
INV-2024-01055,2024-01-29,16:28,C,Bengaluru,Member,Female,Home & Kitchen,Cookware Set,2243.63,4,0.0,Card,8.1,1480.8,8974.52,0.0,8974.52,5923.2,3051.3200000000006,33.99981280335885,Monday,January,16,Evening
INV-2024-01353,2024-01-29,16:54,B,Mumbai,Normal,Female,Groceries,Cooking Oil,818.09,2,0.0,Card,10.0,670.83,1636.18,0.0,1636.18,1341.66,294.52,18.00046449657128,Monday,January,16,Evening
INV-2024-02316,2024-01-29,17:31,A,Delhi,Normal,Male,Electronics,Power Bank,1501.31,4,0.0,Card,6.2,1035.9,6005.24,0.0,6005.24,4143.6,1861.6399999999994,31.000259773131454,Monday,January,17,Evening
INV-2024-01406,2024-01-29,17:38,A,Delhi,Normal,Female,Clothing,Jeans,1719.18,1,0.0,Card,9.1,1048.7,1719.18,0.0,1719.18,1048.7,670.48,38.99998836654684,Monday,January,17,Evening
INV-2024-00407,2024-01-29,17:39,C,Bengaluru,Normal,Female,Groceries,Breakfast Cereal,357.29,1,0.05,UPI,7.6,292.98,357.29,17.864500000000003,339.4255,292.98,46.44549999999998,13.683562372302605,Monday,January,17,Evening
INV-2024-01798,2024-01-29,17:44,A,Delhi,Normal,Female,Personal Care,Trimmer,1794.91,1,0.1,UPI,6.7,1041.05,1794.91,179.491,1615.419,1041.05,574.3690000000001,35.55541936797822,Monday,January,17,Evening
INV-2024-00330,2024-01-29,18:19,A,Delhi,Normal,Female,Clothing,Sports Shoes,2521.74,1,0.1,UPI,6.1,1538.26,2521.74,252.17399999999998,2269.566,1538.26,731.3059999999998,32.2222839080247,Monday,January,18,Evening
INV-2024-01997,2024-01-29,18:19,A,Delhi,Normal,Male,Home & Kitchen,Bedsheet,935.86,1,0.1,Cash,8.4,617.67,935.86,93.58600000000001,842.274,617.67,224.60400000000004,26.666381723762107,Monday,January,18,Evening
INV-2024-00171,2024-01-29,18:23,B,Mumbai,Member,Female,Electronics,Power Bank,1589.52,2,0.0,UPI,5.5,1096.77,3179.04,0.0,3179.04,2193.54,985.5,30.9999245055111,Monday,January,18,Evening
INV-2024-00615,2024-01-29,19:23,B,Mumbai,Normal,Female,Clothing,Jeans,1912.48,3,0.1,Cash,8.6,1166.61,5737.4400000000005,573.744,5163.696000000001,3499.83,1663.866000000001,32.2223848963998,Monday,January,19,Night
INV-2024-01710,2024-01-29,19:49,A,Delhi,Normal,Female,Sports,Cricket Bat,1989.63,2,0.05,UPI,8.5,1273.36,3979.26,198.96300000000002,3780.297,2546.72,1233.5770000000002,32.63174824623569,Monday,January,19,Night
INV-2024-00048,2024-01-29,19:53,A,Delhi,Normal,Female,Groceries,Rice 5kg,585.45,2,0.1,Card,9.4,480.07,1170.9,117.09000000000002,1053.8100000000002,960.14,93.67000000000019,8.888699101356048,Monday,January,19,Night
INV-2024-01093,2024-01-29,20:17,C,Bengaluru,Member,Female,Groceries,Dry Fruits,879.54,2,0.05,Cash,8.2,721.22,1759.08,87.95400000000001,1671.126,1442.44,228.68599999999992,13.684545629713135,Monday,January,20,Night
INV-2024-02290,2024-01-29,21:36,C,Bengaluru,Normal,Female,Sports,Fitness Band,1242.79,5,0.15,Card,8.0,795.39,6213.95,932.0925,5281.8575,3976.95,1304.9075000000003,24.70546583280598,Monday,January,21,Night
INV-2024-02295,2024-01-30,09:57,C,Bengaluru,Normal,Female,Home & Kitchen,Mixer Grinder,3305.56,1,0.05,UPI,7.9,2181.67,3305.56,165.27800000000002,3140.282,2181.67,958.6120000000001,30.526303051764142,Tuesday,January,9,Morning
INV-2024-01589,2024-01-30,11:12,B,Mumbai,Member,Female,Groceries,Rice 5kg,644.95,1,0.0,Cash,7.2,528.86,644.95,0.0,644.95,528.86,116.09000000000003,17.999844949220872,Tuesday,January,11,Morning
INV-2024-00319,2024-01-30,11:42,B,Mumbai,Normal,Female,Electronics,Power Bank,1385.81,1,0.1,Card,9.9,956.21,1385.81,138.581,1247.229,956.21,291.019,23.333245137821525,Tuesday,January,11,Morning
INV-2024-02408,2024-01-30,12:45,A,Delhi,Normal,Female,Electronics,Power Bank,1384.15,3,0.1,Card,5.2,955.06,4152.450000000001,415.2450000000001,3737.205000000001,2865.18,872.025000000001,23.333614291964203,Tuesday,January,12,Afternoon
INV-2024-01796,2024-01-30,13:01,B,Mumbai,Normal,Male,Clothing,Jeans,1899.73,2,0.05,Card,8.6,1158.84,3799.46,189.973,3609.487,2317.68,1291.8070000000002,35.78921325939116,Tuesday,January,13,Afternoon
INV-2024-02079,2024-01-30,13:57,B,Mumbai,Member,Male,Electronics,Smart Watch,4045.79,2,0.15000000000000002,UPI,6.7,2791.6,8091.58,1213.737,6877.843,5583.2,1294.643,18.823386925232228,Tuesday,January,13,Afternoon
INV-2024-00077,2024-01-30,14:32,C,Bengaluru,Member,Male,Home & Kitchen,Storage Set,646.25,6,0.05,UPI,6.8,426.52,3877.5,193.875,3683.625,2559.12,1124.505,30.527130204621812,Tuesday,January,14,Afternoon
INV-2024-00700,2024-01-30,15:21,B,Mumbai,Normal,Female,Groceries,Cooking Oil,830.26,5,0.15,Card,7.0,680.81,4151.3,622.695,3528.605,3404.0499999999997,124.55500000000029,3.5298652016873606,Tuesday,January,15,Afternoon
INV-2024-00823,2024-01-30,15:55,B,Mumbai,Normal,Male,Personal Care,Perfume,1508.8,1,0.0,UPI,5.2,875.1,1508.8,0.0,1508.8,875.1,633.6999999999999,42.00026511134676,Tuesday,January,15,Afternoon
INV-2024-01922,2024-01-30,17:15,A,Delhi,Member,Female,Electronics,Power Bank,1407.0,2,0.0,UPI,9.2,970.83,2814.0,0.0,2814.0,1941.66,872.3399999999999,31.0,Tuesday,January,17,Evening
INV-2024-01715,2024-01-30,17:24,B,Mumbai,Normal,Female,Personal Care,Skin Care Kit,1153.77,4,0.2,Card,4.3,669.19,4615.08,923.0160000000001,3692.064,2676.76,1015.3039999999996,27.499631642355055,Tuesday,January,17,Evening
INV-2024-00095,2024-01-30,17:26,A,Delhi,Member,Female,Sports,Yoga Mat,847.68,1,0.05,UPI,5.7,542.52,847.68,42.384,805.2959999999999,542.52,262.77599999999995,32.6309828932467,Tuesday,January,17,Evening
INV-2024-00910,2024-01-30,17:34,B,Mumbai,Normal,Female,Sports,Cricket Bat,1907.57,3,0.1,Card,6.9,1220.84,5722.71,572.2710000000001,5150.439,3662.5199999999995,1487.9190000000008,28.889168476706562,Tuesday,January,17,Evening
INV-2024-02241,2024-01-30,17:56,C,Bengaluru,Normal,Male,Sports,Dumbbell Set,2384.44,2,0.15,UPI,8.6,1526.04,4768.88,715.332,4053.5480000000002,3052.08,1001.4680000000003,24.70596129612873,Tuesday,January,17,Evening
INV-2024-00669,2024-01-30,18:15,B,Mumbai,Member,Male,Clothing,Jeans,1874.82,4,0.1,Card,6.9,1143.64,7499.28,749.928,6749.352,4574.56,2174.7919999999995,32.22223407521195,Tuesday,January,18,Evening
INV-2024-00931,2024-01-30,18:40,A,Delhi,Member,Female,Groceries,Cooking Oil,733.31,3,0.0,Card,7.7,601.31,2199.93,0.0,2199.93,1803.9299999999998,396.0,18.00057274549645,Tuesday,January,18,Evening
INV-2024-00398,2024-01-30,18:57,A,Delhi,Normal,Male,Personal Care,Shampoo,437.79,2,0.1,Card,7.5,253.92,875.58,87.558,788.022,507.84,280.1820000000001,35.5550987155181,Tuesday,January,18,Evening
INV-2024-00464,2024-01-30,19:09,B,Mumbai,Member,Female,Clothing,T-Shirt,850.53,5,0.2,Cash,8.4,518.82,4252.65,850.53,3402.12,2594.1000000000004,808.0199999999995,23.750484991711037,Tuesday,January,19,Night
INV-2024-00658,2024-01-30,20:02,B,Mumbai,Member,Female,Home & Kitchen,Storage Set,678.4,5,0.15000000000000002,Cash,6.2,447.74,3392.0,508.80000000000007,2883.2,2238.7,644.5,22.353634850166486,Tuesday,January,20,Night
INV-2024-00221,2024-01-30,20:45,C,Bengaluru,Member,Female,Clothing,Sports Shoes,2501.46,1,0.15000000000000002,UPI,6.5,1525.89,2501.46,375.21900000000005,2126.241,1525.89,600.3509999999999,28.235322336461383,Tuesday,January,20,Night
INV-2024-01354,2024-01-31,09:37,C,Bengaluru,Member,Male,Personal Care,Shampoo,470.06,3,0.05,UPI,5.9,272.63,1410.18,70.509,1339.671,817.89,521.7810000000001,38.94844331182806,Wednesday,January,9,Morning
INV-2024-00263,2024-01-31,10:54,B,Mumbai,Normal,Male,Personal Care,Shampoo,464.02,2,0.1,UPI,8.5,269.13,928.04,92.804,835.236,538.26,296.976,35.55593868080399,Wednesday,January,10,Morning
INV-2024-01671,2024-01-31,11:05,B,Mumbai,Member,Female,Personal Care,Perfume,1704.53,4,0.0,UPI,7.0,988.63,6818.12,0.0,6818.12,3954.52,2863.6,41.999847465283686,Wednesday,January,11,Morning
INV-2024-01531,2024-01-31,11:40,B,Mumbai,Member,Male,Clothing,T-Shirt,859.74,5,0.05,Card,9.9,524.44,4298.7,214.935,4083.765,2622.2000000000003,1461.5649999999996,35.78964509466142,Wednesday,January,11,Morning
INV-2024-00068,2024-01-31,13:02,A,Delhi,Member,Female,Home & Kitchen,Cookware Set,2241.69,2,0.1,Card,8.9,1479.52,4483.38,448.338,4035.042,2959.04,1076.002,26.666438664083298,Wednesday,January,13,Afternoon
INV-2024-01792,2024-01-31,13:40,B,Mumbai,Member,Male,Electronics,Smart Watch,4077.57,2,0.15,UPI,9.7,2813.52,8155.14,1223.271,6931.869000000001,5627.04,1304.8290000000006,18.823624624181452,Wednesday,January,13,Afternoon
INV-2024-02294,2024-01-31,14:37,C,Bengaluru,Member,Male,Groceries,Dry Fruits,913.54,2,0.0,Card,8.1,749.1,1827.08,0.0,1827.08,1498.2,328.8799999999999,18.000306499989048,Wednesday,January,14,Afternoon
INV-2024-02145,2024-01-31,15:36,C,Bengaluru,Member,Female,Sports,Fitness Band,1253.37,4,0.2,UPI,5.8,802.16,5013.48,1002.6959999999999,4010.7839999999997,3208.64,802.1439999999998,19.999680860400357,Wednesday,January,15,Afternoon
INV-2024-01871,2024-01-31,15:48,A,Delhi,Normal,Male,Home & Kitchen,Bedsheet,976.39,2,0.0,Card,9.4,644.42,1952.78,0.0,1952.78,1288.84,663.94,33.99973371296306,Wednesday,January,15,Afternoon
INV-2024-01553,2024-01-31,16:26,C,Bengaluru,Member,Female,Home & Kitchen,Bedsheet,941.81,1,0.2,UPI,5.8,621.59,941.81,188.362,753.448,621.59,131.85799999999995,17.50061052653932,Wednesday,January,16,Evening
INV-2024-00738,2024-01-31,16:30,A,Delhi,Member,Female,Sports,Dumbbell Set,2558.07,3,0.05,UPI,5.5,1637.16,7674.210000000001,383.7105000000001,7290.499500000001,4911.4800000000005,2379.0195000000003,32.63177646469902,Wednesday,January,16,Evening
INV-2024-01026,2024-01-31,16:43,A,Delhi,Normal,Male,Groceries,Cooking Oil,842.51,6,0.15,UPI,7.2,690.86,5055.0599999999995,758.2589999999999,4296.8009999999995,4145.16,151.64099999999962,3.5291604149226283,Wednesday,January,16,Evening
INV-2024-02373,2024-01-31,16:48,A,Delhi,Member,Male,Electronics,Bluetooth Speaker,2831.18,2,0.15000000000000002,Card,5.5,1953.51,5662.36,849.354,4813.005999999999,3907.02,905.9859999999994,18.823703938868963,Wednesday,January,16,Evening
INV-2024-00593,2024-01-31,17:44,A,Delhi,Normal,Male,Clothing,Jacket,2949.42,5,0.2,Card,8.8,1799.15,14747.1,2949.42,11797.68,8995.75,2801.9300000000003,23.749838951387055,Wednesday,January,17,Evening
INV-2024-01388,2024-01-31,17:48,A,Delhi,Normal,Male,Clothing,Sports Shoes,2660.22,3,0.1,Cash,8.8,1622.73,7980.66,798.066,7182.594,4868.1900000000005,2314.4039999999995,32.22239764630995,Wednesday,January,17,Evening
INV-2024-00530,2024-01-31,18:51,C,Bengaluru,Normal,Female,Home & Kitchen,Storage Set,735.8,4,0.05,UPI,7.5,485.63,2943.2,147.16,2796.04,1942.52,853.52,30.526029670534037,Wednesday,January,18,Evening
INV-2024-00919,2024-01-31,19:02,A,Delhi,Member,Female,Home & Kitchen,Bedsheet,1064.23,3,0.2,Card,7.7,702.39,3192.69,638.538,2554.152,2107.17,446.98199999999997,17.50021142046362,Wednesday,January,19,Night
INV-2024-00401,2024-01-31,19:11,A,Delhi,Normal,Male,Electronics,Bluetooth Speaker,2790.97,3,0.0,UPI,6.5,1925.77,8372.91,0.0,8372.91,5777.3099999999995,2595.6000000000004,30.99997491911415,Wednesday,January,19,Night
INV-2024-00113,2024-01-31,19:25,A,Delhi,Normal,Male,Groceries,Breakfast Cereal,351.49,3,0.1,UPI,9.3,288.22,1054.47,105.447,949.023,864.6600000000001,84.36299999999994,8.889457895119502,Wednesday,January,19,Night
INV-2024-00200,2024-01-31,19:30,C,Bengaluru,Member,Female,Groceries,Breakfast Cereal,376.51,3,0.1,UPI,8.0,308.74,1129.53,112.953,1016.577,926.22,90.35699999999997,8.888357694498298,Wednesday,January,19,Night
INV-2024-01404,2024-01-31,19:32,B,Mumbai,Normal,Male,Electronics,Bluetooth Speaker,2787.66,4,0.05,Card,5.8,1923.49,11150.64,557.532,10593.108,7693.96,2899.148,27.36824735478955,Wednesday,January,19,Night
INV-2024-00476,2024-01-31,20:56,C,Bengaluru,Member,Male,Groceries,Breakfast Cereal,372.48,2,0.1,UPI,6.7,305.43,744.96,74.49600000000001,670.464,610.86,59.60400000000004,8.889962772050406,Wednesday,January,20,Night
INV-2024-02238,2024-02-01,10:03,B,Mumbai,Member,Female,Groceries,Dry Fruits,947.11,2,0.15000000000000002,UPI,7.4,776.63,1894.22,284.13300000000004,1610.087,1553.26,56.827,3.529436608083911,Thursday,February,10,Morning
INV-2024-01242,2024-02-01,10:35,B,Mumbai,Normal,Male,Groceries,Cooking Oil,779.82,1,0.1,Card,8.3,639.45,779.82,77.98200000000001,701.8380000000001,639.45,62.388000000000034,8.889230848144447,Thursday,February,10,Morning
INV-2024-01276,2024-02-01,11:38,A,Delhi,Normal,Male,Clothing,Jeans,1824.78,1,0.1,UPI,6.6,1113.12,1824.78,182.478,1642.302,1113.12,529.182,32.2219664836309,Thursday,February,11,Morning
INV-2024-00788,2024-02-01,13:30,A,Delhi,Normal,Female,Groceries,Rice 5kg,606.28,1,0.0,Card,6.7,497.15,606.28,0.0,606.28,497.15,109.13,17.999934023883355,Thursday,February,13,Afternoon
INV-2024-01294,2024-02-01,13:40,B,Mumbai,Normal,Female,Clothing,Jeans,1666.3,3,0.0,UPI,7.9,1016.44,4998.9,0.0,4998.9,3049.32,1949.5799999999995,39.00018003960871,Thursday,February,13,Afternoon
INV-2024-01217,2024-02-01,14:09,C,Bengaluru,Normal,Male,Personal Care,Shampoo,478.34,3,0.2,Card,7.5,277.44,1435.02,287.004,1148.016,832.3199999999999,315.69600000000014,27.499268302880807,Thursday,February,14,Afternoon
INV-2024-00878,2024-02-01,14:16,A,Delhi,Normal,Male,Electronics,Bluetooth Speaker,2828.85,6,0.05,UPI,7.0,1951.91,16973.1,848.655,16124.444999999998,11711.460000000001,4412.984999999997,27.368290815590846,Thursday,February,14,Afternoon
INV-2024-01971,2024-02-01,14:23,C,Bengaluru,Normal,Female,Clothing,Jacket,3130.48,3,0.0,UPI,7.5,1909.59,9391.44,0.0,9391.44,5728.7699999999995,3662.670000000001,39.0000894431525,Thursday,February,14,Afternoon
INV-2024-00169,2024-02-01,14:47,A,Delhi,Normal,Male,Clothing,Sports Shoes,2414.39,1,0.1,Cash,6.9,1472.78,2414.39,241.439,2172.951,1472.78,700.171,32.22212557945393,Thursday,February,14,Afternoon
INV-2024-00731,2024-02-01,15:27,B,Mumbai,Member,Female,Personal Care,Skin Care Kit,1228.16,2,0.05,UPI,8.5,712.33,2456.32,122.81600000000002,2333.5040000000004,1424.66,908.8440000000003,38.947608403499636,Thursday,February,15,Afternoon
INV-2024-01065,2024-02-01,15:34,C,Bengaluru,Member,Male,Clothing,T-Shirt,843.3,4,0.15000000000000002,Cash,7.4,514.41,3373.2,505.9800000000001,2867.22,2057.64,809.5799999999999,28.235712641513384,Thursday,February,15,Afternoon
INV-2024-00793,2024-02-01,16:07,A,Delhi,Normal,Male,Electronics,Earbuds,2207.85,4,0.0,UPI,8.1,1523.42,8831.4,0.0,8831.4,6093.68,2737.7199999999993,30.99984147473786,Thursday,February,16,Evening
INV-2024-00802,2024-02-01,16:21,C,Bengaluru,Normal,Female,Sports,Dumbbell Set,2373.04,1,0.0,UPI,7.5,1518.75,2373.04,0.0,2373.04,1518.75,854.29,35.99981458382497,Thursday,February,16,Evening
INV-2024-00494,2024-02-01,16:41,B,Mumbai,Normal,Female,Electronics,Bluetooth Speaker,2611.03,3,0.0,Card,6.2,1801.61,7833.09,0.0,7833.09,5404.83,2428.26,31.00002680934344,Thursday,February,16,Evening
INV-2024-00517,2024-02-01,16:46,B,Mumbai,Normal,Male,Electronics,Power Bank,1391.21,2,0.05,Card,8.0,959.93,2782.42,139.121,2643.299,1919.86,723.4390000000001,27.3687918014572,Thursday,February,16,Evening
INV-2024-01878,2024-02-01,17:06,C,Bengaluru,Member,Male,Electronics,Smart Watch,4099.4,4,0.0,Card,7.1,2828.59,16397.6,0.0,16397.6,11314.36,5083.239999999998,30.999902424745073,Thursday,February,17,Evening
INV-2024-01464,2024-02-01,17:38,C,Bengaluru,Normal,Male,Groceries,Cooking Oil,727.44,1,0.1,UPI,8.7,596.5,727.44,72.74400000000001,654.696,596.5,58.196000000000026,8.889011083006467,Thursday,February,17,Evening
INV-2024-00044,2024-02-01,17:44,A,Delhi,Normal,Male,Groceries,Cooking Oil,763.83,1,0.0,Card,7.2,626.34,763.83,0.0,763.83,626.34,137.49,18.000078551510153,Thursday,February,17,Evening
INV-2024-02220,2024-02-01,17:53,A,Delhi,Normal,Female,Groceries,Breakfast Cereal,404.48,2,0.1,UPI,6.7,331.67,808.96,80.89600000000002,728.0640000000001,663.34,64.72400000000005,8.889877812939528,Thursday,February,17,Evening
INV-2024-02137,2024-02-01,17:57,A,Delhi,Normal,Female,Groceries,Dry Fruits,909.09,4,0.0,UPI,7.5,745.45,3636.36,0.0,3636.36,2981.8,654.56,18.000418000417998,Thursday,February,17,Evening
INV-2024-00484,2024-02-01,18:22,B,Mumbai,Member,Female,Groceries,Breakfast Cereal,386.51,6,0.2,Cash,9.6,316.94,2319.06,463.812,1855.248,1901.6399999999999,-46.391999999999825,-2.500582132415711,Thursday,February,18,Evening
INV-2024-01136,2024-02-01,18:39,C,Bengaluru,Normal,Male,Sports,Cricket Bat,1975.75,1,0.1,Card,7.0,1264.48,1975.75,197.57500000000002,1778.175,1264.48,513.6949999999999,28.888888888888886,Thursday,February,18,Evening
INV-2024-00374,2024-02-01,18:44,B,Mumbai,Normal,Male,Groceries,Cooking Oil,809.4,4,0.1,Card,7.0,663.71,3237.6,323.76,2913.84,2654.84,259.0,8.888614337094692,Thursday,February,18,Evening
INV-2024-01582,2024-02-01,18:45,B,Mumbai,Member,Female,Electronics,Power Bank,1462.19,3,0.05,Cash,7.2,1008.91,4386.57,219.3285,4167.2415,3026.73,1140.5115,27.368500241706656,Thursday,February,18,Evening
INV-2024-01895,2024-02-01,18:52,A,Delhi,Member,Female,Electronics,Power Bank,1582.74,1,0.05,UPI,9.1,1092.09,1582.74,79.137,1503.603,1092.09,411.51300000000015,27.36846095678182,Thursday,February,18,Evening
INV-2024-00184,2024-02-01,19:04,B,Mumbai,Member,Female,Groceries,Rice 5kg,600.8,2,0.05,Card,8.0,492.66,1201.6,60.08,1141.52,985.32,156.19999999999993,13.68350970635643,Thursday,February,19,Night
INV-2024-00277,2024-02-01,19:21,C,Bengaluru,Normal,Male,Clothing,Jacket,2866.3,2,0.0,Card,7.9,1748.44,5732.6,0.0,5732.6,3496.88,2235.7200000000003,39.000104664550115,Thursday,February,19,Night
INV-2024-00507,2024-02-01,19:47,B,Mumbai,Member,Male,Groceries,Dry Fruits,991.59,4,0.0,UPI,7.2,813.1,3966.36,0.0,3966.36,3252.4,713.96,18.000383222904627,Thursday,February,19,Night
INV-2024-01549,2024-02-01,19:56,A,Delhi,Member,Male,Clothing,Sports Shoes,2463.54,2,0.1,Cash,8.7,1502.76,4927.08,492.708,4434.372,3005.52,1428.8520000000003,32.222195160893136,Thursday,February,19,Night
INV-2024-01008,2024-02-01,20:26,A,Delhi,Normal,Female,Electronics,Smart Watch,3949.82,2,0.05,UPI,5.2,2725.38,7899.64,394.982,7504.658,5450.76,2053.898,27.36830912214787,Thursday,February,20,Night
INV-2024-00033,2024-02-02,09:16,B,Mumbai,Normal,Male,Electronics,Earbuds,2216.48,1,0.0,UPI,8.3,1529.37,2216.48,0.0,2216.48,1529.37,687.1100000000001,31.000054139897497,Friday,February,9,Morning
INV-2024-02434,2024-02-02,10:28,C,Bengaluru,Normal,Male,Groceries,Rice 5kg,621.98,2,0.05,UPI,5.4,510.02,1243.96,62.19800000000001,1181.762,1020.04,161.72199999999998,13.684819786048289,Friday,February,10,Morning
INV-2024-00975,2024-02-02,10:42,C,Bengaluru,Member,Male,Personal Care,Shampoo,465.21,1,0.2,UPI,7.6,269.82,465.21,93.042,372.168,269.82,102.34800000000001,27.500483652544016,Friday,February,10,Morning
INV-2024-00757,2024-02-02,11:30,A,Delhi,Member,Male,Groceries,Cooking Oil,823.97,5,0.1,Cash,7.8,675.66,4119.85,411.98500000000007,3707.8650000000002,3378.2999999999997,329.5650000000005,8.888268585830403,Friday,February,11,Morning
INV-2024-00127,2024-02-02,11:34,A,Delhi,Member,Female,Groceries,Rice 5kg,667.58,6,0.0,UPI,8.1,547.42,4005.4800000000005,0.0,4005.4800000000005,3284.5199999999995,720.960000000001,17.999340902962963,Friday,February,11,Morning
INV-2024-00752,2024-02-02,12:03,B,Mumbai,Member,Female,Sports,Yoga Mat,959.81,2,0.05,Cash,9.1,614.28,1919.62,95.981,1823.639,1228.56,595.079,32.631403474042834,Friday,February,12,Afternoon
INV-2024-00323,2024-02-02,12:09,C,Bengaluru,Normal,Female,Home & Kitchen,Storage Set,702.52,2,0.1,Card,9.4,463.66,1405.04,140.504,1264.536,927.32,337.216,26.667172781162417,Friday,February,12,Afternoon
INV-2024-02372,2024-02-02,12:58,B,Mumbai,Member,Female,Personal Care,Perfume,1595.33,2,0.1,UPI,8.3,925.29,3190.66,319.06600000000003,2871.594,1850.58,1021.0140000000001,35.55565306237581,Friday,February,12,Afternoon
INV-2024-00694,2024-02-02,13:01,A,Delhi,Member,Male,Groceries,Breakfast Cereal,384.52,3,0.1,UPI,9.0,315.31,1153.56,115.356,1038.204,945.9300000000001,92.27399999999989,8.887848630904898,Friday,February,13,Afternoon
INV-2024-02055,2024-02-02,13:13,C,Bengaluru,Normal,Female,Electronics,Power Bank,1611.79,4,0.0,Card,7.9,1112.14,6447.16,0.0,6447.16,4448.56,1998.5999999999995,30.99969599017241,Friday,February,13,Afternoon
INV-2024-01787,2024-02-02,14:34,A,Delhi,Normal,Female,Home & Kitchen,Storage Set,654.59,6,0.0,UPI,7.8,432.03,3927.54,0.0,3927.54,2592.18,1335.3600000000001,33.99990833957134,Friday,February,14,Afternoon
INV-2024-01076,2024-02-02,14:50,A,Delhi,Normal,Male,Groceries,Cooking Oil,784.84,4,0.0,Card,8.3,643.57,3139.36,0.0,3139.36,2574.28,565.0799999999999,17.999847102594156,Friday,February,14,Afternoon
INV-2024-01288,2024-02-02,15:09,A,Delhi,Normal,Female,Personal Care,Perfume,1484.74,4,0.05,Cash,7.0,861.15,5938.96,296.94800000000004,5642.012,3444.6,2197.412,38.94731170369719,Friday,February,15,Afternoon
INV-2024-01325,2024-02-02,16:23,B,Mumbai,Normal,Male,Groceries,Rice 5kg,658.92,1,0.05,Card,10.0,540.31,658.92,32.946,625.9739999999999,540.31,85.66399999999999,13.68491343090927,Friday,February,16,Evening
INV-2024-00316,2024-02-02,16:27,B,Mumbai,Normal,Male,Groceries,Rice 5kg,577.85,1,0.1,Cash,8.4,473.84,577.85,57.785000000000004,520.065,473.84,46.22500000000008,8.888312037918352,Friday,February,16,Evening
INV-2024-01046,2024-02-02,16:35,B,Mumbai,Normal,Male,Electronics,Power Bank,1402.65,4,0.1,UPI,9.2,967.83,5610.6,561.0600000000001,5049.54,3871.32,1178.2199999999998,23.333214510628686,Friday,February,16,Evening
INV-2024-02128,2024-02-02,16:55,C,Bengaluru,Member,Male,Electronics,Power Bank,1429.45,2,0.05,UPI,7.3,986.32,2858.9,142.94500000000002,2715.955,1972.64,743.3149999999998,27.368457872092865,Friday,February,16,Evening
INV-2024-01886,2024-02-02,16:59,C,Bengaluru,Member,Female,Sports,Cricket Bat,2094.75,4,0.15,UPI,8.3,1340.64,8379.0,1256.85,7122.15,5362.56,1759.5899999999992,24.705882352941167,Friday,February,16,Evening
INV-2024-01146,2024-02-02,17:12,C,Bengaluru,Member,Male,Groceries,Breakfast Cereal,395.12,5,0.05,UPI,6.8,324.0,1975.6,98.78,1876.82,1620.0,256.81999999999994,13.683784273398619,Friday,February,17,Evening
INV-2024-02306,2024-02-02,17:57,C,Bengaluru,Member,Female,Sports,Dumbbell Set,2649.6,5,0.0,Card,6.3,1695.74,13248.0,0.0,13248.0,8478.7,4769.299999999999,36.00015096618357,Friday,February,17,Evening
INV-2024-02169,2024-02-02,18:42,B,Mumbai,Normal,Male,Electronics,Smart Watch,3780.32,5,0.05,Cash,8.6,2608.42,18901.600000000002,945.0800000000002,17956.52,13042.1,4914.42,27.36844332866279,Friday,February,18,Evening
INV-2024-02205,2024-02-02,18:55,B,Mumbai,Normal,Female,Electronics,Earbuds,2167.77,4,0.0,Card,7.1,1495.76,8671.08,0.0,8671.08,5983.04,2688.04,31.000059969461706,Friday,February,18,Evening
INV-2024-00702,2024-02-02,19:11,B,Mumbai,Member,Male,Personal Care,Perfume,1580.98,1,0.1,UPI,7.8,916.97,1580.98,158.098,1422.882,916.97,505.91200000000003,35.555443107720805,Friday,February,19,Night
INV-2024-02409,2024-02-02,19:23,C,Bengaluru,Member,Female,Personal Care,Skin Care Kit,1181.85,6,0.15,UPI,6.5,685.47,7091.099999999999,1063.665,6027.4349999999995,4112.82,1914.6149999999998,31.765004516846716,Friday,February,19,Night
INV-2024-01263,2024-02-02,20:31,B,Mumbai,Normal,Female,Clothing,Sports Shoes,2345.37,1,0.0,Cash,8.0,1430.68,2345.37,0.0,2345.37,1430.68,914.6899999999998,38.999816660057895,Friday,February,20,Night
INV-2024-01847,2024-02-02,20:52,A,Delhi,Member,Female,Personal Care,Shampoo,414.88,1,0.05,Card,9.3,240.63,414.88,20.744,394.13599999999997,240.63,153.50599999999997,38.947469908863944,Friday,February,20,Night
INV-2024-00950,2024-02-03,09:19,B,Mumbai,Member,Female,Clothing,Jacket,2850.4,1,0.1,UPI,9.0,1738.74,2850.4,285.04,2565.36,1738.74,826.6200000000001,32.222378145757325,Saturday,February,9,Morning
INV-2024-00665,2024-02-03,09:23,C,Bengaluru,Normal,Female,Personal Care,Trimmer,1930.65,5,0.0,Card,6.9,1119.78,9653.25,0.0,9653.25,5598.9,4054.3500000000004,41.99984461191827,Saturday,February,9,Morning
INV-2024-01037,2024-02-03,10:02,B,Mumbai,Normal,Male,Clothing,Jacket,2867.27,4,0.0,UPI,5.7,1749.03,11469.08,0.0,11469.08,6996.12,4472.96,39.000163918989145,Saturday,February,10,Morning
INV-2024-02109,2024-02-03,11:13,A,Delhi,Normal,Female,Groceries,Rice 5kg,589.74,1,0.0,UPI,5.5,483.59,589.74,0.0,589.74,483.59,106.15000000000003,17.999457388001495,Saturday,February,11,Morning
INV-2024-01102,2024-02-03,11:31,A,Delhi,Normal,Female,Clothing,Jeans,1716.73,1,0.0,UPI,5.6,1047.21,1716.73,0.0,1716.73,1047.21,669.52,38.99972622369272,Saturday,February,11,Morning
INV-2024-01370,2024-02-03,12:21,C,Bengaluru,Member,Male,Electronics,Smart Watch,4183.15,1,0.1,Cash,8.8,2886.37,4183.15,418.315,3764.8349999999996,2886.37,878.4649999999997,23.3334262988949,Saturday,February,12,Afternoon
INV-2024-00369,2024-02-03,12:22,B,Mumbai,Member,Female,Sports,Fitness Band,1239.77,2,0.0,Cash,10.0,793.45,2479.54,0.0,2479.54,1586.9,892.6399999999999,36.00022584834283,Saturday,February,12,Afternoon
INV-2024-02484,2024-02-03,13:52,A,Delhi,Member,Male,Electronics,Power Bank,1563.45,4,0.0,UPI,7.6,1078.78,6253.8,0.0,6253.8,4315.12,1938.6800000000003,31.000031980555825,Saturday,February,13,Afternoon
INV-2024-01885,2024-02-03,14:26,C,Bengaluru,Member,Male,Groceries,Breakfast Cereal,407.45,3,0.15,Card,7.0,334.11,1222.35,183.3525,1038.9975,1002.33,36.667499999999905,3.529123024838838,Saturday,February,14,Afternoon
INV-2024-02231,2024-02-03,16:13,C,Bengaluru,Normal,Male,Clothing,Jacket,2881.98,3,0.0,Card,7.4,1758.01,8645.94,0.0,8645.94,5274.03,3371.9100000000008,38.9999236635924,Saturday,February,16,Evening
INV-2024-02050,2024-02-03,16:18,A,Delhi,Normal,Female,Electronics,Power Bank,1568.31,3,0.1,UPI,8.1,1082.13,4704.93,470.49300000000005,4234.437,3246.3900000000003,988.0469999999996,23.33360963925073,Saturday,February,16,Evening
INV-2024-00588,2024-02-03,16:26,B,Mumbai,Normal,Male,Electronics,Earbuds,2183.0,3,0.0,UPI,7.8,1506.27,6549.0,0.0,6549.0,4518.8099999999995,2030.1900000000005,31.000000000000007,Saturday,February,16,Evening
INV-2024-01998,2024-02-03,16:42,C,Bengaluru,Normal,Female,Electronics,Earbuds,2120.39,5,0.0,Card,7.6,1463.07,10601.949999999999,0.0,10601.949999999999,7315.349999999999,3286.5999999999995,30.999957554978092,Saturday,February,16,Evening
INV-2024-01761,2024-02-03,16:46,B,Mumbai,Normal,Female,Electronics,Smart Watch,3987.41,2,0.0,UPI,9.1,2751.31,7974.82,0.0,7974.82,5502.62,2472.2,31.000072728914258,Saturday,February,16,Evening
INV-2024-00686,2024-02-03,16:49,B,Mumbai,Normal,Female,Groceries,Dry Fruits,937.12,1,0.0,UPI,7.5,768.44,937.12,0.0,937.12,768.44,168.67999999999995,17.99982926412839,Saturday,February,16,Evening
INV-2024-00571,2024-02-03,17:23,A,Delhi,Normal,Male,Home & Kitchen,Cookware Set,2324.2,1,0.15,Card,9.0,1533.97,2324.2,348.62999999999994,1975.57,1533.97,441.5999999999999,22.353042413075716,Saturday,February,17,Evening
INV-2024-01015,2024-02-03,17:34,A,Delhi,Normal,Female,Groceries,Breakfast Cereal,389.97,1,0.1,UPI,7.5,319.78,389.97,38.99700000000001,350.973,319.78,31.19300000000004,8.887578246759734,Saturday,February,17,Evening
INV-2024-00891,2024-02-03,17:41,C,Bengaluru,Member,Female,Groceries,Cooking Oil,750.86,2,0.0,Cash,6.8,615.71,1501.72,0.0,1501.72,1231.42,270.29999999999995,17.999360733026126,Saturday,February,17,Evening
INV-2024-02470,2024-02-03,17:47,A,Delhi,Normal,Male,Electronics,Bluetooth Speaker,2837.81,2,0.15,UPI,7.2,1958.09,5675.62,851.343,4824.277,3916.18,908.0970000000002,18.82348380907647,Saturday,February,17,Evening
INV-2024-00580,2024-02-03,17:49,B,Mumbai,Normal,Female,Clothing,T-Shirt,735.62,1,0.0,Card,8.3,448.73,735.62,0.0,735.62,448.73,286.89,38.99975530844729,Saturday,February,17,Evening
INV-2024-01080,2024-02-03,18:30,A,Delhi,Normal,Male,Electronics,Smart Watch,3880.67,2,0.05,UPI,8.8,2677.66,7761.34,388.067,7373.273,5355.32,2017.9530000000004,27.368483440122187,Saturday,February,18,Evening
INV-2024-00747,2024-02-03,18:33,B,Mumbai,Normal,Male,Electronics,Smart Watch,4089.97,3,0.15,Cash,7.6,2822.08,12269.91,1840.4865,10429.4235,8466.24,1963.183500000001,18.823509276423582,Saturday,February,18,Evening
INV-2024-02096,2024-02-03,18:51,C,Bengaluru,Member,Female,Groceries,Rice 5kg,637.65,1,0.1,Card,10.0,522.87,637.65,63.765,573.885,522.87,51.014999999999986,8.889411641705218,Saturday,February,18,Evening
INV-2024-01717,2024-02-03,19:03,C,Bengaluru,Normal,Male,Groceries,Dry Fruits,936.26,3,0.05,UPI,7.2,767.73,2808.7799999999997,140.439,2668.341,2303.19,365.15099999999984,13.684570300422616,Saturday,February,19,Night
INV-2024-00147,2024-02-03,19:20,A,Delhi,Member,Female,Electronics,Smart Watch,3842.74,2,0.1,Card,6.5,2651.49,7685.48,768.548,6916.932,5302.98,1613.9520000000002,23.333350682065404,Saturday,February,19,Night
INV-2024-00989,2024-02-03,19:54,A,Delhi,Member,Male,Groceries,Cooking Oil,789.78,3,0.15000000000000002,UPI,4.9,647.62,2369.34,355.40100000000007,2013.939,1942.8600000000001,71.07899999999995,3.529352179981615,Saturday,February,19,Night
INV-2024-02127,2024-02-03,20:26,A,Delhi,Member,Male,Electronics,Power Bank,1449.55,1,0.1,Card,8.1,1000.19,1449.55,144.955,1304.595,1000.19,304.405,23.333295007262787,Saturday,February,20,Night
INV-2024-02283,2024-02-03,21:01,A,Delhi,Member,Male,Personal Care,Shampoo,471.74,2,0.05,Cash,9.6,273.61,943.48,47.17400000000001,896.306,547.22,349.086,38.94718991058857,Saturday,February,21,Night
INV-2024-01993,2024-02-03,21:08,A,Delhi,Member,Female,Clothing,Sports Shoes,2558.97,3,0.1,Card,8.0,1560.97,7676.91,767.691,6909.219,4682.91,2226.309,32.222296036643215,Saturday,February,21,Night
INV-2024-00987,2024-02-03,21:54,A,Delhi,Normal,Male,Clothing,Jeans,1862.93,3,0.15,Cash,10.0,1136.39,5588.79,838.3185,4750.4715,3409.17,1341.3014999999996,28.23512360825656,Saturday,February,21,Night
INV-2024-00515,2024-02-03,21:56,C,Bengaluru,Member,Male,Clothing,Jacket,3057.41,1,0.05,UPI,7.6,1865.02,3057.41,152.8705,2904.5395,1865.02,1039.5194999999999,35.78947712709708,Saturday,February,21,Night
INV-2024-00796,2024-02-04,10:47,A,Delhi,Member,Female,Groceries,Dry Fruits,931.28,1,0.15000000000000002,UPI,6.4,763.65,931.28,139.692,791.588,763.65,27.937999999999988,3.5293612333688724,Sunday,February,10,Morning
INV-2024-02250,2024-02-04,11:29,B,Mumbai,Normal,Male,Groceries,Breakfast Cereal,389.56,4,0.0,UPI,8.4,319.44,1558.24,0.0,1558.24,1277.76,280.48,17.99979464010679,Sunday,February,11,Morning
INV-2024-01455,2024-02-04,12:16,A,Delhi,Normal,Male,Electronics,Smart Watch,3966.41,2,0.0,UPI,7.2,2736.82,7932.82,0.0,7932.82,5473.64,2459.1799999999994,31.000073113974597,Sunday,February,12,Afternoon
INV-2024-02315,2024-02-04,12:29,A,Delhi,Member,Female,Groceries,Rice 5kg,571.54,2,0.05,UPI,7.4,468.66,1143.08,57.153999999999996,1085.926,937.32,148.60599999999988,13.684726215230125,Sunday,February,12,Afternoon
INV-2024-02175,2024-02-04,15:38,C,Bengaluru,Member,Female,Groceries,Breakfast Cereal,391.6,2,0.15,UPI,8.5,321.11,783.2,117.48,665.72,642.22,23.5,3.5300126179174427,Sunday,February,15,Afternoon
INV-2024-00134,2024-02-04,16:10,B,Mumbai,Normal,Male,Sports,Fitness Band,1279.59,1,0.0,UPI,7.1,818.94,1279.59,0.0,1279.59,818.94,460.64999999999986,35.99981243992215,Sunday,February,16,Evening
INV-2024-01295,2024-02-04,16:12,C,Bengaluru,Normal,Male,Home & Kitchen,Cookware Set,2505.79,1,0.05,Cash,8.1,1653.82,2505.79,125.2895,2380.5005,1653.82,726.6805000000002,30.52637460063546,Sunday,February,16,Evening
INV-2024-01927,2024-02-04,17:13,C,Bengaluru,Member,Male,Home & Kitchen,Storage Set,726.85,3,0.15,UPI,6.9,479.72,2180.55,327.08250000000004,1853.4675000000002,1439.16,414.3075000000001,22.353103035256893,Sunday,February,17,Evening
INV-2024-01499,2024-02-04,17:18,C,Bengaluru,Normal,Male,Sports,Dumbbell Set,2573.48,3,0.05,UPI,7.7,1647.03,7720.4400000000005,386.02200000000005,7334.418000000001,4941.09,2393.3280000000004,32.63146441885369,Sunday,February,17,Evening
INV-2024-02221,2024-02-04,17:28,C,Bengaluru,Member,Female,Home & Kitchen,Mixer Grinder,3393.38,3,0.15,Card,10.0,2239.63,10180.14,1527.021,8653.118999999999,6718.89,1934.2289999999985,22.35296891213444,Sunday,February,17,Evening
INV-2024-02087,2024-02-04,18:02,A,Delhi,Normal,Male,Electronics,Smart Watch,3753.34,3,0.1,Card,8.5,2589.8,11260.02,1126.0020000000002,10134.018,7769.400000000001,2364.6179999999995,23.333469508343082,Sunday,February,18,Evening
INV-2024-01703,2024-02-04,18:05,C,Bengaluru,Member,Male,Electronics,Power Bank,1562.35,3,0.1,UPI,7.6,1078.02,4687.049999999999,468.7049999999999,4218.344999999999,3234.06,984.2849999999994,23.33344001024097,Sunday,February,18,Evening
INV-2024-00022,2024-02-04,18:29,A,Delhi,Member,Male,Electronics,Bluetooth Speaker,2932.24,4,0.15,Card,9.6,2023.25,11728.96,1759.3439999999998,9969.616,8093.0,1876.616,18.823352875376546,Sunday,February,18,Evening
INV-2024-00656,2024-02-04,18:39,B,Mumbai,Normal,Male,Home & Kitchen,Bedsheet,929.19,1,0.1,Card,9.6,613.27,929.19,92.91900000000001,836.2710000000001,613.27,223.0010000000001,26.666116605741447,Sunday,February,18,Evening
INV-2024-00618,2024-02-04,18:46,A,Delhi,Member,Female,Clothing,Jeans,1803.83,1,0.15000000000000002,Card,7.3,1100.34,1803.83,270.57450000000006,1533.2554999999998,1100.34,432.91549999999984,28.235052801049786,Sunday,February,18,Evening
INV-2024-02088,2024-02-04,18:55,C,Bengaluru,Normal,Male,Groceries,Breakfast Cereal,399.97,5,0.05,Card,8.0,327.98,1999.8500000000001,99.9925,1899.8575,1639.9,259.9575,13.682999909203716,Sunday,February,18,Evening
INV-2024-01727,2024-02-04,18:58,A,Delhi,Member,Male,Electronics,Earbuds,2234.94,3,0.0,UPI,8.2,1542.11,6704.82,0.0,6704.82,4626.33,2078.49,30.99993735849732,Sunday,February,18,Evening
INV-2024-01779,2024-02-04,20:22,B,Mumbai,Member,Female,Clothing,Jacket,2934.17,2,0.05,Card,9.5,1789.84,5868.34,293.41700000000003,5574.923,3579.68,1995.243,35.789606421469855,Sunday,February,20,Night
INV-2024-01755,2024-02-04,21:07,A,Delhi,Member,Female,Personal Care,Trimmer,1963.33,3,0.0,UPI,6.5,1138.73,5889.99,0.0,5889.99,3416.19,2473.7999999999997,42.00007130742157,Sunday,February,21,Night
INV-2024-01587,2024-02-04,21:08,C,Bengaluru,Member,Female,Clothing,Jacket,2954.02,5,0.1,UPI,8.5,1801.95,14770.1,1477.0100000000002,13293.09,9009.75,4283.34,32.222304971981686,Sunday,February,21,Night
INV-2024-02033,2024-02-04,21:26,B,Mumbai,Normal,Male,Groceries,Cooking Oil,843.4,1,0.05,Card,7.7,691.59,843.4,42.17,801.23,691.59,109.63999999999999,13.683960910100717,Sunday,February,21,Night
INV-2024-01141,2024-02-04,21:38,B,Mumbai,Member,Female,Electronics,Earbuds,2226.11,5,0.0,UPI,9.2,1536.02,11130.550000000001,0.0,11130.550000000001,7680.1,3450.4500000000007,30.99981582221903,Sunday,February,21,Night
INV-2024-02091,2024-02-05,11:12,C,Bengaluru,Member,Male,Personal Care,Shampoo,461.57,4,0.0,UPI,7.0,267.71,1846.28,0.0,1846.28,1070.84,775.44,42.00012999111728,Monday,February,11,Morning
INV-2024-00786,2024-02-05,11:18,C,Bengaluru,Normal,Male,Electronics,Smart Watch,4107.0,3,0.1,UPI,8.0,2833.83,12321.0,1232.1000000000001,11088.9,8501.49,2587.41,23.333333333333332,Monday,February,11,Morning
INV-2024-00680,2024-02-05,11:46,C,Bengaluru,Normal,Female,Clothing,Sports Shoes,2518.74,4,0.0,UPI,6.6,1536.43,10074.96,0.0,10074.96,6145.72,3929.239999999999,39.00005558334722,Monday,February,11,Morning
INV-2024-01245,2024-02-05,13:56,C,Bengaluru,Member,Male,Home & Kitchen,Storage Set,713.41,1,0.05,Card,6.0,470.85,713.41,35.6705,677.7395,470.85,206.8895,30.526404319063595,Monday,February,13,Afternoon
INV-2024-01425,2024-02-05,13:57,A,Delhi,Normal,Male,Personal Care,Trimmer,1963.5,3,0.05,Card,6.1,1138.83,5890.5,294.52500000000003,5595.975,3416.49,2179.4850000000006,38.947368421052644,Monday,February,13,Afternoon
INV-2024-01028,2024-02-05,14:00,A,Delhi,Member,Female,Sports,Fitness Band,1343.0,2,0.1,Card,8.4,859.52,2686.0,268.6,2417.4,1719.04,698.3600000000001,28.888888888888893,Monday,February,14,Afternoon
INV-2024-01243,2024-02-05,14:16,B,Mumbai,Normal,Male,Groceries,Dry Fruits,932.02,2,0.15,UPI,7.9,764.26,1864.04,279.606,1584.434,1528.52,55.91399999999999,3.5289573437580857,Monday,February,14,Afternoon
INV-2024-00499,2024-02-05,15:06,A,Delhi,Member,Female,Clothing,Jeans,1817.98,2,0.2,UPI,7.9,1108.97,3635.96,727.192,2908.768,2217.94,690.828,23.749848733209387,Monday,February,15,Afternoon
INV-2024-00526,2024-02-05,15:16,B,Mumbai,Member,Female,Electronics,Power Bank,1388.4,1,0.05,Card,6.7,958.0,1388.4,69.42,1318.98,958.0,360.98,27.36811778798769,Monday,February,15,Afternoon
INV-2024-01527,2024-02-05,15:52,B,Mumbai,Normal,Male,Groceries,Breakfast Cereal,372.55,4,0.05,Card,7.8,305.49,1490.2,74.51,1415.69,1221.96,193.73000000000002,13.684493074048698,Monday,February,15,Afternoon
INV-2024-00315,2024-02-05,16:32,B,Mumbai,Member,Female,Electronics,Smart Watch,3772.46,3,0.05,Card,7.7,2603.0,11317.380000000001,565.869,10751.511,7809.0,2942.5110000000004,27.368348504689248,Monday,February,16,Evening
INV-2024-01281,2024-02-05,16:36,A,Delhi,Member,Male,Clothing,T-Shirt,757.78,2,0.05,Card,8.8,462.25,1515.56,75.778,1439.782,924.5,515.2819999999999,35.788890262553636,Monday,February,16,Evening
INV-2024-01924,2024-02-05,17:11,C,Bengaluru,Normal,Female,Groceries,Rice 5kg,620.7,2,0.05,UPI,9.1,508.97,1241.4,62.07000000000001,1179.3300000000002,1017.94,161.3900000000001,13.68488887758304,Monday,February,17,Evening
INV-2024-00097,2024-02-05,17:27,C,Bengaluru,Normal,Male,Groceries,Dry Fruits,902.84,3,0.15,Card,9.4,740.33,2708.52,406.27799999999996,2302.242,2220.9900000000002,81.25199999999995,3.5292553953928363,Monday,February,17,Evening
INV-2024-01543,2024-02-05,18:20,B,Mumbai,Normal,Male,Clothing,Sports Shoes,2329.49,1,0.05,Cash,5.4,1420.99,2329.49,116.47449999999999,2213.0155,1420.99,792.0255,35.789423978277604,Monday,February,18,Evening
INV-2024-00373,2024-02-05,18:56,A,Delhi,Normal,Male,Clothing,Jacket,3151.16,2,0.0,Cash,9.6,1922.21,6302.32,0.0,6302.32,3844.42,2457.8999999999996,38.99992383757092,Monday,February,18,Evening
INV-2024-00569,2024-02-05,20:24,A,Delhi,Normal,Male,Clothing,Sports Shoes,2342.74,1,0.05,Cash,7.5,1429.07,2342.74,117.137,2225.6029999999996,1429.07,796.5329999999997,35.78953658851106,Monday,February,20,Night
INV-2024-02393,2024-02-05,20:29,A,Delhi,Normal,Male,Electronics,Bluetooth Speaker,2947.04,4,0.0,Card,6.9,2033.46,11788.16,0.0,11788.16,8133.84,3654.3199999999997,30.99991856235409,Monday,February,20,Night
INV-2024-02369,2024-02-05,20:30,B,Mumbai,Member,Male,Home & Kitchen,Mixer Grinder,3421.93,5,0.0,UPI,7.8,2258.47,17109.649999999998,0.0,17109.649999999998,11292.349999999999,5817.299999999999,34.00011104844342,Monday,February,20,Night
INV-2024-02375,2024-02-05,21:53,C,Bengaluru,Normal,Female,Personal Care,Trimmer,1887.96,2,0.15,Card,5.9,1095.02,3775.92,566.388,3209.532,2190.04,1019.4920000000002,31.764506476333626,Monday,February,21,Night
INV-2024-00634,2024-02-06,09:08,C,Bengaluru,Member,Male,Groceries,Dry Fruits,983.86,1,0.0,UPI,9.9,806.77,983.86,0.0,983.86,806.77,177.09000000000003,17.999512125708943,Tuesday,February,9,Morning
INV-2024-00166,2024-02-06,09:22,B,Mumbai,Normal,Female,Groceries,Dry Fruits,974.39,6,0.15,UPI,7.2,799.0,5846.34,876.951,4969.389,4794.0,175.38900000000012,3.529387616867992,Tuesday,February,9,Morning
INV-2024-01554,2024-02-06,10:45,B,Mumbai,Normal,Male,Home & Kitchen,Storage Set,679.01,3,0.1,UPI,7.9,448.15,2037.03,203.703,1833.327,1344.4499999999998,488.8770000000002,26.66611030110832,Tuesday,February,10,Morning
INV-2024-02332,2024-02-06,11:09,A,Delhi,Normal,Male,Electronics,Bluetooth Speaker,2961.61,3,0.0,Card,5.4,2043.51,8884.83,0.0,8884.83,6130.53,2754.3,31.000030388876322,Tuesday,February,11,Morning
INV-2024-00187,2024-02-06,12:26,A,Delhi,Member,Male,Sports,Fitness Band,1229.86,2,0.0,Cash,8.6,787.11,2459.72,0.0,2459.72,1574.22,885.4999999999998,36.00003252402712,Tuesday,February,12,Afternoon
INV-2024-00034,2024-02-06,12:56,A,Delhi,Member,Male,Electronics,Power Bank,1615.73,3,0.2,UPI,6.5,1114.85,4847.1900000000005,969.4380000000001,3877.7520000000004,3344.5499999999997,533.2020000000007,13.750286248321208,Tuesday,February,12,Afternoon
INV-2024-02239,2024-02-06,12:58,A,Delhi,Member,Female,Groceries,Breakfast Cereal,395.36,6,0.15,UPI,6.9,324.2,2372.16,355.82399999999996,2016.3359999999998,1945.1999999999998,71.13599999999997,3.527983431332872,Tuesday,February,12,Afternoon
INV-2024-01627,2024-02-06,13:28,B,Mumbai,Member,Female,Sports,Dumbbell Set,2412.36,2,0.05,Card,7.4,1543.91,4824.72,241.23600000000002,4583.484,3087.82,1495.6640000000002,32.63159640134012,Tuesday,February,13,Afternoon
INV-2024-00011,2024-02-06,13:54,C,Bengaluru,Normal,Female,Personal Care,Trimmer,1875.45,3,0.15,UPI,7.9,1087.76,5626.35,843.9525,4782.3975,3263.2799999999997,1519.1175000000003,31.764768612395777,Tuesday,February,13,Afternoon
INV-2024-00314,2024-02-06,14:08,B,Mumbai,Member,Male,Electronics,Power Bank,1558.96,1,0.05,UPI,7.8,1075.68,1558.96,77.94800000000001,1481.012,1075.68,405.3319999999999,27.368583103985642,Tuesday,February,14,Afternoon
INV-2024-02475,2024-02-06,15:30,C,Bengaluru,Normal,Male,Sports,Cricket Bat,1997.64,1,0.05,UPI,8.5,1278.49,1997.64,99.882,1897.758,1278.49,619.268,32.63155786986539,Tuesday,February,15,Afternoon
INV-2024-01974,2024-02-06,15:35,B,Mumbai,Member,Female,Electronics,Power Bank,1614.11,2,0.2,UPI,6.2,1113.74,3228.22,645.644,2582.576,2227.48,355.096,13.749682487562806,Tuesday,February,15,Afternoon
INV-2024-00932,2024-02-06,15:38,C,Bengaluru,Normal,Female,Groceries,Cooking Oil,776.63,2,0.0,UPI,6.4,636.84,1553.26,0.0,1553.26,1273.68,279.5799999999999,17.999562211091504,Tuesday,February,15,Afternoon
INV-2024-02338,2024-02-06,15:48,C,Bengaluru,Normal,Female,Electronics,Earbuds,2339.35,1,0.1,UPI,7.5,1614.15,2339.35,233.935,2105.415,1614.15,491.2649999999999,23.33340457819479,Tuesday,February,15,Afternoon
INV-2024-01327,2024-02-06,16:13,B,Mumbai,Normal,Female,Electronics,Smart Watch,3779.7,3,0.05,Card,7.5,2607.99,11339.099999999999,566.9549999999999,10772.144999999999,7823.969999999999,2948.1749999999993,27.36850460145124,Tuesday,February,16,Evening
INV-2024-00522,2024-02-06,16:20,A,Delhi,Member,Male,Electronics,Earbuds,2121.11,1,0.05,UPI,8.6,1463.57,2121.11,106.05550000000001,2015.0545000000002,1463.57,551.4845000000003,27.36821758418942,Tuesday,February,16,Evening
INV-2024-01178,2024-02-06,16:27,A,Delhi,Member,Male,Personal Care,Shampoo,439.6,1,0.05,Card,7.3,254.97,439.6,21.980000000000004,417.62,254.97,162.65,38.946889516785596,Tuesday,February,16,Evening
INV-2024-00886,2024-02-06,17:04,B,Mumbai,Normal,Female,Electronics,Bluetooth Speaker,3019.42,3,0.05,UPI,7.9,2083.4,9058.26,452.913,8605.347,6250.200000000001,2355.146999999999,27.368414080222436,Tuesday,February,17,Evening
INV-2024-01362,2024-02-06,17:18,B,Mumbai,Normal,Male,Home & Kitchen,Cookware Set,2295.19,6,0.05,Card,7.3,1514.83,13771.14,688.557,13082.582999999999,9088.98,3993.602999999999,30.526104821960615,Tuesday,February,17,Evening
INV-2024-02479,2024-02-06,17:45,A,Delhi,Member,Male,Electronics,Bluetooth Speaker,2764.03,2,0.0,UPI,9.1,1907.18,5528.06,0.0,5528.06,3814.36,1713.7000000000003,31.000025325340175,Tuesday,February,17,Evening
INV-2024-02020,2024-02-06,18:04,B,Mumbai,Member,Female,Home & Kitchen,Cookware Set,2227.31,1,0.05,UPI,5.8,1470.02,2227.31,111.3655,2115.9445,1470.02,645.9245000000001,30.52653318648008,Tuesday,February,18,Evening
INV-2024-00874,2024-02-06,18:46,C,Bengaluru,Member,Male,Home & Kitchen,Storage Set,664.73,1,0.0,UPI,7.7,438.72,664.73,0.0,664.73,438.72,226.01,34.00027078663517,Tuesday,February,18,Evening
INV-2024-01348,2024-02-06,18:48,B,Mumbai,Member,Male,Home & Kitchen,Storage Set,673.2,3,0.0,UPI,8.2,444.31,2019.6000000000001,0.0,2019.6000000000001,1332.93,686.6700000000001,34.000297088532385,Tuesday,February,18,Evening
INV-2024-01503,2024-02-06,19:28,B,Mumbai,Normal,Female,Sports,Yoga Mat,844.96,4,0.1,Cash,7.2,540.77,3379.84,337.98400000000004,3041.856,2163.08,878.7760000000003,28.889467483010378,Tuesday,February,19,Night
INV-2024-00288,2024-02-06,19:50,B,Mumbai,Member,Male,Electronics,Earbuds,2186.64,4,0.0,Card,7.5,1508.78,8746.56,0.0,8746.56,6035.12,2711.4399999999996,31.00007317162404,Tuesday,February,19,Night
INV-2024-02243,2024-02-06,19:56,B,Mumbai,Normal,Male,Electronics,Earbuds,2365.4,1,0.05,UPI,7.5,1632.13,2365.4,118.27000000000001,2247.13,1632.13,615.0,27.368243047798746,Tuesday,February,19,Night
INV-2024-01340,2024-02-06,20:47,B,Mumbai,Normal,Female,Electronics,Bluetooth Speaker,2657.23,1,0.0,Cash,6.6,1833.49,2657.23,0.0,2657.23,1833.49,823.74,30.999951076873284,Tuesday,February,20,Night
INV-2024-00385,2024-02-06,21:05,A,Delhi,Normal,Male,Electronics,Power Bank,1501.4,2,0.05,UPI,7.2,1035.97,3002.8,150.14000000000001,2852.6600000000003,2071.94,780.7200000000003,27.36814061262121,Tuesday,February,21,Night
INV-2024-00249,2024-02-06,21:48,C,Bengaluru,Normal,Female,Electronics,Power Bank,1463.51,4,0.0,UPI,6.6,1009.82,5854.04,0.0,5854.04,4039.28,1814.7599999999998,31.000129824873074,Tuesday,February,21,Night
INV-2024-02028,2024-02-07,11:44,C,Bengaluru,Member,Female,Groceries,Cooking Oil,736.36,2,0.05,UPI,7.2,603.82,1472.72,73.63600000000001,1399.084,1207.64,191.44399999999996,13.683524363083272,Wednesday,February,11,Morning
INV-2024-00734,2024-02-07,12:01,A,Delhi,Normal,Female,Home & Kitchen,Mixer Grinder,3399.65,1,0.0,UPI,7.3,2243.77,3399.65,0.0,3399.65,2243.77,1155.88,33.9999705852073,Wednesday,February,12,Afternoon
INV-2024-01296,2024-02-07,12:40,B,Mumbai,Normal,Male,Electronics,Smart Watch,4245.53,1,0.1,Cash,8.0,2929.42,4245.53,424.553,3820.977,2929.42,891.5569999999998,23.333220796670584,Wednesday,February,12,Afternoon
INV-2024-01712,2024-02-07,13:12,C,Bengaluru,Normal,Male,Clothing,Jacket,2967.34,1,0.1,Card,10.0,1810.08,2967.34,296.73400000000004,2670.606,1810.08,860.5260000000003,32.222124866041646,Wednesday,February,13,Afternoon
INV-2024-00379,2024-02-07,13:34,C,Bengaluru,Member,Male,Clothing,Sports Shoes,2627.23,1,0.2,Card,8.5,1602.61,2627.23,525.446,2101.784,1602.61,499.1740000000002,23.75001427358854,Wednesday,February,13,Afternoon
INV-2024-02245,2024-02-07,15:05,A,Delhi,Normal,Female,Groceries,Cooking Oil,793.62,3,0.15,Cash,8.4,650.77,2380.86,357.129,2023.7310000000002,1952.31,71.42100000000028,3.5291745790325035,Wednesday,February,15,Afternoon
INV-2024-01214,2024-02-07,15:09,B,Mumbai,Normal,Male,Electronics,Earbuds,2108.55,3,0.0,UPI,7.6,1454.9,6325.650000000001,0.0,6325.650000000001,4364.700000000001,1960.9499999999998,30.99997628702188,Wednesday,February,15,Afternoon
INV-2024-00094,2024-02-07,15:46,A,Delhi,Normal,Male,Clothing,Jacket,2780.38,1,0.1,Cash,8.7,1696.03,2780.38,278.038,2502.342,1696.03,806.3120000000001,32.22229415483575,Wednesday,February,15,Afternoon
INV-2024-00307,2024-02-07,15:51,A,Delhi,Member,Male,Electronics,Smart Watch,3882.45,1,0.1,UPI,7.4,2678.89,3882.45,388.245,3494.205,2678.89,815.315,23.33334764273991,Wednesday,February,15,Afternoon
INV-2024-01272,2024-02-07,17:15,C,Bengaluru,Member,Male,Personal Care,Shampoo,469.21,2,0.05,UPI,8.3,272.14,938.42,46.921,891.4989999999999,544.28,347.21899999999994,38.94777223530256,Wednesday,February,17,Evening
INV-2024-01424,2024-02-07,17:20,B,Mumbai,Member,Male,Electronics,Bluetooth Speaker,2621.8,3,0.0,Card,9.6,1809.04,7865.400000000001,0.0,7865.400000000001,5427.12,2438.2800000000007,31.00007628346938,Wednesday,February,17,Evening
INV-2024-02313,2024-02-07,17:21,C,Bengaluru,Member,Male,Groceries,Dry Fruits,1009.13,3,0.0,Cash,10.0,827.49,3027.39,0.0,3027.39,2482.4700000000003,544.9199999999996,17.99966307611506,Wednesday,February,17,Evening
INV-2024-02126,2024-02-07,18:03,A,Delhi,Normal,Female,Clothing,Jacket,3109.11,1,0.0,Card,7.1,1896.56,3109.11,0.0,3109.11,1896.56,1212.5500000000002,38.999906725718944,Wednesday,February,18,Evening
INV-2024-00859,2024-02-07,18:41,A,Delhi,Member,Male,Personal Care,Perfume,1593.08,2,0.05,Card,8.0,923.99,3186.16,159.308,3026.852,1847.98,1178.8719999999998,38.947130550155734,Wednesday,February,18,Evening
INV-2024-01460,2024-02-07,19:09,A,Delhi,Normal,Male,Groceries,Rice 5kg,611.36,3,0.0,Cash,6.8,501.32,1834.08,0.0,1834.08,1503.96,330.1199999999999,17.999214865218523,Wednesday,February,19,Night
INV-2024-02486,2024-02-07,19:21,B,Mumbai,Normal,Male,Electronics,Earbuds,2122.93,3,0.1,UPI,8.0,1464.82,6368.789999999999,636.8789999999999,5731.910999999999,4394.46,1337.450999999999,23.333422308894875,Wednesday,February,19,Night
INV-2024-00317,2024-02-07,19:38,A,Delhi,Member,Female,Clothing,Sports Shoes,2684.33,5,0.0,Cash,8.9,1637.44,13421.65,0.0,13421.65,8187.200000000001,5234.449999999999,39.00004842921697,Wednesday,February,19,Night
INV-2024-02125,2024-02-07,19:47,C,Bengaluru,Member,Male,Electronics,Earbuds,2060.99,3,0.1,Cash,7.6,1422.08,6182.969999999999,618.297,5564.672999999999,4266.24,1298.432999999999,23.333500459056612,Wednesday,February,19,Night
INV-2024-02253,2024-02-07,20:40,C,Bengaluru,Normal,Male,Groceries,Cooking Oil,765.79,3,0.0,Card,6.1,627.95,2297.37,0.0,2297.37,1883.8500000000001,413.51999999999975,17.99971271497407,Wednesday,February,20,Night
INV-2024-01982,2024-02-07,20:49,A,Delhi,Normal,Male,Home & Kitchen,Bedsheet,933.02,1,0.1,Cash,8.2,615.79,933.02,93.302,839.718,615.79,223.928,26.667047746981726,Wednesday,February,20,Night
INV-2024-01614,2024-02-07,21:55,C,Bengaluru,Normal,Female,Clothing,Sports Shoes,2330.09,1,0.1,Cash,7.8,1421.35,2330.09,233.00900000000001,2097.081,1421.35,675.7310000000002,32.22245588034035,Wednesday,February,21,Night
INV-2024-00276,2024-02-08,10:08,B,Mumbai,Member,Female,Clothing,T-Shirt,854.2,3,0.05,UPI,5.4,521.06,2562.6000000000004,128.13000000000002,2434.4700000000003,1563.1799999999998,871.2900000000004,35.7897201444257,Thursday,February,10,Morning
INV-2024-01625,2024-02-08,11:05,A,Delhi,Normal,Female,Groceries,Cooking Oil,777.0,2,0.15,Card,8.2,637.14,1554.0,233.1,1320.9,1274.28,46.62000000000012,3.529411764705891,Thursday,February,11,Morning
INV-2024-01546,2024-02-08,11:29,C,Bengaluru,Member,Male,Clothing,T-Shirt,793.21,2,0.1,Cash,9.7,483.86,1586.42,158.64200000000002,1427.778,967.72,460.058,32.22195607440372,Thursday,February,11,Morning
INV-2024-01192,2024-02-08,11:30,A,Delhi,Member,Female,Clothing,Jeans,1887.86,1,0.0,UPI,8.3,1151.59,1887.86,0.0,1887.86,1151.59,736.27,39.000243662135965,Thursday,February,11,Morning
INV-2024-01006,2024-02-08,12:05,C,Bengaluru,Normal,Female,Clothing,Sports Shoes,2480.88,1,0.2,Cash,7.8,1513.34,2480.88,496.17600000000004,1984.7040000000002,1513.34,471.36400000000026,23.749838766889177,Thursday,February,12,Afternoon
INV-2024-02081,2024-02-08,12:40,B,Mumbai,Normal,Male,Clothing,T-Shirt,788.33,1,0.0,UPI,7.3,480.88,788.33,0.0,788.33,480.88,307.45000000000005,39.000164905559856,Thursday,February,12,Afternoon
INV-2024-01400,2024-02-08,13:23,C,Bengaluru,Normal,Male,Clothing,T-Shirt,849.02,4,0.05,UPI,7.2,517.9,3396.08,169.804,3226.276,2071.6,1154.676,35.789746444507536,Thursday,February,13,Afternoon
INV-2024-01287,2024-02-08,13:54,C,Bengaluru,Normal,Male,Electronics,Power Bank,1588.07,5,0.0,Card,10.0,1095.77,7940.349999999999,0.0,7940.349999999999,5478.85,2461.499999999999,30.999892951822012,Thursday,February,13,Afternoon
INV-2024-00533,2024-02-08,14:35,A,Delhi,Normal,Male,Groceries,Cooking Oil,810.13,1,0.1,Cash,6.2,664.31,810.13,81.013,729.117,664.31,64.80700000000002,8.888422571411724,Thursday,February,14,Afternoon
INV-2024-02249,2024-02-08,15:05,A,Delhi,Member,Female,Electronics,Bluetooth Speaker,2742.99,1,0.15,UPI,8.8,1892.66,2742.99,411.44849999999997,2331.5415,1892.66,438.88149999999973,18.82366237101076,Thursday,February,15,Afternoon
INV-2024-02163,2024-02-08,15:22,A,Delhi,Normal,Male,Personal Care,Skin Care Kit,1183.69,2,0.05,Card,7.8,686.54,2367.38,118.36900000000001,2249.011,1373.08,875.931,38.94738620664817,Thursday,February,15,Afternoon
INV-2024-00660,2024-02-08,15:41,C,Bengaluru,Normal,Female,Electronics,Smart Watch,4155.23,1,0.0,Cash,9.3,2867.11,4155.23,0.0,4155.23,2867.11,1288.1199999999994,30.999968714126524,Thursday,February,15,Afternoon
INV-2024-01690,2024-02-08,15:42,A,Delhi,Normal,Female,Personal Care,Shampoo,435.64,4,0.15,Card,7.9,252.67,1742.56,261.38399999999996,1481.176,1010.68,470.496,31.76502994917552,Thursday,February,15,Afternoon
INV-2024-01300,2024-02-08,15:58,B,Mumbai,Member,Female,Groceries,Rice 5kg,574.95,1,0.05,Card,9.1,471.46,574.95,28.747500000000002,546.2025000000001,471.46,74.74250000000012,13.684027444034056,Thursday,February,15,Afternoon
INV-2024-01311,2024-02-08,16:15,C,Bengaluru,Normal,Female,Home & Kitchen,Bedsheet,1013.97,2,0.05,Cash,5.0,669.22,2027.94,101.397,1926.5430000000001,1338.44,588.1030000000001,30.526336552052047,Thursday,February,16,Evening
INV-2024-01730,2024-02-08,16:29,A,Delhi,Normal,Female,Home & Kitchen,Mixer Grinder,3413.8,2,0.2,UPI,6.9,2253.11,6827.6,1365.5200000000002,5462.08,4506.22,955.8599999999997,17.499926767824707,Thursday,February,16,Evening
INV-2024-00547,2024-02-08,16:41,A,Delhi,Normal,Male,Home & Kitchen,Cookware Set,2399.44,2,0.0,Card,5.5,1583.63,4798.88,0.0,4798.88,3167.26,1631.62,34.00001667055646,Thursday,February,16,Evening
INV-2024-00887,2024-02-08,17:20,B,Mumbai,Member,Female,Home & Kitchen,Storage Set,672.94,2,0.15,Cash,8.1,444.14,1345.88,201.882,1143.998,888.28,255.71800000000007,22.35301110666278,Thursday,February,17,Evening
INV-2024-02075,2024-02-08,17:26,B,Mumbai,Member,Female,Clothing,Jacket,3119.09,2,0.05,UPI,7.8,1902.64,6238.18,311.90900000000005,5926.271000000001,3805.28,2120.9910000000004,35.7896390495811,Thursday,February,17,Evening
INV-2024-00739,2024-02-08,18:05,C,Bengaluru,Member,Male,Electronics,Earbuds,2201.96,1,0.0,UPI,7.6,1519.35,2201.96,0.0,2201.96,1519.35,682.6100000000001,31.000108993805526,Thursday,February,18,Evening
INV-2024-00847,2024-02-08,18:06,A,Delhi,Member,Male,Groceries,Cooking Oil,813.89,1,0.0,Cash,8.0,667.39,813.89,0.0,813.89,667.39,146.5,17.999975426654707,Thursday,February,18,Evening
INV-2024-01426,2024-02-08,18:07,A,Delhi,Normal,Female,Clothing,Jeans,1728.82,2,0.0,UPI,8.7,1054.58,3457.64,0.0,3457.64,2109.16,1348.48,39.000011568584355,Thursday,February,18,Evening
INV-2024-01108,2024-02-08,18:12,B,Mumbai,Member,Male,Personal Care,Trimmer,1929.17,2,0.15000000000000002,Card,7.5,1118.92,3858.34,578.7510000000001,3279.589,2237.84,1041.7489999999998,31.764620505801176,Thursday,February,18,Evening
INV-2024-01171,2024-02-08,18:18,B,Mumbai,Normal,Female,Personal Care,Shampoo,416.18,2,0.05,UPI,7.4,241.38,832.36,41.618,790.742,482.76,307.98199999999997,38.94848129984243,Thursday,February,18,Evening
INV-2024-01273,2024-02-08,18:37,B,Mumbai,Normal,Female,Clothing,Jacket,3050.16,2,0.1,UPI,8.1,1860.6,6100.32,610.032,5490.288,3721.2,1769.0879999999997,32.22213479511457,Thursday,February,18,Evening
INV-2024-00047,2024-02-08,18:38,A,Delhi,Normal,Male,Electronics,Smart Watch,4303.18,3,0.05,Cash,6.4,2969.19,12909.54,645.4770000000001,12264.063,8907.57,3356.4930000000004,27.36852379182984,Thursday,February,18,Evening
INV-2024-00833,2024-02-08,19:08,A,Delhi,Member,Male,Electronics,Power Bank,1455.75,2,0.1,UPI,9.0,1004.47,2911.5,291.15000000000003,2620.35,2008.94,611.4099999999999,23.33314251912912,Thursday,February,19,Night
INV-2024-02026,2024-02-08,19:15,A,Delhi,Member,Female,Groceries,Rice 5kg,573.01,3,0.15000000000000002,UPI,5.6,469.87,1719.03,257.85450000000003,1461.1754999999998,1409.6100000000001,51.5654999999997,3.529042199242987,Thursday,February,19,Night
INV-2024-00877,2024-02-08,19:38,B,Mumbai,Normal,Female,Electronics,Smart Watch,3765.27,3,0.0,UPI,8.7,2598.04,11295.81,0.0,11295.81,7794.12,3501.6899999999996,30.999901733474623,Thursday,February,19,Night
INV-2024-00676,2024-02-08,21:10,B,Mumbai,Normal,Male,Clothing,Jeans,1858.01,1,0.1,UPI,7.4,1133.39,1858.01,185.80100000000002,1672.209,1133.39,538.819,32.22198899778675,Thursday,February,21,Night
INV-2024-01659,2024-02-09,09:47,A,Delhi,Member,Male,Sports,Dumbbell Set,2323.02,1,0.0,UPI,8.5,1486.73,2323.02,0.0,2323.02,1486.73,836.29,36.00012053275478,Friday,February,9,Morning
INV-2024-01067,2024-02-09,09:48,A,Delhi,Member,Male,Personal Care,Trimmer,1920.46,3,0.15,Card,7.7,1113.87,5761.38,864.207,4897.173,3341.6099999999997,1555.563,31.764509850887446,Friday,February,9,Morning
INV-2024-01594,2024-02-09,10:47,C,Bengaluru,Member,Female,Groceries,Cooking Oil,736.71,5,0.0,UPI,7.6,604.1,3683.55,0.0,3683.55,3020.5,663.0500000000002,18.000298624967765,Friday,February,10,Morning
INV-2024-01262,2024-02-09,12:16,B,Mumbai,Member,Male,Electronics,Bluetooth Speaker,2814.47,2,0.0,Cash,7.8,1941.98,5628.94,0.0,5628.94,3883.96,1744.9799999999996,31.00015278187367,Friday,February,12,Afternoon
INV-2024-01656,2024-02-09,15:22,C,Bengaluru,Member,Male,Clothing,T-Shirt,804.93,1,0.15,UPI,8.9,491.01,804.93,120.73949999999999,684.1904999999999,491.01,193.18049999999994,28.234899490712014,Friday,February,15,Afternoon
INV-2024-02323,2024-02-09,15:26,A,Delhi,Normal,Male,Groceries,Rice 5kg,651.13,1,0.15,UPI,7.1,533.93,651.13,97.6695,553.4605,533.93,19.530500000000075,3.528797448056379,Friday,February,15,Afternoon
INV-2024-02492,2024-02-09,15:37,A,Delhi,Normal,Female,Electronics,Bluetooth Speaker,2971.46,3,0.05,UPI,6.2,2050.31,8914.380000000001,445.71900000000005,8468.661,6150.93,2317.7309999999998,27.368328948342597,Friday,February,15,Afternoon
INV-2024-01187,2024-02-09,15:59,A,Delhi,Member,Male,Home & Kitchen,Storage Set,700.4,5,0.1,Card,7.5,462.26,3502.0,350.20000000000005,3151.8,2311.3,840.5,26.667301224697,Friday,February,15,Afternoon
INV-2024-00584,2024-02-09,16:25,B,Mumbai,Normal,Male,Groceries,Cooking Oil,757.1,4,0.05,Cash,7.7,620.82,3028.4,151.42000000000002,2876.98,2483.28,393.6999999999998,13.684488595680186,Friday,February,16,Evening
INV-2024-02448,2024-02-09,17:27,B,Mumbai,Member,Female,Clothing,Sports Shoes,2329.75,1,0.1,Cash,6.1,1421.15,2329.75,232.97500000000002,2096.775,1421.15,675.625,32.22210299149884,Friday,February,17,Evening
INV-2024-01637,2024-02-09,17:57,B,Mumbai,Member,Female,Personal Care,Shampoo,475.44,1,0.2,UPI,8.9,275.76,475.44,95.08800000000001,380.352,275.76,104.59199999999998,27.4987380111055,Friday,February,17,Evening
INV-2024-01070,2024-02-09,18:44,A,Delhi,Member,Male,Groceries,Cooking Oil,752.94,2,0.05,Cash,9.6,617.41,1505.88,75.29400000000001,1430.586,1234.82,195.76600000000008,13.684322368595812,Friday,February,18,Evening
INV-2024-01030,2024-02-09,18:48,A,Delhi,Normal,Male,Personal Care,Perfume,1696.46,2,0.05,Card,7.7,983.95,3392.92,169.64600000000002,3223.274,1967.9,1255.3739999999998,38.947169865174345,Friday,February,18,Evening
INV-2024-00978,2024-02-09,18:49,B,Mumbai,Member,Male,Groceries,Cooking Oil,819.05,2,0.0,UPI,5.5,671.62,1638.1,0.0,1638.1,1343.24,294.8599999999999,18.00012209266833,Friday,February,18,Evening
INV-2024-00082,2024-02-09,18:52,A,Delhi,Normal,Female,Groceries,Rice 5kg,625.88,4,0.0,Cash,7.4,513.22,2503.52,0.0,2503.52,2052.88,450.6399999999999,18.000255640058793,Friday,February,18,Evening
INV-2024-01583,2024-02-09,18:53,C,Bengaluru,Normal,Male,Groceries,Dry Fruits,943.41,1,0.05,UPI,7.7,773.6,943.41,47.170500000000004,896.2394999999999,773.6,122.63949999999988,13.683786532506087,Friday,February,18,Evening
INV-2024-00651,2024-02-09,19:06,C,Bengaluru,Normal,Male,Clothing,T-Shirt,799.48,1,0.15,UPI,8.4,487.68,799.48,119.922,679.558,487.68,191.878,28.235706150174085,Friday,February,19,Night
INV-2024-00220,2024-02-09,19:17,A,Delhi,Normal,Male,Clothing,Sports Shoes,2414.27,1,0.05,UPI,7.7,1472.7,2414.27,120.71350000000001,2293.5565,1472.7,820.8565000000001,35.789678606129826,Friday,February,19,Night
INV-2024-01373,2024-02-09,19:52,C,Bengaluru,Normal,Male,Electronics,Earbuds,2086.11,6,0.1,UPI,6.8,1439.42,12516.66,1251.6660000000002,11264.993999999999,8636.52,2628.4739999999983,23.333114957717672,Friday,February,19,Night
INV-2024-00933,2024-02-09,19:59,A,Delhi,Normal,Female,Clothing,T-Shirt,790.35,3,0.05,UPI,7.5,482.11,2371.05,118.55250000000001,2252.4975000000004,1446.33,806.1675000000005,35.78993983345155,Friday,February,19,Night
INV-2024-00471,2024-02-09,20:45,C,Bengaluru,Normal,Male,Groceries,Cooking Oil,816.5,3,0.1,UPI,7.3,669.53,2449.5,244.95000000000002,2204.55,2008.59,195.96000000000026,8.8888888888889,Friday,February,20,Night
INV-2024-01571,2024-02-09,21:45,A,Delhi,Member,Female,Clothing,T-Shirt,769.51,1,0.2,UPI,8.1,469.4,769.51,153.90200000000002,615.608,469.4,146.20799999999997,23.750178685137293,Friday,February,21,Night
INV-2024-02159,2024-02-10,10:29,B,Mumbai,Member,Female,Home & Kitchen,Bedsheet,1019.42,1,0.05,UPI,6.9,672.82,1019.42,50.971000000000004,968.449,672.82,295.6289999999999,30.526026667382578,Saturday,February,10,Morning
INV-2024-01809,2024-02-10,11:31,B,Mumbai,Member,Female,Electronics,Earbuds,2089.96,6,0.05,Card,8.4,1442.07,12539.76,626.988,11912.772,8652.42,3260.3520000000008,27.368541931298612,Saturday,February,11,Morning
INV-2024-00481,2024-02-10,11:41,B,Mumbai,Normal,Female,Sports,Cricket Bat,2021.92,3,0.15,UPI,8.0,1294.03,6065.76,909.864,5155.896000000001,3882.09,1273.8060000000005,24.7058125299657,Saturday,February,11,Morning
INV-2024-00740,2024-02-10,12:46,A,Delhi,Member,Female,Clothing,Sports Shoes,2508.34,2,0.05,Card,7.9,1530.09,5016.68,250.83400000000003,4765.8460000000005,3060.18,1705.6660000000006,35.78936457451626,Saturday,February,12,Afternoon
INV-2024-02177,2024-02-10,12:57,B,Mumbai,Normal,Male,Sports,Cricket Bat,2045.57,2,0.05,Cash,9.8,1309.16,4091.14,204.55700000000002,3886.5829999999996,2618.32,1268.2629999999995,32.63182595097029,Saturday,February,12,Afternoon
INV-2024-00626,2024-02-10,13:02,C,Bengaluru,Normal,Female,Sports,Fitness Band,1367.26,2,0.0,UPI,5.9,875.05,2734.52,0.0,2734.52,1750.1,984.4200000000001,35.999736699676724,Saturday,February,13,Afternoon
INV-2024-01145,2024-02-10,13:04,C,Bengaluru,Member,Male,Personal Care,Shampoo,424.14,1,0.1,UPI,8.8,246.0,424.14,42.414,381.726,246.0,135.726,35.555869917165715,Saturday,February,13,Afternoon
INV-2024-00839,2024-02-10,13:11,A,Delhi,Member,Male,Personal Care,Trimmer,1984.07,4,0.0,UPI,7.9,1150.76,7936.28,0.0,7936.28,4603.04,3333.24,42.00003024086852,Saturday,February,13,Afternoon
INV-2024-00480,2024-02-10,13:20,B,Mumbai,Normal,Female,Groceries,Cooking Oil,813.78,2,0.0,UPI,8.4,667.3,1627.56,0.0,1627.56,1334.6,292.96000000000004,17.999950846666177,Saturday,February,13,Afternoon
INV-2024-01883,2024-02-10,13:28,B,Mumbai,Normal,Male,Sports,Cricket Bat,1912.86,2,0.0,UPI,4.7,1224.23,3825.72,0.0,3825.72,2448.46,1377.2599999999998,36.00002091109647,Saturday,February,13,Afternoon
INV-2024-02171,2024-02-10,14:04,A,Delhi,Member,Male,Clothing,Sports Shoes,2454.52,3,0.15000000000000002,Card,9.6,1497.26,7363.5599999999995,1104.534,6259.026,4491.78,1767.246,28.235159911462265,Saturday,February,14,Afternoon
INV-2024-02223,2024-02-10,14:04,B,Mumbai,Member,Female,Personal Care,Perfume,1485.77,1,0.2,Cash,5.1,861.75,1485.77,297.154,1188.616,861.75,326.866,27.499713953034455,Saturday,February,14,Afternoon
INV-2024-00124,2024-02-10,14:12,A,Delhi,Normal,Female,Personal Care,Shampoo,480.92,5,0.05,Card,6.1,278.93,2404.6,120.23,2284.37,1394.65,889.7199999999998,38.948156384473606,Saturday,February,14,Afternoon
INV-2024-00072,2024-02-10,14:30,A,Delhi,Normal,Male,Personal Care,Trimmer,1858.49,1,0.0,Cash,6.5,1077.92,1858.49,0.0,1858.49,1077.92,780.5699999999999,42.00022598991654,Saturday,February,14,Afternoon
INV-2024-00792,2024-02-10,15:02,B,Mumbai,Normal,Female,Groceries,Breakfast Cereal,366.97,3,0.1,UPI,5.9,300.92,1100.91,110.09100000000001,990.8190000000001,902.76,88.05900000000008,8.887496101709806,Saturday,February,15,Afternoon
INV-2024-02368,2024-02-10,15:42,B,Mumbai,Normal,Female,Sports,Fitness Band,1360.3,5,0.0,UPI,7.7,870.59,6801.5,0.0,6801.5,4352.95,2448.55,36.00014702639124,Saturday,February,15,Afternoon
INV-2024-00286,2024-02-10,16:07,A,Delhi,Member,Male,Groceries,Dry Fruits,921.36,4,0.1,Cash,8.5,755.52,3685.44,368.54400000000004,3316.896,3022.08,294.81600000000026,8.888310034441847,Saturday,February,16,Evening
INV-2024-01962,2024-02-10,16:11,A,Delhi,Normal,Male,Groceries,Dry Fruits,875.97,1,0.1,UPI,9.3,718.3,875.97,87.59700000000001,788.373,718.3,70.07300000000009,8.888305408734201,Saturday,February,16,Evening
INV-2024-00248,2024-02-10,16:21,B,Mumbai,Normal,Male,Clothing,T-Shirt,841.19,1,0.1,UPI,6.3,513.13,841.19,84.11900000000001,757.071,513.13,243.94100000000003,32.22168066139107,Saturday,February,16,Evening
INV-2024-01349,2024-02-10,16:24,C,Bengaluru,Normal,Female,Groceries,Rice 5kg,594.25,2,0.0,Card,4.8,487.29,1188.5,0.0,1188.5,974.58,213.91999999999996,17.999158603281444,Saturday,February,16,Evening
INV-2024-01630,2024-02-10,16:29,C,Bengaluru,Member,Female,Electronics,Smart Watch,3788.71,2,0.2,UPI,8.8,2614.21,7577.42,1515.4840000000002,6061.936,5228.42,833.5159999999996,13.749996700723987,Saturday,February,16,Evening
INV-2024-01038,2024-02-10,16:31,A,Delhi,Normal,Male,Home & Kitchen,Storage Set,658.42,1,0.1,UPI,6.2,434.56,658.42,65.842,592.578,434.56,158.01799999999997,26.666194155031064,Saturday,February,16,Evening
INV-2024-01636,2024-02-10,16:46,B,Mumbai,Member,Female,Groceries,Breakfast Cereal,366.92,5,0.05,UPI,8.9,300.87,1834.6000000000001,91.73000000000002,1742.8700000000001,1504.35,238.5200000000002,13.685472812085825,Saturday,February,16,Evening
INV-2024-01282,2024-02-10,16:50,A,Delhi,Normal,Female,Clothing,Sports Shoes,2460.54,6,0.0,Cash,7.9,1500.93,14763.24,0.0,14763.24,9005.58,5757.66,38.99997561510888,Saturday,February,16,Evening
INV-2024-01708,2024-02-10,16:58,C,Bengaluru,Normal,Male,Groceries,Rice 5kg,612.96,4,0.0,UPI,9.0,502.63,2451.84,0.0,2451.84,2010.52,441.32000000000016,17.99954320020883,Saturday,February,16,Evening
INV-2024-00670,2024-02-10,17:11,B,Mumbai,Normal,Female,Electronics,Bluetooth Speaker,2772.39,3,0.05,Cash,9.2,1912.95,8317.17,415.85850000000005,7901.3115,5738.85,2162.4614999999994,27.36838688108929,Saturday,February,17,Evening
INV-2024-00486,2024-02-10,17:13,A,Delhi,Normal,Male,Clothing,T-Shirt,853.38,1,0.15,UPI,7.7,520.56,853.38,128.007,725.373,520.56,204.8130000000001,28.235542265841175,Saturday,February,17,Evening
INV-2024-00232,2024-02-10,17:15,B,Mumbai,Normal,Female,Groceries,Breakfast Cereal,378.74,1,0.0,Card,7.9,310.57,378.74,0.0,378.74,310.57,68.17000000000002,17.999155093203782,Saturday,February,17,Evening
INV-2024-00687,2024-02-10,17:36,C,Bengaluru,Member,Female,Home & Kitchen,Mixer Grinder,3261.2,3,0.05,UPI,6.8,2152.39,9783.599999999999,489.17999999999995,9294.419999999998,6457.17,2837.249999999998,30.526380344335617,Saturday,February,17,Evening
INV-2024-02281,2024-02-10,17:47,B,Mumbai,Member,Female,Home & Kitchen,Mixer Grinder,3083.34,5,0.05,Card,8.5,2035.0,15416.7,770.835,14645.865000000002,10175.0,4470.865000000002,30.526466002520174,Saturday,February,17,Evening
INV-2024-00312,2024-02-10,18:02,B,Mumbai,Normal,Male,Groceries,Rice 5kg,596.44,3,0.0,Cash,5.9,489.08,1789.3200000000002,0.0,1789.3200000000002,1467.24,322.08000000000015,18.000134129166394,Saturday,February,18,Evening
INV-2024-00944,2024-02-10,18:04,C,Bengaluru,Member,Male,Electronics,Bluetooth Speaker,3019.55,4,0.1,Card,6.9,2083.49,12078.2,1207.8200000000002,10870.380000000001,8333.96,2536.420000000002,23.333314934712508,Saturday,February,18,Evening
INV-2024-02413,2024-02-10,18:29,A,Delhi,Normal,Male,Sports,Fitness Band,1310.09,3,0.1,Cash,8.6,838.46,3930.2699999999995,393.027,3537.2429999999995,2515.38,1021.8629999999994,28.888685340532145,Saturday,February,18,Evening
INV-2024-01210,2024-02-10,18:50,C,Bengaluru,Normal,Female,Sports,Fitness Band,1210.73,3,0.15,Cash,5.7,774.87,3632.19,544.8285,3087.3615,2324.61,762.7514999999999,24.705610275958932,Saturday,February,18,Evening
INV-2024-01849,2024-02-10,19:03,B,Mumbai,Normal,Female,Clothing,Jacket,2906.66,3,0.1,Card,6.8,1773.06,8719.98,871.998,7847.982,5319.18,2528.8019999999997,32.22232161082938,Saturday,February,19,Night
INV-2024-01035,2024-02-10,19:05,C,Bengaluru,Member,Male,Sports,Dumbbell Set,2483.72,4,0.1,Card,8.2,1589.58,9934.88,993.4879999999999,8941.392,6358.32,2583.072,28.888924677499883,Saturday,February,19,Night
INV-2024-01943,2024-02-10,19:12,C,Bengaluru,Member,Female,Electronics,Bluetooth Speaker,2953.89,1,0.2,Card,8.4,2038.18,2953.89,590.778,2363.112,2038.18,324.932,13.750173500028776,Saturday,February,19,Night
INV-2024-02015,2024-02-10,20:06,C,Bengaluru,Normal,Female,Clothing,Jacket,3168.39,2,0.15,Card,10.0,1932.72,6336.78,950.5169999999999,5386.263,3865.44,1520.8229999999999,28.23521614150664,Saturday,February,20,Night
INV-2024-00366,2024-02-10,20:07,C,Bengaluru,Normal,Female,Electronics,Earbuds,2225.17,1,0.05,Cash,7.1,1535.37,2225.17,111.25850000000001,2113.9115,1535.37,578.5415000000003,27.36829332732237,Saturday,February,20,Night
INV-2024-01096,2024-02-10,20:10,A,Delhi,Member,Male,Groceries,Dry Fruits,895.38,4,0.15000000000000002,UPI,8.9,734.21,3581.52,537.2280000000001,3044.292,2936.84,107.45199999999977,3.529621994210798,Saturday,February,20,Night
INV-2024-00881,2024-02-10,20:40,A,Delhi,Member,Female,Groceries,Dry Fruits,934.29,4,0.0,Card,8.5,766.12,3737.16,0.0,3737.16,3064.48,672.6799999999998,17.99976452707403,Saturday,February,20,Night
INV-2024-00844,2024-02-10,21:15,C,Bengaluru,Member,Male,Groceries,Rice 5kg,624.42,2,0.1,Card,7.1,512.02,1248.84,124.884,1123.956,1024.04,99.91599999999994,8.889671837687592,Saturday,February,21,Night
INV-2024-02335,2024-02-11,10:12,B,Mumbai,Member,Female,Clothing,Jeans,1887.64,5,0.1,Card,6.4,1151.46,9438.2,943.8200000000002,8494.380000000001,5757.3,2737.080000000001,32.22224576720138,Sunday,February,10,Morning
INV-2024-02168,2024-02-11,10:19,A,Delhi,Member,Male,Personal Care,Trimmer,1803.61,2,0.0,Cash,8.4,1046.09,3607.22,0.0,3607.22,2092.18,1515.04,42.00021068856349,Sunday,February,10,Morning
INV-2024-01112,2024-02-11,10:32,B,Mumbai,Normal,Female,Electronics,Smart Watch,4119.63,2,0.0,UPI,8.0,2842.54,8239.26,0.0,8239.26,5685.08,2554.1800000000003,31.000114087915666,Sunday,February,10,Morning
INV-2024-01138,2024-02-11,12:10,A,Delhi,Normal,Female,Electronics,Power Bank,1606.61,4,0.0,Card,6.6,1108.56,6426.44,0.0,6426.44,4434.24,1992.1999999999998,31.000056018573268,Sunday,February,12,Afternoon
INV-2024-02355,2024-02-11,12:12,A,Delhi,Normal,Male,Electronics,Power Bank,1395.04,1,0.1,UPI,8.0,962.58,1395.04,139.504,1255.536,962.58,292.956,23.333142179913597,Sunday,February,12,Afternoon
INV-2024-01381,2024-02-11,13:05,B,Mumbai,Normal,Male,Personal Care,Shampoo,477.54,3,0.05,Cash,6.9,276.97,1432.6200000000001,71.63100000000001,1360.989,830.9100000000001,530.079,38.94807379045679,Sunday,February,13,Afternoon
INV-2024-01347,2024-02-11,15:24,B,Mumbai,Member,Female,Clothing,Sports Shoes,2688.92,2,0.05,UPI,7.8,1640.24,5377.84,268.892,5108.948,3280.48,1828.4680000000003,35.7895206606135,Sunday,February,15,Afternoon
INV-2024-00497,2024-02-11,16:09,A,Delhi,Normal,Male,Personal Care,Skin Care Kit,1291.35,2,0.0,UPI,8.9,748.98,2582.7,0.0,2582.7,1497.96,1084.7399999999998,42.00023231501916,Sunday,February,16,Evening
INV-2024-01504,2024-02-11,17:03,B,Mumbai,Normal,Male,Groceries,Cooking Oil,798.04,2,0.1,Cash,7.4,654.39,1596.08,159.608,1436.472,1308.78,127.69200000000001,8.889278732895594,Sunday,February,17,Evening
INV-2024-02065,2024-02-11,17:08,C,Bengaluru,Normal,Male,Electronics,Earbuds,2308.58,1,0.05,Card,9.1,1592.92,2308.58,115.429,2193.151,1592.92,600.2309999999998,27.368430171930697,Sunday,February,17,Evening
INV-2024-00119,2024-02-11,17:15,A,Delhi,Normal,Female,Sports,Dumbbell Set,2547.01,5,0.05,UPI,6.5,1630.09,12735.050000000001,636.7525,12098.2975,8150.45,3947.8475000000008,32.631430166103954,Sunday,February,17,Evening
INV-2024-00477,2024-02-11,17:21,B,Mumbai,Normal,Male,Sports,Yoga Mat,956.94,3,0.05,UPI,8.3,612.44,2870.82,143.54100000000003,2727.279,1837.3200000000002,889.9589999999998,32.63175494696362,Sunday,February,17,Evening
INV-2024-02308,2024-02-11,17:26,A,Delhi,Member,Female,Home & Kitchen,Bedsheet,919.17,1,0.05,UPI,7.5,606.65,919.17,45.9585,873.2115,606.65,266.5615,30.526567733017718,Sunday,February,17,Evening
INV-2024-01380,2024-02-11,17:32,B,Mumbai,Normal,Male,Electronics,Bluetooth Speaker,2646.68,1,0.0,Cash,8.7,1826.21,2646.68,0.0,2646.68,1826.21,820.4699999999998,30.99996977345202,Sunday,February,17,Evening
INV-2024-00250,2024-02-11,17:44,A,Delhi,Normal,Male,Clothing,Jacket,2851.17,3,0.0,UPI,9.7,1739.21,8553.51,0.0,8553.51,5217.63,3335.88,39.00012977128687,Sunday,February,17,Evening
INV-2024-02164,2024-02-11,17:45,C,Bengaluru,Member,Female,Clothing,Jacket,3138.77,4,0.0,UPI,7.9,1914.65,12555.08,0.0,12555.08,7658.6,4896.48,38.99999044211586,Sunday,February,17,Evening
INV-2024-01125,2024-02-11,18:04,A,Delhi,Normal,Female,Clothing,Jacket,2783.62,2,0.05,Card,8.6,1698.01,5567.24,278.362,5288.878,3396.02,1892.8579999999997,35.789405616843496,Sunday,February,18,Evening
INV-2024-01283,2024-02-11,18:04,B,Mumbai,Member,Female,Personal Care,Trimmer,2023.78,2,0.05,Cash,9.3,1173.79,4047.56,202.37800000000001,3845.182,2347.58,1497.6019999999999,38.947493252595066,Sunday,February,18,Evening
INV-2024-01838,2024-02-11,18:08,A,Delhi,Normal,Female,Electronics,Smart Watch,4266.83,2,0.05,Card,7.9,2944.11,8533.66,426.683,8106.977,5888.22,2218.7569999999996,27.36848766192379,Sunday,February,18,Evening
INV-2024-01609,2024-02-11,19:11,A,Delhi,Member,Female,Groceries,Dry Fruits,950.84,3,0.0,Card,7.6,779.69,2852.52,0.0,2852.52,2339.07,513.4499999999998,17.9998737958016,Sunday,February,19,Night
INV-2024-01610,2024-02-11,19:24,B,Mumbai,Normal,Male,Sports,Fitness Band,1381.7,2,0.1,Card,9.0,884.29,2763.4,276.34000000000003,2487.06,1768.58,718.48,28.88872805642003,Sunday,February,19,Night
INV-2024-01238,2024-02-11,19:26,C,Bengaluru,Member,Female,Groceries,Dry Fruits,923.52,3,0.1,Cash,8.1,757.29,2770.56,277.056,2493.504,2271.87,221.63400000000001,8.888455763455765,Sunday,February,19,Night
INV-2024-02034,2024-02-11,19:30,C,Bengaluru,Normal,Male,Sports,Yoga Mat,933.93,2,0.15,Card,6.8,597.72,1867.86,280.179,1587.681,1195.44,392.241,24.70527769747197,Sunday,February,19,Night
INV-2024-00748,2024-02-11,19:46,B,Mumbai,Member,Female,Personal Care,Skin Care Kit,1215.53,2,0.0,UPI,7.1,705.01,2431.06,0.0,2431.06,1410.02,1021.04,41.99978610153596,Sunday,February,19,Night
INV-2024-01481,2024-02-11,19:49,B,Mumbai,Normal,Female,Home & Kitchen,Storage Set,649.78,2,0.1,UPI,6.7,428.85,1299.56,129.956,1169.604,857.7,311.904,26.667487457293237,Sunday,February,19,Night
INV-2024-00722,2024-02-11,19:54,C,Bengaluru,Member,Female,Clothing,T-Shirt,838.29,1,0.2,Cash,7.4,511.36,838.29,167.65800000000002,670.632,511.36,159.27199999999993,23.749537749466167,Sunday,February,19,Night
INV-2024-02260,2024-02-11,21:36,B,Mumbai,Member,Female,Home & Kitchen,Bedsheet,1024.18,4,0.1,UPI,5.0,675.96,4096.72,409.672,3687.0480000000002,2703.84,983.2080000000001,26.666536481217495,Sunday,February,21,Night
INV-2024-01495,2024-02-11,21:50,A,Delhi,Normal,Female,Electronics,Power Bank,1576.23,6,0.1,UPI,8.6,1087.6,9457.380000000001,945.7380000000002,8511.642000000002,6525.599999999999,1986.0420000000022,23.33324169414082,Sunday,February,21,Night
INV-2024-00070,2024-02-12,09:43,A,Delhi,Member,Male,Sports,Yoga Mat,961.84,5,0.1,UPI,8.3,615.58,4809.2,480.92,4328.28,3077.9,1250.3799999999997,28.888611642500017,Monday,February,9,Morning
INV-2024-00962,2024-02-12,10:24,A,Delhi,Member,Female,Clothing,Jeans,1882.16,3,0.1,Card,7.1,1148.12,5646.4800000000005,564.648,5081.832,3444.3599999999997,1637.4720000000007,32.22208054103324,Monday,February,10,Morning
INV-2024-02208,2024-02-12,11:33,B,Mumbai,Normal,Male,Groceries,Rice 5kg,666.88,7,0.05,UPI,6.8,546.84,4668.16,233.40800000000002,4434.7519999999995,3827.88,606.8719999999994,13.68446307707848,Monday,February,11,Morning
INV-2024-01930,2024-02-12,11:36,A,Delhi,Member,Male,Home & Kitchen,Mixer Grinder,3054.76,6,0.05,UPI,9.5,2016.14,18328.56,916.4280000000001,17412.132,12096.84,5315.292000000001,30.526370923445796,Monday,February,11,Morning
INV-2024-02439,2024-02-12,11:59,A,Delhi,Normal,Female,Groceries,Rice 5kg,623.11,2,0.0,Cash,8.1,510.95,1246.22,0.0,1246.22,1021.9,224.32000000000005,18.000032097061517,Monday,February,11,Morning
INV-2024-00610,2024-02-12,12:01,C,Bengaluru,Member,Female,Clothing,Jeans,1682.51,4,0.05,UPI,7.4,1026.33,6730.04,336.502,6393.538,4105.32,2288.218,35.7895425036967,Monday,February,12,Afternoon
INV-2024-01678,2024-02-12,13:41,A,Delhi,Normal,Male,Groceries,Rice 5kg,583.7,1,0.15,UPI,8.1,478.63,583.7,87.555,496.14500000000004,478.63,17.515000000000043,3.5302179806306704,Monday,February,13,Afternoon
INV-2024-01159,2024-02-12,13:43,A,Delhi,Member,Female,Sports,Fitness Band,1219.35,1,0.0,UPI,7.7,780.38,1219.35,0.0,1219.35,780.38,438.9699999999999,36.0003280436298,Monday,February,13,Afternoon
INV-2024-00378,2024-02-12,15:33,A,Delhi,Normal,Male,Groceries,Breakfast Cereal,355.43,3,0.0,UPI,6.5,291.45,1066.29,0.0,1066.29,874.3499999999999,191.94000000000005,18.00073150831388,Monday,February,15,Afternoon
INV-2024-02142,2024-02-12,15:49,A,Delhi,Normal,Male,Home & Kitchen,Storage Set,716.34,6,0.0,UPI,6.5,472.78,4298.04,0.0,4298.04,2836.68,1461.3600000000001,34.00061423346456,Monday,February,15,Afternoon
INV-2024-01872,2024-02-12,16:05,B,Mumbai,Member,Female,Sports,Cricket Bat,1915.23,3,0.1,UPI,6.0,1225.75,5745.6900000000005,574.5690000000001,5171.121,3677.25,1493.871,28.888726448288487,Monday,February,16,Evening
INV-2024-00041,2024-02-12,16:17,B,Mumbai,Member,Male,Groceries,Breakfast Cereal,399.43,5,0.1,Card,8.3,327.53,1997.15,199.71500000000003,1797.435,1637.6499999999999,159.78500000000008,8.889612141746438,Monday,February,16,Evening
INV-2024-01552,2024-02-12,16:24,A,Delhi,Normal,Female,Clothing,T-Shirt,841.21,1,0.1,Card,6.1,513.14,841.21,84.12100000000001,757.089,513.14,243.94900000000007,32.221971260974605,Monday,February,16,Evening
INV-2024-00015,2024-02-12,16:53,A,Delhi,Normal,Male,Personal Care,Shampoo,441.72,2,0.1,Card,5.1,256.2,883.44,88.34400000000001,795.096,512.4,282.696,35.55495185487036,Monday,February,16,Evening
INV-2024-01812,2024-02-12,17:01,A,Delhi,Normal,Female,Home & Kitchen,Mixer Grinder,3544.92,2,0.1,Cash,7.8,2339.65,7089.84,708.984,6380.856,4679.3,1701.5559999999996,26.666578904147027,Monday,February,17,Evening
INV-2024-00400,2024-02-12,17:11,A,Delhi,Member,Male,Groceries,Rice 5kg,602.07,2,0.05,UPI,8.3,493.7,1204.14,60.20700000000001,1143.933,987.4,156.53300000000002,13.68375595423858,Monday,February,17,Evening
INV-2024-00996,2024-02-12,17:11,B,Mumbai,Normal,Male,Electronics,Power Bank,1392.66,1,0.1,UPI,7.8,960.94,1392.66,139.26600000000002,1253.394,960.94,292.45399999999995,23.332966329821264,Monday,February,17,Evening
INV-2024-02014,2024-02-12,17:13,A,Delhi,Normal,Female,Electronics,Smart Watch,4278.85,2,0.05,UPI,6.9,2952.41,8557.7,427.88500000000005,8129.8150000000005,5904.82,2224.995000000001,27.368334949811292,Monday,February,17,Evening
INV-2024-01039,2024-02-12,17:30,A,Delhi,Normal,Male,Home & Kitchen,Storage Set,704.01,4,0.05,UPI,5.9,464.65,2816.04,140.802,2675.238,1858.6,816.6379999999999,30.52580742348905,Monday,February,17,Evening
INV-2024-00550,2024-02-12,17:34,B,Mumbai,Normal,Female,Clothing,Sports Shoes,2689.63,1,0.1,Cash,7.8,1640.67,2689.63,268.963,2420.667,1640.67,779.9969999999998,32.22239985921235,Monday,February,17,Evening
INV-2024-01907,2024-02-12,17:37,A,Delhi,Normal,Female,Groceries,Cooking Oil,734.74,2,0.1,Cash,6.9,602.49,1469.48,146.948,1322.532,1204.98,117.55199999999991,8.888404968651036,Monday,February,17,Evening
INV-2024-00709,2024-02-12,17:42,A,Delhi,Normal,Male,Personal Care,Perfume,1626.28,2,0.05,UPI,6.0,943.24,3252.56,162.62800000000001,3089.932,1886.48,1203.4519999999998,38.94752376427701,Monday,February,17,Evening
INV-2024-00177,2024-02-12,18:04,B,Mumbai,Member,Female,Personal Care,Trimmer,1951.27,6,0.15000000000000002,Cash,7.9,1131.74,11707.619999999999,1756.143,9951.476999999999,6790.4400000000005,3161.0369999999984,31.764500887657164,Monday,February,18,Evening
INV-2024-01467,2024-02-12,18:39,A,Delhi,Member,Male,Clothing,Sports Shoes,2681.77,2,0.1,Card,7.7,1635.88,5363.54,536.354,4827.186,3271.76,1555.4259999999995,32.22220979262037,Monday,February,18,Evening
INV-2024-01477,2024-02-12,18:50,B,Mumbai,Normal,Female,Groceries,Dry Fruits,1003.08,4,0.1,Card,8.4,822.53,4012.32,401.232,3611.088,3290.12,320.9680000000003,8.888401501154231,Monday,February,18,Evening
INV-2024-00002,2024-02-12,19:07,A,Delhi,Member,Female,Groceries,Breakfast Cereal,359.52,3,0.0,Card,9.3,294.81,1078.56,0.0,1078.56,884.4300000000001,194.12999999999988,17.998998664886507,Monday,February,19,Night
INV-2024-01458,2024-02-12,19:42,B,Mumbai,Normal,Female,Groceries,Breakfast Cereal,392.57,2,0.0,Card,7.9,321.91,785.14,0.0,785.14,643.82,141.31999999999994,17.999337697735427,Monday,February,19,Night
INV-2024-00149,2024-02-12,19:51,A,Delhi,Member,Female,Groceries,Cooking Oil,833.76,1,0.0,UPI,9.0,683.68,833.76,0.0,833.76,683.68,150.08000000000004,18.000383803492618,Monday,February,19,Night
INV-2024-02305,2024-02-12,19:57,B,Mumbai,Normal,Female,Electronics,Earbuds,2192.05,2,0.1,Cash,6.5,1512.51,4384.1,438.4100000000001,3945.6900000000005,3025.02,920.6700000000005,23.33356143032018,Monday,February,19,Night
INV-2024-02222,2024-02-13,09:23,B,Mumbai,Member,Male,Groceries,Breakfast Cereal,386.75,2,0.1,Card,7.5,317.14,773.5,77.35000000000001,696.15,634.28,61.870000000000005,8.887452416864182,Tuesday,February,9,Morning
INV-2024-01540,2024-02-13,10:09,B,Mumbai,Member,Male,Electronics,Power Bank,1617.36,2,0.05,Cash,8.3,1115.98,3234.72,161.736,3072.984,2231.96,841.0239999999999,27.36831691932011,Tuesday,February,10,Morning
INV-2024-00684,2024-02-13,10:55,A,Delhi,Normal,Male,Clothing,Jacket,2948.16,5,0.1,Cash,8.8,1798.38,14740.8,1474.08,13266.72,8991.900000000001,4274.819999999998,32.22213177032452,Tuesday,February,10,Morning
INV-2024-02072,2024-02-13,11:01,A,Delhi,Member,Female,Home & Kitchen,Cookware Set,2357.87,2,0.05,Card,8.0,1556.19,4715.74,235.787,4479.9529999999995,3112.38,1367.5729999999994,30.526503291440772,Tuesday,February,11,Morning
INV-2024-01020,2024-02-13,11:36,B,Mumbai,Member,Male,Clothing,T-Shirt,759.81,2,0.1,Card,8.3,463.48,1519.62,151.962,1367.658,926.96,440.69799999999987,32.22282178731817,Tuesday,February,11,Morning
INV-2024-01750,2024-02-13,12:35,B,Mumbai,Member,Male,Groceries,Cooking Oil,824.57,3,0.15,Card,5.7,676.15,2473.71,371.05649999999997,2102.6535,2028.4499999999998,74.20350000000008,3.529040804868709,Tuesday,February,12,Afternoon
INV-2024-01430,2024-02-13,12:51,B,Mumbai,Member,Male,Electronics,Bluetooth Speaker,2753.97,2,0.0,Cash,7.6,1900.24,5507.94,0.0,5507.94,3800.48,1707.4599999999996,30.999974582148678,Tuesday,February,12,Afternoon
INV-2024-02161,2024-02-13,12:55,A,Delhi,Member,Female,Groceries,Cooking Oil,747.54,3,0.1,UPI,7.1,612.98,2242.62,224.262,2018.358,1838.94,179.4179999999999,8.889305068773721,Tuesday,February,12,Afternoon
INV-2024-01289,2024-02-13,14:44,B,Mumbai,Member,Female,Electronics,Power Bank,1411.68,1,0.0,UPI,5.9,974.06,1411.68,0.0,1411.68,974.06,437.6200000000001,30.99994332993314,Tuesday,February,14,Afternoon
INV-2024-02471,2024-02-13,14:50,B,Mumbai,Member,Female,Clothing,T-Shirt,765.1,2,0.05,Card,6.9,466.71,1530.2,76.51,1453.69,933.42,520.2700000000001,35.78961126512531,Tuesday,February,14,Afternoon
INV-2024-01890,2024-02-13,15:01,C,Bengaluru,Member,Female,Sports,Fitness Band,1203.48,5,0.05,Card,8.0,770.23,6017.4,300.87,5716.53,3851.15,1865.3799999999997,32.63133404355439,Tuesday,February,15,Afternoon
INV-2024-00592,2024-02-13,17:04,A,Delhi,Normal,Female,Electronics,Bluetooth Speaker,2897.23,2,0.1,Cash,10.0,1999.09,5794.46,579.446,5215.014,3998.18,1216.8340000000003,23.333283477283096,Tuesday,February,17,Evening
INV-2024-01191,2024-02-13,17:07,B,Mumbai,Normal,Male,Home & Kitchen,Bedsheet,1055.23,3,0.05,UPI,7.0,696.45,3165.69,158.2845,3007.4055,2089.3500000000004,918.0554999999995,30.526495346237798,Tuesday,February,17,Evening
INV-2024-00093,2024-02-13,18:23,C,Bengaluru,Member,Male,Groceries,Dry Fruits,983.82,4,0.05,UPI,8.4,806.73,3935.28,196.764,3738.516,3226.92,511.596,13.684467312698406,Tuesday,February,18,Evening
INV-2024-01833,2024-02-13,18:26,B,Mumbai,Member,Female,Groceries,Rice 5kg,650.68,2,0.05,UPI,8.7,533.56,1301.36,65.068,1236.292,1067.12,169.17200000000003,13.683822268525562,Tuesday,February,18,Evening
INV-2024-01401,2024-02-13,18:46,B,Mumbai,Member,Female,Home & Kitchen,Mixer Grinder,3441.08,1,0.0,Cash,6.7,2271.11,3441.08,0.0,3441.08,2271.11,1169.9699999999998,34.0000813698025,Tuesday,February,18,Evening
INV-2024-01808,2024-02-13,18:47,B,Mumbai,Member,Male,Electronics,Earbuds,2061.71,1,0.15,Card,9.3,1422.58,2061.71,309.2565,1752.4535,1422.58,329.87350000000015,18.82352370547921,Tuesday,February,18,Evening
INV-2024-01906,2024-02-13,18:49,C,Bengaluru,Member,Male,Home & Kitchen,Cookware Set,2275.54,1,0.1,Cash,9.6,1501.86,2275.54,227.554,2047.9859999999999,1501.86,546.126,26.666490884215026,Tuesday,February,18,Evening
INV-2024-00107,2024-02-13,19:05,B,Mumbai,Member,Male,Clothing,T-Shirt,800.47,1,0.0,UPI,5.7,488.29,800.47,0.0,800.47,488.29,312.18,38.999587742201456,Tuesday,February,19,Night
INV-2024-02053,2024-02-13,19:30,A,Delhi,Member,Male,Home & Kitchen,Bedsheet,938.15,2,0.0,Card,7.8,619.18,1876.3,0.0,1876.3,1238.36,637.94,33.99989340723765,Tuesday,February,19,Night
INV-2024-02047,2024-02-13,19:35,A,Delhi,Normal,Female,Home & Kitchen,Mixer Grinder,3235.95,2,0.05,Card,7.8,2135.73,6471.9,323.595,6148.304999999999,4271.46,1876.8449999999993,30.526218201601896,Tuesday,February,19,Night
INV-2024-01778,2024-02-13,19:40,A,Delhi,Member,Male,Electronics,Smart Watch,3692.01,3,0.05,UPI,8.1,2547.49,11076.03,553.8015,10522.228500000001,7642.469999999999,2879.7585000000017,27.368332668312622,Tuesday,February,19,Night
INV-2024-00945,2024-02-13,19:53,B,Mumbai,Member,Male,Groceries,Rice 5kg,571.07,4,0.15,UPI,7.9,468.28,2284.28,342.642,1941.6380000000001,1873.12,68.51800000000026,3.528876134480282,Tuesday,February,19,Night
INV-2024-00010,2024-02-13,20:13,B,Mumbai,Member,Female,Clothing,Sports Shoes,2407.49,4,0.1,Cash,5.0,1468.57,9629.96,962.996,8666.964,5874.28,2792.684,32.22217145473317,Tuesday,February,20,Night
INV-2024-01073,2024-02-13,20:45,B,Mumbai,Normal,Male,Groceries,Rice 5kg,580.96,2,0.0,UPI,6.2,476.39,1161.92,0.0,1161.92,952.78,209.1400000000001,17.99951803910769,Tuesday,February,20,Night
INV-2024-00546,2024-02-13,21:08,C,Bengaluru,Normal,Female,Groceries,Rice 5kg,663.01,1,0.0,Card,7.4,543.67,663.01,0.0,663.01,543.67,119.34000000000003,17.999728510882193,Tuesday,February,21,Night
INV-2024-02002,2024-02-13,21:45,A,Delhi,Normal,Female,Personal Care,Perfume,1564.34,3,0.05,UPI,5.8,907.32,4693.0199999999995,234.65099999999998,4458.369,2721.96,1736.4089999999997,38.94718001134495,Tuesday,February,21,Night
INV-2024-01566,2024-02-14,10:40,B,Mumbai,Member,Female,Groceries,Cooking Oil,805.03,3,0.15,Card,7.6,660.12,2415.09,362.2635,2052.8265,1980.3600000000001,72.4665,3.530084008560879,Wednesday,February,10,Morning
INV-2024-01137,2024-02-14,11:55,A,Delhi,Normal,Male,Clothing,Jeans,1753.37,3,0.0,Cash,7.1,1069.56,5260.11,0.0,5260.11,3208.68,2051.43,38.99975475798035,Wednesday,February,11,Morning
INV-2024-01010,2024-02-14,14:11,B,Mumbai,Member,Male,Electronics,Bluetooth Speaker,2970.0,5,0.2,UPI,8.6,2049.3,14850.0,2970.0,11880.0,10246.5,1633.5,13.750000000000002,Wednesday,February,14,Afternoon
INV-2024-00760,2024-02-14,14:16,A,Delhi,Normal,Female,Electronics,Power Bank,1579.94,2,0.1,UPI,7.9,1090.16,3159.88,315.98800000000006,2843.892,2180.32,663.5719999999997,23.333234876711202,Wednesday,February,14,Afternoon
INV-2024-00396,2024-02-14,15:32,C,Bengaluru,Normal,Female,Clothing,Jeans,1935.17,1,0.0,UPI,6.3,1180.45,1935.17,0.0,1935.17,1180.45,754.72,39.00019119767256,Wednesday,February,15,Afternoon
INV-2024-01358,2024-02-14,15:49,B,Mumbai,Member,Male,Groceries,Dry Fruits,914.71,4,0.0,UPI,9.8,750.06,3658.84,0.0,3658.84,3000.24,658.6000000000004,18.000240513386764,Wednesday,February,15,Afternoon
INV-2024-01291,2024-02-14,16:30,C,Bengaluru,Member,Female,Clothing,T-Shirt,768.59,2,0.15,UPI,8.2,468.84,1537.18,230.577,1306.603,937.68,368.9230000000001,28.235278810778798,Wednesday,February,16,Evening
INV-2024-00088,2024-02-14,17:10,B,Mumbai,Normal,Female,Clothing,Sports Shoes,2451.4,1,0.15,UPI,7.5,1495.35,2451.4,367.71,2083.69,1495.35,588.3400000000001,28.23548608478229,Wednesday,February,17,Evening
INV-2024-01646,2024-02-14,17:15,B,Mumbai,Normal,Male,Home & Kitchen,Cookware Set,2582.75,3,0.15,Card,9.6,1704.61,7748.25,1162.2375,6586.0125,5113.83,1472.1825,22.35316893188405,Wednesday,February,17,Evening
INV-2024-00111,2024-02-14,17:19,A,Delhi,Member,Female,Electronics,Smart Watch,3944.79,4,0.1,UPI,7.5,2721.91,15779.16,1577.9160000000002,14201.243999999999,10887.64,3313.6039999999994,23.333195317255303,Wednesday,February,17,Evening
INV-2024-00399,2024-02-14,17:32,A,Delhi,Member,Male,Groceries,Dry Fruits,997.92,3,0.1,Card,6.6,818.29,2993.7599999999998,299.376,2694.384,2454.87,239.51400000000012,8.88937879678621,Wednesday,February,17,Evening
INV-2024-01090,2024-02-14,17:33,A,Delhi,Member,Male,Electronics,Power Bank,1429.25,3,0.05,UPI,6.7,986.18,4287.75,214.38750000000002,4073.3625,2958.54,1114.8225000000002,27.36860517569944,Wednesday,February,17,Evening
INV-2024-02212,2024-02-14,17:43,A,Delhi,Normal,Male,Personal Care,Skin Care Kit,1166.07,1,0.0,Card,8.3,676.32,1166.07,0.0,1166.07,676.32,489.7499999999999,42.00005145488692,Wednesday,February,17,Evening
INV-2024-02263,2024-02-14,17:45,A,Delhi,Normal,Male,Electronics,Bluetooth Speaker,2973.51,1,0.05,Card,7.9,2051.72,2973.51,148.67550000000003,2824.8345000000004,2051.72,773.1145000000006,27.36848831320916,Wednesday,February,17,Evening
INV-2024-00783,2024-02-14,17:52,A,Delhi,Normal,Female,Personal Care,Trimmer,1913.55,1,0.2,UPI,6.2,1109.86,1913.55,382.71000000000004,1530.84,1109.86,420.98,27.49993467638682,Wednesday,February,17,Evening
INV-2024-00306,2024-02-14,17:58,A,Delhi,Member,Male,Sports,Yoga Mat,964.02,1,0.0,UPI,8.2,616.97,964.02,0.0,964.02,616.97,347.04999999999995,36.000290450405586,Wednesday,February,17,Evening
INV-2024-01365,2024-02-14,18:44,B,Mumbai,Normal,Male,Home & Kitchen,Bedsheet,970.83,4,0.0,UPI,8.3,640.75,3883.32,0.0,3883.32,2563.0,1320.3200000000002,33.99977338977988,Wednesday,February,18,Evening
INV-2024-00253,2024-02-14,18:52,A,Delhi,Member,Female,Sports,Fitness Band,1262.3,1,0.05,Cash,9.9,807.87,1262.3,63.115,1199.185,807.87,391.31499999999994,32.63174572730646,Wednesday,February,18,Evening
INV-2024-02025,2024-02-14,19:06,C,Bengaluru,Member,Male,Home & Kitchen,Storage Set,693.68,1,0.1,UPI,9.3,457.83,693.68,69.368,624.3119999999999,457.83,166.4819999999999,26.66647445508014,Wednesday,February,19,Night
INV-2024-02371,2024-02-14,19:58,C,Bengaluru,Normal,Male,Groceries,Cooking Oil,773.89,5,0.1,UPI,8.8,634.59,3869.45,386.945,3482.5049999999997,3172.9500000000003,309.5549999999994,8.88886017392651,Wednesday,February,19,Night
INV-2024-00458,2024-02-14,20:18,A,Delhi,Normal,Male,Sports,Fitness Band,1234.07,5,0.1,Card,9.0,789.8,6170.349999999999,617.035,5553.315,3949.0,1604.3149999999996,28.889321063184774,Wednesday,February,20,Night
INV-2024-00057,2024-02-14,20:19,A,Delhi,Member,Male,Electronics,Power Bank,1413.27,6,0.05,Card,8.9,975.16,8479.619999999999,423.981,8055.638999999999,5850.96,2204.678999999999,27.368145469279337,Wednesday,February,20,Night
INV-2024-01508,2024-02-14,20:34,A,Delhi,Normal,Female,Sports,Yoga Mat,959.0,1,0.1,Cash,7.3,613.76,959.0,95.9,863.1,613.76,249.34000000000003,28.888888888888893,Wednesday,February,20,Night
INV-2024-00729,2024-02-14,21:11,B,Mumbai,Member,Female,Home & Kitchen,Bedsheet,1013.28,4,0.1,Card,7.1,668.76,4053.12,405.312,3647.808,2675.04,972.768,26.667193010158428,Wednesday,February,21,Night
INV-2024-01942,2024-02-14,21:46,B,Mumbai,Normal,Male,Home & Kitchen,Storage Set,678.79,3,0.15,UPI,7.0,448.0,2036.37,305.4555,1730.9144999999999,1344.0,386.91449999999986,22.353183822771136,Wednesday,February,21,Night
INV-2024-01002,2024-02-14,21:55,B,Mumbai,Member,Male,Groceries,Cooking Oil,829.08,2,0.05,UPI,6.4,679.85,1658.16,82.90800000000002,1575.252,1359.7,215.5519999999999,13.683651885539577,Wednesday,February,21,Night
INV-2024-01423,2024-02-14,21:57,C,Bengaluru,Member,Female,Groceries,Dry Fruits,979.93,5,0.05,UPI,5.8,803.54,4899.65,244.9825,4654.6675,4017.7,636.9674999999997,13.684489815867618,Wednesday,February,21,Night
INV-2024-01705,2024-02-15,10:36,C,Bengaluru,Normal,Female,Home & Kitchen,Storage Set,727.45,4,0.0,Card,7.4,480.12,2909.8,0.0,2909.8,1920.48,989.3200000000002,33.999587600522375,Thursday,February,10,Morning
INV-2024-00901,2024-02-15,11:48,A,Delhi,Member,Male,Groceries,Cooking Oil,795.52,1,0.0,Card,8.6,652.33,795.52,0.0,795.52,652.33,143.18999999999994,17.999547465808522,Thursday,February,11,Morning
INV-2024-00035,2024-02-15,12:25,B,Mumbai,Normal,Female,Clothing,Jacket,3070.39,2,0.2,Cash,8.8,1872.94,6140.78,1228.156,4912.624,3745.88,1166.7439999999997,23.749914505974807,Thursday,February,12,Afternoon
INV-2024-00027,2024-02-15,13:14,A,Delhi,Normal,Female,Electronics,Power Bank,1588.52,1,0.0,UPI,6.1,1096.08,1588.52,0.0,1588.52,1096.08,492.44000000000005,30.999924457986054,Thursday,February,13,Afternoon
INV-2024-01831,2024-02-15,14:18,A,Delhi,Normal,Male,Groceries,Breakfast Cereal,408.59,6,0.1,Cash,6.3,335.04,2451.54,245.154,2206.386,2010.2400000000002,196.14599999999973,8.889922252951193,Thursday,February,14,Afternoon
INV-2024-00624,2024-02-15,14:23,A,Delhi,Member,Male,Personal Care,Shampoo,420.68,1,0.1,Card,10.0,243.99,420.68,42.068000000000005,378.612,243.99,134.622,35.556717695160216,Thursday,February,14,Afternoon
INV-2024-00856,2024-02-15,14:24,B,Mumbai,Normal,Male,Clothing,Jeans,1706.47,1,0.05,Card,8.9,1040.95,1706.47,85.32350000000001,1621.1465,1040.95,580.1965,35.78927012456924,Thursday,February,14,Afternoon
INV-2024-01977,2024-02-15,14:35,A,Delhi,Normal,Female,Groceries,Cooking Oil,823.79,3,0.15,Card,8.8,675.51,2471.37,370.7055,2100.6645,2026.53,74.13449999999989,3.5290975784091128,Thursday,February,14,Afternoon
INV-2024-00884,2024-02-15,14:53,C,Bengaluru,Normal,Male,Electronics,Earbuds,2123.63,2,0.0,UPI,6.4,1465.3,4247.26,0.0,4247.26,2930.6,1316.6600000000003,31.000221319156356,Thursday,February,14,Afternoon
INV-2024-00062,2024-02-15,15:35,A,Delhi,Normal,Male,Personal Care,Trimmer,1847.53,1,0.0,Card,7.9,1071.57,1847.53,0.0,1847.53,1071.57,775.96,41.999859271567985,Thursday,February,15,Afternoon
INV-2024-02090,2024-02-15,15:37,C,Bengaluru,Member,Female,Groceries,Breakfast Cereal,392.22,2,0.1,Card,9.0,321.62,784.44,78.44400000000002,705.9960000000001,643.24,62.756000000000085,8.889002203978503,Thursday,February,15,Afternoon
INV-2024-01780,2024-02-15,15:50,B,Mumbai,Normal,Female,Personal Care,Skin Care Kit,1111.83,1,0.1,Card,7.1,644.86,1111.83,111.18299999999999,1000.6469999999999,644.86,355.7869999999999,35.55569546503411,Thursday,February,15,Afternoon
INV-2024-01488,2024-02-15,15:54,C,Bengaluru,Member,Female,Personal Care,Shampoo,437.23,3,0.1,Card,6.7,253.59,1311.69,131.169,1180.521,760.77,419.751,35.55641958084608,Thursday,February,15,Afternoon
INV-2024-00984,2024-02-15,15:56,B,Mumbai,Member,Female,Clothing,Jeans,1807.35,5,0.1,Cash,9.5,1102.48,9036.75,903.6750000000001,8133.075,5512.4,2620.675,32.22243739299097,Thursday,February,15,Afternoon
INV-2024-01818,2024-02-15,16:00,B,Mumbai,Member,Female,Groceries,Breakfast Cereal,393.19,2,0.0,UPI,6.0,322.42,786.38,0.0,786.38,644.84,141.53999999999996,17.998931814135656,Thursday,February,16,Evening
INV-2024-01177,2024-02-15,16:16,C,Bengaluru,Normal,Female,Clothing,Jacket,3009.44,2,0.1,UPI,7.1,1835.76,6018.88,601.888,5416.992,3671.52,1745.4720000000002,32.22216314884719,Thursday,February,16,Evening
INV-2024-00355,2024-02-15,16:53,B,Mumbai,Normal,Female,Sports,Fitness Band,1365.12,5,0.0,UPI,8.5,873.68,6825.599999999999,0.0,6825.599999999999,4368.4,2457.2,35.99976558837319,Thursday,February,16,Evening
INV-2024-00977,2024-02-15,16:57,B,Mumbai,Normal,Female,Sports,Fitness Band,1360.58,5,0.1,UPI,7.2,870.77,6802.9,680.29,6122.61,4353.85,1768.7599999999993,28.888986886311546,Thursday,February,16,Evening
INV-2024-01969,2024-02-15,17:24,C,Bengaluru,Member,Male,Electronics,Earbuds,2308.82,2,0.05,Card,8.5,1593.09,4617.64,230.88200000000003,4386.758000000001,3186.18,1200.5780000000009,27.368229567256748,Thursday,February,17,Evening
INV-2024-01643,2024-02-15,17:42,A,Delhi,Member,Female,Personal Care,Perfume,1526.53,1,0.15000000000000002,Card,8.7,885.39,1526.53,228.97950000000003,1297.5504999999998,885.39,412.16049999999984,31.764505504795377,Thursday,February,17,Evening
INV-2024-01227,2024-02-15,17:53,A,Delhi,Member,Female,Electronics,Bluetooth Speaker,2831.11,4,0.1,Cash,9.5,1953.47,11324.44,1132.4440000000002,10191.996000000001,7813.88,2378.116000000001,23.333172422752135,Thursday,February,17,Evening
INV-2024-01013,2024-02-15,18:02,C,Bengaluru,Member,Female,Personal Care,Shampoo,459.42,1,0.05,Card,7.7,266.46,459.42,22.971000000000004,436.449,266.46,169.98900000000003,38.94819325969358,Thursday,February,18,Evening
INV-2024-02303,2024-02-15,18:47,C,Bengaluru,Normal,Female,Personal Care,Trimmer,1903.02,1,0.1,UPI,8.8,1103.75,1903.02,190.30200000000002,1712.7179999999998,1103.75,608.9679999999998,35.55564897432034,Thursday,February,18,Evening
INV-2024-00145,2024-02-15,19:10,A,Delhi,Member,Female,Personal Care,Perfume,1663.24,3,0.0,UPI,8.3,964.68,4989.72,0.0,4989.72,2894.04,2095.6800000000003,41.99995190110869,Thursday,February,19,Night
INV-2024-01545,2024-02-15,19:32,C,Bengaluru,Member,Male,Clothing,Jeans,1713.28,1,0.1,Card,4.0,1045.1,1713.28,171.328,1541.952,1045.1,496.8520000000001,32.22227410451169,Thursday,February,19,Night
INV-2024-00551,2024-02-15,20:08,A,Delhi,Member,Female,Electronics,Bluetooth Speaker,2862.72,6,0.15,Card,5.7,1975.28,17176.32,2576.448,14599.872,11851.68,2748.191999999999,18.82339790376244,Thursday,February,20,Night
INV-2024-01322,2024-02-15,20:52,B,Mumbai,Member,Male,Clothing,Jeans,1689.88,5,0.05,Card,8.5,1030.83,8449.400000000001,422.4700000000001,8026.930000000001,5154.15,2872.7800000000016,35.78927435520182,Thursday,February,20,Night
INV-2024-00237,2024-02-15,21:20,A,Delhi,Normal,Female,Home & Kitchen,Bedsheet,964.12,1,0.0,UPI,8.2,636.32,964.12,0.0,964.12,636.32,327.79999999999995,33.99991702277724,Thursday,February,21,Night
INV-2024-00601,2024-02-16,11:08,B,Mumbai,Member,Male,Clothing,Jacket,3154.82,1,0.1,UPI,6.8,1924.44,3154.82,315.482,2839.338,1924.44,914.8980000000001,32.22222926611767,Friday,February,11,Morning
INV-2024-00384,2024-02-16,12:00,A,Delhi,Member,Male,Personal Care,Trimmer,1971.48,1,0.0,Card,7.7,1143.46,1971.48,0.0,1971.48,1143.46,828.02,41.99991884269686,Friday,February,12,Afternoon
INV-2024-00904,2024-02-16,12:24,A,Delhi,Normal,Female,Home & Kitchen,Storage Set,725.56,1,0.05,Card,7.2,478.87,725.56,36.278,689.2819999999999,478.87,210.41199999999992,30.526257758072884,Friday,February,12,Afternoon
INV-2024-01528,2024-02-16,12:32,A,Delhi,Member,Female,Groceries,Rice 5kg,617.41,2,0.05,UPI,6.6,506.28,1234.82,61.741,1173.079,1012.56,160.519,13.683562658610377,Friday,February,12,Afternoon
INV-2024-00472,2024-02-16,12:45,C,Bengaluru,Member,Female,Clothing,Jacket,2962.68,6,0.05,UPI,8.3,1807.23,17776.079999999998,888.804,16887.275999999998,10843.380000000001,6043.895999999997,35.789644226813124,Friday,February,12,Afternoon
INV-2024-00573,2024-02-16,13:42,C,Bengaluru,Normal,Female,Groceries,Dry Fruits,939.34,5,0.05,Card,10.0,770.26,4696.7,234.835,4461.865,3851.3,610.5649999999996,13.684076053399185,Friday,February,13,Afternoon
INV-2024-01749,2024-02-16,13:49,C,Bengaluru,Normal,Male,Groceries,Dry Fruits,931.62,4,0.05,Cash,10.0,763.93,3726.48,186.324,3540.156,3055.72,484.43600000000015,13.684029743322052,Friday,February,13,Afternoon
INV-2024-00754,2024-02-16,14:03,A,Delhi,Normal,Female,Sports,Fitness Band,1329.92,1,0.1,Card,6.3,851.15,1329.92,132.99200000000002,1196.928,851.15,345.77800000000013,28.888788632231854,Friday,February,14,Afternoon
INV-2024-01089,2024-02-16,14:19,A,Delhi,Normal,Male,Clothing,Jeans,1821.27,1,0.0,Card,7.2,1110.97,1821.27,0.0,1821.27,1110.97,710.3,39.00025806168223,Friday,February,14,Afternoon
INV-2024-01343,2024-02-16,15:06,A,Delhi,Normal,Male,Groceries,Breakfast Cereal,399.7,2,0.1,Card,7.7,327.75,799.4,79.94,719.46,655.5,63.960000000000036,8.890000833958807,Friday,February,15,Afternoon
INV-2024-00966,2024-02-16,15:10,A,Delhi,Normal,Male,Groceries,Dry Fruits,927.52,1,0.1,Cash,7.4,760.57,927.52,92.75200000000001,834.768,760.57,74.19799999999998,8.888457631341879,Friday,February,15,Afternoon
INV-2024-01480,2024-02-16,15:18,A,Delhi,Normal,Female,Electronics,Smart Watch,4093.42,2,0.0,Card,6.6,2824.46,8186.84,0.0,8186.84,5648.92,2537.92,30.999995114109964,Friday,February,15,Afternoon
INV-2024-01536,2024-02-16,15:30,A,Delhi,Member,Male,Groceries,Breakfast Cereal,386.36,1,0.2,Cash,6.4,316.82,386.36,77.272,309.088,316.82,-7.731999999999971,-2.5015529557925156,Friday,February,15,Afternoon
INV-2024-00710,2024-02-16,15:41,B,Mumbai,Normal,Female,Clothing,T-Shirt,761.68,2,0.1,UPI,9.1,464.62,1523.36,152.33599999999998,1371.024,929.24,441.7839999999999,32.22292242878315,Friday,February,15,Afternoon
INV-2024-01995,2024-02-16,16:06,A,Delhi,Member,Female,Home & Kitchen,Cookware Set,2478.65,2,0.15,Card,9.0,1635.91,4957.3,743.595,4213.705,3271.82,941.8849999999998,22.35289371230306,Friday,February,16,Evening
INV-2024-00322,2024-02-16,16:16,C,Bengaluru,Member,Male,Clothing,Sports Shoes,2334.61,3,0.05,UPI,7.4,1424.11,7003.83,350.1915,6653.6385,4272.33,2381.3085,35.789568369246396,Friday,February,16,Evening
INV-2024-00311,2024-02-16,16:20,B,Mumbai,Normal,Female,Groceries,Breakfast Cereal,409.83,2,0.05,UPI,7.8,336.06,819.66,40.983000000000004,778.6769999999999,672.12,106.5569999999999,13.684364633859728,Friday,February,16,Evening
INV-2024-01631,2024-02-16,16:27,B,Mumbai,Normal,Female,Electronics,Earbuds,2235.74,3,0.2,Card,7.9,1542.66,6707.219999999999,1341.444,5365.776,4627.9800000000005,737.7959999999994,13.750033545940035,Friday,February,16,Evening
INV-2024-00038,2024-02-16,16:33,C,Bengaluru,Normal,Male,Electronics,Bluetooth Speaker,2684.63,1,0.0,UPI,7.5,1852.39,2684.63,0.0,2684.63,1852.39,832.24,31.00017507068013,Friday,February,16,Evening
INV-2024-00138,2024-02-16,16:35,C,Bengaluru,Member,Female,Groceries,Breakfast Cereal,410.19,4,0.2,Card,7.1,336.36,1640.76,328.15200000000004,1312.608,1345.44,-32.83200000000011,-2.50127989468296,Friday,February,16,Evening
INV-2024-02363,2024-02-16,16:46,C,Bengaluru,Member,Male,Groceries,Cooking Oil,782.23,2,0.05,UPI,7.5,641.43,1564.46,78.22300000000001,1486.237,1282.86,203.37700000000018,13.684022131059862,Friday,February,16,Evening
INV-2024-01569,2024-02-16,16:54,B,Mumbai,Normal,Male,Clothing,Jeans,1909.87,4,0.0,UPI,7.8,1165.02,7639.48,0.0,7639.48,4660.08,2979.3999999999996,39.00003665170927,Friday,February,16,Evening
INV-2024-02214,2024-02-16,17:43,C,Bengaluru,Member,Female,Home & Kitchen,Storage Set,653.2,6,0.0,Card,9.4,431.11,3919.2000000000003,0.0,3919.2000000000003,2586.66,1332.5400000000004,34.00030618493571,Friday,February,17,Evening
INV-2024-01828,2024-02-16,17:56,A,Delhi,Normal,Male,Groceries,Cooking Oil,744.12,1,0.15,UPI,7.8,610.18,744.12,111.618,632.502,610.18,22.322000000000003,3.52915880107889,Friday,February,17,Evening
INV-2024-01937,2024-02-16,18:03,C,Bengaluru,Normal,Female,Sports,Yoga Mat,872.16,2,0.15,UPI,7.6,558.18,1744.32,261.64799999999997,1482.672,1116.36,366.3120000000001,24.706206092783848,Friday,February,18,Evening
INV-2024-02056,2024-02-16,18:06,B,Mumbai,Normal,Female,Home & Kitchen,Mixer Grinder,3387.38,3,0.0,UPI,7.7,2235.67,10162.14,0.0,10162.14,6707.01,3455.129999999999,34.00002361707278,Friday,February,18,Evening
INV-2024-01422,2024-02-16,18:36,C,Bengaluru,Member,Female,Electronics,Bluetooth Speaker,2749.27,3,0.05,Cash,6.9,1897.0,8247.81,412.3905,7835.4195,5691.0,2144.4195,27.368279388231866,Friday,February,18,Evening
INV-2024-01490,2024-02-16,18:48,B,Mumbai,Normal,Female,Personal Care,Shampoo,484.62,3,0.0,Card,8.0,281.08,1453.8600000000001,0.0,1453.8600000000001,843.24,610.6200000000001,41.99991746110355,Friday,February,18,Evening
INV-2024-01228,2024-02-16,19:13,C,Bengaluru,Normal,Male,Clothing,Jacket,2868.39,2,0.15,Cash,8.2,1749.72,5736.78,860.5169999999999,4876.263,3499.44,1376.8229999999999,28.235207986115597,Friday,February,19,Night
INV-2024-02058,2024-02-16,19:20,B,Mumbai,Member,Male,Clothing,Sports Shoes,2511.46,3,0.0,Card,7.9,1531.99,7534.38,0.0,7534.38,4595.97,2938.41,39.000023890486005,Friday,February,19,Night
INV-2024-01923,2024-02-16,19:35,C,Bengaluru,Normal,Female,Electronics,Power Bank,1429.77,6,0.0,UPI,7.3,986.54,8578.619999999999,0.0,8578.619999999999,5919.24,2659.379999999999,31.000090923714996,Friday,February,19,Night
INV-2024-02445,2024-02-16,20:32,C,Bengaluru,Member,Female,Groceries,Dry Fruits,895.95,2,0.1,Cash,10.0,734.68,1791.9,179.19000000000003,1612.71,1469.36,143.35000000000014,8.888764874031917,Friday,February,20,Night
INV-2024-00487,2024-02-16,20:57,C,Bengaluru,Member,Female,Electronics,Earbuds,2160.74,1,0.0,UPI,8.3,1490.91,2160.74,0.0,2160.74,1490.91,669.8299999999997,31.000027768264566,Friday,February,20,Night
INV-2024-00142,2024-02-17,09:23,B,Mumbai,Member,Male,Personal Care,Shampoo,482.19,2,0.05,UPI,6.8,279.67,964.38,48.219,916.161,559.34,356.8209999999999,38.94741208150096,Saturday,February,9,Morning
INV-2024-00141,2024-02-17,09:26,B,Mumbai,Normal,Male,Clothing,Jeans,1784.87,1,0.15,UPI,6.8,1088.77,1784.87,267.73049999999995,1517.1395,1088.77,428.3695,28.235340257108852,Saturday,February,9,Morning
INV-2024-00558,2024-02-17,10:07,C,Bengaluru,Normal,Female,Home & Kitchen,Bedsheet,976.72,2,0.0,UPI,5.2,644.64,1953.44,0.0,1953.44,1289.28,664.1600000000001,33.99950855925957,Saturday,February,10,Morning
INV-2024-01270,2024-02-17,10:25,A,Delhi,Normal,Female,Clothing,Jeans,1857.23,3,0.0,UPI,6.5,1132.91,5571.6900000000005,0.0,5571.6900000000005,3398.7300000000005,2172.96,39.0000161530882,Saturday,February,10,Morning
INV-2024-00959,2024-02-17,10:38,A,Delhi,Normal,Female,Groceries,Cooking Oil,766.83,1,0.05,Card,7.2,628.8,766.83,38.3415,728.4885,628.8,99.68850000000009,13.684292888631747,Saturday,February,10,Morning
INV-2024-01822,2024-02-17,10:54,A,Delhi,Member,Male,Sports,Dumbbell Set,2668.87,4,0.0,Cash,6.3,1708.08,10675.48,0.0,10675.48,6832.32,3843.16,35.99988009906814,Saturday,February,10,Morning
INV-2024-00907,2024-02-17,12:57,B,Mumbai,Normal,Female,Groceries,Breakfast Cereal,360.84,4,0.0,Card,9.5,295.89,1443.36,0.0,1443.36,1183.56,259.79999999999995,17.99966744263385,Saturday,February,12,Afternoon
INV-2024-01479,2024-02-17,13:23,B,Mumbai,Normal,Female,Clothing,Jeans,1929.24,3,0.0,Card,7.8,1176.84,5787.72,0.0,5787.72,3530.5199999999995,2257.2000000000007,38.999813398022035,Saturday,February,13,Afternoon
INV-2024-00222,2024-02-17,13:33,A,Delhi,Member,Female,Clothing,Sports Shoes,2369.13,2,0.2,Cash,6.2,1445.17,4738.26,947.652,3790.608,2890.34,900.268,23.74996306661095,Saturday,February,13,Afternoon
INV-2024-01321,2024-02-17,14:10,B,Mumbai,Normal,Female,Clothing,T-Shirt,851.59,1,0.2,Card,8.6,519.47,851.59,170.318,681.272,519.47,161.80200000000002,23.749985321574936,Saturday,February,14,Afternoon
INV-2024-01570,2024-02-17,14:10,C,Bengaluru,Normal,Male,Clothing,Sports Shoes,2678.8,3,0.1,Card,7.3,1634.07,8036.400000000001,803.6400000000001,7232.76,4902.21,2330.55,32.22213926633816,Saturday,February,14,Afternoon
INV-2024-00560,2024-02-17,14:23,B,Mumbai,Normal,Female,Groceries,Rice 5kg,642.84,2,0.05,UPI,8.3,527.13,1285.68,64.284,1221.396,1054.26,167.13599999999997,13.68401402984781,Saturday,February,14,Afternoon
INV-2024-01830,2024-02-17,15:33,C,Bengaluru,Member,Female,Personal Care,Trimmer,1981.91,2,0.1,UPI,8.1,1149.51,3963.82,396.38200000000006,3567.438,2299.02,1268.4180000000001,35.55543221774282,Saturday,February,15,Afternoon
INV-2024-02304,2024-02-17,15:50,A,Delhi,Normal,Male,Clothing,T-Shirt,788.46,5,0.05,UPI,9.0,480.96,3942.3,197.115,3745.1850000000004,2404.7999999999997,1340.3850000000007,35.7895537870626,Saturday,February,15,Afternoon
INV-2024-00622,2024-02-17,16:23,A,Delhi,Normal,Male,Groceries,Rice 5kg,592.67,2,0.05,Cash,9.0,485.99,1185.34,59.266999999999996,1126.0729999999999,971.98,154.09299999999985,13.684103961288466,Saturday,February,16,Evening
INV-2024-02357,2024-02-17,16:24,A,Delhi,Normal,Male,Groceries,Dry Fruits,935.28,2,0.0,UPI,9.6,766.93,1870.56,0.0,1870.56,1533.86,336.70000000000005,17.999957232058854,Saturday,February,16,Evening
INV-2024-01149,2024-02-17,16:48,C,Bengaluru,Normal,Female,Sports,Dumbbell Set,2343.11,4,0.15,Cash,8.7,1499.59,9372.44,1405.866,7966.5740000000005,5998.36,1968.2140000000009,24.705902436856807,Saturday,February,16,Evening
INV-2024-00509,2024-02-17,17:01,C,Bengaluru,Member,Male,Electronics,Bluetooth Speaker,2682.68,3,0.1,UPI,8.5,1851.05,8048.039999999999,804.804,7243.235999999999,5553.15,1690.0859999999993,23.333300198971834,Saturday,February,17,Evening
INV-2024-02098,2024-02-17,17:03,A,Delhi,Member,Female,Sports,Yoga Mat,889.37,4,0.1,Cash,9.7,569.2,3557.48,355.74800000000005,3201.732,2276.8,924.9319999999998,28.888489105271763,Saturday,February,17,Evening
INV-2024-00126,2024-02-17,17:08,C,Bengaluru,Member,Male,Groceries,Rice 5kg,584.23,2,0.0,UPI,6.6,479.07,1168.46,0.0,1168.46,958.14,210.32000000000005,17.999760368348085,Saturday,February,17,Evening
INV-2024-01208,2024-02-17,17:09,B,Mumbai,Member,Male,Electronics,Smart Watch,3931.12,3,0.0,UPI,8.2,2712.47,11793.36,0.0,11793.36,8137.41,3655.9500000000007,31.000071226520692,Saturday,February,17,Evening
INV-2024-02415,2024-02-17,17:26,A,Delhi,Normal,Female,Personal Care,Trimmer,1963.03,2,0.1,UPI,7.8,1138.56,3926.06,392.606,3533.4539999999997,2277.12,1256.3339999999998,35.55540839077005,Saturday,February,17,Evening
INV-2024-01078,2024-02-17,17:56,A,Delhi,Member,Male,Home & Kitchen,Storage Set,730.38,3,0.0,Card,9.6,482.05,2191.14,0.0,2191.14,1446.15,744.9899999999998,34.00010953202442,Saturday,February,17,Evening
INV-2024-02007,2024-02-17,18:14,C,Bengaluru,Normal,Female,Personal Care,Trimmer,2000.22,3,0.0,UPI,6.6,1160.13,6000.66,0.0,6000.66,3480.3900000000003,2520.2699999999995,41.99988001319854,Saturday,February,18,Evening
INV-2024-01332,2024-02-17,18:20,B,Mumbai,Member,Male,Electronics,Smart Watch,4181.82,2,0.15000000000000002,Card,9.2,2885.46,8363.64,1254.546,7109.093999999999,5770.92,1338.173999999999,18.823411253248292,Saturday,February,18,Evening
INV-2024-00678,2024-02-17,18:58,A,Delhi,Normal,Male,Personal Care,Skin Care Kit,1127.76,3,0.0,Card,9.0,654.1,3383.2799999999997,0.0,3383.2799999999997,1962.3000000000002,1420.9799999999996,42.0000709370788,Saturday,February,18,Evening
INV-2024-01725,2024-02-17,19:24,C,Bengaluru,Normal,Male,Clothing,Jacket,3076.8,2,0.05,UPI,8.5,1876.85,6153.6,307.68000000000006,5845.92,3753.7,2092.2200000000003,35.78940526042095,Saturday,February,19,Night
INV-2024-00746,2024-02-17,19:36,B,Mumbai,Member,Male,Electronics,Power Bank,1483.19,5,0.05,UPI,9.6,1023.4,7415.950000000001,370.79750000000007,7045.152500000001,5117.0,1928.152500000001,27.368499120494565,Saturday,February,19,Night
INV-2024-01921,2024-02-17,19:48,A,Delhi,Member,Female,Groceries,Cooking Oil,793.73,1,0.2,Cash,8.6,650.86,793.73,158.746,634.984,650.86,-15.875999999999976,-2.500220477996292,Saturday,February,19,Night
INV-2024-00359,2024-02-17,19:58,A,Delhi,Normal,Female,Electronics,Smart Watch,3910.78,3,0.0,UPI,7.0,2698.44,11732.34,0.0,11732.34,8095.32,3637.0200000000004,30.999953973376158,Saturday,February,19,Night
INV-2024-02319,2024-02-17,20:39,A,Delhi,Member,Male,Groceries,Breakfast Cereal,373.76,6,0.0,Card,9.3,306.48,2242.56,0.0,2242.56,1838.88,403.67999999999984,18.000856164383556,Saturday,February,20,Night
INV-2024-00581,2024-02-18,09:23,C,Bengaluru,Normal,Male,Clothing,T-Shirt,779.44,2,0.1,UPI,5.3,475.46,1558.88,155.88800000000003,1402.9920000000002,950.92,452.07200000000023,32.22199413824171,Sunday,February,9,Morning
INV-2024-01127,2024-02-18,09:28,B,Mumbai,Normal,Female,Personal Care,Trimmer,1886.23,1,0.1,Cash,8.7,1094.01,1886.23,188.62300000000002,1697.607,1094.01,603.597,35.55575583748182,Sunday,February,9,Morning
INV-2024-01558,2024-02-18,10:09,B,Mumbai,Member,Male,Home & Kitchen,Cookware Set,2284.24,3,0.2,Cash,10.0,1507.6,6852.719999999999,1370.5439999999999,5482.1759999999995,4522.799999999999,959.3760000000002,17.49991244352608,Sunday,February,10,Morning
INV-2024-01033,2024-02-18,13:06,A,Delhi,Member,Male,Personal Care,Trimmer,1773.93,5,0.05,UPI,6.9,1028.88,8869.65,443.4825,8426.1675,5144.400000000001,3281.767499999999,38.947332817677776,Sunday,February,13,Afternoon
INV-2024-00745,2024-02-18,13:19,A,Delhi,Normal,Female,Electronics,Power Bank,1411.32,2,0.0,UPI,7.6,973.81,2822.64,0.0,2822.64,1947.62,875.02,31.000056684522292,Sunday,February,13,Afternoon
INV-2024-02173,2024-02-18,13:30,A,Delhi,Member,Female,Personal Care,Skin Care Kit,1199.32,1,0.1,UPI,10.0,695.61,1199.32,119.932,1079.388,695.61,383.7779999999999,35.55514791715304,Sunday,February,13,Afternoon
INV-2024-00090,2024-02-18,13:53,B,Mumbai,Normal,Male,Groceries,Cooking Oil,852.9,2,0.0,Cash,9.3,699.38,1705.8,0.0,1705.8,1398.76,307.03999999999996,17.999765505920973,Sunday,February,13,Afternoon
INV-2024-00210,2024-02-18,14:13,A,Delhi,Member,Female,Sports,Fitness Band,1386.17,1,0.0,Cash,10.0,887.15,1386.17,0.0,1386.17,887.15,499.0200000000001,35.99991343053161,Sunday,February,14,Afternoon
INV-2024-00438,2024-02-18,15:08,B,Mumbai,Normal,Male,Sports,Dumbbell Set,2695.69,2,0.1,UPI,7.1,1725.24,5391.38,539.138,4852.242,3450.48,1401.7620000000002,28.88895483778427,Sunday,February,15,Afternoon
INV-2024-00809,2024-02-18,15:13,A,Delhi,Member,Female,Clothing,Sports Shoes,2660.66,3,0.05,Card,5.9,1623.0,7981.98,399.099,7582.880999999999,4869.0,2713.8809999999994,35.789576547489006,Sunday,February,15,Afternoon
INV-2024-02268,2024-02-18,15:16,A,Delhi,Normal,Female,Clothing,Jacket,3170.44,6,0.05,Card,6.7,1933.97,19022.64,951.1320000000001,18071.507999999998,11603.82,6467.687999999998,35.78942056191436,Sunday,February,15,Afternoon
INV-2024-00278,2024-02-18,16:05,C,Bengaluru,Normal,Male,Home & Kitchen,Storage Set,725.57,1,0.15,Cash,7.6,478.88,725.57,108.83550000000001,616.7345,478.88,137.85450000000003,22.3523250280307,Sunday,February,16,Evening
INV-2024-01506,2024-02-18,16:06,C,Bengaluru,Member,Male,Personal Care,Shampoo,462.21,2,0.1,Card,7.6,268.08,924.42,92.44200000000001,831.978,536.16,295.818,35.55598825930493,Sunday,February,16,Evening
INV-2024-02067,2024-02-18,16:17,A,Delhi,Member,Female,Clothing,Sports Shoes,2407.42,1,0.0,UPI,9.0,1468.53,2407.42,0.0,2407.42,1468.53,938.8900000000001,38.99984215467181,Sunday,February,16,Evening
INV-2024-00203,2024-02-18,16:30,C,Bengaluru,Normal,Male,Electronics,Bluetooth Speaker,2968.45,1,0.0,Cash,5.6,2048.23,2968.45,0.0,2968.45,2048.23,920.2199999999998,31.00001684380737,Sunday,February,16,Evening
INV-2024-00576,2024-02-18,16:33,B,Mumbai,Member,Female,Personal Care,Skin Care Kit,1133.76,1,0.2,Cash,7.5,657.58,1133.76,226.752,907.008,657.58,249.428,27.500088202088623,Sunday,February,16,Evening
INV-2024-01476,2024-02-18,16:48,C,Bengaluru,Normal,Male,Groceries,Cooking Oil,852.76,3,0.05,Cash,5.9,699.26,2558.2799999999997,127.91399999999999,2430.366,2097.7799999999997,332.58600000000024,13.684605528550032,Sunday,February,16,Evening
INV-2024-01970,2024-02-18,17:02,B,Mumbai,Normal,Male,Clothing,Jeans,1785.77,2,0.0,UPI,5.9,1089.32,3571.54,0.0,3571.54,2178.64,1392.9,38.99998320052415,Sunday,February,17,Evening
INV-2024-02070,2024-02-18,17:21,B,Mumbai,Normal,Female,Groceries,Dry Fruits,902.34,1,0.0,UPI,8.1,739.92,902.34,0.0,902.34,739.92,162.42000000000007,17.999867012434343,Sunday,February,17,Evening
INV-2024-02135,2024-02-18,17:48,B,Mumbai,Member,Male,Clothing,T-Shirt,797.82,3,0.15000000000000002,Card,7.8,486.67,2393.46,359.01900000000006,2034.441,1460.01,574.431,28.235323609777822,Sunday,February,17,Evening
INV-2024-01269,2024-02-18,17:55,B,Mumbai,Member,Female,Personal Care,Skin Care Kit,1137.47,1,0.0,Cash,8.8,659.73,1137.47,0.0,1137.47,659.73,477.74,42.00022857745699,Sunday,February,17,Evening
INV-2024-02481,2024-02-18,18:21,A,Delhi,Normal,Male,Sports,Fitness Band,1294.14,1,0.0,UPI,9.2,828.25,1294.14,0.0,1294.14,828.25,465.8900000000001,35.99996909144297,Sunday,February,18,Evening
INV-2024-01474,2024-02-18,18:28,B,Mumbai,Normal,Female,Electronics,Earbuds,2091.39,3,0.0,Card,7.2,1443.06,6274.17,0.0,6274.17,4329.18,1944.9899999999998,30.999956966419457,Sunday,February,18,Evening
INV-2024-01881,2024-02-18,18:33,C,Bengaluru,Normal,Female,Electronics,Smart Watch,3995.29,3,0.1,UPI,7.2,2756.75,11985.869999999999,1198.587,10787.283,8270.25,2517.0329999999994,23.333336114385798,Sunday,February,18,Evening
INV-2024-01819,2024-02-18,18:37,C,Bengaluru,Normal,Male,Personal Care,Perfume,1620.44,1,0.0,Cash,7.2,939.86,1620.44,0.0,1620.44,939.86,680.58,41.99970378415739,Sunday,February,18,Evening
INV-2024-01688,2024-02-18,18:59,C,Bengaluru,Normal,Male,Clothing,T-Shirt,776.14,3,0.05,Card,6.4,473.45,2328.42,116.421,2211.9990000000003,1420.35,791.6490000000003,35.78884981412742,Sunday,February,18,Evening
INV-2024-00504,2024-02-18,19:18,A,Delhi,Member,Male,Home & Kitchen,Bedsheet,936.73,3,0.0,UPI,6.7,618.24,2810.19,0.0,2810.19,1854.72,955.47,34.00019215782562,Sunday,February,19,Night
INV-2024-01687,2024-02-18,19:47,B,Mumbai,Member,Male,Clothing,Jacket,3150.86,3,0.1,UPI,8.6,1922.02,9452.58,945.258,8507.322,5766.0599999999995,2741.2620000000006,32.22238443543104,Sunday,February,19,Night
INV-2024-00470,2024-02-18,19:50,A,Delhi,Member,Male,Electronics,Earbuds,2274.73,1,0.1,Card,5.7,1569.56,2274.73,227.473,2047.257,1569.56,477.6970000000001,23.33351406296328,Sunday,February,19,Night
INV-2024-02170,2024-02-18,19:58,B,Mumbai,Normal,Male,Clothing,Jacket,3129.81,2,0.1,Cash,7.2,1909.18,6259.62,625.962,5633.657999999999,3818.36,1815.2979999999993,32.222367775963676,Sunday,February,19,Night
INV-2024-01175,2024-02-18,20:05,A,Delhi,Normal,Male,Electronics,Earbuds,2139.27,3,0.1,Card,9.2,1476.1,6417.8099999999995,641.781,5776.0289999999995,4428.299999999999,1347.7290000000003,23.333141159782965,Sunday,February,20,Night
INV-2024-02500,2024-02-18,20:10,B,Mumbai,Normal,Female,Groceries,Cooking Oil,804.79,2,0.1,UPI,6.6,659.93,1609.58,160.958,1448.6219999999998,1319.86,128.76199999999994,8.888585151958203,Sunday,February,20,Night
INV-2024-02330,2024-02-18,20:42,B,Mumbai,Normal,Male,Electronics,Power Bank,1391.88,2,0.1,Card,7.6,960.4,2783.76,278.37600000000003,2505.384,1920.8,584.5840000000001,23.333109814703057,Sunday,February,20,Night
INV-2024-02358,2024-02-18,21:01,A,Delhi,Normal,Male,Groceries,Breakfast Cereal,400.59,1,0.1,Card,6.8,328.48,400.59,40.059,360.53099999999995,328.48,32.05099999999993,8.889942889793092,Sunday,February,21,Night
INV-2024-02063,2024-02-18,21:21,B,Mumbai,Member,Male,Groceries,Dry Fruits,984.02,4,0.0,Card,9.3,806.9,3936.08,0.0,3936.08,3227.6,708.48,17.999634153777365,Sunday,February,21,Night
INV-2024-01853,2024-02-18,21:35,B,Mumbai,Normal,Male,Groceries,Dry Fruits,950.61,1,0.0,Card,9.0,779.5,950.61,0.0,950.61,779.5,171.11,18.00002103912225,Sunday,February,21,Night
INV-2024-02032,2024-02-19,09:20,B,Mumbai,Normal,Male,Clothing,Sports Shoes,2300.14,2,0.0,Card,6.3,1403.09,4600.28,0.0,4600.28,2806.18,1794.1,38.999800012173175,Monday,February,9,Morning
INV-2024-00172,2024-02-19,11:17,C,Bengaluru,Member,Male,Groceries,Breakfast Cereal,383.52,4,0.1,UPI,5.9,314.49,1534.08,153.408,1380.672,1257.96,122.71199999999999,8.887845918509246,Monday,February,11,Morning
INV-2024-00183,2024-02-19,12:50,C,Bengaluru,Member,Male,Groceries,Rice 5kg,627.37,5,0.1,Cash,6.8,514.44,3136.85,313.685,2823.165,2572.2000000000003,250.9649999999997,8.889491049938622,Monday,February,12,Afternoon
INV-2024-00304,2024-02-19,13:05,C,Bengaluru,Normal,Male,Electronics,Bluetooth Speaker,2604.8,3,0.0,Card,8.7,1797.31,7814.400000000001,0.0,7814.400000000001,5391.93,2422.4700000000003,31.00007678132678,Monday,February,13,Afternoon
INV-2024-00840,2024-02-19,13:19,B,Mumbai,Member,Male,Home & Kitchen,Storage Set,682.93,3,0.15000000000000002,UPI,7.9,450.73,2048.79,307.31850000000003,1741.4714999999999,1352.19,389.2814999999998,22.353595795280018,Monday,February,13,Afternoon
INV-2024-01827,2024-02-19,13:34,B,Mumbai,Member,Male,Groceries,Cooking Oil,814.32,4,0.05,Card,6.2,667.74,3257.28,162.86400000000003,3094.416,2670.96,423.45600000000013,13.684520762560693,Monday,February,13,Afternoon
INV-2024-02474,2024-02-19,13:38,C,Bengaluru,Member,Female,Clothing,T-Shirt,787.48,1,0.0,Cash,8.6,480.36,787.48,0.0,787.48,480.36,307.12,39.00035556458577,Monday,February,13,Afternoon
INV-2024-02198,2024-02-19,14:04,B,Mumbai,Normal,Male,Sports,Dumbbell Set,2416.08,3,0.0,Card,7.2,1546.29,7248.24,0.0,7248.24,4638.87,2609.37,36.00004966722956,Monday,February,14,Afternoon
INV-2024-00648,2024-02-19,15:00,C,Bengaluru,Member,Male,Groceries,Cooking Oil,797.2,2,0.15,Card,9.0,653.7,1594.4,239.16,1355.24,1307.4,47.83999999999992,3.5300020660547147,Monday,February,15,Afternoon
INV-2024-01438,2024-02-19,16:02,C,Bengaluru,Normal,Female,Home & Kitchen,Mixer Grinder,3195.23,2,0.0,UPI,7.5,2108.85,6390.46,0.0,6390.46,4217.7,2172.76,34.000056333972836,Monday,February,16,Evening
INV-2024-02111,2024-02-19,16:23,B,Mumbai,Member,Male,Electronics,Power Bank,1397.49,3,0.05,UPI,9.5,964.27,4192.47,209.62350000000004,3982.8465,2892.81,1090.0365000000002,27.36827793890626,Monday,February,16,Evening
INV-2024-00860,2024-02-19,17:46,B,Mumbai,Normal,Female,Home & Kitchen,Cookware Set,2315.22,1,0.05,Card,9.0,1528.05,2315.22,115.761,2199.459,1528.05,671.4089999999999,30.526097553989413,Monday,February,17,Evening
INV-2024-00730,2024-02-19,18:02,C,Bengaluru,Member,Male,Groceries,Cooking Oil,811.13,5,0.0,UPI,6.2,665.13,4055.65,0.0,4055.65,3325.65,730.0,17.999580831679264,Monday,February,18,Evening
INV-2024-00500,2024-02-19,18:03,B,Mumbai,Normal,Male,Home & Kitchen,Cookware Set,2400.45,4,0.2,Cash,7.9,1584.3,9601.8,1920.36,7681.44,6337.2,1344.2399999999998,17.49984377929138,Monday,February,18,Evening
INV-2024-00721,2024-02-19,18:15,C,Bengaluru,Normal,Female,Sports,Dumbbell Set,2637.77,1,0.05,Card,5.8,1688.17,2637.77,131.8885,2505.8815,1688.17,817.7114999999999,32.63169068449565,Monday,February,18,Evening
INV-2024-01622,2024-02-19,18:23,B,Mumbai,Member,Female,Clothing,T-Shirt,815.45,1,0.2,Card,8.1,497.42,815.45,163.09000000000003,652.36,497.42,154.94,23.750689803176158,Monday,February,18,Evening
INV-2024-00958,2024-02-19,18:43,A,Delhi,Normal,Female,Sports,Cricket Bat,1886.84,1,0.05,Cash,7.4,1207.58,1886.84,94.342,1792.4979999999998,1207.58,584.9179999999999,32.63144505600564,Monday,February,18,Evening
INV-2024-01132,2024-02-19,19:52,B,Mumbai,Member,Male,Groceries,Breakfast Cereal,394.25,4,0.05,Cash,7.5,323.29,1577.0,78.85000000000001,1498.15,1293.16,204.99,13.68287554650736,Monday,February,19,Night
INV-2024-01475,2024-02-19,19:55,A,Delhi,Member,Male,Sports,Yoga Mat,853.89,6,0.0,Card,7.8,546.49,5123.34,0.0,5123.34,3278.94,1844.4,35.99995315555868,Monday,February,19,Night
INV-2024-01864,2024-02-20,09:45,C,Bengaluru,Normal,Female,Electronics,Smart Watch,3890.27,3,0.0,UPI,8.7,2684.29,11670.81,0.0,11670.81,8052.87,3617.9399999999996,30.999904890920167,Tuesday,February,9,Morning
INV-2024-00696,2024-02-20,11:04,A,Delhi,Normal,Male,Clothing,T-Shirt,847.37,3,0.05,UPI,6.4,516.9,2542.11,127.1055,2415.0045,1550.6999999999998,864.3045000000002,35.78893952371518,Tuesday,February,11,Morning
INV-2024-00537,2024-02-20,12:52,C,Bengaluru,Normal,Male,Personal Care,Perfume,1613.23,1,0.2,UPI,6.7,935.67,1613.23,322.646,1290.584,935.67,354.9140000000001,27.500263446625723,Tuesday,February,12,Afternoon
INV-2024-02460,2024-02-20,13:53,A,Delhi,Normal,Male,Electronics,Bluetooth Speaker,2906.95,3,0.1,Card,7.9,2005.8,8720.849999999999,872.0849999999999,7848.7649999999985,6017.4,1831.3649999999989,23.333161331750908,Tuesday,February,13,Afternoon
INV-2024-00843,2024-02-20,14:38,A,Delhi,Member,Male,Electronics,Bluetooth Speaker,2588.12,1,0.05,Cash,8.4,1785.8,2588.12,129.406,2458.714,1785.8,672.914,27.36853493330253,Tuesday,February,14,Afternoon
INV-2024-01357,2024-02-20,15:29,A,Delhi,Member,Male,Electronics,Earbuds,2319.7,3,0.05,Card,7.8,1600.59,6959.099999999999,347.955,6611.1449999999995,4801.7699999999995,1809.375,27.368557186387534,Tuesday,February,15,Afternoon
INV-2024-02000,2024-02-20,15:30,C,Bengaluru,Member,Female,Sports,Yoga Mat,953.46,2,0.1,Card,7.9,610.21,1906.92,190.692,1716.228,1220.42,495.808,28.88940164127377,Tuesday,February,15,Afternoon
INV-2024-02418,2024-02-20,15:52,C,Bengaluru,Normal,Female,Electronics,Earbuds,2300.12,1,0.0,UPI,6.9,1587.08,2300.12,0.0,2300.12,1587.08,713.04,31.000121732779157,Tuesday,February,15,Afternoon
INV-2024-02307,2024-02-20,16:33,A,Delhi,Normal,Male,Groceries,Breakfast Cereal,387.42,5,0.1,UPI,8.6,317.68,1937.1000000000001,193.71000000000004,1743.39,1588.4,154.99,8.890150798157613,Tuesday,February,16,Evening
INV-2024-02185,2024-02-20,16:56,B,Mumbai,Member,Male,Sports,Cricket Bat,1961.12,1,0.05,UPI,10.0,1255.12,1961.12,98.056,1863.0639999999999,1255.12,607.944,32.63140718730006,Tuesday,February,16,Evening
INV-2024-00960,2024-02-20,17:01,A,Delhi,Member,Female,Clothing,Jeans,1854.47,3,0.2,Cash,8.1,1131.23,5563.41,1112.682,4450.728,3393.69,1057.038,23.749777564479338,Tuesday,February,17,Evening
INV-2024-00289,2024-02-20,17:08,C,Bengaluru,Member,Female,Groceries,Breakfast Cereal,396.85,3,0.0,UPI,5.7,325.42,1190.5500000000002,0.0,1190.5500000000002,976.26,214.2900000000002,17.999244046869105,Tuesday,February,17,Evening
INV-2024-02370,2024-02-20,17:09,A,Delhi,Normal,Female,Electronics,Earbuds,2134.67,4,0.05,Card,8.9,1472.92,8538.68,426.934,8111.746,5891.68,2220.066,27.36853446841161,Tuesday,February,17,Evening
INV-2024-01680,2024-02-20,17:24,C,Bengaluru,Normal,Female,Home & Kitchen,Mixer Grinder,3108.82,3,0.0,UPI,7.8,2051.82,9326.460000000001,0.0,9326.460000000001,6155.460000000001,3171.0,34.000038599854605,Tuesday,February,17,Evening
INV-2024-01366,2024-02-20,17:41,C,Bengaluru,Normal,Male,Electronics,Bluetooth Speaker,2913.03,2,0.0,UPI,6.6,2009.99,5826.06,0.0,5826.06,4019.98,1806.0800000000004,31.000024029961935,Tuesday,February,17,Evening
INV-2024-00356,2024-02-20,17:43,B,Mumbai,Member,Male,Electronics,Power Bank,1497.6,2,0.2,Card,7.4,1033.34,2995.2,599.04,2396.16,2066.68,329.48,13.75033386752137,Tuesday,February,17,Evening
INV-2024-02256,2024-02-20,18:51,B,Mumbai,Normal,Male,Electronics,Power Bank,1412.53,2,0.1,Cash,8.0,974.65,2825.06,282.50600000000003,2542.554,1949.3,593.2540000000001,23.332995090763074,Tuesday,February,18,Evening
INV-2024-01823,2024-02-20,18:52,C,Bengaluru,Normal,Female,Groceries,Dry Fruits,915.98,1,0.0,Card,6.0,751.1,915.98,0.0,915.98,751.1,164.88,18.000393021681695,Tuesday,February,18,Evening
INV-2024-01216,2024-02-20,18:54,B,Mumbai,Member,Male,Electronics,Bluetooth Speaker,2953.92,5,0.05,Card,8.6,2038.2,14769.6,738.48,14031.12,10191.0,3840.120000000001,27.368592100986955,Tuesday,February,18,Evening
INV-2024-00148,2024-02-20,19:04,A,Delhi,Member,Female,Home & Kitchen,Bedsheet,1051.45,4,0.1,Card,5.3,693.96,4205.8,420.58000000000004,3785.2200000000003,2775.84,1009.3800000000001,26.66634964414222,Tuesday,February,19,Night
INV-2024-01696,2024-02-20,19:25,A,Delhi,Normal,Male,Clothing,T-Shirt,848.28,3,0.15,UPI,8.7,517.45,2544.84,381.726,2163.114,1552.3500000000001,610.7639999999999,28.235405068803583,Tuesday,February,19,Night
INV-2024-00900,2024-02-20,19:32,A,Delhi,Member,Male,Groceries,Cooking Oil,817.54,1,0.05,Cash,5.7,670.38,817.54,40.877,776.663,670.38,106.28300000000002,13.684571043039263,Tuesday,February,19,Night
INV-2024-02496,2024-02-20,19:34,A,Delhi,Normal,Male,Home & Kitchen,Mixer Grinder,3046.04,2,0.0,Card,6.6,2010.39,6092.08,0.0,6092.08,4020.78,2071.2999999999997,33.99988181376475,Tuesday,February,19,Night
INV-2024-02016,2024-02-20,19:45,B,Mumbai,Member,Male,Sports,Dumbbell Set,2505.09,3,0.05,UPI,7.1,1603.26,7515.27,375.7635,7139.5065,4809.78,2329.7265000000007,32.63147810006197,Tuesday,February,19,Night
INV-2024-01869,2024-02-20,19:50,C,Bengaluru,Normal,Female,Home & Kitchen,Mixer Grinder,3059.66,3,0.1,UPI,6.1,2019.38,9178.98,917.898,8261.082,6058.14,2202.942,26.666506881301988,Tuesday,February,19,Night
INV-2024-01522,2024-02-20,20:27,B,Mumbai,Member,Female,Electronics,Earbuds,2241.06,2,0.1,Cash,8.9,1546.33,4482.12,448.212,4033.908,3092.66,941.248,23.33340274493122,Tuesday,February,20,Night
INV-2024-01259,2024-02-20,20:42,A,Delhi,Member,Male,Sports,Yoga Mat,857.65,3,0.1,UPI,7.6,548.9,2572.95,257.295,2315.6549999999997,1646.6999999999998,668.9549999999999,28.888370676979086,Tuesday,February,20,Night
INV-2024-01776,2024-02-20,21:55,C,Bengaluru,Normal,Female,Home & Kitchen,Mixer Grinder,3057.82,5,0.05,UPI,9.3,2018.16,15289.1,764.455,14524.645,10090.800000000001,4433.844999999999,30.5263570985728,Tuesday,February,21,Night
INV-2024-00505,2024-02-20,21:58,A,Delhi,Member,Male,Electronics,Power Bank,1599.55,2,0.2,Cash,7.9,1103.69,3199.1,639.82,2559.2799999999997,2207.38,351.89999999999964,13.749960926510568,Tuesday,February,21,Night
INV-2024-02251,2024-02-21,09:09,B,Mumbai,Member,Female,Home & Kitchen,Bedsheet,946.4,3,0.0,Card,6.1,624.62,2839.2,0.0,2839.2,1873.8600000000001,965.3399999999997,34.000422654268796,Wednesday,February,9,Morning
INV-2024-00951,2024-02-21,11:03,C,Bengaluru,Member,Female,Groceries,Rice 5kg,616.49,5,0.05,UPI,8.3,505.52,3082.45,154.1225,2928.3275,2527.6,400.72749999999996,13.684517868988355,Wednesday,February,11,Morning
INV-2024-01748,2024-02-21,11:07,A,Delhi,Normal,Female,Personal Care,Perfume,1488.01,3,0.2,Card,6.3,863.05,4464.03,892.806,3571.2239999999997,2589.1499999999996,982.0740000000001,27.499647179790465,Wednesday,February,11,Morning
INV-2024-00244,2024-02-21,11:11,A,Delhi,Normal,Female,Home & Kitchen,Storage Set,747.11,2,0.0,Cash,6.2,493.09,1494.22,0.0,1494.22,986.18,508.0400000000001,34.00034800765617,Wednesday,February,11,Morning
INV-2024-02456,2024-02-21,13:35,B,Mumbai,Normal,Male,Personal Care,Shampoo,461.16,3,0.0,UPI,6.7,267.47,1383.48,0.0,1383.48,802.4100000000001,581.0699999999999,42.000607164541584,Wednesday,February,13,Afternoon
INV-2024-00582,2024-02-21,14:38,B,Mumbai,Member,Male,Sports,Yoga Mat,936.83,2,0.05,Cash,7.4,599.57,1873.66,93.683,1779.977,1199.14,580.837,32.63171378057132,Wednesday,February,14,Afternoon
INV-2024-01383,2024-02-21,15:24,A,Delhi,Member,Male,Sports,Yoga Mat,830.23,5,0.05,Card,5.6,531.35,4151.15,207.5575,3943.5924999999997,2656.75,1286.8424999999997,32.6312239411146,Wednesday,February,15,Afternoon
INV-2024-00570,2024-02-21,15:47,A,Delhi,Normal,Male,Sports,Yoga Mat,834.14,3,0.0,Card,8.2,533.85,2502.42,0.0,2502.42,1601.5500000000002,900.8699999999999,35.99995204641906,Wednesday,February,15,Afternoon
INV-2024-02444,2024-02-21,16:35,B,Mumbai,Normal,Male,Clothing,Sports Shoes,2430.67,6,0.05,UPI,7.9,1482.71,14584.02,729.201,13854.819,8896.26,4958.558999999999,35.78941738610948,Wednesday,February,16,Evening
INV-2024-02240,2024-02-21,17:03,A,Delhi,Normal,Female,Electronics,Bluetooth Speaker,2919.75,3,0.0,UPI,8.9,2014.63,8759.25,0.0,8759.25,6043.89,2715.3599999999997,30.999914376230837,Wednesday,February,17,Evening
INV-2024-00303,2024-02-21,17:10,C,Bengaluru,Normal,Female,Electronics,Earbuds,2324.31,1,0.0,Card,8.4,1603.77,2324.31,0.0,2324.31,1603.77,720.54,31.000167791731737,Wednesday,February,17,Evening
INV-2024-00324,2024-02-21,17:22,C,Bengaluru,Member,Male,Groceries,Rice 5kg,595.18,3,0.05,Card,8.1,488.05,1785.54,89.277,1696.263,1464.15,232.11299999999983,13.68378606383561,Wednesday,February,17,Evening
INV-2024-01024,2024-02-21,17:59,C,Bengaluru,Normal,Male,Sports,Cricket Bat,1925.18,1,0.1,UPI,9.4,1232.12,1925.18,192.51800000000003,1732.662,1232.12,500.54200000000014,28.88861185851598,Wednesday,February,17,Evening
INV-2024-01155,2024-02-21,18:04,B,Mumbai,Normal,Female,Groceries,Dry Fruits,966.91,2,0.05,Card,7.5,792.87,1933.82,96.691,1837.129,1585.74,251.3889999999999,13.683796837347836,Wednesday,February,18,Evening
INV-2024-00979,2024-02-21,18:14,B,Mumbai,Normal,Male,Home & Kitchen,Mixer Grinder,3481.26,2,0.15,Cash,6.5,2297.63,6962.52,1044.378,5918.142000000001,4595.26,1322.8820000000005,22.35299524749491,Wednesday,February,18,Evening
INV-2024-02136,2024-02-21,18:27,B,Mumbai,Member,Female,Electronics,Bluetooth Speaker,2999.93,6,0.1,Cash,7.9,2069.95,17999.579999999998,1799.9579999999999,16199.621999999998,12419.699999999999,3779.9219999999987,23.333396297765464,Wednesday,February,18,Evening
INV-2024-01739,2024-02-21,18:31,A,Delhi,Member,Male,Clothing,Jacket,3131.41,1,0.05,Card,8.4,1910.16,3131.41,156.5705,2974.8395,1910.16,1064.6795,35.78947704573642,Wednesday,February,18,Evening
INV-2024-02112,2024-02-21,18:35,B,Mumbai,Member,Female,Clothing,Jacket,2788.54,1,0.05,Cash,8.5,1701.01,2788.54,139.427,2649.113,1701.01,948.1029999999998,35.78945103512005,Wednesday,February,18,Evening
INV-2024-00328,2024-02-21,18:52,A,Delhi,Normal,Female,Home & Kitchen,Cookware Set,2320.73,1,0.0,UPI,7.4,1531.68,2320.73,0.0,2320.73,1531.68,789.05,34.000077561801675,Wednesday,February,18,Evening
INV-2024-01448,2024-02-21,18:58,C,Bengaluru,Normal,Female,Clothing,Jacket,3072.41,1,0.1,UPI,5.9,1874.17,3072.41,307.241,2765.169,1874.17,890.9989999999998,32.222225838637705,Wednesday,February,18,Evening
INV-2024-00818,2024-02-21,18:59,C,Bengaluru,Member,Male,Sports,Dumbbell Set,2369.63,2,0.05,Cash,9.1,1516.56,4739.26,236.96300000000002,4502.2970000000005,3033.12,1469.1770000000006,32.631721097031146,Wednesday,February,18,Evening
INV-2024-01333,2024-02-21,19:00,C,Bengaluru,Normal,Female,Groceries,Breakfast Cereal,406.11,3,0.1,UPI,8.0,333.01,1218.33,121.833,1096.4969999999998,999.03,97.46699999999987,8.888943608600835,Wednesday,February,19,Night
INV-2024-02076,2024-02-21,19:06,A,Delhi,Normal,Female,Electronics,Earbuds,2155.27,4,0.0,Card,6.8,1487.14,8621.08,0.0,8621.08,5948.56,2672.5199999999995,30.999828327773315,Wednesday,February,19,Night
INV-2024-01168,2024-02-21,19:32,A,Delhi,Member,Male,Groceries,Cooking Oil,749.22,3,0.05,UPI,8.0,614.36,2247.66,112.383,2135.277,1843.08,292.1970000000001,13.684266725113423,Wednesday,February,19,Night
INV-2024-02029,2024-02-21,19:42,B,Mumbai,Normal,Female,Groceries,Cooking Oil,773.35,5,0.05,Card,7.8,634.15,3866.75,193.3375,3673.4125,3170.75,502.6624999999999,13.68380218665886,Wednesday,February,19,Night
INV-2024-02414,2024-02-21,21:02,C,Bengaluru,Member,Male,Home & Kitchen,Mixer Grinder,3432.63,1,0.0,UPI,8.2,2265.54,3432.63,0.0,3432.63,2265.54,1167.0900000000001,33.99987764483793,Wednesday,February,21,Night
INV-2024-01397,2024-02-21,21:31,A,Delhi,Member,Female,Electronics,Earbuds,2151.35,1,0.15000000000000002,UPI,8.9,1484.43,2151.35,322.70250000000004,1828.6474999999998,1484.43,344.21749999999975,18.82361143960221,Wednesday,February,21,Night
INV-2024-00961,2024-02-21,21:50,A,Delhi,Normal,Male,Clothing,Jeans,1898.64,2,0.15,UPI,8.0,1158.17,3797.28,569.592,3227.688,2316.34,911.348,28.235318903190144,Wednesday,February,21,Night
INV-2024-01957,2024-02-22,12:08,A,Delhi,Member,Male,Electronics,Earbuds,2221.8,2,0.1,Cash,4.9,1533.04,4443.6,444.36000000000007,3999.2400000000002,3066.08,933.1600000000003,23.33343335233695,Thursday,February,12,Afternoon
INV-2024-01418,2024-02-22,12:09,A,Delhi,Normal,Female,Groceries,Rice 5kg,636.98,6,0.1,Card,6.9,522.32,3821.88,382.18800000000005,3439.692,3133.92,305.77199999999993,8.889516852090242,Thursday,February,12,Afternoon
INV-2024-01462,2024-02-22,12:18,C,Bengaluru,Member,Male,Sports,Cricket Bat,2071.52,1,0.05,Card,7.2,1325.77,2071.52,103.57600000000001,1967.944,1325.77,642.174,32.63172122783982,Thursday,February,12,Afternoon
INV-2024-01816,2024-02-22,12:26,A,Delhi,Member,Female,Clothing,T-Shirt,804.88,1,0.05,Card,5.7,490.98,804.88,40.244,764.636,490.98,273.65599999999995,35.78905518442762,Thursday,February,12,Afternoon
INV-2024-01077,2024-02-22,13:27,A,Delhi,Normal,Female,Sports,Cricket Bat,1943.96,1,0.0,Card,6.7,1244.13,1943.96,0.0,1943.96,1244.13,699.8299999999999,36.000226342105805,Thursday,February,13,Afternoon
INV-2024-00924,2024-02-22,13:51,A,Delhi,Member,Female,Personal Care,Shampoo,430.9,2,0.05,Cash,6.9,249.92,861.8,43.09,818.7099999999999,499.84,318.86999999999995,38.94785699454019,Thursday,February,13,Afternoon
INV-2024-01914,2024-02-22,15:08,B,Mumbai,Normal,Female,Clothing,Sports Shoes,2503.17,3,0.05,Card,9.5,1526.93,7509.51,375.4755,7134.0345,4580.79,2553.2445,35.78962927639332,Thursday,February,15,Afternoon
INV-2024-01059,2024-02-22,15:50,A,Delhi,Normal,Male,Groceries,Breakfast Cereal,351.16,5,0.05,Card,6.3,287.95,1755.8000000000002,87.79000000000002,1668.0100000000002,1439.75,228.26000000000022,13.684570236389481,Thursday,February,15,Afternoon
INV-2024-00690,2024-02-22,16:26,C,Bengaluru,Normal,Male,Clothing,Jacket,2789.66,1,0.1,UPI,9.8,1701.69,2789.66,278.966,2510.694,1701.69,809.0039999999999,32.22232577924669,Thursday,February,16,Evening
INV-2024-02354,2024-02-22,16:40,B,Mumbai,Normal,Male,Groceries,Breakfast Cereal,396.01,4,0.2,Card,8.6,324.73,1584.04,316.808,1267.232,1298.92,-31.688000000000102,-2.5005681674705267,Thursday,February,16,Evening
INV-2024-01533,2024-02-22,18:07,C,Bengaluru,Normal,Female,Electronics,Power Bank,1580.73,2,0.0,UPI,5.9,1090.7,3161.46,0.0,3161.46,2181.4,980.06,31.000234069069354,Thursday,February,18,Evening
INV-2024-00496,2024-02-22,20:01,A,Delhi,Normal,Male,Electronics,Earbuds,2207.96,1,0.1,UPI,6.1,1523.49,2207.96,220.79600000000002,1987.164,1523.49,463.674,23.333454108468146,Thursday,February,20,Night
INV-2024-01417,2024-02-22,20:03,B,Mumbai,Normal,Male,Personal Care,Perfume,1647.38,4,0.0,Cash,7.4,955.48,6589.52,0.0,6589.52,3821.92,2767.6000000000004,42.000024280979495,Thursday,February,20,Night
INV-2024-02048,2024-02-22,20:49,B,Mumbai,Normal,Male,Groceries,Rice 5kg,619.67,1,0.05,Card,8.3,508.13,619.67,30.9835,588.6864999999999,508.13,80.55649999999991,13.68410860449491,Thursday,February,20,Night
INV-2024-01879,2024-02-22,21:45,B,Mumbai,Member,Female,Electronics,Power Bank,1468.88,1,0.05,Card,7.0,1013.53,1468.88,73.444,1395.4360000000001,1013.53,381.9060000000002,27.368220398499115,Thursday,February,21,Night
INV-2024-01893,2024-02-23,09:18,B,Mumbai,Normal,Male,Clothing,Jacket,3015.32,2,0.05,Card,8.0,1839.35,6030.64,301.53200000000004,5729.108,3678.7,2050.4080000000004,35.7893061188583,Friday,February,9,Morning
INV-2024-02277,2024-02-23,09:29,A,Delhi,Normal,Male,Groceries,Breakfast Cereal,397.84,5,0.0,UPI,4.8,326.23,1989.1999999999998,0.0,1989.1999999999998,1631.15,358.0499999999997,17.99969837120449,Friday,February,9,Morning
INV-2024-00542,2024-02-23,10:01,B,Mumbai,Member,Male,Clothing,T-Shirt,835.25,1,0.15000000000000002,UPI,9.4,509.5,835.25,125.28750000000002,709.9625,509.5,200.46249999999998,28.235646248921597,Friday,February,10,Morning
INV-2024-00079,2024-02-23,10:39,A,Delhi,Normal,Female,Electronics,Bluetooth Speaker,2852.75,1,0.0,Cash,7.0,1968.4,2852.75,0.0,2852.75,1968.4,884.3499999999999,30.999912365261583,Friday,February,10,Morning
INV-2024-00066,2024-02-23,11:02,A,Delhi,Normal,Male,Clothing,T-Shirt,764.24,2,0.05,Cash,6.4,466.19,1528.48,76.424,1452.056,932.38,519.676,35.788977835565575,Friday,February,11,Morning
INV-2024-01799,2024-02-23,12:00,A,Delhi,Member,Male,Personal Care,Shampoo,427.6,6,0.1,UPI,7.8,248.01,2565.6000000000004,256.56000000000006,2309.0400000000004,1488.06,820.9800000000005,35.55503585905833,Friday,February,12,Afternoon
INV-2024-02407,2024-02-23,13:13,A,Delhi,Normal,Female,Home & Kitchen,Mixer Grinder,3090.52,5,0.15,Cash,9.0,2039.74,15452.6,2317.89,13134.710000000001,10198.7,2936.01,22.35306299111286,Friday,February,13,Afternoon
INV-2024-00165,2024-02-23,13:34,B,Mumbai,Normal,Male,Groceries,Dry Fruits,921.83,3,0.0,UPI,7.4,755.9,2765.4900000000002,0.0,2765.4900000000002,2267.7,497.7900000000004,18.000065087922952,Friday,February,13,Afternoon
INV-2024-01293,2024-02-23,13:49,B,Mumbai,Normal,Male,Electronics,Earbuds,2358.51,3,0.15,Card,6.4,1627.37,7075.530000000001,1061.3295,6014.200500000001,4882.11,1132.0905000000012,18.82362418745436,Friday,February,13,Afternoon
INV-2024-02400,2024-02-23,14:37,B,Mumbai,Member,Male,Sports,Fitness Band,1246.79,2,0.15,UPI,5.5,797.95,2493.58,374.037,2119.543,1595.9,523.643,24.70546716910202,Friday,February,14,Afternoon
INV-2024-00629,2024-02-23,14:42,B,Mumbai,Normal,Female,Clothing,T-Shirt,816.13,1,0.15,UPI,7.3,497.84,816.13,122.4195,693.7105,497.84,195.87050000000005,28.235193211000848,Friday,February,14,Afternoon
INV-2024-00228,2024-02-23,15:52,C,Bengaluru,Member,Female,Home & Kitchen,Mixer Grinder,3125.95,1,0.1,UPI,6.8,2063.13,3125.95,312.595,2813.3549999999996,2063.13,750.2249999999995,26.666560032416797,Friday,February,15,Afternoon
INV-2024-00611,2024-02-23,16:03,B,Mumbai,Member,Male,Home & Kitchen,Bedsheet,929.44,1,0.05,UPI,10.0,613.43,929.44,46.47200000000001,882.9680000000001,613.43,269.5380000000001,30.526361091228686,Friday,February,16,Evening
INV-2024-00920,2024-02-23,16:27,B,Mumbai,Member,Female,Groceries,Breakfast Cereal,352.11,4,0.05,UPI,9.1,288.73,1408.44,70.42200000000001,1338.018,1154.92,183.09799999999996,13.684270316243873,Friday,February,16,Evening
INV-2024-01126,2024-02-23,18:15,A,Delhi,Member,Female,Groceries,Breakfast Cereal,380.65,6,0.0,UPI,7.8,312.13,2283.8999999999996,0.0,2283.8999999999996,1872.78,411.11999999999966,18.000788125574662,Friday,February,18,Evening
INV-2024-01202,2024-02-23,18:40,B,Mumbai,Member,Male,Clothing,T-Shirt,772.76,6,0.05,Card,7.9,471.38,4636.5599999999995,231.82799999999997,4404.732,2828.2799999999997,1576.4520000000002,35.789964065918205,Friday,February,18,Evening
INV-2024-00832,2024-02-23,18:56,A,Delhi,Normal,Male,Home & Kitchen,Mixer Grinder,3381.04,3,0.0,UPI,7.1,2231.49,10143.119999999999,0.0,10143.119999999999,6694.469999999999,3448.6499999999996,33.99989352388614,Friday,February,18,Evening
INV-2024-00067,2024-02-23,18:57,B,Mumbai,Normal,Female,Electronics,Bluetooth Speaker,2791.6,4,0.1,UPI,7.0,1926.2,11166.4,1116.64,10049.76,7704.8,2344.96,23.33349254111541,Friday,February,18,Evening
INV-2024-02497,2024-02-23,19:13,C,Bengaluru,Normal,Male,Sports,Cricket Bat,1868.29,1,0.1,UPI,6.4,1195.71,1868.29,186.829,1681.461,1195.71,485.751,28.888627211692686,Friday,February,19,Night
INV-2024-01573,2024-02-23,19:29,A,Delhi,Normal,Male,Groceries,Breakfast Cereal,397.84,3,0.0,Cash,8.2,326.23,1193.52,0.0,1193.52,978.69,214.82999999999993,17.9996983712045,Friday,February,19,Night
INV-2024-00381,2024-02-23,19:54,B,Mumbai,Normal,Male,Groceries,Breakfast Cereal,394.72,2,0.1,Card,4.2,323.67,789.44,78.94400000000002,710.4960000000001,647.34,63.15600000000006,8.889001486285645,Friday,February,19,Night
INV-2024-00154,2024-02-23,20:07,B,Mumbai,Member,Male,Electronics,Earbuds,2114.06,4,0.1,Cash,7.5,1458.7,8456.24,845.624,7610.616,5834.8,1775.8159999999998,23.333406914762218,Friday,February,20,Night
INV-2024-00969,2024-02-23,21:00,C,Bengaluru,Member,Male,Home & Kitchen,Cookware Set,2334.25,3,0.1,Card,6.6,1540.6,7002.75,700.2750000000001,6302.475,4621.799999999999,1680.675000000001,26.666904668404097,Friday,February,21,Night
INV-2024-01588,2024-02-23,21:36,A,Delhi,Normal,Male,Groceries,Dry Fruits,900.05,1,0.15,Cash,7.2,738.04,900.05,135.0075,765.0425,738.04,27.002500000000055,3.529542476398377,Friday,February,21,Night
INV-2024-00017,2024-02-23,21:56,B,Mumbai,Normal,Female,Clothing,T-Shirt,839.87,1,0.15,Cash,7.0,512.32,839.87,125.98049999999999,713.8895,512.32,201.56949999999995,28.23539217203782,Friday,February,21,Night
INV-2024-02192,2024-02-24,10:47,A,Delhi,Normal,Male,Home & Kitchen,Bedsheet,948.45,4,0.0,Cash,6.4,625.98,3793.8,0.0,3793.8,2503.92,1289.88,33.99968369444884,Saturday,February,10,Morning
INV-2024-01399,2024-02-24,11:45,C,Bengaluru,Normal,Female,Clothing,Sports Shoes,2697.4,1,0.15,UPI,7.8,1645.41,2697.4,404.61,2292.79,1645.41,647.3799999999999,28.23546857758451,Saturday,February,11,Morning
INV-2024-01963,2024-02-24,12:33,C,Bengaluru,Normal,Female,Groceries,Cooking Oil,765.44,3,0.0,Card,6.2,627.66,2296.32,0.0,2296.32,1882.98,413.34000000000015,18.00010451505017,Saturday,February,12,Afternoon
INV-2024-00864,2024-02-24,12:53,A,Delhi,Normal,Female,Groceries,Cooking Oil,738.67,3,0.1,Card,8.1,605.71,2216.0099999999998,221.601,1994.4089999999997,1817.13,177.27899999999954,8.888798636588561,Saturday,February,12,Afternoon
INV-2024-00063,2024-02-24,13:08,C,Bengaluru,Normal,Female,Home & Kitchen,Mixer Grinder,3266.99,2,0.1,UPI,10.0,2156.21,6533.98,653.398,5880.581999999999,4312.42,1568.1619999999994,26.666782301479675,Saturday,February,13,Afternoon
INV-2024-00461,2024-02-24,13:18,A,Delhi,Member,Male,Clothing,T-Shirt,823.02,2,0.1,UPI,8.1,502.04,1646.04,164.604,1481.436,1004.08,477.3559999999999,32.2225192313404,Saturday,February,13,Afternoon
INV-2024-00772,2024-02-24,13:46,A,Delhi,Member,Female,Sports,Cricket Bat,2053.6,5,0.05,UPI,7.4,1314.3,10268.0,513.4,9754.6,6571.5,3183.1000000000004,32.63178397884076,Saturday,February,13,Afternoon
INV-2024-01201,2024-02-24,16:01,A,Delhi,Normal,Female,Electronics,Power Bank,1414.28,4,0.2,UPI,8.1,975.85,5657.12,1131.424,4525.696,3903.4,622.2959999999998,13.75028282942557,Saturday,February,16,Evening
INV-2024-00144,2024-02-24,16:06,A,Delhi,Member,Female,Personal Care,Perfume,1684.93,2,0.05,UPI,8.4,977.26,3369.86,168.49300000000002,3201.367,1954.52,1246.8470000000002,38.94733093706533,Saturday,February,16,Evening
INV-2024-01797,2024-02-24,16:17,B,Mumbai,Member,Male,Clothing,Jacket,3204.67,4,0.05,Cash,9.8,1954.85,12818.68,640.9340000000001,12177.746000000001,7819.4,4358.346000000001,35.78943098336918,Saturday,February,16,Evening
INV-2024-01618,2024-02-24,16:43,B,Mumbai,Member,Male,Groceries,Breakfast Cereal,371.08,3,0.15000000000000002,Cash,7.9,304.29,1113.24,166.98600000000002,946.254,912.8700000000001,33.3839999999999,3.5280167904177846,Saturday,February,16,Evening
INV-2024-00490,2024-02-24,16:44,C,Bengaluru,Member,Male,Groceries,Breakfast Cereal,359.79,3,0.1,UPI,8.4,295.03,1079.3700000000001,107.93700000000001,971.4330000000001,885.0899999999999,86.34300000000019,8.888209480221505,Saturday,February,16,Evening
INV-2024-01880,2024-02-24,17:07,B,Mumbai,Normal,Female,Clothing,Jacket,2787.13,1,0.2,Card,7.4,1700.15,2787.13,557.426,2229.704,1700.15,529.5540000000001,23.74996860569834,Saturday,February,17,Evening
INV-2024-00706,2024-02-24,17:13,C,Bengaluru,Member,Female,Groceries,Dry Fruits,987.13,2,0.05,UPI,7.1,809.45,1974.26,98.71300000000001,1875.547,1618.9,256.64699999999993,13.683847965420219,Saturday,February,17,Evening
INV-2024-02265,2024-02-24,17:18,C,Bengaluru,Member,Female,Sports,Dumbbell Set,2347.37,3,0.15000000000000002,UPI,8.3,1502.32,7042.11,1056.3165000000001,5985.7935,4506.96,1478.8334999999997,24.705721973202046,Saturday,February,17,Evening
INV-2024-01290,2024-02-24,17:27,B,Mumbai,Normal,Male,Groceries,Breakfast Cereal,392.76,3,0.05,Card,5.8,322.06,1178.28,58.914,1119.366,966.1800000000001,153.18599999999992,13.685068154651821,Saturday,February,17,Evening
INV-2024-02176,2024-02-24,17:41,A,Delhi,Member,Male,Clothing,Jeans,1908.37,5,0.0,Card,9.3,1164.11,9541.849999999999,0.0,9541.849999999999,5820.549999999999,3721.2999999999993,38.99977467681843,Saturday,February,17,Evening
INV-2024-01572,2024-02-24,17:52,B,Mumbai,Member,Female,Groceries,Dry Fruits,940.55,3,0.05,Cash,8.4,771.25,2821.6499999999996,141.08249999999998,2680.5674999999997,2313.75,366.81749999999965,13.684322442915528,Saturday,February,17,Evening
INV-2024-00353,2024-02-24,18:08,C,Bengaluru,Member,Female,Personal Care,Shampoo,473.77,1,0.1,Card,10.0,274.79,473.77,47.377,426.393,274.79,151.60299999999995,35.55475816910689,Saturday,February,18,Evening
INV-2024-02093,2024-02-24,18:12,C,Bengaluru,Normal,Female,Sports,Fitness Band,1269.82,2,0.0,UPI,5.9,812.68,2539.64,0.0,2539.64,1625.36,914.28,36.00037800633161,Saturday,February,18,Evening
INV-2024-01724,2024-02-24,18:22,A,Delhi,Normal,Female,Clothing,T-Shirt,763.9,2,0.0,Cash,6.9,465.98,1527.8,0.0,1527.8,931.96,595.8399999999999,38.999869092813185,Saturday,February,18,Evening
INV-2024-02339,2024-02-24,18:23,B,Mumbai,Normal,Female,Electronics,Bluetooth Speaker,2807.72,2,0.0,Card,8.7,1937.33,5615.44,0.0,5615.44,3874.66,1740.7799999999997,30.999886028521363,Saturday,February,18,Evening
INV-2024-01328,2024-02-24,18:26,B,Mumbai,Normal,Female,Electronics,Smart Watch,3902.51,3,0.15,UPI,9.3,2692.73,11707.53,1756.1295,9951.4005,8078.1900000000005,1873.2104999999992,18.823586690134714,Saturday,February,18,Evening
INV-2024-00836,2024-02-24,18:29,A,Delhi,Normal,Male,Electronics,Power Bank,1605.93,2,0.1,Card,3.9,1108.09,3211.86,321.18600000000004,2890.674,2216.18,674.4940000000001,23.333450952961147,Saturday,February,18,Evening
INV-2024-01317,2024-02-24,18:32,C,Bengaluru,Normal,Male,Sports,Dumbbell Set,2409.73,1,0.0,UPI,5.9,1542.23,2409.73,0.0,2409.73,1542.23,867.5,35.99988380440962,Saturday,February,18,Evening
INV-2024-00285,2024-02-24,18:36,A,Delhi,Normal,Female,Groceries,Cooking Oil,817.24,2,0.1,Card,7.6,670.14,1634.48,163.448,1471.032,1340.28,130.75199999999995,8.88845382017522,Saturday,February,18,Evening
INV-2024-01218,2024-02-24,18:45,B,Mumbai,Member,Female,Electronics,Earbuds,2193.89,4,0.05,UPI,7.7,1513.78,8775.56,438.778,8336.782,6055.12,2281.6619999999994,27.368617771221555,Saturday,February,18,Evening
INV-2024-00489,2024-02-24,18:57,C,Bengaluru,Member,Female,Home & Kitchen,Bedsheet,1074.89,1,0.0,UPI,6.7,709.43,1074.89,0.0,1074.89,709.43,365.46000000000015,33.99975811478385,Saturday,February,18,Evening
INV-2024-01842,2024-02-24,19:04,C,Bengaluru,Member,Female,Groceries,Rice 5kg,610.99,5,0.15000000000000002,Card,8.8,501.01,3054.95,458.24250000000006,2596.7074999999995,2505.05,91.65749999999935,3.529758357458411,Saturday,February,19,Night
INV-2024-01031,2024-02-24,19:08,C,Bengaluru,Member,Male,Home & Kitchen,Mixer Grinder,3092.64,3,0.2,UPI,8.8,2041.14,9277.92,1855.584,7422.336,6123.42,1298.9160000000002,17.50009700450101,Saturday,February,19,Night
INV-2024-01302,2024-02-24,19:12,C,Bengaluru,Normal,Male,Personal Care,Skin Care Kit,1263.03,2,0.05,UPI,8.6,732.56,2526.06,126.303,2399.757,1465.12,934.6370000000002,38.94715173244625,Saturday,February,19,Night
INV-2024-01446,2024-02-24,19:47,A,Delhi,Normal,Male,Groceries,Dry Fruits,975.29,4,0.0,UPI,7.4,799.74,3901.16,0.0,3901.16,3198.96,702.1999999999998,17.99977442606814,Saturday,February,19,Night
INV-2024-00354,2024-02-24,20:40,A,Delhi,Member,Female,Groceries,Dry Fruits,964.26,3,0.0,UPI,6.0,790.69,2892.7799999999997,0.0,2892.7799999999997,2372.07,520.7099999999996,18.000331860701458,Saturday,February,20,Night
INV-2024-02446,2024-02-24,20:49,B,Mumbai,Normal,Female,Clothing,Sports Shoes,2658.66,3,0.0,Cash,6.3,1621.78,7975.98,0.0,7975.98,4865.34,3110.6399999999994,39.00009779362536,Saturday,February,20,Night
INV-2024-01344,2024-02-24,20:54,A,Delhi,Normal,Female,Groceries,Rice 5kg,589.8,2,0.0,UPI,9.2,483.64,1179.6,0.0,1179.6,967.28,212.31999999999994,17.999321804001355,Saturday,February,20,Night
INV-2024-00717,2024-02-24,20:55,B,Mumbai,Member,Female,Clothing,Jeans,1788.18,4,0.2,Cash,9.7,1090.79,7152.72,1430.544,5722.176,4363.16,1359.0160000000005,23.749986019304554,Saturday,February,20,Night
INV-2024-01213,2024-02-24,20:58,A,Delhi,Normal,Male,Sports,Dumbbell Set,2505.68,2,0.1,Cash,6.6,1603.64,5011.36,501.13599999999997,4510.224,3207.28,1302.944,28.88867603915016,Saturday,February,20,Night
INV-2024-00058,2024-02-24,21:11,A,Delhi,Normal,Female,Electronics,Earbuds,2369.5,3,0.1,Cash,6.3,1634.95,7108.5,710.85,6397.65,4904.85,1492.7999999999993,23.333567794424507,Saturday,February,21,Night
INV-2024-01861,2024-02-25,11:47,A,Delhi,Member,Female,Personal Care,Shampoo,458.63,5,0.05,UPI,7.4,266.01,2293.15,114.65750000000001,2178.4925000000003,1330.05,848.4425000000003,38.94631264509748,Sunday,February,11,Morning
INV-2024-02188,2024-02-25,11:57,B,Mumbai,Normal,Male,Sports,Fitness Band,1260.41,1,0.1,Cash,7.0,806.66,1260.41,126.04100000000001,1134.3690000000001,806.66,327.7090000000002,28.88910046025589,Sunday,February,11,Morning
INV-2024-01771,2024-02-25,12:57,A,Delhi,Member,Male,Groceries,Dry Fruits,950.74,3,0.1,UPI,8.7,779.61,2852.2200000000003,285.22200000000004,2566.998,2338.83,228.16800000000012,8.888514911191988,Sunday,February,12,Afternoon
INV-2024-02433,2024-02-25,13:13,C,Bengaluru,Normal,Male,Personal Care,Perfume,1531.53,1,0.1,Cash,7.0,888.29,1531.53,153.153,1378.377,888.29,490.087,35.55536692791595,Sunday,February,13,Afternoon
INV-2024-02449,2024-02-25,13:21,B,Mumbai,Member,Male,Clothing,Jacket,3150.9,3,0.05,Card,8.0,1922.05,9452.7,472.63500000000005,8980.065,5766.15,3213.915000000001,35.789440276879965,Sunday,February,13,Afternoon
INV-2024-00672,2024-02-25,14:01,A,Delhi,Normal,Male,Clothing,Sports Shoes,2332.49,2,0.2,UPI,7.3,1422.82,4664.98,932.996,3731.9839999999995,2845.64,886.3439999999996,23.749941050122395,Sunday,February,14,Afternoon
INV-2024-02329,2024-02-25,14:01,A,Delhi,Member,Male,Groceries,Cooking Oil,835.42,1,0.05,UPI,6.9,685.04,835.42,41.771,793.649,685.04,108.60900000000004,13.684764927568741,Sunday,February,14,Afternoon
INV-2024-01901,2024-02-25,14:16,A,Delhi,Normal,Male,Electronics,Earbuds,2098.11,4,0.0,UPI,8.7,1447.7,8392.44,0.0,8392.44,5790.8,2601.6400000000003,30.99980458603219,Sunday,February,14,Afternoon
INV-2024-01232,2024-02-25,14:34,C,Bengaluru,Member,Female,Groceries,Dry Fruits,1017.74,2,0.15000000000000002,Card,7.8,834.55,2035.48,305.32200000000006,1730.158,1669.1,61.05799999999999,3.529041856292893,Sunday,February,14,Afternoon
INV-2024-01095,2024-02-25,14:49,A,Delhi,Normal,Male,Sports,Yoga Mat,850.79,2,0.0,Cash,6.2,544.51,1701.58,0.0,1701.58,1089.02,612.56,35.99948283360171,Sunday,February,14,Afternoon
INV-2024-01274,2024-02-25,14:55,A,Delhi,Normal,Male,Clothing,Jacket,3111.98,3,0.05,UPI,8.8,1898.31,9335.94,466.797,8869.143,5694.93,3174.2129999999997,35.78939926890343,Sunday,February,14,Afternoon
INV-2024-00929,2024-02-25,15:07,C,Bengaluru,Member,Female,Groceries,Dry Fruits,893.23,2,0.15,UPI,7.9,732.45,1786.46,267.969,1518.491,1464.9,53.590999999999894,3.529227371120401,Sunday,February,15,Afternoon
INV-2024-00121,2024-02-25,15:28,C,Bengaluru,Member,Female,Clothing,T-Shirt,819.51,2,0.0,Cash,8.1,499.9,1639.02,0.0,1639.02,999.8,639.22,39.00013422655002,Sunday,February,15,Afternoon
INV-2024-01313,2024-02-25,15:29,A,Delhi,Normal,Female,Electronics,Bluetooth Speaker,2633.07,2,0.1,Card,7.4,1816.82,5266.14,526.614,4739.526,3633.64,1105.886,23.333261596201815,Sunday,February,15,Afternoon
INV-2024-01689,2024-02-25,16:21,A,Delhi,Member,Male,Groceries,Cooking Oil,757.29,1,0.05,Cash,5.0,620.98,757.29,37.8645,719.4254999999999,620.98,98.44549999999992,13.683904726757659,Sunday,February,16,Evening
INV-2024-02450,2024-02-25,16:29,A,Delhi,Member,Female,Groceries,Cooking Oil,846.3,3,0.0,Card,8.8,693.97,2538.8999999999996,0.0,2538.8999999999996,2081.91,456.9899999999998,17.99952735436606,Sunday,February,16,Evening
INV-2024-00880,2024-02-25,17:02,A,Delhi,Normal,Male,Clothing,T-Shirt,765.9,4,0.05,Cash,7.2,467.2,3063.6,153.18,2910.42,1868.8,1041.6200000000001,35.789336247002154,Sunday,February,17,Evening
INV-2024-00114,2024-02-25,17:56,B,Mumbai,Normal,Female,Groceries,Breakfast Cereal,376.34,3,0.05,Card,9.2,308.6,1129.02,56.451,1072.569,925.8000000000001,146.7689999999999,13.683874883573916,Sunday,February,17,Evening
INV-2024-01756,2024-02-25,18:17,C,Bengaluru,Normal,Female,Groceries,Breakfast Cereal,393.41,2,0.1,UPI,10.0,322.6,786.82,78.68200000000002,708.138,645.2,62.93799999999999,8.887815651751493,Sunday,February,18,Evening
INV-2024-00212,2024-02-25,18:26,C,Bengaluru,Normal,Male,Electronics,Smart Watch,4019.33,1,0.05,UPI,5.7,2773.34,4019.33,200.9665,3818.3635,2773.34,1045.0234999999998,27.368360817402525,Sunday,February,18,Evening
INV-2024-02331,2024-02-25,18:30,A,Delhi,Normal,Male,Home & Kitchen,Storage Set,700.33,3,0.05,UPI,9.9,462.22,2100.9900000000002,105.04950000000002,1995.9405000000002,1386.66,609.2805000000001,30.525985118293857,Sunday,February,18,Evening
INV-2024-00814,2024-02-25,19:07,B,Mumbai,Normal,Male,Sports,Yoga Mat,954.55,3,0.0,UPI,7.9,610.91,2863.6499999999996,0.0,2863.6499999999996,1832.73,1030.9199999999996,36.00020952281179,Sunday,February,19,Night
INV-2024-01265,2024-02-25,20:29,C,Bengaluru,Normal,Male,Home & Kitchen,Mixer Grinder,3059.88,1,0.1,Card,5.8,2019.52,3059.88,305.988,2753.8920000000003,2019.52,734.3720000000003,26.666695716462378,Sunday,February,20,Night
INV-2024-00465,2024-02-25,20:58,C,Bengaluru,Member,Female,Sports,Dumbbell Set,2523.46,4,0.2,Cash,6.7,1615.01,10093.84,2018.768,8075.072,6460.04,1615.0320000000002,20.000217954712976,Sunday,February,20,Night
INV-2024-00133,2024-02-25,21:57,B,Mumbai,Normal,Female,Groceries,Cooking Oil,741.81,1,0.1,Card,7.9,608.28,741.81,74.181,667.6289999999999,608.28,59.34899999999993,8.889517980794714,Sunday,February,21,Night
INV-2024-02254,2024-02-26,09:15,B,Mumbai,Normal,Female,Electronics,Smart Watch,3949.13,1,0.0,Card,7.2,2724.9,3949.13,0.0,3949.13,2724.9,1224.23,30.999992403390113,Monday,February,9,Morning
INV-2024-00675,2024-02-26,10:02,C,Bengaluru,Member,Female,Clothing,Jacket,3138.19,5,0.0,Card,6.1,1914.3,15690.95,0.0,15690.95,9571.5,6119.450000000001,38.99986935144144,Monday,February,10,Morning
INV-2024-01338,2024-02-26,10:53,B,Mumbai,Normal,Female,Electronics,Smart Watch,4138.8,1,0.0,Card,6.8,2855.77,4138.8,0.0,4138.8,2855.77,1283.0300000000002,31.00004832318547,Monday,February,10,Morning
INV-2024-02437,2024-02-26,10:59,B,Mumbai,Normal,Male,Electronics,Smart Watch,4200.96,1,0.0,Card,9.7,2898.66,4200.96,0.0,4200.96,2898.66,1302.3000000000002,31.000057129798908,Monday,February,10,Morning
INV-2024-01280,2024-02-26,11:08,A,Delhi,Member,Male,Groceries,Cooking Oil,807.85,5,0.05,Cash,6.9,662.44,4039.25,201.9625,3837.2875,3312.2000000000003,525.0874999999996,13.683819625190964,Monday,February,11,Morning
INV-2024-02401,2024-02-26,12:27,C,Bengaluru,Member,Female,Sports,Yoga Mat,943.32,6,0.0,Card,5.2,603.72,5659.92,0.0,5659.92,3622.32,2037.6,36.00050884111436,Monday,February,12,Afternoon
INV-2024-00578,2024-02-26,12:33,A,Delhi,Normal,Female,Electronics,Smart Watch,3894.65,4,0.15,Card,7.9,2687.31,15578.6,2336.79,13241.810000000001,10749.24,2492.5700000000015,18.823484100738504,Monday,February,12,Afternoon
INV-2024-00827,2024-02-26,12:36,B,Mumbai,Normal,Female,Personal Care,Perfume,1702.05,5,0.0,Cash,7.2,987.19,8510.25,0.0,8510.25,4935.950000000001,3574.2999999999993,41.9999412473194,Monday,February,12,Afternoon
INV-2024-00773,2024-02-26,12:42,A,Delhi,Normal,Female,Groceries,Dry Fruits,889.37,7,0.0,UPI,7.1,729.28,6225.59,0.0,6225.59,5104.96,1120.63,18.00038229308387,Monday,February,12,Afternoon
INV-2024-00393,2024-02-26,13:18,B,Mumbai,Member,Male,Groceries,Rice 5kg,646.33,2,0.1,Card,9.5,529.99,1292.66,129.26600000000002,1163.394,1059.98,103.41399999999999,8.888992035372366,Monday,February,13,Afternoon
INV-2024-00344,2024-02-26,13:51,A,Delhi,Normal,Male,Groceries,Cooking Oil,846.16,3,0.05,Card,8.3,693.85,2538.48,126.924,2411.556,2081.55,330.00599999999986,13.684359807526752,Monday,February,13,Afternoon
INV-2024-00483,2024-02-26,13:54,B,Mumbai,Normal,Female,Sports,Fitness Band,1199.65,1,0.05,Card,5.1,767.78,1199.65,59.98250000000001,1139.6675,767.78,371.88750000000005,32.6312279678064,Monday,February,13,Afternoon
INV-2024-00804,2024-02-26,14:10,C,Bengaluru,Member,Male,Clothing,Jeans,1804.26,2,0.05,UPI,10.0,1100.6,3608.52,180.42600000000002,3428.094,2201.2,1226.8940000000002,35.7893920061702,Monday,February,14,Afternoon
INV-2024-00135,2024-02-26,14:22,A,Delhi,Normal,Female,Groceries,Rice 5kg,631.61,5,0.05,UPI,8.2,517.92,3158.05,157.90250000000003,3000.1475,2589.6,410.5475000000001,13.68424385801032,Monday,February,14,Afternoon
INV-2024-00349,2024-02-26,14:24,C,Bengaluru,Member,Male,Electronics,Power Bank,1481.71,1,0.1,Card,7.8,1022.38,1481.71,148.17100000000002,1333.539,1022.38,311.159,23.33332583449003,Monday,February,14,Afternoon
INV-2024-02464,2024-02-26,14:27,C,Bengaluru,Normal,Male,Sports,Yoga Mat,832.41,6,0.05,UPI,6.7,532.74,4994.46,249.723,4744.737,3196.44,1548.297,32.63188244153469,Monday,February,14,Afternoon
INV-2024-02391,2024-02-26,15:49,A,Delhi,Member,Male,Sports,Dumbbell Set,2391.36,1,0.1,Card,5.8,1530.47,2391.36,239.13600000000002,2152.224,1530.47,621.7540000000001,28.888907474314944,Monday,February,15,Afternoon
INV-2024-02395,2024-02-26,16:11,A,Delhi,Member,Female,Sports,Cricket Bat,1876.75,2,0.05,Card,7.6,1201.12,3753.5,187.675,3565.825,2402.24,1163.585,32.631578947368425,Monday,February,16,Evening
INV-2024-00559,2024-02-26,16:15,C,Bengaluru,Normal,Female,Electronics,Smart Watch,3763.23,2,0.1,Card,6.1,2596.63,7526.46,752.6460000000001,6773.814,5193.26,1580.554,23.333294950230403,Monday,February,16,Evening
INV-2024-00822,2024-02-26,17:31,C,Bengaluru,Member,Female,Clothing,T-Shirt,848.71,2,0.2,UPI,7.0,517.71,1697.42,339.48400000000004,1357.9360000000001,1035.42,322.5160000000001,23.750456575273066,Monday,February,17,Evening
INV-2024-02206,2024-02-26,17:58,C,Bengaluru,Normal,Male,Personal Care,Perfume,1615.18,2,0.0,UPI,8.0,936.8,3230.36,0.0,3230.36,1873.6,1356.7600000000002,42.00027241545835,Monday,February,17,Evening
INV-2024-02468,2024-02-26,18:01,A,Delhi,Member,Female,Personal Care,Perfume,1545.22,3,0.2,Cash,5.1,896.23,4635.66,927.1320000000001,3708.528,2688.69,1019.8379999999997,27.499805852888255,Monday,February,18,Evening
INV-2024-00698,2024-02-26,18:36,A,Delhi,Normal,Female,Electronics,Power Bank,1420.68,3,0.0,UPI,7.8,980.27,4262.04,0.0,4262.04,2940.81,1321.23,30.99994368893769,Monday,February,18,Evening
INV-2024-02030,2024-02-26,18:48,C,Bengaluru,Member,Female,Clothing,Jacket,2850.33,2,0.15000000000000002,UPI,6.2,1738.7,5700.66,855.0990000000002,4845.561,3477.4,1368.1609999999996,28.235347775004787,Monday,February,18,Evening
INV-2024-00260,2024-02-26,19:08,A,Delhi,Normal,Male,Personal Care,Skin Care Kit,1291.51,1,0.0,Card,6.5,749.08,1291.51,0.0,1291.51,749.08,542.43,41.999674799265975,Monday,February,19,Night
INV-2024-00130,2024-02-26,20:13,A,Delhi,Member,Male,Home & Kitchen,Storage Set,717.22,3,0.15000000000000002,Card,9.1,473.37,2151.66,322.749,1828.9109999999998,1420.1100000000001,408.8009999999997,22.352153822684635,Monday,February,20,Night
INV-2024-01483,2024-02-26,20:13,C,Bengaluru,Member,Male,Personal Care,Perfume,1694.32,1,0.05,UPI,9.5,982.71,1694.32,84.71600000000001,1609.6039999999998,982.71,626.8939999999998,38.94709506189099,Monday,February,20,Night
INV-2024-02469,2024-02-26,20:22,A,Delhi,Normal,Male,Home & Kitchen,Storage Set,751.15,4,0.1,Card,6.1,495.76,3004.6,300.46,2704.14,1983.04,721.0999999999999,26.66651874533123,Monday,February,20,Night
INV-2024-00659,2024-02-26,21:22,C,Bengaluru,Normal,Female,Groceries,Cooking Oil,780.44,1,0.0,Card,7.8,639.96,780.44,0.0,780.44,639.96,140.48000000000002,18.000102506278512,Monday,February,21,Night
INV-2024-00274,2024-02-26,21:40,C,Bengaluru,Member,Male,Personal Care,Skin Care Kit,1176.12,5,0.15000000000000002,Card,6.1,682.15,5880.599999999999,882.09,4998.509999999999,3410.75,1587.7599999999993,31.764665870429376,Monday,February,21,Night
INV-2024-00234,2024-02-26,21:52,C,Bengaluru,Normal,Male,Groceries,Breakfast Cereal,372.82,4,0.15,Card,7.5,305.71,1491.28,223.69199999999998,1267.588,1222.84,44.74800000000005,3.530169108574714,Monday,February,21,Night
INV-2024-00524,2024-02-27,12:40,C,Bengaluru,Normal,Female,Home & Kitchen,Mixer Grinder,3491.93,4,0.1,Card,5.8,2304.67,13967.72,1396.772,12570.948,9218.68,3352.268,26.666787580379776,Tuesday,February,12,Afternoon
INV-2024-00790,2024-02-27,12:44,B,Mumbai,Member,Male,Home & Kitchen,Storage Set,721.67,2,0.05,Card,9.3,476.3,1443.34,72.167,1371.173,952.6,418.573,30.52663668260679,Tuesday,February,12,Afternoon
INV-2024-00784,2024-02-27,13:27,B,Mumbai,Normal,Male,Electronics,Smart Watch,4296.12,2,0.15,Cash,5.2,2964.32,8592.24,1288.836,7303.4039999999995,5928.64,1374.7639999999992,18.82360608833907,Tuesday,February,13,Afternoon
INV-2024-02378,2024-02-27,13:32,A,Delhi,Member,Male,Groceries,Dry Fruits,884.86,5,0.1,Card,6.5,725.59,4424.3,442.43000000000006,3981.87,3627.9500000000003,353.9199999999996,8.888286157006624,Tuesday,February,13,Afternoon
INV-2024-02195,2024-02-27,14:01,A,Delhi,Member,Female,Clothing,Jeans,1842.1,2,0.05,UPI,6.3,1123.68,3684.2,184.21,3499.99,2247.36,1252.6299999999997,35.78953082723093,Tuesday,February,14,Afternoon
INV-2024-01585,2024-02-27,14:33,A,Delhi,Normal,Male,Clothing,Jacket,2764.79,4,0.0,Card,7.1,1686.52,11059.16,0.0,11059.16,6746.08,4313.08,39.000068721313376,Tuesday,February,14,Afternoon
INV-2024-00245,2024-02-27,15:26,B,Mumbai,Member,Male,Groceries,Rice 5kg,608.51,4,0.1,Card,7.1,498.98,2434.04,243.404,2190.636,1995.92,194.7159999999999,8.888560217215453,Tuesday,February,15,Afternoon
INV-2024-01207,2024-02-27,15:39,A,Delhi,Member,Female,Electronics,Bluetooth Speaker,2648.63,2,0.05,Card,6.4,1827.55,5297.26,264.863,5032.397,3655.1,1377.297,27.368607842346304,Tuesday,February,15,Afternoon
INV-2024-01824,2024-02-27,15:48,B,Mumbai,Member,Male,Electronics,Smart Watch,4217.52,5,0.1,Card,8.1,2910.09,21087.600000000002,2108.76,18978.840000000004,14550.45,4428.390000000003,23.33330171917779,Tuesday,February,15,Afternoon
INV-2024-01012,2024-02-27,16:24,C,Bengaluru,Member,Male,Clothing,Jacket,3094.81,2,0.0,Card,6.4,1887.83,6189.62,0.0,6189.62,3775.66,2413.96,39.00013247986145,Tuesday,February,16,Evening
INV-2024-01919,2024-02-27,16:28,A,Delhi,Normal,Female,Home & Kitchen,Cookware Set,2207.96,1,0.15,Card,7.5,1457.25,2207.96,331.194,1876.766,1457.25,419.5160000000001,22.35313299580236,Tuesday,February,16,Evening
INV-2024-00197,2024-02-27,16:39,B,Mumbai,Member,Male,Groceries,Cooking Oil,801.83,4,0.0,Card,6.5,657.5,3207.32,0.0,3207.32,2630.0,577.3200000000002,18.000074828829057,Tuesday,February,16,Evening
INV-2024-02155,2024-02-27,16:39,A,Delhi,Normal,Female,Clothing,Jacket,3003.89,1,0.0,UPI,7.3,1832.37,3003.89,0.0,3003.89,1832.37,1171.52,39.00009654148454,Tuesday,February,16,Evening
INV-2024-02105,2024-02-27,17:34,A,Delhi,Normal,Female,Home & Kitchen,Mixer Grinder,3086.75,1,0.1,UPI,6.9,2037.25,3086.75,308.675,2778.075,2037.25,740.8249999999998,26.666846647408722,Tuesday,February,17,Evening
INV-2024-02457,2024-02-27,18:03,A,Delhi,Normal,Male,Groceries,Rice 5kg,629.66,1,0.15,Cash,8.3,516.32,629.66,94.449,535.211,516.32,18.890999999999963,3.5296359753442967,Tuesday,February,18,Evening
INV-2024-01938,2024-02-27,18:20,A,Delhi,Member,Male,Home & Kitchen,Mixer Grinder,3548.98,4,0.15,Card,9.5,2342.33,14195.92,2129.388,12066.532,9369.32,2697.2119999999995,22.35283509793866,Tuesday,February,18,Evening
INV-2024-02309,2024-02-27,18:20,B,Mumbai,Normal,Female,Groceries,Breakfast Cereal,364.79,1,0.0,Card,6.1,299.13,364.79,0.0,364.79,299.13,65.66000000000003,17.999396913292586,Tuesday,February,18,Evening
INV-2024-01718,2024-02-27,18:21,B,Mumbai,Normal,Male,Groceries,Breakfast Cereal,358.13,2,0.1,UPI,7.7,293.67,716.26,71.626,644.634,587.34,57.29399999999998,8.88783402675006,Tuesday,February,18,Evening
INV-2024-00360,2024-02-27,18:36,B,Mumbai,Member,Female,Electronics,Power Bank,1597.33,4,0.0,Card,8.7,1102.16,6389.32,0.0,6389.32,4408.64,1980.6799999999994,30.999856009716204,Tuesday,February,18,Evening
INV-2024-00425,2024-02-27,18:42,B,Mumbai,Normal,Female,Home & Kitchen,Cookware Set,2229.79,1,0.0,UPI,9.5,1471.66,2229.79,0.0,2229.79,1471.66,758.1299999999999,34.00006278618166,Tuesday,February,18,Evening
INV-2024-00882,2024-02-27,19:06,B,Mumbai,Member,Male,Groceries,Cooking Oil,839.65,3,0.2,Cash,8.7,688.51,2518.95,503.78999999999996,2015.1599999999999,2065.5299999999997,-50.36999999999989,-2.499553385339124,Tuesday,February,19,Night
INV-2024-01307,2024-02-27,19:17,A,Delhi,Normal,Female,Clothing,Jacket,2921.88,5,0.15,UPI,6.6,1782.35,14609.400000000001,2191.4100000000003,12417.990000000002,8911.75,3506.2400000000016,28.235165272318635,Tuesday,February,19,Night
INV-2024-00247,2024-02-27,19:21,B,Mumbai,Normal,Male,Electronics,Earbuds,2250.36,5,0.0,Cash,6.4,1552.75,11251.800000000001,0.0,11251.800000000001,7763.75,3488.050000000001,30.999928900264855,Tuesday,February,19,Night
INV-2024-02039,2024-02-27,19:57,B,Mumbai,Normal,Female,Groceries,Rice 5kg,573.11,6,0.05,Cash,6.5,469.95,3438.66,171.933,3266.727,2819.7,447.02700000000004,13.684247260331214,Tuesday,February,19,Night
INV-2024-00594,2024-02-27,21:09,A,Delhi,Member,Male,Electronics,Earbuds,2245.14,3,0.05,Card,6.4,1549.15,6735.42,336.771,6398.649,4647.450000000001,1751.1989999999996,27.368261643981402,Tuesday,February,21,Night
INV-2024-02490,2024-02-28,09:55,A,Delhi,Normal,Male,Clothing,Jeans,1780.13,2,0.1,UPI,8.0,1085.88,3560.26,356.02600000000007,3204.2340000000004,2171.76,1032.4740000000002,32.22217853003245,Wednesday,February,9,Morning
INV-2024-00879,2024-02-28,10:32,B,Mumbai,Normal,Female,Electronics,Power Bank,1612.18,3,0.1,Cash,6.9,1112.4,4836.54,483.654,4352.886,3337.2000000000003,1015.6860000000001,23.333622796461935,Wednesday,February,10,Morning
INV-2024-00450,2024-02-28,10:46,A,Delhi,Normal,Male,Home & Kitchen,Bedsheet,1031.19,3,0.0,UPI,7.4,680.59,3093.57,0.0,3093.57,2041.77,1051.8000000000002,33.99955391343982,Wednesday,February,10,Morning
INV-2024-00976,2024-02-28,13:14,A,Delhi,Member,Male,Groceries,Dry Fruits,910.78,3,0.05,Cash,8.0,746.84,2732.34,136.61700000000002,2595.723,2240.52,355.203,13.684164296421459,Wednesday,February,13,Afternoon
INV-2024-00351,2024-02-28,13:23,A,Delhi,Normal,Female,Personal Care,Skin Care Kit,1122.26,3,0.0,Cash,6.7,650.91,3366.7799999999997,0.0,3366.7799999999997,1952.73,1414.0499999999997,42.000071284729025,Wednesday,February,13,Afternoon
INV-2024-01961,2024-02-28,14:03,A,Delhi,Normal,Female,Groceries,Dry Fruits,946.78,2,0.05,Card,5.0,776.36,1893.56,94.678,1798.882,1552.72,246.16200000000003,13.684166054249253,Wednesday,February,14,Afternoon
INV-2024-01062,2024-02-28,14:25,B,Mumbai,Member,Male,Sports,Cricket Bat,2124.91,2,0.15000000000000002,UPI,7.5,1359.94,4249.82,637.4730000000001,3612.3469999999998,2719.88,892.4669999999996,24.706015230541244,Wednesday,February,14,Afternoon
INV-2024-02293,2024-02-28,14:44,C,Bengaluru,Normal,Female,Electronics,Bluetooth Speaker,2978.59,2,0.0,Cash,6.3,2055.23,5957.18,0.0,5957.18,4110.46,1846.7200000000003,30.99990263849674,Wednesday,February,14,Afternoon
INV-2024-00478,2024-02-28,15:33,A,Delhi,Normal,Male,Groceries,Cooking Oil,769.53,2,0.0,UPI,5.6,631.01,1539.06,0.0,1539.06,1262.02,277.03999999999996,18.000597767468456,Wednesday,February,15,Afternoon
INV-2024-01346,2024-02-28,15:41,A,Delhi,Normal,Female,Electronics,Power Bank,1522.94,4,0.0,UPI,9.0,1050.83,6091.76,0.0,6091.76,4203.32,1888.4400000000005,30.999908072543903,Wednesday,February,15,Afternoon
INV-2024-02019,2024-02-28,16:41,A,Delhi,Normal,Male,Home & Kitchen,Storage Set,690.4,1,0.1,Cash,8.8,455.66,690.4,69.04,621.36,455.66,165.7,26.667310415861976,Wednesday,February,16,Evening
INV-2024-01072,2024-02-28,16:50,A,Delhi,Member,Male,Clothing,Jeans,1799.22,4,0.1,UPI,7.0,1097.52,7196.88,719.6880000000001,6477.192,4390.08,2087.112,32.22248159387587,Wednesday,February,16,Evening
INV-2024-01801,2024-02-28,17:00,B,Mumbai,Normal,Male,Groceries,Dry Fruits,936.17,1,0.1,Cash,5.1,767.66,936.17,93.617,842.553,767.66,74.89300000000003,8.888817676751495,Wednesday,February,17,Evening
INV-2024-01432,2024-02-28,17:09,B,Mumbai,Member,Female,Groceries,Cooking Oil,773.25,2,0.0,Cash,9.3,634.07,1546.5,0.0,1546.5,1268.14,278.3599999999999,17.999353378596826,Wednesday,February,17,Evening
INV-2024-01960,2024-02-28,17:09,A,Delhi,Normal,Female,Groceries,Rice 5kg,661.13,2,0.05,UPI,6.2,542.13,1322.26,66.113,1256.147,1084.26,171.88699999999994,13.683669188399126,Wednesday,February,17,Evening
INV-2024-01932,2024-02-28,17:10,C,Bengaluru,Normal,Female,Electronics,Power Bank,1425.85,4,0.0,Cash,7.5,983.84,5703.4,0.0,5703.4,3935.36,1768.0399999999995,30.999754532384184,Wednesday,February,17,Evening
INV-2024-00336,2024-02-28,17:44,B,Mumbai,Member,Female,Electronics,Earbuds,2358.72,3,0.15,Card,5.4,1627.52,7076.16,1061.424,6014.736,4882.5599999999995,1132.1760000000004,18.823369803761967,Wednesday,February,17,Evening
INV-2024-02272,2024-02-28,17:44,A,Delhi,Normal,Male,Electronics,Smart Watch,3683.04,2,0.0,UPI,6.9,2541.3,7366.08,0.0,7366.08,5082.6,2283.4799999999996,30.999934836439458,Wednesday,February,17,Evening
INV-2024-02114,2024-02-28,18:30,A,Delhi,Normal,Male,Sports,Fitness Band,1315.95,2,0.05,Cash,7.0,842.21,2631.9,131.595,2500.3050000000003,1684.42,815.8850000000002,32.631418966886045,Wednesday,February,18,Evening
INV-2024-01562,2024-02-28,18:39,B,Mumbai,Normal,Male,Groceries,Rice 5kg,607.88,2,0.1,Card,7.0,498.46,1215.76,121.57600000000001,1094.184,996.92,97.26400000000001,8.889181344271165,Wednesday,February,18,Evening
INV-2024-01247,2024-02-28,18:43,A,Delhi,Normal,Male,Groceries,Rice 5kg,606.03,1,0.0,Cash,8.2,496.94,606.03,0.0,606.03,496.94,109.08999999999997,18.00075903833143,Wednesday,February,18,Evening
INV-2024-00831,2024-02-28,18:56,B,Mumbai,Normal,Female,Groceries,Cooking Oil,761.7,5,0.0,Card,7.5,624.59,3808.5,0.0,3808.5,3122.9500000000003,685.5499999999997,18.00052514113167,Wednesday,February,18,Evening
INV-2024-01905,2024-02-28,20:44,B,Mumbai,Normal,Female,Home & Kitchen,Storage Set,744.68,2,0.0,Cash,8.9,491.49,1489.36,0.0,1489.36,982.98,506.3799999999999,33.99983885695869,Wednesday,February,20,Night
INV-2024-00448,2024-02-28,21:30,A,Delhi,Member,Female,Groceries,Cooking Oil,816.91,3,0.15000000000000002,UPI,7.6,669.87,2450.73,367.6095000000001,2083.1205,2009.6100000000001,73.51049999999987,3.528864508798212,Wednesday,February,21,Night
INV-2024-01064,2024-02-29,09:10,A,Delhi,Normal,Male,Groceries,Dry Fruits,995.63,1,0.15,UPI,6.1,816.42,995.63,149.34449999999998,846.2855,816.42,29.865499999999997,3.5290100090335943,Thursday,February,9,Morning
INV-2024-00923,2024-02-29,09:18,B,Mumbai,Normal,Female,Groceries,Cooking Oil,845.09,1,0.05,Card,7.1,692.97,845.09,42.25450000000001,802.8355,692.97,109.8655,13.684683848683822,Thursday,February,9,Morning
INV-2024-01452,2024-02-29,10:34,A,Delhi,Normal,Female,Clothing,Jacket,2858.74,1,0.05,Cash,6.0,1743.83,2858.74,142.93699999999998,2715.803,1743.83,971.973,35.789525234341376,Thursday,February,10,Morning
INV-2024-00600,2024-02-29,11:33,A,Delhi,Normal,Male,Clothing,Sports Shoes,2560.75,1,0.1,UPI,7.0,1562.06,2560.75,256.075,2304.675,1562.06,742.6150000000002,32.22211374705762,Thursday,February,11,Morning
INV-2024-01363,2024-02-29,11:39,A,Delhi,Member,Female,Sports,Cricket Bat,1967.46,2,0.15,Card,7.8,1259.17,3934.92,590.2379999999999,3344.6820000000002,2518.34,826.3420000000001,24.706145457176497,Thursday,February,11,Morning
INV-2024-01449,2024-02-29,12:14,A,Delhi,Member,Female,Personal Care,Trimmer,2040.49,1,0.2,Card,7.9,1183.48,2040.49,408.098,1632.392,1183.48,448.91200000000003,27.500257291140855,Thursday,February,12,Afternoon
INV-2024-00770,2024-02-29,12:32,B,Mumbai,Member,Male,Personal Care,Trimmer,1881.4,3,0.05,Cash,9.3,1091.21,5644.200000000001,282.21000000000004,5361.990000000001,3273.63,2088.3600000000006,38.947480319806644,Thursday,February,12,Afternoon
INV-2024-01846,2024-02-29,12:56,B,Mumbai,Normal,Female,Electronics,Earbuds,2143.89,1,0.1,Card,7.1,1479.28,2143.89,214.389,1929.5009999999997,1479.28,450.2209999999998,23.333545823505656,Thursday,February,12,Afternoon
INV-2024-01113,2024-02-29,13:01,B,Mumbai,Member,Female,Home & Kitchen,Storage Set,659.74,3,0.05,UPI,7.2,435.43,1979.22,98.96100000000001,1880.259,1306.29,573.969,30.52606050549419,Thursday,February,13,Afternoon
INV-2024-01254,2024-02-29,13:38,C,Bengaluru,Normal,Female,Personal Care,Perfume,1597.33,2,0.1,Card,9.1,926.45,3194.66,319.466,2875.194,1852.9,1022.2939999999999,35.555652940288546,Thursday,February,13,Afternoon
INV-2024-00777,2024-02-29,15:10,B,Mumbai,Member,Female,Clothing,T-Shirt,807.04,2,0.15,Card,6.5,492.29,1614.08,242.11199999999997,1371.9679999999998,984.58,387.3879999999998,28.235935532024058,Thursday,February,15,Afternoon
INV-2024-01985,2024-02-29,16:02,B,Mumbai,Normal,Male,Electronics,Smart Watch,4170.68,2,0.0,Card,5.0,2877.77,8341.36,0.0,8341.36,5755.54,2585.8200000000006,30.99998081847565,Thursday,February,16,Evening
INV-2024-00498,2024-02-29,16:25,B,Mumbai,Member,Female,Electronics,Power Bank,1579.68,3,0.1,Card,7.5,1089.98,4739.04,473.904,4265.136,3269.94,995.1960000000004,23.33327706314641,Thursday,February,16,Evening
INV-2024-01802,2024-02-29,17:41,B,Mumbai,Member,Female,Home & Kitchen,Bedsheet,967.09,3,0.15000000000000002,Card,9.3,638.28,2901.27,435.19050000000004,2466.0795,1914.84,551.2394999999999,22.35286818612295,Thursday,February,17,Evening
INV-2024-01672,2024-02-29,18:06,C,Bengaluru,Member,Male,Electronics,Smart Watch,4278.08,4,0.0,UPI,9.3,2951.88,17112.32,0.0,17112.32,11807.52,5304.799999999999,30.999887800134633,Thursday,February,18,Evening
INV-2024-00645,2024-02-29,18:08,B,Mumbai,Normal,Male,Electronics,Earbuds,2072.16,6,0.0,Card,4.9,1429.79,12432.96,0.0,12432.96,8578.74,3854.2199999999993,31.00001930352868,Thursday,February,18,Evening
INV-2024-00819,2024-02-29,18:28,C,Bengaluru,Normal,Female,Clothing,Jacket,3170.48,3,0.05,UPI,7.9,1933.99,9511.44,475.57200000000006,9035.868,5801.97,3233.898,35.789566647055935,Thursday,February,18,Evening
INV-2024-01820,2024-02-29,19:25,C,Bengaluru,Normal,Female,Electronics,Smart Watch,3908.08,6,0.1,UPI,4.9,2696.58,23448.48,2344.848,21103.631999999998,16179.48,4924.151999999998,23.33319686393318,Thursday,February,19,Night
INV-2024-00991,2024-02-29,19:27,A,Delhi,Normal,Female,Personal Care,Trimmer,2026.91,2,0.05,UPI,7.0,1175.61,4053.82,202.69100000000003,3851.129,2351.22,1499.909,38.947254168842434,Thursday,February,19,Night
INV-2024-01800,2024-02-29,21:35,C,Bengaluru,Member,Male,Home & Kitchen,Storage Set,687.98,2,0.2,UPI,7.8,454.07,1375.96,275.192,1100.768,908.14,192.62800000000004,17.499418587749645,Thursday,February,21,Night
INV-2024-02455,2024-02-29,21:38,C,Bengaluru,Member,Female,Electronics,Earbuds,2349.33,3,0.05,Cash,8.1,1621.04,7047.99,352.3995,6695.5905,4863.12,1832.4705000000004,27.36831799973431,Thursday,February,21,Night
INV-2024-02429,2024-03-01,09:04,A,Delhi,Normal,Male,Groceries,Dry Fruits,899.16,2,0.0,Card,8.7,737.31,1798.32,0.0,1798.32,1474.62,323.70000000000005,18.000133457894037,Friday,March,9,Morning
INV-2024-01498,2024-03-01,09:45,C,Bengaluru,Normal,Female,Groceries,Rice 5kg,599.15,1,0.0,UPI,5.1,491.3,599.15,0.0,599.15,491.3,107.84999999999997,18.000500709338223,Friday,March,9,Morning
INV-2024-00440,2024-03-01,10:40,A,Delhi,Member,Female,Clothing,Jeans,1726.27,1,0.05,Cash,6.6,1053.02,1726.27,86.3135,1639.9565,1053.02,586.9365,35.78976027717808,Friday,March,10,Morning
INV-2024-00229,2024-03-01,11:03,C,Bengaluru,Member,Female,Electronics,Bluetooth Speaker,2983.06,6,0.05,UPI,8.2,2058.31,17898.36,894.9180000000001,17003.442,12349.86,4653.5819999999985,27.368470454393872,Friday,March,11,Morning
INV-2024-02271,2024-03-01,11:33,A,Delhi,Normal,Male,Sports,Yoga Mat,855.46,1,0.15,Card,7.3,547.49,855.46,128.319,727.1410000000001,547.49,179.65100000000007,24.70648746254166,Friday,March,11,Morning
INV-2024-01379,2024-03-01,11:41,C,Bengaluru,Member,Female,Clothing,T-Shirt,848.92,1,0.05,UPI,7.3,517.84,848.92,42.446,806.4739999999999,517.84,288.6339999999999,35.78962248007994,Friday,March,11,Morning
INV-2024-00020,2024-03-01,12:10,C,Bengaluru,Normal,Female,Groceries,Cooking Oil,764.56,6,0.05,UPI,8.3,626.94,4587.36,229.368,4357.991999999999,3761.6400000000003,596.351999999999,13.684100383846484,Friday,March,12,Afternoon
INV-2024-01284,2024-03-01,12:28,B,Mumbai,Member,Male,Electronics,Smart Watch,4217.84,2,0.0,UPI,7.6,2910.31,8435.68,0.0,8435.68,5820.62,2615.0600000000004,30.99999051647289,Friday,March,12,Afternoon
INV-2024-00586,2024-03-01,12:42,B,Mumbai,Normal,Male,Groceries,Breakfast Cereal,371.26,3,0.1,Cash,10.0,304.43,1113.78,111.378,1002.4019999999999,913.29,89.11199999999997,8.889846588494434,Friday,March,12,Afternoon
INV-2024-00329,2024-03-01,12:52,B,Mumbai,Normal,Female,Home & Kitchen,Mixer Grinder,3102.84,1,0.15,UPI,8.5,2047.87,3102.84,465.426,2637.414,2047.87,589.5440000000003,22.353108006554915,Friday,March,12,Afternoon
INV-2024-01079,2024-03-01,13:18,C,Bengaluru,Normal,Female,Personal Care,Perfume,1541.29,3,0.1,Card,6.6,893.95,4623.87,462.387,4161.483,2681.8500000000004,1479.6329999999998,35.555425794121945,Friday,March,13,Afternoon
INV-2024-02248,2024-03-01,13:28,B,Mumbai,Normal,Female,Clothing,Jacket,2774.34,1,0.1,UPI,8.0,1692.35,2774.34,277.434,2496.906,1692.35,804.556,32.222118093352336,Friday,March,13,Afternoon
INV-2024-00460,2024-03-01,13:34,C,Bengaluru,Member,Female,Personal Care,Trimmer,1837.03,3,0.05,UPI,8.4,1065.48,5511.09,275.5545,5235.5355,3196.44,2039.0955,38.94721943915766,Friday,March,13,Afternoon
INV-2024-00598,2024-03-01,14:26,B,Mumbai,Normal,Male,Sports,Dumbbell Set,2509.03,3,0.1,UPI,6.8,1605.78,7527.09,752.7090000000001,6774.381,4817.34,1957.0410000000002,28.888853461297792,Friday,March,14,Afternoon
INV-2024-01513,2024-03-01,15:04,C,Bengaluru,Member,Female,Sports,Fitness Band,1237.05,1,0.15000000000000002,UPI,7.1,791.71,1237.05,185.55750000000003,1051.4924999999998,791.71,259.7824999999998,24.70607255876764,Friday,March,15,Afternoon
INV-2024-01005,2024-03-01,15:36,A,Delhi,Member,Female,Groceries,Rice 5kg,667.35,1,0.0,Card,10.0,547.23,667.35,0.0,667.35,547.23,120.12,17.9995504607777,Friday,March,15,Afternoon
INV-2024-00564,2024-03-01,15:43,A,Delhi,Member,Female,Electronics,Bluetooth Speaker,2808.9,2,0.0,Cash,9.1,1938.14,5617.8,0.0,5617.8,3876.28,1741.52,31.000035601124992,Friday,March,15,Afternoon
INV-2024-00120,2024-03-01,17:08,C,Bengaluru,Normal,Male,Electronics,Power Bank,1574.05,3,0.0,Cash,7.3,1086.09,4722.15,0.0,4722.15,3258.2699999999995,1463.88,31.000285886725333,Friday,March,17,Evening
INV-2024-00096,2024-03-01,17:19,B,Mumbai,Normal,Male,Clothing,Jeans,1701.06,2,0.1,Card,8.0,1037.65,3402.12,340.212,3061.908,2075.3,986.6079999999997,32.222000138475735,Friday,March,17,Evening
INV-2024-00685,2024-03-01,17:31,C,Bengaluru,Member,Female,Groceries,Breakfast Cereal,406.41,4,0.05,UPI,9.3,333.26,1625.64,81.28200000000001,1544.3580000000002,1333.04,211.3180000000002,13.6832262985655,Friday,March,17,Evening
INV-2024-00479,2024-03-01,17:49,A,Delhi,Normal,Male,Electronics,Earbuds,2242.6,4,0.05,UPI,5.5,1547.39,8970.4,448.52,8521.88,6189.56,2332.319999999999,27.36860880462995,Friday,March,17,Evening
INV-2024-01882,2024-03-01,19:28,A,Delhi,Member,Female,Clothing,Jeans,1703.97,1,0.0,UPI,7.5,1039.42,1703.97,0.0,1703.97,1039.42,664.55,39.000099767014675,Friday,March,19,Night
INV-2024-00391,2024-03-01,19:35,B,Mumbai,Normal,Male,Sports,Cricket Bat,2059.78,2,0.15,UPI,4.9,1318.26,4119.56,617.9340000000001,3501.626,2636.52,865.1060000000002,24.705836659883158,Friday,March,19,Night
INV-2024-01746,2024-03-01,19:55,A,Delhi,Member,Male,Home & Kitchen,Cookware Set,2268.66,2,0.1,UPI,6.2,1497.32,4537.32,453.73199999999997,4083.5879999999997,2994.64,1088.9479999999999,26.666451169902544,Friday,March,19,Night
INV-2024-01773,2024-03-01,19:59,A,Delhi,Member,Male,Groceries,Dry Fruits,916.32,3,0.05,UPI,9.2,751.38,2748.96,137.448,2611.512,2254.14,357.3720000000003,13.684486228667541,Friday,March,19,Night
INV-2024-01485,2024-03-01,21:05,A,Delhi,Member,Female,Groceries,Cooking Oil,809.35,3,0.1,UPI,6.6,663.67,2428.05,242.80500000000004,2185.2450000000003,1991.0099999999998,194.23500000000058,8.888477035755741,Friday,March,21,Night
INV-2024-02043,2024-03-01,21:29,A,Delhi,Normal,Male,Electronics,Power Bank,1616.71,4,0.1,Cash,3.2,1115.53,6466.84,646.6840000000001,5820.156,4462.12,1358.036,23.333326460665315,Friday,March,21,Night
INV-2024-00065,2024-03-01,21:48,C,Bengaluru,Normal,Female,Groceries,Cooking Oil,731.52,1,0.05,UPI,6.2,599.85,731.52,36.576,694.944,599.85,95.09399999999994,13.683692498963937,Friday,March,21,Night
INV-2024-01662,2024-03-02,09:14,C,Bengaluru,Normal,Female,Electronics,Smart Watch,4291.23,5,0.0,UPI,7.3,2960.95,21456.149999999998,0.0,21456.149999999998,14804.75,6651.399999999998,30.999969705655484,Saturday,March,9,Morning
INV-2024-00997,2024-03-02,09:36,B,Mumbai,Member,Male,Groceries,Cooking Oil,728.72,1,0.1,UPI,8.5,597.55,728.72,72.872,655.8480000000001,597.55,58.298000000000116,8.88894987863043,Saturday,March,9,Morning
INV-2024-01377,2024-03-02,09:38,C,Bengaluru,Normal,Male,Personal Care,Trimmer,1817.66,5,0.05,Card,6.4,1054.24,9088.300000000001,454.4150000000001,8633.885,5271.2,3362.6850000000004,38.94753057285336,Saturday,March,9,Morning
INV-2024-01931,2024-03-02,10:25,B,Mumbai,Member,Female,Groceries,Cooking Oil,808.49,5,0.05,UPI,9.2,662.96,4042.45,202.1225,3840.3275,3314.8,525.5274999999997,13.684444881328472,Saturday,March,10,Morning
INV-2024-02453,2024-03-02,11:43,A,Delhi,Member,Male,Electronics,Earbuds,2353.22,2,0.0,UPI,8.1,1623.72,4706.44,0.0,4706.44,3247.44,1458.9999999999995,31.000076490935818,Saturday,March,11,Morning
INV-2024-00412,2024-03-02,11:53,C,Bengaluru,Member,Male,Home & Kitchen,Bedsheet,1067.0,5,0.05,Card,7.6,704.22,5335.0,266.75,5068.25,3521.1000000000004,1547.1499999999996,30.526315789473678,Saturday,March,11,Morning
INV-2024-01559,2024-03-02,12:10,B,Mumbai,Normal,Male,Electronics,Bluetooth Speaker,3022.77,3,0.0,Card,6.2,2085.71,9068.31,0.0,9068.31,6257.13,2811.1799999999994,31.000043006910875,Saturday,March,12,Afternoon
INV-2024-02280,2024-03-02,13:14,A,Delhi,Member,Male,Personal Care,Shampoo,438.91,1,0.05,Card,5.6,254.57,438.91,21.945500000000003,416.96450000000004,254.57,162.39450000000005,38.94684079819746,Saturday,March,13,Afternoon
INV-2024-02021,2024-03-02,13:58,A,Delhi,Member,Male,Clothing,Jeans,1792.67,3,0.05,Card,6.9,1093.53,5378.01,268.9005,5109.1095000000005,3280.59,1828.5195000000003,35.78939734996872,Saturday,March,13,Afternoon
INV-2024-01493,2024-03-02,14:10,B,Mumbai,Normal,Female,Groceries,Breakfast Cereal,371.46,2,0.1,Cash,7.3,304.6,742.92,74.292,668.6279999999999,609.2,59.427999999999884,8.888051352919693,Saturday,March,14,Afternoon
INV-2024-01848,2024-03-02,14:14,B,Mumbai,Normal,Male,Electronics,Bluetooth Speaker,2593.0,2,0.0,UPI,7.5,1789.17,5186.0,0.0,5186.0,3578.34,1607.6599999999999,31.0,Saturday,March,14,Afternoon
INV-2024-01036,2024-03-02,15:01,A,Delhi,Member,Male,Clothing,T-Shirt,758.01,3,0.0,UPI,10.0,462.39,2274.0299999999997,0.0,2274.0299999999997,1387.17,886.8599999999997,38.9994854949143,Saturday,March,15,Afternoon
INV-2024-00565,2024-03-02,15:06,A,Delhi,Member,Female,Groceries,Rice 5kg,609.81,3,0.2,UPI,5.7,500.04,1829.4299999999998,365.88599999999997,1463.5439999999999,1500.1200000000001,-36.57600000000025,-2.4991390761056897,Saturday,March,15,Afternoon
INV-2024-02004,2024-03-02,15:37,A,Delhi,Member,Male,Home & Kitchen,Cookware Set,2270.24,5,0.0,Cash,8.2,1498.36,11351.199999999999,0.0,11351.199999999999,7491.799999999999,3859.3999999999996,33.99992952286983,Saturday,March,15,Afternoon
INV-2024-00308,2024-03-02,15:38,C,Bengaluru,Member,Female,Groceries,Cooking Oil,783.05,2,0.05,UPI,6.0,642.1,1566.1,78.305,1487.7949999999998,1284.2,203.5949999999998,13.684344953437794,Saturday,March,15,Afternoon
INV-2024-00300,2024-03-02,16:17,A,Delhi,Member,Female,Sports,Yoga Mat,903.13,6,0.05,UPI,7.6,578.0,5418.78,270.939,5147.840999999999,3468.0,1679.8409999999994,32.631951919260906,Saturday,March,16,Evening
INV-2024-01704,2024-03-02,16:29,A,Delhi,Normal,Male,Personal Care,Perfume,1512.0,2,0.0,UPI,5.7,876.96,3024.0,0.0,3024.0,1753.92,1270.08,42.0,Saturday,March,16,Evening
INV-2024-01496,2024-03-02,16:37,B,Mumbai,Normal,Female,Groceries,Dry Fruits,926.57,1,0.0,Cash,6.4,759.79,926.57,0.0,926.57,759.79,166.7800000000001,17.999719395188716,Saturday,March,16,Evening
INV-2024-01224,2024-03-02,16:47,C,Bengaluru,Normal,Female,Home & Kitchen,Cookware Set,2411.1,1,0.0,UPI,5.8,1591.33,2411.1,0.0,2411.1,1591.33,819.77,33.999834100617974,Saturday,March,16,Evening
INV-2024-00534,2024-03-02,17:19,C,Bengaluru,Normal,Female,Personal Care,Skin Care Kit,1129.1,3,0.05,UPI,7.3,654.88,3387.2999999999997,169.365,3217.9349999999995,1964.6399999999999,1253.2949999999996,38.94718196607451,Saturday,March,17,Evening
INV-2024-00467,2024-03-02,17:32,C,Bengaluru,Normal,Female,Home & Kitchen,Cookware Set,2466.89,3,0.2,UPI,9.3,1628.15,7400.67,1480.134,5920.536,4884.450000000001,1036.0859999999993,17.49986825517148,Saturday,March,17,Evening
INV-2024-00122,2024-03-02,17:55,A,Delhi,Normal,Female,Groceries,Cooking Oil,793.97,1,0.15,UPI,5.9,651.06,793.97,119.0955,674.8745,651.06,23.814500000000066,3.528730156495773,Saturday,March,17,Evening
INV-2024-00492,2024-03-02,18:27,C,Bengaluru,Member,Female,Electronics,Smart Watch,4251.55,6,0.1,UPI,8.7,2933.57,25509.300000000003,2550.9300000000003,22958.370000000003,17601.420000000002,5356.950000000001,23.333320266203568,Saturday,March,18,Evening
INV-2024-01865,2024-03-02,18:52,B,Mumbai,Member,Male,Personal Care,Skin Care Kit,1286.93,2,0.15000000000000002,Card,7.1,746.42,2573.86,386.07900000000006,2187.781,1492.84,694.941,31.764651032255976,Saturday,March,18,Evening
INV-2024-01775,2024-03-02,19:08,A,Delhi,Member,Female,Home & Kitchen,Cookware Set,2403.31,3,0.0,Cash,7.8,1586.18,7209.93,0.0,7209.93,4758.54,2451.3900000000003,34.00019140269046,Saturday,March,19,Night
INV-2024-01633,2024-03-02,19:16,C,Bengaluru,Normal,Male,Clothing,Jacket,3127.17,6,0.0,Card,8.2,1907.57,18763.02,0.0,18763.02,11445.42,7317.6,39.00011831784009,Saturday,March,19,Night
INV-2024-01092,2024-03-02,19:18,B,Mumbai,Member,Male,Electronics,Smart Watch,4115.97,4,0.1,Card,7.7,2840.02,16463.88,1646.3880000000001,14817.492,11360.08,3457.4120000000003,23.333314436748136,Saturday,March,19,Night
INV-2024-00251,2024-03-02,19:44,A,Delhi,Normal,Female,Electronics,Bluetooth Speaker,2618.35,2,0.0,Cash,7.5,1806.66,5236.7,0.0,5236.7,3613.32,1623.3799999999997,31.000057287986703,Saturday,March,19,Night
INV-2024-01751,2024-03-02,20:02,B,Mumbai,Normal,Male,Groceries,Cooking Oil,851.26,3,0.0,Card,5.7,698.03,2553.7799999999997,0.0,2553.7799999999997,2094.09,459.6899999999996,18.00037591335196,Saturday,March,20,Night
INV-2024-00013,2024-03-02,20:34,C,Bengaluru,Member,Female,Home & Kitchen,Storage Set,737.74,3,0.15000000000000002,Cash,10.0,486.91,2213.2200000000003,331.98300000000006,1881.237,1460.73,420.50700000000006,22.35268602520576,Saturday,March,20,Night
INV-2024-02365,2024-03-03,11:51,B,Mumbai,Normal,Male,Groceries,Rice 5kg,593.56,2,0.15,UPI,7.2,486.72,1187.12,178.06799999999998,1009.0519999999999,973.44,35.61199999999985,3.529253200033285,Sunday,March,11,Morning
INV-2024-01917,2024-03-03,12:13,A,Delhi,Normal,Female,Clothing,Jeans,1857.82,3,0.0,Card,10.0,1133.27,5573.46,0.0,5573.46,3399.81,2173.65,39.000010765305575,Sunday,March,12,Afternoon
INV-2024-00824,2024-03-03,12:22,A,Delhi,Member,Male,Electronics,Smart Watch,4224.72,3,0.0,Cash,7.8,2915.06,12674.16,0.0,12674.16,8745.18,3928.9799999999996,30.99992425533526,Sunday,March,12,Afternoon
INV-2024-00365,2024-03-03,12:57,B,Mumbai,Normal,Female,Clothing,T-Shirt,748.61,2,0.0,Card,7.6,456.65,1497.22,0.0,1497.22,913.3,583.9200000000001,39.000280519896876,Sunday,March,12,Afternoon
INV-2024-00054,2024-03-03,13:19,A,Delhi,Member,Female,Electronics,Bluetooth Speaker,2883.6,1,0.0,Cash,6.4,1989.68,2883.6,0.0,2883.6,1989.68,893.9199999999998,31.00013871549452,Sunday,March,13,Afternoon
INV-2024-00493,2024-03-03,14:32,C,Bengaluru,Normal,Male,Electronics,Smart Watch,4027.26,1,0.05,Cash,6.9,2778.81,4027.26,201.36300000000003,3825.8970000000004,2778.81,1047.0870000000004,27.3684053700348,Sunday,March,14,Afternoon
INV-2024-02230,2024-03-03,15:06,C,Bengaluru,Normal,Male,Electronics,Power Bank,1409.52,1,0.15,UPI,6.8,972.57,1409.52,211.428,1198.092,972.57,225.52200000000005,18.823429252511495,Sunday,March,15,Afternoon
INV-2024-01198,2024-03-03,15:10,C,Bengaluru,Normal,Male,Groceries,Breakfast Cereal,387.63,2,0.0,UPI,5.0,317.86,775.26,0.0,775.26,635.72,139.53999999999996,17.99912287490648,Sunday,March,15,Afternoon
INV-2024-00081,2024-03-03,15:14,A,Delhi,Normal,Female,Sports,Dumbbell Set,2537.48,1,0.0,UPI,7.8,1623.99,2537.48,0.0,2537.48,1623.99,913.49,35.99988965430269,Sunday,March,15,Afternoon
INV-2024-01500,2024-03-03,15:24,B,Mumbai,Member,Male,Groceries,Breakfast Cereal,369.94,1,0.0,Card,8.6,303.35,369.94,0.0,369.94,303.35,66.58999999999997,18.000216251283984,Sunday,March,15,Afternoon
INV-2024-01292,2024-03-03,15:33,B,Mumbai,Normal,Male,Sports,Fitness Band,1294.24,3,0.1,UPI,7.3,828.31,3882.7200000000003,388.27200000000005,3494.4480000000003,2484.93,1009.5180000000005,28.88919795057761,Sunday,March,15,Afternoon
INV-2024-01129,2024-03-03,15:53,C,Bengaluru,Member,Male,Home & Kitchen,Cookware Set,2208.95,3,0.1,Card,8.5,1457.91,6626.849999999999,662.685,5964.164999999999,4373.7300000000005,1590.4349999999986,26.66651576540888,Sunday,March,15,Afternoon
INV-2024-00411,2024-03-03,16:09,C,Bengaluru,Normal,Male,Electronics,Smart Watch,3769.46,3,0.05,Card,7.3,2600.93,11308.380000000001,565.4190000000001,10742.961000000001,7802.789999999999,2940.171000000002,27.368348446950534,Sunday,March,16,Evening
INV-2024-01897,2024-03-03,16:17,B,Mumbai,Member,Female,Clothing,T-Shirt,779.63,3,0.0,Card,8.3,475.57,2338.89,0.0,2338.89,1426.71,912.1799999999998,39.00055154368097,Sunday,March,16,Evening
INV-2024-02438,2024-03-03,16:24,B,Mumbai,Member,Male,Personal Care,Shampoo,413.4,6,0.1,Card,8.1,239.77,2480.3999999999996,248.03999999999996,2232.3599999999997,1438.6200000000001,793.7399999999996,35.556093103262896,Sunday,March,16,Evening
INV-2024-00719,2024-03-03,17:07,B,Mumbai,Normal,Female,Clothing,Jacket,3184.29,2,0.05,Card,8.2,1942.42,6368.58,318.42900000000003,6050.151,3884.84,2165.3109999999997,35.78937120742937,Sunday,March,17,Evening
INV-2024-01465,2024-03-03,17:38,A,Delhi,Member,Female,Home & Kitchen,Bedsheet,1052.82,2,0.15000000000000002,Card,5.1,694.86,2105.64,315.846,1789.7939999999999,1389.72,400.07399999999984,22.35307527011488,Sunday,March,17,Evening
INV-2024-02151,2024-03-03,17:43,B,Mumbai,Member,Female,Personal Care,Perfume,1471.59,2,0.0,UPI,10.0,853.52,2943.18,0.0,2943.18,1707.04,1236.1399999999999,42.000149498161846,Sunday,March,17,Evening
INV-2024-01043,2024-03-03,17:51,C,Bengaluru,Normal,Male,Groceries,Cooking Oil,833.46,4,0.1,Card,7.7,683.44,3333.84,333.384,3000.456,2733.76,266.6959999999999,8.888515612293595,Sunday,March,17,Evening
INV-2024-02451,2024-03-03,17:56,A,Delhi,Member,Male,Clothing,T-Shirt,736.47,4,0.15000000000000002,Card,7.6,449.25,2945.88,441.88200000000006,2503.998,1797.0,706.998,28.234766960676488,Sunday,March,17,Evening
INV-2024-02200,2024-03-03,18:00,B,Mumbai,Normal,Female,Home & Kitchen,Bedsheet,934.4,3,0.05,UPI,9.8,616.7,2803.2,140.16,2663.04,1850.1000000000001,812.9399999999998,30.526766402307132,Sunday,March,18,Evening
INV-2024-01719,2024-03-03,18:09,C,Bengaluru,Normal,Female,Sports,Dumbbell Set,2595.81,1,0.1,Cash,7.4,1661.32,2595.81,259.581,2336.229,1661.32,674.9089999999999,28.88882040245198,Sunday,March,18,Evening
INV-2024-01025,2024-03-03,18:13,B,Mumbai,Member,Male,Groceries,Rice 5kg,602.47,1,0.0,Card,8.8,494.03,602.47,0.0,602.47,494.03,108.44000000000005,17.99923647650506,Sunday,March,18,Evening
INV-2024-01162,2024-03-03,18:17,C,Bengaluru,Normal,Male,Home & Kitchen,Mixer Grinder,3050.02,1,0.05,Card,7.9,2013.01,3050.02,152.501,2897.519,2013.01,884.5089999999998,30.526426228783997,Sunday,March,18,Evening
INV-2024-02232,2024-03-03,18:17,A,Delhi,Normal,Male,Home & Kitchen,Bedsheet,938.83,2,0.05,UPI,9.7,619.63,1877.66,93.88300000000001,1783.777,1239.26,544.517,30.526069121868936,Sunday,March,18,Evening
INV-2024-01044,2024-03-03,18:49,B,Mumbai,Member,Female,Electronics,Earbuds,2280.7,3,0.0,Card,7.7,1573.68,6842.099999999999,0.0,6842.099999999999,4721.04,2121.0599999999995,31.00013153856272,Sunday,March,18,Evening
INV-2024-00223,2024-03-03,19:03,A,Delhi,Member,Male,Clothing,Jacket,3205.06,2,0.1,Cash,7.3,1955.09,6410.12,641.0120000000001,5769.108,3910.18,1858.9280000000003,32.22210435304731,Sunday,March,19,Night
INV-2024-00612,2024-03-03,19:07,C,Bengaluru,Normal,Female,Groceries,Cooking Oil,835.44,4,0.1,Card,8.5,685.06,3341.76,334.17600000000004,3007.5840000000003,2740.24,267.3440000000005,8.888995286582203,Sunday,March,19,Night
INV-2024-01190,2024-03-03,19:07,C,Bengaluru,Member,Female,Electronics,Bluetooth Speaker,2626.72,2,0.0,UPI,8.3,1812.44,5253.44,0.0,5253.44,3624.88,1628.5599999999995,30.999878175062427,Sunday,March,19,Night
INV-2024-01011,2024-03-03,19:20,A,Delhi,Member,Female,Home & Kitchen,Mixer Grinder,3426.26,4,0.0,Cash,8.2,2261.33,13705.04,0.0,13705.04,9045.32,4659.720000000001,34.000046698149006,Sunday,March,19,Night
INV-2024-00186,2024-03-03,19:28,A,Delhi,Normal,Male,Home & Kitchen,Mixer Grinder,3246.33,3,0.05,Card,9.2,2142.58,9738.99,486.9495,9252.0405,6427.74,2824.3004999999994,30.52624445385858,Sunday,March,19,Night
INV-2024-00078,2024-03-03,19:41,B,Mumbai,Member,Female,Electronics,Earbuds,2308.95,4,0.1,Card,7.5,1593.18,9235.8,923.5799999999999,8312.22,6372.72,1939.499999999999,23.33311678468567,Sunday,March,19,Night
INV-2024-00326,2024-03-03,19:43,B,Mumbai,Normal,Female,Sports,Dumbbell Set,2472.29,4,0.15,UPI,8.3,1582.27,9889.16,1483.374,8405.786,6329.08,2076.706,24.705672973354307,Sunday,March,19,Night
INV-2024-00421,2024-03-03,19:46,B,Mumbai,Member,Female,Electronics,Bluetooth Speaker,2808.57,2,0.0,UPI,6.8,1937.91,5617.14,0.0,5617.14,3875.82,1741.3200000000002,31.000117497516534,Sunday,March,19,Night
INV-2024-00699,2024-03-03,19:59,B,Mumbai,Normal,Male,Sports,Cricket Bat,1850.37,2,0.15,UPI,6.4,1184.24,3700.74,555.111,3145.629,2368.48,777.1489999999999,24.705678896017297,Sunday,March,19,Night
INV-2024-00158,2024-03-03,20:04,B,Mumbai,Member,Female,Electronics,Bluetooth Speaker,2792.8,2,0.15000000000000002,Card,9.2,1927.03,5585.6,837.8400000000001,4747.76,3854.06,893.7000000000003,18.823613662021675,Sunday,March,20,Night
INV-2024-01121,2024-03-03,20:37,A,Delhi,Normal,Male,Electronics,Power Bank,1530.25,4,0.0,Cash,9.3,1055.87,6121.0,0.0,6121.0,4223.48,1897.5200000000004,31.000163371998045,Sunday,March,20,Night
INV-2024-00906,2024-03-03,21:18,B,Mumbai,Member,Female,Electronics,Smart Watch,3761.7,2,0.05,UPI,6.0,2595.57,7523.4,376.17,7147.23,5191.14,1956.0899999999992,27.36850500123823,Sunday,March,21,Night
INV-2024-00156,2024-03-04,10:55,A,Delhi,Normal,Female,Personal Care,Skin Care Kit,1116.57,4,0.05,Card,7.7,647.61,4466.28,223.314,4242.965999999999,2590.44,1652.5259999999994,38.947424985257946,Monday,March,10,Morning
INV-2024-01501,2024-03-04,11:14,B,Mumbai,Member,Female,Sports,Yoga Mat,863.96,4,0.05,UPI,5.3,552.93,3455.84,172.79200000000003,3283.0480000000002,2211.72,1071.3280000000004,32.63211503456545,Monday,March,11,Morning
INV-2024-01051,2024-03-04,11:45,A,Delhi,Normal,Male,Electronics,Smart Watch,4120.26,4,0.0,Cash,8.1,2842.98,16481.04,0.0,16481.04,11371.92,5109.120000000001,30.999985437812178,Monday,March,11,Morning
INV-2024-01140,2024-03-04,11:53,A,Delhi,Normal,Male,Electronics,Earbuds,2326.64,3,0.1,UPI,8.5,1605.38,6979.92,697.9920000000001,6281.928,4816.14,1465.7879999999996,23.333409742996093,Monday,March,11,Morning
INV-2024-00566,2024-03-04,12:10,B,Mumbai,Member,Female,Groceries,Cooking Oil,824.56,2,0.2,UPI,7.3,676.14,1649.12,329.824,1319.2959999999998,1352.28,-32.98400000000015,-2.5001212768021848,Monday,March,12,Afternoon
INV-2024-02085,2024-03-04,13:09,B,Mumbai,Normal,Female,Groceries,Dry Fruits,954.77,4,0.0,Card,7.4,782.91,3819.08,0.0,3819.08,3131.64,687.44,18.000146632173195,Monday,March,13,Afternoon
INV-2024-00040,2024-03-04,13:20,A,Delhi,Member,Female,Clothing,T-Shirt,747.96,6,0.2,Card,8.9,456.26,4487.76,897.5520000000001,3590.208,2737.56,852.6480000000001,23.749264666559714,Monday,March,13,Afternoon
INV-2024-00653,2024-03-04,13:34,A,Delhi,Member,Male,Electronics,Smart Watch,3980.75,2,0.15,UPI,7.7,2746.72,7961.5,1194.225,6767.275,5493.44,1273.835,18.82345552678146,Monday,March,13,Afternoon
INV-2024-01042,2024-03-04,13:49,A,Delhi,Normal,Male,Groceries,Breakfast Cereal,387.43,1,0.15,UPI,5.6,317.69,387.43,58.1145,329.3155,317.69,11.625499999999988,3.5302012811422445,Monday,March,13,Afternoon
INV-2024-01805,2024-03-04,14:44,B,Mumbai,Member,Female,Clothing,Jeans,1689.74,2,0.0,UPI,7.1,1030.74,3379.48,0.0,3379.48,2061.48,1318.0,39.0000828529833,Monday,March,14,Afternoon
INV-2024-00368,2024-03-04,15:42,C,Bengaluru,Normal,Female,Personal Care,Perfume,1527.8,1,0.1,Cash,6.9,886.12,1527.8,152.78,1375.02,886.12,488.9,35.55584646041512,Monday,March,15,Afternoon
INV-2024-00061,2024-03-04,16:55,B,Mumbai,Normal,Female,Sports,Fitness Band,1217.84,1,0.0,Card,6.0,779.42,1217.84,0.0,1217.84,779.42,438.41999999999996,35.99980292977731,Monday,March,16,Evening
INV-2024-01308,2024-03-04,16:55,A,Delhi,Normal,Female,Electronics,Smart Watch,3680.87,2,0.0,Card,7.3,2539.8,7361.74,0.0,7361.74,5079.6,2282.1399999999994,31.000008150247083,Monday,March,16,Evening
INV-2024-01361,2024-03-04,17:05,B,Mumbai,Normal,Male,Home & Kitchen,Mixer Grinder,3411.28,4,0.0,Card,5.0,2251.44,13645.12,0.0,13645.12,9005.76,4639.360000000001,34.00014070964565,Monday,March,17,Evening
INV-2024-01219,2024-03-04,18:18,B,Mumbai,Member,Female,Personal Care,Shampoo,420.56,1,0.1,Card,6.7,243.92,420.56,42.056000000000004,378.504,243.92,134.58400000000003,35.5568237059582,Monday,March,18,Evening
INV-2024-00637,2024-03-04,18:22,B,Mumbai,Normal,Female,Electronics,Earbuds,2129.97,1,0.0,Cash,7.1,1469.68,2129.97,0.0,2129.97,1469.68,660.2899999999997,30.999967135687346,Monday,March,18,Evening
INV-2024-00712,2024-03-04,19:06,C,Bengaluru,Normal,Female,Home & Kitchen,Storage Set,701.35,1,0.15,UPI,10.0,462.89,701.35,105.2025,596.1475,462.89,133.25750000000005,22.35310892019174,Monday,March,19,Night
INV-2024-01466,2024-03-04,20:07,A,Delhi,Normal,Female,Groceries,Cooking Oil,828.24,2,0.2,UPI,6.3,679.16,1656.48,331.29600000000005,1325.184,1358.32,-33.13599999999997,-2.500482951801408,Monday,March,20,Night
INV-2024-01992,2024-03-04,20:43,C,Bengaluru,Member,Female,Personal Care,Skin Care Kit,1126.64,2,0.0,UPI,10.0,653.45,2253.28,0.0,2253.28,1306.9,946.3800000000001,42.00010651139672,Monday,March,20,Night
INV-2024-01056,2024-03-04,20:46,A,Delhi,Normal,Female,Electronics,Bluetooth Speaker,2931.86,1,0.1,Card,6.7,2022.98,2931.86,293.18600000000004,2638.674,2022.98,615.694,23.333462185931268,Monday,March,20,Night
INV-2024-01788,2024-03-05,09:41,A,Delhi,Normal,Female,Groceries,Dry Fruits,986.6,5,0.05,Cash,7.8,809.01,4933.0,246.65,4686.35,4045.05,641.3000000000002,13.684423911999746,Tuesday,March,9,Morning
INV-2024-01234,2024-03-05,09:58,B,Mumbai,Normal,Male,Electronics,Bluetooth Speaker,2873.03,2,0.1,UPI,4.6,1982.39,5746.06,574.6060000000001,5171.454000000001,3964.78,1206.6740000000004,23.333360405023427,Tuesday,March,9,Morning
INV-2024-00531,2024-03-05,11:23,A,Delhi,Normal,Male,Electronics,Earbuds,2163.3,3,0.0,Cash,6.8,1492.68,6489.900000000001,0.0,6489.900000000001,4478.04,2011.8600000000006,30.999861322978788,Tuesday,March,11,Morning
INV-2024-00755,2024-03-05,12:15,A,Delhi,Normal,Male,Groceries,Breakfast Cereal,392.32,2,0.0,Card,6.9,321.7,784.64,0.0,784.64,643.4,141.24,18.00061174551387,Tuesday,March,12,Afternoon
INV-2024-00030,2024-03-05,13:47,B,Mumbai,Member,Female,Electronics,Earbuds,2045.67,1,0.0,UPI,7.8,1411.51,2045.67,0.0,2045.67,1411.51,634.1600000000001,31.000112432601547,Tuesday,March,13,Afternoon
INV-2024-01316,2024-03-05,14:03,C,Bengaluru,Normal,Male,Groceries,Cooking Oil,802.83,5,0.15,UPI,8.9,658.32,4014.15,602.1225,3412.0275,3291.6000000000004,120.42749999999978,3.5294996889679164,Tuesday,March,14,Afternoon
INV-2024-00649,2024-03-05,15:02,A,Delhi,Normal,Female,Groceries,Breakfast Cereal,350.12,2,0.0,Card,8.0,287.1,700.24,0.0,700.24,574.2,126.03999999999996,17.999543013823825,Tuesday,March,15,Afternoon
INV-2024-01068,2024-03-05,15:05,A,Delhi,Normal,Male,Clothing,Jacket,3156.72,2,0.1,UPI,7.6,1925.6,6313.44,631.344,5682.096,3851.2,1830.8959999999997,32.22219406359906,Tuesday,March,15,Afternoon
INV-2024-02010,2024-03-05,15:26,A,Delhi,Normal,Male,Groceries,Dry Fruits,913.62,4,0.0,Card,8.8,749.17,3654.48,0.0,3654.48,2996.68,657.8000000000002,17.999824872485284,Tuesday,March,15,Afternoon
INV-2024-01603,2024-03-05,15:36,C,Bengaluru,Normal,Male,Personal Care,Trimmer,2044.42,1,0.1,Cash,8.2,1185.76,2044.42,204.442,1839.978,1185.76,654.2180000000001,35.55575121006882,Tuesday,March,15,Afternoon
INV-2024-02083,2024-03-05,15:49,B,Mumbai,Member,Female,Personal Care,Skin Care Kit,1179.34,2,0.15000000000000002,UPI,8.5,684.02,2358.68,353.802,2004.8779999999997,1368.04,636.8379999999997,31.76442656361134,Tuesday,March,15,Afternoon
INV-2024-00890,2024-03-05,16:02,A,Delhi,Normal,Male,Personal Care,Trimmer,1812.86,4,0.0,Card,5.3,1051.46,7251.44,0.0,7251.44,4205.84,3045.5999999999995,41.99993380625089,Tuesday,March,16,Evening
INV-2024-02462,2024-03-05,16:10,C,Bengaluru,Member,Female,Groceries,Cooking Oil,748.31,1,0.05,Card,8.9,613.61,748.31,37.4155,710.8945,613.61,97.28449999999998,13.68480133128052,Tuesday,March,16,Evening
INV-2024-00049,2024-03-05,16:14,C,Bengaluru,Member,Male,Groceries,Rice 5kg,572.01,3,0.05,Card,9.2,469.05,1716.03,85.8015,1630.2285,1407.15,223.07849999999985,13.683879284407055,Tuesday,March,16,Evening
INV-2024-01128,2024-03-05,16:23,A,Delhi,Normal,Female,Clothing,T-Shirt,736.71,2,0.0,Card,5.6,449.39,1473.42,0.0,1473.42,898.78,574.6400000000001,39.00042078972731,Tuesday,March,16,Evening
INV-2024-01806,2024-03-05,17:42,C,Bengaluru,Member,Female,Personal Care,Trimmer,1799.0,1,0.15,Card,7.8,1043.42,1799.0,269.84999999999997,1529.15,1043.42,485.73,31.76470588235294,Tuesday,March,17,Evening
INV-2024-00394,2024-03-05,17:45,C,Bengaluru,Normal,Male,Groceries,Cooking Oil,829.02,6,0.1,Cash,9.9,679.8,4974.12,497.41200000000003,4476.708,4078.7999999999997,397.9079999999999,8.888406391482311,Tuesday,March,17,Evening
INV-2024-00834,2024-03-05,18:29,A,Delhi,Normal,Male,Sports,Fitness Band,1305.89,4,0.0,UPI,8.2,835.77,5223.56,0.0,5223.56,3343.08,1880.4800000000005,35.999969369548744,Tuesday,March,18,Evening
INV-2024-00208,2024-03-05,18:51,A,Delhi,Member,Female,Groceries,Cooking Oil,756.59,3,0.0,UPI,7.6,620.4,2269.77,0.0,2269.77,1861.1999999999998,408.57000000000016,18.000502253532304,Tuesday,March,18,Evening
INV-2024-01017,2024-03-05,18:51,A,Delhi,Normal,Male,Home & Kitchen,Mixer Grinder,3199.49,4,0.0,Card,8.4,2111.66,12797.96,0.0,12797.96,8446.64,4351.32,34.00010626693629,Tuesday,March,18,Evening
INV-2024-02366,2024-03-05,19:24,B,Mumbai,Normal,Male,Clothing,Jacket,2849.55,1,0.0,UPI,4.2,1738.23,2849.55,0.0,2849.55,1738.23,1111.3200000000002,38.99984208032848,Tuesday,March,19,Night
INV-2024-01695,2024-03-05,19:28,B,Mumbai,Normal,Female,Groceries,Cooking Oil,836.82,1,0.15,UPI,7.8,686.19,836.82,125.523,711.297,686.19,25.10699999999997,3.529749176504325,Tuesday,March,19,Night
INV-2024-02411,2024-03-05,19:49,C,Bengaluru,Normal,Male,Clothing,Sports Shoes,2489.41,3,0.05,Card,5.2,1518.54,7468.23,373.4115,7094.818499999999,4555.62,2539.1984999999995,35.78947791264851,Tuesday,March,19,Night
INV-2024-00848,2024-03-05,19:51,B,Mumbai,Member,Female,Groceries,Cooking Oil,838.11,1,0.15000000000000002,UPI,5.8,687.25,838.11,125.71650000000002,712.3935,687.25,25.143500000000017,3.5294398390777033,Tuesday,March,19,Night
INV-2024-00318,2024-03-05,20:25,A,Delhi,Normal,Male,Electronics,Power Bank,1494.73,1,0.1,UPI,6.5,1031.36,1494.73,149.473,1345.257,1031.36,313.89700000000016,23.333608373715965,Tuesday,March,20,Night
INV-2024-01596,2024-03-05,21:22,B,Mumbai,Normal,Female,Electronics,Power Bank,1568.93,1,0.05,Cash,9.0,1082.56,1568.93,78.44650000000001,1490.4835,1082.56,407.9235000000001,27.368535109580222,Tuesday,March,21,Night
INV-2024-00275,2024-03-05,21:40,A,Delhi,Member,Male,Personal Care,Shampoo,440.56,1,0.2,UPI,7.5,255.52,440.56,88.11200000000001,352.448,255.52,96.92799999999997,27.501361903032496,Tuesday,March,21,Night
INV-2024-00333,2024-03-06,12:06,B,Mumbai,Normal,Male,Electronics,Power Bank,1405.24,2,0.05,UPI,8.1,969.62,2810.48,140.524,2669.956,1939.24,730.7160000000001,27.368091459185102,Wednesday,March,12,Afternoon
INV-2024-00211,2024-03-06,12:21,B,Mumbai,Member,Male,Home & Kitchen,Cookware Set,2290.81,3,0.05,UPI,7.0,1511.93,6872.43,343.6215,6528.8085,4535.79,1993.0185000000001,30.526527160353993,Wednesday,March,12,Afternoon
INV-2024-02261,2024-03-06,12:50,B,Mumbai,Normal,Female,Sports,Fitness Band,1378.69,1,0.0,UPI,6.8,882.36,1378.69,0.0,1378.69,882.36,496.33000000000004,36.00011605219448,Wednesday,March,12,Afternoon
INV-2024-01634,2024-03-06,16:29,C,Bengaluru,Normal,Female,Electronics,Smart Watch,3826.59,1,0.1,UPI,6.6,2640.35,3826.59,382.65900000000005,3443.931,2640.35,803.5810000000001,23.333249127232808,Wednesday,March,16,Evening
INV-2024-02435,2024-03-06,16:32,C,Bengaluru,Member,Male,Home & Kitchen,Bedsheet,1008.13,3,0.05,Card,7.9,665.37,3024.39,151.2195,2873.1704999999997,1996.1100000000001,877.0604999999996,30.525877249540173,Wednesday,March,16,Evening
INV-2024-00092,2024-03-06,16:58,C,Bengaluru,Normal,Female,Electronics,Power Bank,1561.83,2,0.15,UPI,7.1,1077.66,3123.66,468.549,2655.111,2155.32,499.7909999999997,18.823732793092258,Wednesday,March,16,Evening
INV-2024-00807,2024-03-06,17:24,C,Bengaluru,Normal,Female,Electronics,Bluetooth Speaker,3018.88,1,0.0,UPI,6.2,2083.03,3018.88,0.0,3018.88,2083.03,935.8499999999999,30.999907250370995,Wednesday,March,17,Evening
INV-2024-00004,2024-03-06,17:46,A,Delhi,Member,Female,Clothing,T-Shirt,767.02,2,0.05,Cash,7.9,467.88,1534.04,76.702,1457.338,935.76,521.578,35.78977560456119,Wednesday,March,17,Evening
INV-2024-01804,2024-03-06,17:57,A,Delhi,Normal,Male,Electronics,Smart Watch,4032.95,3,0.05,Card,7.3,2782.74,12098.849999999999,604.9425,11493.9075,8348.22,3145.6875,27.368303599102394,Wednesday,March,17,Evening
INV-2024-02380,2024-03-06,18:33,B,Mumbai,Member,Male,Sports,Yoga Mat,959.42,1,0.2,UPI,5.6,614.03,959.42,191.88400000000001,767.536,614.03,153.50599999999997,19.999843655541888,Wednesday,March,18,Evening
INV-2024-00736,2024-03-06,18:35,A,Delhi,Normal,Male,Personal Care,Trimmer,1962.37,1,0.1,Card,8.1,1138.17,1962.37,196.237,1766.1329999999998,1138.17,627.9629999999997,35.55581601159141,Wednesday,March,18,Evening
INV-2024-02428,2024-03-06,18:40,C,Bengaluru,Normal,Female,Personal Care,Trimmer,1975.52,4,0.1,Cash,7.9,1145.8,7902.08,790.2080000000001,7111.871999999999,4583.2,2528.6719999999996,35.55564554592658,Wednesday,March,18,Evening
INV-2024-01359,2024-03-06,18:45,C,Bengaluru,Normal,Male,Groceries,Cooking Oil,817.76,5,0.0,UPI,3.8,670.56,4088.8,0.0,4088.8,3352.7999999999997,736.0000000000005,18.00039131285464,Wednesday,March,18,Evening
INV-2024-01794,2024-03-06,18:59,C,Bengaluru,Normal,Female,Electronics,Power Bank,1492.09,4,0.0,Card,5.8,1029.54,5968.36,0.0,5968.36,4118.16,1850.1999999999998,31.00014074218043,Wednesday,March,18,Evening
INV-2024-02336,2024-03-06,19:50,B,Mumbai,Member,Male,Clothing,Sports Shoes,2509.44,3,0.1,UPI,9.6,1530.76,7528.32,752.832,6775.487999999999,4592.28,2183.2079999999996,32.222151378616566,Wednesday,March,19,Night
INV-2024-01988,2024-03-06,20:18,C,Bengaluru,Normal,Female,Groceries,Rice 5kg,650.38,1,0.0,Card,7.4,533.31,650.38,0.0,650.38,533.31,117.07000000000005,18.000246010024917,Wednesday,March,20,Night
INV-2024-00433,2024-03-06,20:46,A,Delhi,Member,Male,Sports,Cricket Bat,1971.9,3,0.15000000000000002,UPI,7.4,1262.02,5915.700000000001,887.3550000000002,5028.345,3786.06,1242.2850000000003,24.705643705831644,Wednesday,March,20,Night
INV-2024-00491,2024-03-07,09:44,C,Bengaluru,Member,Male,Groceries,Breakfast Cereal,349.75,4,0.1,UPI,9.9,286.8,1399.0,139.9,1259.1,1147.2,111.89999999999986,8.887300452704302,Thursday,March,9,Morning
INV-2024-01525,2024-03-07,11:40,B,Mumbai,Member,Male,Home & Kitchen,Storage Set,721.18,1,0.1,UPI,8.4,475.98,721.18,72.118,649.0619999999999,475.98,173.08199999999988,26.666481784482826,Thursday,March,11,Morning
INV-2024-01534,2024-03-07,12:17,C,Bengaluru,Member,Female,Clothing,Sports Shoes,2670.29,3,0.2,UPI,7.4,1628.88,8010.87,1602.174,6408.696,4886.64,1522.0559999999996,23.749854884675443,Thursday,March,12,Afternoon
INV-2024-00466,2024-03-07,13:20,A,Delhi,Normal,Female,Electronics,Earbuds,2338.94,2,0.2,Card,7.5,1613.87,4677.88,935.576,3742.304,3227.74,514.5640000000003,13.749925179782302,Thursday,March,13,Afternoon
INV-2024-00674,2024-03-07,13:29,A,Delhi,Normal,Male,Groceries,Rice 5kg,600.56,5,0.15,Card,7.3,492.46,3002.7999999999997,450.41999999999996,2552.3799999999997,2462.2999999999997,90.07999999999993,3.5292550482294933,Thursday,March,13,Afternoon
INV-2024-02292,2024-03-07,14:35,C,Bengaluru,Normal,Male,Clothing,T-Shirt,785.48,1,0.1,Cash,6.7,479.14,785.48,78.548,706.932,479.14,227.79200000000003,32.22261829992135,Thursday,March,14,Afternoon
INV-2024-01387,2024-03-07,15:16,C,Bengaluru,Member,Female,Sports,Dumbbell Set,2322.87,1,0.15,UPI,8.1,1486.64,2322.87,348.4305,1974.4395,1486.64,487.79949999999985,24.705720281629286,Thursday,March,15,Afternoon
INV-2024-00043,2024-03-07,16:18,B,Mumbai,Normal,Male,Personal Care,Skin Care Kit,1290.94,1,0.1,Card,8.9,748.75,1290.94,129.09400000000002,1161.846,748.75,413.096,35.55514241990763,Thursday,March,16,Evening
INV-2024-01060,2024-03-07,16:49,C,Bengaluru,Member,Male,Personal Care,Perfume,1517.52,1,0.2,Cash,8.4,880.16,1517.52,303.504,1214.016,880.16,333.8560000000001,27.50013179397966,Thursday,March,16,Evening
INV-2024-00453,2024-03-07,17:52,A,Delhi,Member,Male,Groceries,Breakfast Cereal,362.67,3,0.0,Cash,8.8,297.39,1088.01,0.0,1088.01,892.17,195.84000000000003,17.999834560344116,Thursday,March,17,Evening
INV-2024-01421,2024-03-07,17:59,C,Bengaluru,Normal,Male,Home & Kitchen,Cookware Set,2361.64,2,0.15,Card,9.1,1558.68,4723.28,708.492,4014.7879999999996,3117.36,897.4279999999994,22.353060734464673,Thursday,March,17,Evening
INV-2024-01745,2024-03-07,18:00,C,Bengaluru,Member,Male,Groceries,Dry Fruits,888.9,2,0.15,UPI,7.0,728.9,1777.8,266.66999999999996,1511.13,1457.8,53.330000000000155,3.5291470621323215,Thursday,March,18,Evening
INV-2024-00532,2024-03-07,18:04,A,Delhi,Normal,Male,Clothing,Jacket,2845.27,3,0.1,Cash,6.1,1735.61,8535.81,853.581,7682.228999999999,5206.83,2475.3989999999994,32.22240576270246,Thursday,March,18,Evening
INV-2024-00055,2024-03-07,19:02,C,Bengaluru,Normal,Female,Electronics,Smart Watch,3920.0,4,0.0,Cash,7.7,2704.8,15680.0,0.0,15680.0,10819.2,4860.799999999999,30.999999999999993,Thursday,March,19,Night
INV-2024-02284,2024-03-07,19:14,C,Bengaluru,Member,Female,Electronics,Earbuds,2152.04,1,0.15,Card,6.6,1484.91,2152.04,322.806,1829.234,1484.91,344.32399999999984,18.82339820930509,Thursday,March,19,Night
INV-2024-01410,2024-03-07,19:20,A,Delhi,Member,Male,Groceries,Dry Fruits,957.44,2,0.1,Card,7.8,785.1,1914.88,191.48800000000003,1723.392,1570.2,153.192,8.88898172905526,Thursday,March,19,Night
INV-2024-00446,2024-03-07,20:20,B,Mumbai,Member,Female,Electronics,Power Bank,1380.01,3,0.0,Cash,9.3,952.21,4140.03,0.0,4140.03,2856.63,1283.3999999999996,30.99977536394663,Thursday,March,20,Night
INV-2024-02227,2024-03-07,20:31,C,Bengaluru,Normal,Male,Personal Care,Skin Care Kit,1136.28,3,0.1,UPI,6.3,659.04,3408.84,340.884,3067.956,1977.12,1090.8360000000002,35.55579023949497,Thursday,March,20,Night
INV-2024-00597,2024-03-07,20:38,C,Bengaluru,Normal,Female,Clothing,T-Shirt,765.23,4,0.0,Cash,5.6,466.79,3060.92,0.0,3060.92,1867.16,1193.76,39.000039203899476,Thursday,March,20,Night
INV-2024-00102,2024-03-07,21:11,A,Delhi,Member,Male,Clothing,T-Shirt,811.82,1,0.1,Card,9.5,495.21,811.82,81.18200000000002,730.638,495.21,235.42800000000005,32.22224959555896,Thursday,March,21,Night
INV-2024-00947,2024-03-07,21:22,A,Delhi,Member,Male,Electronics,Earbuds,2237.71,1,0.05,UPI,8.4,1544.02,2237.71,111.88550000000001,2125.8245,1544.02,581.8045000000002,27.36841634857441,Thursday,March,21,Night
INV-2024-00800,2024-03-07,21:48,C,Bengaluru,Normal,Male,Sports,Cricket Bat,2062.59,3,0.05,UPI,8.0,1320.06,6187.77,309.3885,5878.3815,3960.18,1918.2015000000006,32.631456464674855,Thursday,March,21,Night
INV-2024-01935,2024-03-08,09:21,B,Mumbai,Normal,Female,Sports,Cricket Bat,2017.15,2,0.15,Card,6.1,1290.98,4034.3,605.145,3429.155,2581.96,847.1950000000002,24.705649059316364,Friday,March,9,Morning
INV-2024-00638,2024-03-08,10:19,C,Bengaluru,Normal,Male,Electronics,Smart Watch,3745.09,5,0.0,UPI,7.6,2584.11,18725.45,0.0,18725.45,12920.550000000001,5804.9,31.00005607341879,Friday,March,10,Morning
INV-2024-02432,2024-03-08,10:28,C,Bengaluru,Normal,Female,Electronics,Earbuds,2118.45,4,0.1,UPI,6.7,1461.73,8473.8,847.38,7626.419999999999,5846.92,1779.499999999999,23.33335955795772,Friday,March,10,Morning
INV-2024-00604,2024-03-08,10:41,B,Mumbai,Member,Female,Sports,Yoga Mat,912.71,1,0.05,Card,8.8,584.13,912.71,45.63550000000001,867.0745000000001,584.13,282.94450000000006,32.632086400880205,Friday,March,10,Morning
INV-2024-00875,2024-03-08,11:38,C,Bengaluru,Normal,Male,Clothing,Jeans,1717.14,3,0.0,Cash,8.1,1047.46,5151.42,0.0,5151.42,3142.38,2009.04,38.99973211269902,Friday,March,11,Morning
INV-2024-02207,2024-03-08,12:28,C,Bengaluru,Member,Male,Clothing,T-Shirt,813.54,1,0.05,UPI,8.0,496.26,813.54,40.677,772.8629999999999,496.26,276.60299999999995,35.78939605078778,Friday,March,12,Afternoon
INV-2024-00215,2024-03-08,13:09,A,Delhi,Member,Female,Groceries,Rice 5kg,667.64,5,0.2,Card,9.0,547.46,3338.2,667.64,2670.56,2737.3,-66.74000000000024,-2.499101312084366,Friday,March,13,Afternoon
INV-2024-02193,2024-03-08,13:10,A,Delhi,Member,Female,Personal Care,Trimmer,1762.58,3,0.2,UPI,8.3,1022.3,5287.74,1057.548,4230.192,3066.8999999999996,1163.2920000000004,27.4997446924395,Friday,March,13,Afternoon
INV-2024-01723,2024-03-08,14:15,A,Delhi,Member,Female,Clothing,T-Shirt,832.76,5,0.05,UPI,8.0,507.98,4163.8,208.19000000000003,3955.61,2539.9,1415.71,35.789928734126974,Friday,March,14,Afternoon
INV-2024-00106,2024-03-08,14:34,A,Delhi,Normal,Female,Clothing,Jacket,2970.79,4,0.1,Cash,8.3,1812.18,11883.16,1188.316,10694.844,7248.72,3446.123999999999,32.22229328450232,Friday,March,14,Afternoon
INV-2024-02452,2024-03-08,14:54,C,Bengaluru,Member,Male,Groceries,Breakfast Cereal,372.83,2,0.15000000000000002,UPI,7.5,305.72,745.66,111.84900000000002,633.8109999999999,611.44,22.370999999999867,3.529601095594723,Friday,March,14,Afternoon
INV-2024-01032,2024-03-08,14:59,A,Delhi,Member,Female,Electronics,Bluetooth Speaker,2804.6,4,0.1,UPI,7.4,1935.17,11218.4,1121.84,10096.56,7740.68,2355.879999999999,23.33349180314879,Friday,March,14,Afternoon
INV-2024-01777,2024-03-08,15:32,B,Mumbai,Normal,Female,Groceries,Rice 5kg,652.72,3,0.0,Cash,6.7,535.23,1958.16,0.0,1958.16,1605.69,352.47,18.000061282019857,Friday,March,15,Afternoon
INV-2024-00666,2024-03-08,15:58,A,Delhi,Normal,Male,Home & Kitchen,Cookware Set,2423.82,2,0.15,UPI,10.0,1599.72,4847.64,727.1460000000001,4120.494000000001,3199.44,921.0540000000005,22.352999421913985,Friday,March,15,Afternoon
INV-2024-00118,2024-03-08,16:00,C,Bengaluru,Member,Male,Groceries,Rice 5kg,667.06,3,0.15000000000000002,Cash,8.4,546.99,2001.1799999999998,300.177,1701.0029999999997,1640.97,60.032999999999674,3.529270671480279,Friday,March,16,Evening
INV-2024-02089,2024-03-08,16:32,B,Mumbai,Normal,Male,Electronics,Earbuds,2182.18,6,0.05,UPI,7.3,1505.7,13093.079999999998,654.654,12438.425999999998,9034.2,3404.225999999997,27.36862365061301,Friday,March,16,Evening
INV-2024-01928,2024-03-08,16:48,B,Mumbai,Normal,Female,Groceries,Dry Fruits,918.21,2,0.0,Card,7.1,752.93,1836.42,0.0,1836.42,1505.86,330.5600000000002,18.00023959660645,Friday,March,16,Evening
INV-2024-02106,2024-03-08,17:04,A,Delhi,Normal,Female,Groceries,Cooking Oil,730.53,3,0.0,Card,6.3,599.03,2191.59,0.0,2191.59,1797.09,394.5000000000002,18.000629679821508,Friday,March,17,Evening
INV-2024-02107,2024-03-08,18:28,A,Delhi,Member,Male,Electronics,Earbuds,2264.85,1,0.0,Card,8.1,1562.75,2264.85,0.0,2264.85,1562.75,702.0999999999999,30.99984546437954,Friday,March,18,Evening
INV-2024-00387,2024-03-08,18:43,C,Bengaluru,Member,Female,Personal Care,Trimmer,1908.06,2,0.1,UPI,6.1,1106.67,3816.12,381.612,3434.508,2213.34,1221.1679999999997,35.55583507157356,Friday,March,18,Evening
INV-2024-00761,2024-03-08,20:01,A,Delhi,Member,Male,Home & Kitchen,Cookware Set,2457.63,2,0.0,Card,7.1,1622.04,4915.26,0.0,4915.26,3244.08,1671.1800000000003,33.99982910364864,Friday,March,20,Night
INV-2024-01204,2024-03-08,21:38,B,Mumbai,Normal,Male,Home & Kitchen,Bedsheet,978.02,1,0.15,Cash,7.6,645.49,978.02,146.703,831.317,645.49,185.827,22.353326107850556,Friday,March,21,Night
INV-2024-01200,2024-03-09,09:27,B,Mumbai,Normal,Female,Home & Kitchen,Mixer Grinder,3321.08,1,0.1,UPI,10.0,2191.91,3321.08,332.108,2988.9719999999998,2191.91,797.0619999999999,26.666760344359197,Saturday,March,9,Morning
INV-2024-00338,2024-03-09,09:53,A,Delhi,Normal,Female,Sports,Cricket Bat,2051.71,1,0.2,Cash,8.8,1313.09,2051.71,410.34200000000004,1641.368,1313.09,328.278,20.000268069074092,Saturday,March,9,Morning
INV-2024-02473,2024-03-09,10:06,B,Mumbai,Normal,Female,Clothing,Sports Shoes,2441.5,5,0.0,Card,7.9,1489.32,12207.5,0.0,12207.5,7446.599999999999,4760.900000000001,38.999795207864025,Saturday,March,10,Morning
INV-2024-01009,2024-03-09,10:32,B,Mumbai,Member,Female,Clothing,Sports Shoes,2656.31,2,0.1,Card,6.9,1620.35,5312.62,531.2620000000001,4781.358,3240.7,1540.6580000000004,32.22218457601377,Saturday,March,10,Morning
INV-2024-01840,2024-03-09,11:00,C,Bengaluru,Member,Female,Groceries,Breakfast Cereal,399.56,3,0.1,UPI,7.2,327.64,1198.68,119.86800000000001,1078.8120000000001,982.92,95.89200000000017,8.888666421953053,Saturday,March,11,Morning
INV-2024-01677,2024-03-09,11:54,B,Mumbai,Member,Female,Electronics,Earbuds,2079.12,5,0.15000000000000002,Card,7.9,1434.59,10395.599999999999,1559.34,8836.259999999998,7172.95,1663.3099999999986,18.823687849836908,Saturday,March,11,Morning
INV-2024-02300,2024-03-09,12:18,B,Mumbai,Member,Female,Groceries,Rice 5kg,655.0,4,0.05,UPI,9.0,537.1,2620.0,131.0,2489.0,2148.4,340.5999999999999,13.684210526315784,Saturday,March,12,Afternoon
INV-2024-00835,2024-03-09,13:06,A,Delhi,Member,Male,Groceries,Rice 5kg,597.08,1,0.1,UPI,7.6,489.61,597.08,59.708000000000006,537.3720000000001,489.61,47.76200000000006,8.88807008924917,Saturday,March,13,Afternoon
INV-2024-01700,2024-03-09,14:07,B,Mumbai,Member,Female,Electronics,Bluetooth Speaker,2796.79,3,0.05,UPI,8.0,1929.79,8390.369999999999,419.51849999999996,7970.851499999999,5789.37,2181.481499999999,27.36823663067866,Saturday,March,14,Afternoon
INV-2024-00087,2024-03-09,14:29,C,Bengaluru,Normal,Male,Clothing,Jacket,3233.13,3,0.2,Card,9.3,1972.21,9699.39,1939.878,7759.512,5916.63,1842.8819999999996,23.74997293644239,Saturday,March,14,Afternoon
INV-2024-02297,2024-03-09,14:49,B,Mumbai,Normal,Male,Electronics,Bluetooth Speaker,2916.17,1,0.0,Card,9.2,2012.16,2916.17,0.0,2916.17,2012.16,904.01,30.99990741280515,Saturday,March,14,Afternoon
INV-2024-00380,2024-03-09,14:57,A,Delhi,Normal,Female,Sports,Yoga Mat,834.93,3,0.1,UPI,7.6,534.36,2504.79,250.479,2254.311,1603.08,651.2310000000002,28.888250112783915,Saturday,March,14,Afternoon
INV-2024-01973,2024-03-09,14:58,A,Delhi,Normal,Female,Electronics,Earbuds,2261.16,5,0.05,UPI,9.1,1560.2,11305.8,565.29,10740.509999999998,7801.0,2939.5099999999984,27.368439673721255,Saturday,March,14,Afternoon
INV-2024-00443,2024-03-09,15:03,B,Mumbai,Normal,Male,Personal Care,Shampoo,456.19,1,0.0,UPI,7.1,264.59,456.19,0.0,456.19,264.59,191.60000000000002,42.00004384138188,Saturday,March,15,Afternoon
INV-2024-00862,2024-03-09,15:24,C,Bengaluru,Member,Female,Groceries,Cooking Oil,739.88,1,0.0,Card,8.6,606.7,739.88,0.0,739.88,606.7,133.17999999999995,18.000216251283984,Saturday,March,15,Afternoon
INV-2024-01979,2024-03-09,16:07,A,Delhi,Member,Female,Electronics,Bluetooth Speaker,2989.3,4,0.05,UPI,8.5,2062.62,11957.2,597.86,11359.34,8250.48,3108.8600000000006,27.368315412691235,Saturday,March,16,Evening
INV-2024-00616,2024-03-09,16:19,A,Delhi,Normal,Male,Personal Care,Shampoo,418.58,2,0.1,UPI,9.6,242.78,837.16,83.71600000000001,753.444,485.56,267.88399999999996,35.55459994372508,Saturday,March,16,Evening
INV-2024-01967,2024-03-09,16:46,C,Bengaluru,Member,Female,Electronics,Bluetooth Speaker,2787.29,6,0.15000000000000002,Cash,8.2,1923.23,16723.739999999998,2508.561,14215.178999999998,11539.380000000001,2675.7989999999972,18.82353363260496,Saturday,March,16,Evening
INV-2024-00159,2024-03-09,16:58,C,Bengaluru,Member,Female,Clothing,Sports Shoes,2412.64,2,0.1,UPI,9.3,1471.71,4825.28,482.528,4342.7519999999995,2943.42,1399.3319999999994,32.22224064372084,Saturday,March,16,Evening
INV-2024-00609,2024-03-09,17:16,C,Bengaluru,Normal,Female,Personal Care,Perfume,1622.19,1,0.05,UPI,9.2,940.87,1622.19,81.10950000000001,1541.0805,940.87,600.2105,38.94738139896002,Saturday,March,17,Evening
INV-2024-00930,2024-03-09,17:22,B,Mumbai,Member,Female,Clothing,T-Shirt,796.69,3,0.05,Card,8.7,485.98,2390.07,119.50350000000002,2270.5665000000004,1457.94,812.6265000000003,35.78959259726594,Saturday,March,17,Evening
INV-2024-02269,2024-03-09,17:24,A,Delhi,Member,Female,Clothing,Jacket,2903.71,1,0.2,UPI,8.1,1771.26,2903.71,580.7420000000001,2322.968,1771.26,551.7079999999999,23.75013344996573,Saturday,March,17,Evening
INV-2024-00799,2024-03-09,18:27,A,Delhi,Member,Male,Groceries,Cooking Oil,839.75,2,0.15000000000000002,UPI,9.3,688.6,1679.5,251.92500000000004,1427.575,1377.2,50.375,3.5287112761150903,Saturday,March,18,Evening
INV-2024-01918,2024-03-09,18:28,C,Bengaluru,Member,Male,Sports,Cricket Bat,1929.96,4,0.1,UPI,8.1,1235.17,7719.84,771.984,6947.856,4940.68,2007.1759999999995,28.889142204444067,Saturday,March,18,Evening
INV-2024-02426,2024-03-09,18:29,B,Mumbai,Member,Male,Electronics,Power Bank,1398.94,3,0.1,Card,7.9,965.27,4196.82,419.682,3777.138,2895.81,881.328,23.33322213803149,Saturday,March,18,Evening
INV-2024-00857,2024-03-09,19:03,B,Mumbai,Normal,Male,Groceries,Cooking Oil,773.05,4,0.1,Cash,7.7,633.9,3092.2,309.22,2782.9799999999996,2535.6,247.37999999999965,8.889032619709797,Saturday,March,19,Night
INV-2024-01299,2024-03-09,19:25,B,Mumbai,Member,Female,Personal Care,Perfume,1488.32,2,0.0,Cash,7.1,863.23,2976.64,0.0,2976.64,1726.46,1250.1799999999998,41.99970436465276,Saturday,March,19,Night
INV-2024-02343,2024-03-09,19:50,C,Bengaluru,Normal,Male,Groceries,Breakfast Cereal,364.56,3,0.0,Card,7.9,298.94,1093.68,0.0,1093.68,896.8199999999999,196.86000000000013,17.999780557384256,Saturday,March,19,Night
INV-2024-01640,2024-03-09,19:56,A,Delhi,Member,Female,Groceries,Rice 5kg,627.11,2,0.05,UPI,6.2,514.23,1254.22,62.711000000000006,1191.509,1028.46,163.04899999999998,13.684244097191039,Saturday,March,19,Night
INV-2024-01469,2024-03-09,20:01,C,Bengaluru,Member,Male,Home & Kitchen,Cookware Set,2304.53,1,0.05,Card,9.2,1520.99,2304.53,115.22650000000002,2189.3035,1520.99,668.3135,30.52630665414823,Saturday,March,20,Night
INV-2024-01134,2024-03-09,20:48,B,Mumbai,Normal,Male,Groceries,Rice 5kg,668.34,1,0.1,UPI,5.5,548.04,668.34,66.834,601.5060000000001,548.04,53.46600000000012,8.888689389632043,Saturday,March,20,Night
INV-2024-00331,2024-03-09,21:31,A,Delhi,Normal,Male,Electronics,Earbuds,2097.61,3,0.0,UPI,7.9,1447.35,6292.83,0.0,6292.83,4342.049999999999,1950.7800000000007,31.000042905973952,Saturday,March,21,Night
INV-2024-02466,2024-03-09,21:38,B,Mumbai,Normal,Female,Home & Kitchen,Cookware Set,2572.39,5,0.1,Card,10.0,1697.78,12861.949999999999,1286.195,11575.755,8488.9,3086.8549999999996,26.66655436297675,Saturday,March,21,Night
INV-2024-02345,2024-03-09,21:42,B,Mumbai,Member,Male,Home & Kitchen,Cookware Set,2504.99,2,0.0,UPI,9.8,1653.29,5009.98,0.0,5009.98,3306.58,1703.3999999999996,34.00013572908474,Saturday,March,21,Night
INV-2024-00861,2024-03-10,09:26,A,Delhi,Normal,Female,Sports,Fitness Band,1296.87,2,0.1,UPI,6.1,830.0,2593.74,259.37399999999997,2334.366,1660.0,674.366,28.888614724511925,Sunday,March,9,Morning
INV-2024-01884,2024-03-10,09:34,B,Mumbai,Normal,Female,Electronics,Smart Watch,4014.45,4,0.1,UPI,9.0,2769.97,16057.8,1605.78,14452.019999999999,11079.88,3372.1399999999994,23.33334717222921,Sunday,March,9,Morning
INV-2024-02101,2024-03-10,10:10,A,Delhi,Member,Male,Personal Care,Skin Care Kit,1104.4,2,0.05,Cash,8.1,640.55,2208.8,110.44000000000001,2098.36,1281.1,817.2600000000002,38.94755904611221,Sunday,March,10,Morning
INV-2024-01086,2024-03-10,11:46,B,Mumbai,Normal,Female,Electronics,Bluetooth Speaker,2978.31,2,0.1,UPI,9.1,2055.03,5956.62,595.662,5360.958,4110.06,1250.8979999999992,23.33347882971662,Sunday,March,11,Morning
INV-2024-00518,2024-03-10,12:13,C,Bengaluru,Member,Male,Groceries,Breakfast Cereal,356.59,4,0.05,Card,7.7,292.4,1426.36,71.318,1355.042,1169.6,185.442,13.685332262763813,Sunday,March,12,Afternoon
INV-2024-01538,2024-03-10,12:32,C,Bengaluru,Normal,Female,Personal Care,Perfume,1638.13,3,0.1,UPI,7.0,950.12,4914.39,491.4390000000001,4422.951,2850.36,1572.591,35.55524354667279,Sunday,March,12,Afternoon
INV-2024-01172,2024-03-10,12:38,B,Mumbai,Member,Female,Groceries,Breakfast Cereal,392.35,3,0.2,Cash,9.4,321.73,1177.0500000000002,235.41000000000005,941.6400000000001,965.19,-23.549999999999955,-2.5009557792787,Sunday,March,12,Afternoon
INV-2024-00871,2024-03-10,13:08,C,Bengaluru,Normal,Male,Clothing,Jacket,2953.62,2,0.0,UPI,5.9,1801.71,5907.24,0.0,5907.24,3603.42,2303.8199999999997,38.99993905783411,Sunday,March,13,Afternoon
INV-2024-01029,2024-03-10,13:58,C,Bengaluru,Normal,Female,Clothing,T-Shirt,826.17,2,0.1,UPI,6.6,503.96,1652.34,165.234,1487.106,1007.92,479.18600000000004,32.22271983301796,Sunday,March,13,Afternoon
INV-2024-01681,2024-03-10,14:09,A,Delhi,Normal,Male,Clothing,Jacket,3207.8,2,0.0,Cash,8.9,1956.76,6415.6,0.0,6415.6,3913.52,2502.0800000000004,38.99993765197332,Sunday,March,14,Afternoon
INV-2024-01683,2024-03-10,14:39,C,Bengaluru,Normal,Female,Home & Kitchen,Cookware Set,2270.56,2,0.05,UPI,9.4,1498.57,4541.12,227.056,4314.064,2997.14,1316.9240000000004,30.526297245474343,Sunday,March,14,Afternoon
INV-2024-00180,2024-03-10,14:40,B,Mumbai,Member,Male,Groceries,Rice 5kg,591.76,2,0.0,Cash,8.8,485.24,1183.52,0.0,1183.52,970.48,213.03999999999996,18.000540759767468,Sunday,March,14,Afternoon
INV-2024-00256,2024-03-10,14:40,A,Delhi,Normal,Female,Groceries,Cooking Oil,770.17,5,0.0,UPI,9.1,631.54,3850.85,0.0,3850.85,3157.7,693.1500000000001,17.99992209512186,Sunday,March,14,Afternoon
INV-2024-00983,2024-03-10,15:34,B,Mumbai,Member,Female,Groceries,Cooking Oil,737.46,3,0.05,Card,9.4,604.72,2212.38,110.61900000000001,2101.761,1814.16,287.6009999999999,13.68381086146331,Sunday,March,15,Afternoon
INV-2024-01747,2024-03-10,16:28,B,Mumbai,Normal,Female,Home & Kitchen,Mixer Grinder,3428.82,1,0.0,Cash,7.8,2263.02,3428.82,0.0,3428.82,2263.02,1165.8000000000002,34.000034997462684,Sunday,March,16,Evening
INV-2024-02389,2024-03-10,16:38,C,Bengaluru,Normal,Male,Clothing,T-Shirt,789.15,5,0.05,UPI,4.6,481.38,3945.75,197.28750000000002,3748.4625,2406.9,1341.5625,35.78967376624416,Sunday,March,16,Evening
INV-2024-00189,2024-03-10,16:48,A,Delhi,Normal,Male,Groceries,Dry Fruits,909.97,5,0.0,Card,6.3,746.18,4549.85,0.0,4549.85,3730.8999999999996,818.9500000000007,17.999494488829317,Sunday,March,16,Evening
INV-2024-01694,2024-03-10,16:48,B,Mumbai,Member,Male,Home & Kitchen,Storage Set,687.86,3,0.1,Card,7.9,453.99,2063.58,206.358,1857.222,1361.97,495.25199999999995,26.666278990879928,Sunday,March,16,Evening
INV-2024-01319,2024-03-10,16:51,C,Bengaluru,Normal,Female,Groceries,Breakfast Cereal,402.09,1,0.0,UPI,8.8,329.71,402.09,0.0,402.09,329.71,72.38,18.000945062050786,Sunday,March,16,Evening
INV-2024-01965,2024-03-10,16:52,B,Mumbai,Member,Male,Sports,Fitness Band,1195.87,5,0.0,UPI,7.8,765.36,5979.349999999999,0.0,5979.349999999999,3826.8,2152.5499999999993,35.99973241238595,Sunday,March,16,Evening
INV-2024-01510,2024-03-10,17:06,C,Bengaluru,Normal,Male,Groceries,Breakfast Cereal,410.11,3,0.0,Card,8.8,336.29,1230.33,0.0,1230.33,1008.8700000000001,221.4599999999998,18.000048767403854,Sunday,March,17,Evening
INV-2024-01514,2024-03-10,17:06,C,Bengaluru,Member,Male,Electronics,Smart Watch,3892.83,3,0.1,Card,10.0,2686.05,11678.49,1167.849,10510.641,8058.150000000001,2452.490999999999,23.33341039809084,Sunday,March,17,Evening
INV-2024-01736,2024-03-10,17:19,B,Mumbai,Member,Female,Personal Care,Shampoo,435.42,2,0.1,Card,6.2,252.54,870.84,87.084,783.7560000000001,505.08,278.6760000000001,35.556474208809895,Sunday,March,17,Evening
INV-2024-02235,2024-03-10,17:20,C,Bengaluru,Member,Male,Electronics,Power Bank,1399.82,4,0.15000000000000002,Card,6.3,965.88,5599.28,839.892,4759.388,3863.52,895.8679999999999,18.823176425204245,Sunday,March,17,Evening
INV-2024-00216,2024-03-10,17:49,A,Delhi,Normal,Female,Electronics,Smart Watch,3786.97,1,0.1,UPI,8.0,2613.01,3786.97,378.697,3408.2729999999997,2613.01,795.2629999999995,23.333312795072448,Sunday,March,17,Evening
INV-2024-01507,2024-03-10,18:24,A,Delhi,Normal,Male,Home & Kitchen,Bedsheet,1064.83,1,0.0,Card,9.2,702.79,1064.83,0.0,1064.83,702.79,362.03999999999996,33.99979339425073,Sunday,March,18,Evening
INV-2024-01813,2024-03-10,18:33,A,Delhi,Member,Female,Electronics,Smart Watch,3867.66,1,0.05,Card,6.4,2668.69,3867.66,193.383,3674.277,2668.69,1005.587,27.36829585793341,Sunday,March,18,Evening
INV-2024-00641,2024-03-10,18:39,A,Delhi,Normal,Female,Clothing,Jeans,1858.13,6,0.05,Card,7.6,1133.46,11148.78,557.4390000000001,10591.341,6800.76,3790.581,35.78943402917535,Sunday,March,18,Evening
INV-2024-01825,2024-03-10,18:40,B,Mumbai,Normal,Male,Clothing,Sports Shoes,2440.66,3,0.0,UPI,8.4,1488.8,7321.98,0.0,7321.98,4466.4,2855.58,39.00010652856194,Sunday,March,18,Evening
INV-2024-01147,2024-03-10,19:05,A,Delhi,Normal,Female,Electronics,Bluetooth Speaker,2894.94,2,0.0,Card,5.9,1997.51,5789.88,0.0,5789.88,3995.02,1794.8600000000001,30.99995163975765,Sunday,March,19,Night
INV-2024-00801,2024-03-10,19:23,C,Bengaluru,Normal,Male,Groceries,Breakfast Cereal,388.24,4,0.1,Cash,7.8,318.36,1552.96,155.29600000000002,1397.664,1273.44,124.22399999999993,8.887973075073832,Sunday,March,19,Night
INV-2024-00439,2024-03-10,20:31,A,Delhi,Normal,Female,Groceries,Rice 5kg,615.21,6,0.2,Cash,7.2,504.47,3691.26,738.2520000000001,2953.0080000000003,3026.82,-73.8119999999999,-2.499552998163225,Sunday,March,20,Night
INV-2024-01626,2024-03-10,20:39,B,Mumbai,Normal,Male,Groceries,Cooking Oil,772.06,2,0.0,Card,8.2,633.09,1544.12,0.0,1544.12,1266.18,277.9399999999998,17.99989638111027,Sunday,March,20,Night
INV-2024-00031,2024-03-10,20:48,A,Delhi,Normal,Male,Groceries,Cooking Oil,784.68,2,0.1,UPI,8.3,643.44,1569.36,156.936,1412.424,1286.88,125.54399999999987,8.888549047594765,Sunday,March,20,Night
INV-2024-00501,2024-03-10,20:49,A,Delhi,Normal,Female,Sports,Fitness Band,1299.03,3,0.1,UPI,7.4,831.38,3897.09,389.70900000000006,3507.3810000000003,2494.14,1013.2410000000004,28.88882046176336,Sunday,March,20,Night
INV-2024-00697,2024-03-10,21:40,A,Delhi,Normal,Female,Electronics,Power Bank,1541.59,3,0.05,Card,8.9,1063.7,4624.7699999999995,231.2385,4393.531499999999,3191.1000000000004,1202.4314999999988,27.368223034249304,Sunday,March,21,Night
INV-2024-01176,2024-03-11,09:32,B,Mumbai,Member,Female,Electronics,Earbuds,2313.27,2,0.1,UPI,6.2,1596.16,4626.54,462.654,4163.886,3192.32,971.5660000000003,23.33315561473105,Monday,March,9,Morning
INV-2024-02132,2024-03-11,10:12,B,Mumbai,Member,Female,Groceries,Dry Fruits,882.54,3,0.15,UPI,5.3,723.68,2647.62,397.143,2250.477,2171.04,79.4369999999999,3.5297850189093207,Monday,March,10,Morning
INV-2024-01733,2024-03-11,11:19,B,Mumbai,Member,Female,Groceries,Breakfast Cereal,407.32,2,0.2,UPI,5.9,334.0,814.64,162.928,651.712,668.0,-16.28800000000001,-2.4992634783462653,Monday,March,11,Morning
INV-2024-00689,2024-03-11,12:12,A,Delhi,Normal,Male,Home & Kitchen,Bedsheet,967.35,2,0.1,Card,6.5,638.45,1934.7,193.47000000000003,1741.23,1276.9,464.3299999999999,26.666781528000318,Monday,March,12,Afternoon
INV-2024-02440,2024-03-11,12:34,A,Delhi,Member,Female,Electronics,Bluetooth Speaker,2933.93,2,0.0,UPI,6.1,2024.41,5867.86,0.0,5867.86,4048.82,1819.0399999999995,31.000057942759362,Monday,March,12,Afternoon
INV-2024-00837,2024-03-11,13:09,A,Delhi,Normal,Female,Groceries,Breakfast Cereal,387.27,2,0.15,Cash,5.5,317.56,774.54,116.18099999999998,658.3589999999999,635.12,23.23899999999992,3.5298370645802555,Monday,March,13,Afternoon
INV-2024-01892,2024-03-11,13:14,B,Mumbai,Member,Male,Electronics,Earbuds,2155.86,3,0.05,UPI,8.3,1487.54,6467.58,323.379,6144.201,4462.62,1681.5810000000001,27.368587062825583,Monday,March,13,Afternoon
INV-2024-00934,2024-03-11,13:49,A,Delhi,Normal,Female,Home & Kitchen,Storage Set,658.08,3,0.0,Cash,8.2,434.33,1974.2400000000002,0.0,1974.2400000000002,1302.99,671.2500000000002,34.00042548018479,Monday,March,13,Afternoon
INV-2024-01524,2024-03-11,13:58,A,Delhi,Normal,Male,Electronics,Earbuds,2106.93,1,0.1,Card,8.1,1453.78,2106.93,210.69299999999998,1896.2369999999999,1453.78,442.4569999999999,23.33342298457418,Monday,March,13,Afternoon
INV-2024-00617,2024-03-11,14:17,B,Mumbai,Normal,Male,Home & Kitchen,Storage Set,652.59,3,0.1,Card,8.7,430.71,1957.77,195.77700000000002,1761.993,1292.1299999999999,469.86300000000006,26.666564509620645,Monday,March,14,Afternoon
INV-2024-01996,2024-03-11,14:18,A,Delhi,Normal,Female,Clothing,Jeans,1701.37,3,0.0,Cash,9.1,1037.84,5104.11,0.0,5104.11,3113.5199999999995,1990.5900000000001,38.99974726250023,Monday,March,14,Afternoon
INV-2024-01181,2024-03-11,14:32,B,Mumbai,Normal,Female,Clothing,Sports Shoes,2495.2,2,0.1,UPI,6.9,1522.07,4990.4,499.03999999999996,4491.36,3044.14,1447.2199999999998,32.222311282106084,Monday,March,14,Afternoon
INV-2024-00117,2024-03-11,14:56,A,Delhi,Normal,Female,Groceries,Rice 5kg,590.61,2,0.1,Cash,9.1,484.3,1181.22,118.12200000000001,1063.098,968.6,94.49799999999993,8.888926514770974,Monday,March,14,Afternoon
INV-2024-01257,2024-03-11,15:10,B,Mumbai,Normal,Female,Personal Care,Perfume,1520.69,3,0.05,Cash,7.9,882.0,4562.07,228.1035,4333.9664999999995,2646.0,1687.9664999999995,38.947382265183634,Monday,March,15,Afternoon
INV-2024-02430,2024-03-11,15:15,C,Bengaluru,Normal,Male,Home & Kitchen,Storage Set,739.84,2,0.0,Cash,8.1,488.29,1479.68,0.0,1479.68,976.58,503.1,34.00059472318339,Monday,March,15,Afternoon
INV-2024-01850,2024-03-11,15:24,B,Mumbai,Normal,Female,Electronics,Earbuds,2347.89,3,0.05,Cash,8.4,1620.04,7043.67,352.18350000000004,6691.4865,4860.12,1831.3665,27.36860486829048,Monday,March,15,Afternoon
INV-2024-01211,2024-03-11,15:33,A,Delhi,Normal,Male,Clothing,Jeans,1798.8,3,0.1,UPI,7.5,1097.27,5396.4,539.64,4856.759999999999,3291.81,1564.9499999999994,32.22209868307266,Monday,March,15,Afternoon
INV-2024-02267,2024-03-11,16:12,B,Mumbai,Member,Female,Personal Care,Perfume,1612.08,1,0.2,Card,7.9,935.01,1612.08,322.416,1289.664,935.01,354.654,27.499720857525684,Monday,March,16,Evening
INV-2024-01303,2024-03-11,16:22,B,Mumbai,Member,Female,Groceries,Breakfast Cereal,376.35,6,0.15,Card,7.6,308.61,2258.1000000000004,338.71500000000003,1919.3850000000002,1851.66,67.72500000000014,3.528473964316702,Monday,March,16,Evening
INV-2024-01641,2024-03-11,16:25,A,Delhi,Member,Male,Electronics,Earbuds,2179.87,2,0.1,Card,7.4,1504.11,4359.74,435.974,3923.7659999999996,3008.22,915.5459999999998,23.333348624765083,Monday,March,16,Evening
INV-2024-01817,2024-03-11,17:00,C,Bengaluru,Normal,Female,Clothing,Sports Shoes,2538.75,1,0.15,UPI,6.6,1548.64,2538.75,380.8125,2157.9375,1548.64,609.2974999999999,28.23517826628435,Monday,March,17,Evening
INV-2024-00021,2024-03-11,17:10,B,Mumbai,Normal,Male,Groceries,Breakfast Cereal,396.1,5,0.0,UPI,8.6,324.8,1980.5,0.0,1980.5,1624.0,356.5,18.00050492299924,Monday,March,17,Evening
INV-2024-01548,2024-03-11,17:18,B,Mumbai,Normal,Female,Clothing,Sports Shoes,2433.18,1,0.1,Card,8.7,1484.24,2433.18,243.31799999999998,2189.862,1484.24,705.6220000000001,32.22221308922663,Monday,March,17,Evening
INV-2024-02392,2024-03-11,17:37,C,Bengaluru,Member,Female,Groceries,Breakfast Cereal,370.89,4,0.0,Card,5.8,304.13,1483.56,0.0,1483.56,1216.52,267.03999999999996,17.999946075655853,Monday,March,17,Evening
INV-2024-01022,2024-03-11,17:46,C,Bengaluru,Normal,Female,Sports,Fitness Band,1310.24,1,0.15,UPI,7.5,838.55,1310.24,196.536,1113.704,838.55,275.154,24.70620559861507,Monday,March,17,Evening
INV-2024-02403,2024-03-11,18:04,A,Delhi,Normal,Female,Clothing,Jacket,2924.89,4,0.0,Card,8.3,1784.18,11699.56,0.0,11699.56,7136.72,4562.839999999999,39.000099149027825,Monday,March,18,Evening
INV-2024-00992,2024-03-11,18:50,A,Delhi,Normal,Female,Home & Kitchen,Storage Set,730.04,5,0.15,Cash,8.0,481.83,3650.2,547.53,3102.67,2409.15,693.52,22.35236103098299,Monday,March,18,Evening
INV-2024-01673,2024-03-11,19:00,B,Mumbai,Normal,Female,Personal Care,Trimmer,2006.3,2,0.15,UPI,8.1,1163.65,4012.6,601.89,3410.71,2327.3,1083.4099999999999,31.764940437621487,Monday,March,19,Night
INV-2024-01854,2024-03-11,19:14,A,Delhi,Member,Male,Sports,Cricket Bat,1940.64,2,0.0,UPI,7.2,1242.01,3881.28,0.0,3881.28,2484.02,1397.2600000000002,35.999979388243055,Monday,March,19,Night
INV-2024-00549,2024-03-11,19:32,C,Bengaluru,Member,Male,Sports,Fitness Band,1201.66,1,0.0,Card,7.8,769.06,1201.66,0.0,1201.66,769.06,432.60000000000014,36.00019972371554,Monday,March,19,Night
INV-2024-01174,2024-03-11,19:35,B,Mumbai,Member,Male,Home & Kitchen,Bedsheet,941.64,3,0.1,Card,6.3,621.48,2824.92,282.492,2542.428,1864.44,677.9879999999998,26.666949860527016,Monday,March,19,Night
INV-2024-02273,2024-03-11,19:40,C,Bengaluru,Normal,Female,Electronics,Earbuds,2229.21,2,0.05,Cash,6.7,1538.15,4458.42,222.92100000000002,4235.499,3076.3,1159.1989999999996,27.36865243032756,Monday,March,19,Night
INV-2024-02302,2024-03-11,20:05,B,Mumbai,Member,Male,Personal Care,Shampoo,427.51,1,0.05,UPI,6.7,247.96,427.51,21.375500000000002,406.1345,247.96,158.1745,38.946334280884784,Monday,March,20,Night
INV-2024-00895,2024-03-11,21:55,B,Mumbai,Member,Male,Home & Kitchen,Storage Set,723.69,1,0.2,Card,9.8,477.64,723.69,144.73800000000003,578.952,477.64,101.31200000000001,17.49920546090177,Monday,March,21,Night
INV-2024-00602,2024-03-12,11:46,A,Delhi,Normal,Female,Clothing,Sports Shoes,2496.32,3,0.15,Card,7.7,1522.76,7488.960000000001,1123.344,6365.616000000001,4568.28,1797.3360000000011,28.23506790230515,Tuesday,March,11,Morning
INV-2024-02143,2024-03-12,12:51,B,Mumbai,Normal,Female,Groceries,Cooking Oil,767.79,4,0.05,UPI,6.8,629.59,3071.16,153.558,2917.602,2518.36,399.24199999999973,13.68390890875451,Tuesday,March,12,Afternoon
INV-2024-02423,2024-03-12,14:29,A,Delhi,Normal,Male,Electronics,Smart Watch,4178.53,2,0.15,Cash,9.4,2883.19,8357.06,1253.559,7103.500999999999,5766.38,1337.1209999999992,18.82340834470213,Tuesday,March,14,Afternoon
INV-2024-01953,2024-03-12,14:44,C,Bengaluru,Member,Female,Home & Kitchen,Bedsheet,951.9,1,0.0,Card,6.2,628.25,951.9,0.0,951.9,628.25,323.65,34.00042021220716,Tuesday,March,14,Afternoon
INV-2024-00064,2024-03-12,15:07,C,Bengaluru,Member,Female,Electronics,Earbuds,2346.48,3,0.05,Card,6.5,1619.07,7039.4400000000005,351.97200000000004,6687.468000000001,4857.21,1830.2580000000007,27.368474884664877,Tuesday,March,15,Afternoon
INV-2024-01461,2024-03-12,15:40,B,Mumbai,Member,Female,Clothing,Jacket,2989.85,4,0.0,UPI,8.1,1823.81,11959.4,0.0,11959.4,7295.24,4664.16,38.99994983025905,Tuesday,March,15,Afternoon
INV-2024-01839,2024-03-12,16:18,A,Delhi,Normal,Male,Sports,Dumbbell Set,2383.79,2,0.1,UPI,10.0,1525.63,4767.58,476.75800000000004,4290.822,3051.26,1239.562,28.888683799980512,Tuesday,March,16,Evening
INV-2024-02153,2024-03-12,16:24,B,Mumbai,Normal,Male,Electronics,Earbuds,2100.56,2,0.0,UPI,7.5,1449.39,4201.12,0.0,4201.12,2898.78,1302.3399999999997,30.999828617130664,Tuesday,March,16,Evening
INV-2024-01088,2024-03-12,16:51,A,Delhi,Normal,Female,Clothing,Sports Shoes,2323.28,3,0.05,Card,6.1,1417.2,6969.84,348.492,6621.348,4251.6,2369.7479999999996,35.789509930606265,Tuesday,March,16,Evening
INV-2024-00911,2024-03-12,17:10,C,Bengaluru,Member,Male,Clothing,T-Shirt,761.51,3,0.15000000000000002,UPI,9.1,464.52,2284.5299999999997,342.6795,1941.8504999999998,1393.56,548.2904999999998,28.235464058638904,Tuesday,March,17,Evening
INV-2024-02040,2024-03-12,17:17,C,Bengaluru,Normal,Male,Clothing,T-Shirt,819.33,6,0.0,Card,10.0,499.79,4915.9800000000005,0.0,4915.9800000000005,2998.7400000000002,1917.2400000000002,39.000158666227286,Tuesday,March,17,Evening
INV-2024-00007,2024-03-12,17:33,C,Bengaluru,Normal,Male,Electronics,Smart Watch,4228.68,3,0.1,UPI,7.1,2917.79,12686.04,1268.6040000000003,11417.436000000002,8753.369999999999,2664.0660000000025,23.333312312852048,Tuesday,March,17,Evening
INV-2024-00357,2024-03-12,18:09,C,Bengaluru,Member,Female,Electronics,Earbuds,2318.83,3,0.15000000000000002,UPI,7.7,1599.99,6956.49,1043.4735,5913.0165,4799.97,1113.0464999999995,18.823666397683812,Tuesday,March,18,Evening
INV-2024-00371,2024-03-12,18:30,A,Delhi,Member,Male,Electronics,Power Bank,1474.48,3,0.0,Cash,6.7,1017.39,4423.4400000000005,0.0,4423.4400000000005,3052.17,1371.2700000000004,31.00008138462374,Tuesday,March,18,Evening
INV-2024-02288,2024-03-12,18:37,B,Mumbai,Normal,Male,Electronics,Bluetooth Speaker,2790.97,2,0.0,UPI,9.0,1925.77,5581.94,0.0,5581.94,3851.54,1730.3999999999996,30.999974919114138,Tuesday,March,18,Evening
INV-2024-01716,2024-03-12,18:40,B,Mumbai,Normal,Male,Groceries,Cooking Oil,828.38,2,0.0,Card,6.3,679.27,1656.76,0.0,1656.76,1358.54,298.22,18.000193148072142,Tuesday,March,18,Evening
INV-2024-02386,2024-03-12,18:53,C,Bengaluru,Normal,Male,Groceries,Cooking Oil,790.42,4,0.1,Card,6.9,648.14,3161.68,316.168,2845.5119999999997,2592.56,252.95199999999977,8.889507406751397,Tuesday,March,18,Evening
INV-2024-00567,2024-03-12,18:59,C,Bengaluru,Normal,Male,Groceries,Dry Fruits,944.54,3,0.1,UPI,6.7,774.52,2833.62,283.362,2550.258,2323.56,226.69799999999987,8.889218267328241,Tuesday,March,18,Evening
INV-2024-00574,2024-03-12,19:09,B,Mumbai,Normal,Male,Personal Care,Shampoo,417.71,4,0.15,Card,7.3,242.27,1670.84,250.62599999999998,1420.214,969.08,451.1339999999999,31.76521284820456,Tuesday,March,19,Night
INV-2024-02139,2024-03-12,19:11,C,Bengaluru,Member,Female,Groceries,Cooking Oil,801.51,2,0.1,Cash,5.1,657.24,1603.02,160.30200000000002,1442.7179999999998,1314.48,128.23799999999983,8.888639359874892,Tuesday,March,19,Night
INV-2024-02149,2024-03-12,19:25,B,Mumbai,Member,Male,Home & Kitchen,Cookware Set,2303.9,2,0.15,Card,8.6,1520.57,4607.8,691.17,3916.63,3041.14,875.4900000000002,22.353145433701936,Tuesday,March,19,Night
INV-2024-01087,2024-03-12,19:58,A,Delhi,Member,Male,Electronics,Earbuds,2163.38,3,0.0,UPI,6.7,1492.73,6490.14,0.0,6490.14,4478.1900000000005,2011.9499999999998,31.00010169272157,Tuesday,March,19,Night
INV-2024-00160,2024-03-12,20:10,C,Bengaluru,Member,Male,Clothing,T-Shirt,763.85,2,0.0,Cash,9.4,465.95,1527.7,0.0,1527.7,931.9,595.8000000000001,38.999803626366436,Tuesday,March,20,Night
INV-2024-02318,2024-03-12,20:16,B,Mumbai,Normal,Female,Groceries,Rice 5kg,622.72,2,0.0,Card,8.7,510.63,1245.44,0.0,1245.44,1021.26,224.18000000000006,18.00006423432683,Tuesday,March,20,Night
INV-2024-01791,2024-03-12,20:47,A,Delhi,Member,Male,Personal Care,Perfume,1672.67,2,0.15000000000000002,Card,6.9,970.15,3345.34,501.8010000000001,2843.539,1940.3,903.2390000000003,31.764607413508315,Tuesday,March,20,Night
INV-2024-01556,2024-03-12,20:48,C,Bengaluru,Normal,Male,Groceries,Dry Fruits,993.35,4,0.05,Cash,6.3,814.55,3973.4,198.67000000000002,3774.73,3258.2,516.5300000000002,13.683892622783622,Tuesday,March,20,Night
INV-2024-00383,2024-03-13,09:58,B,Mumbai,Member,Female,Groceries,Breakfast Cereal,378.95,6,0.1,Card,10.0,310.74,2273.7,227.37,2046.33,1864.44,181.88999999999987,8.888595681048505,Wednesday,March,9,Morning
INV-2024-01740,2024-03-13,10:20,A,Delhi,Normal,Female,Groceries,Breakfast Cereal,384.27,2,0.0,UPI,8.3,315.1,768.54,0.0,768.54,630.2,138.33999999999992,18.000364327165784,Wednesday,March,10,Morning
INV-2024-01675,2024-03-13,10:36,C,Bengaluru,Member,Male,Sports,Fitness Band,1231.78,1,0.05,Card,10.0,788.34,1231.78,61.589,1170.191,788.34,381.851,32.63151058246047,Wednesday,March,10,Morning
INV-2024-00418,2024-03-13,11:08,A,Delhi,Member,Male,Home & Kitchen,Bedsheet,1059.75,5,0.0,UPI,9.1,699.43,5298.75,0.0,5298.75,3497.1499999999996,1801.6000000000004,34.00047180938902,Wednesday,March,11,Morning
INV-2024-00299,2024-03-13,12:09,A,Delhi,Normal,Male,Personal Care,Trimmer,1784.89,2,0.0,Cash,7.1,1035.24,3569.78,0.0,3569.78,2070.48,1499.3000000000002,41.99978710172616,Wednesday,March,12,Afternoon
INV-2024-01537,2024-03-13,12:30,B,Mumbai,Normal,Female,Electronics,Earbuds,2283.84,1,0.1,Cash,7.9,1575.85,2283.84,228.38400000000001,2055.456,1575.85,479.6060000000002,23.33331387293137,Wednesday,March,12,Afternoon
INV-2024-01613,2024-03-13,12:46,C,Bengaluru,Normal,Female,Electronics,Earbuds,2204.54,4,0.1,Card,7.3,1521.13,8818.16,881.816,7936.344,6084.52,1851.8239999999996,23.333464376040148,Wednesday,March,12,Afternoon
INV-2024-00749,2024-03-13,13:20,A,Delhi,Normal,Female,Electronics,Earbuds,2203.16,2,0.0,UPI,10.0,1520.18,4406.32,0.0,4406.32,3040.36,1365.9599999999996,31.000018155739927,Wednesday,March,13,Afternoon
INV-2024-00935,2024-03-13,13:22,C,Bengaluru,Normal,Male,Groceries,Breakfast Cereal,374.89,3,0.15,Cash,6.2,307.41,1124.67,168.7005,955.9695,922.23,33.73950000000002,3.5293490011972164,Wednesday,March,13,Afternoon
INV-2024-02487,2024-03-13,13:30,A,Delhi,Normal,Female,Sports,Cricket Bat,2024.04,1,0.0,UPI,6.4,1295.39,2024.04,0.0,2024.04,1295.39,728.6499999999999,35.99978261299183,Wednesday,March,13,Afternoon
INV-2024-00201,2024-03-13,13:35,B,Mumbai,Normal,Male,Home & Kitchen,Mixer Grinder,3226.93,2,0.1,Card,7.8,2129.77,6453.86,645.386,5808.474,4259.54,1548.9340000000002,26.666797509982832,Wednesday,March,13,Afternoon
INV-2024-01048,2024-03-13,13:36,A,Delhi,Member,Female,Groceries,Cooking Oil,820.83,1,0.05,Cash,8.9,673.08,820.83,41.041500000000006,779.7885,673.08,106.70849999999996,13.684287470256354,Wednesday,March,13,Afternoon
INV-2024-02252,2024-03-13,13:41,B,Mumbai,Member,Male,Home & Kitchen,Cookware Set,2397.54,4,0.0,UPI,7.6,1582.38,9590.16,0.0,9590.16,6329.52,3260.6399999999994,33.99984984609224,Wednesday,March,13,Afternoon
INV-2024-00001,2024-03-13,14:40,C,Bengaluru,Normal,Male,Electronics,Smart Watch,4278.65,5,0.0,UPI,6.9,2952.27,21393.25,0.0,21393.25,14761.35,6631.9,30.999964942213083,Wednesday,March,14,Afternoon
INV-2024-00367,2024-03-13,14:44,B,Mumbai,Normal,Male,Clothing,T-Shirt,755.83,2,0.2,Cash,8.4,461.06,1511.66,302.33200000000005,1209.328,922.12,287.20799999999997,23.749388089914397,Wednesday,March,14,Afternoon
INV-2024-01933,2024-03-13,15:37,C,Bengaluru,Member,Female,Home & Kitchen,Bedsheet,938.59,2,0.15000000000000002,UPI,6.6,619.47,1877.18,281.57700000000006,1595.603,1238.94,356.663,22.352865969793235,Wednesday,March,15,Afternoon
INV-2024-01612,2024-03-13,15:51,A,Delhi,Member,Female,Home & Kitchen,Mixer Grinder,3170.4,1,0.15,Card,5.3,2092.46,3170.4,475.56,2694.84,2092.46,602.3800000000001,22.353089608288435,Wednesday,March,15,Afternoon
INV-2024-00779,2024-03-13,16:40,B,Mumbai,Normal,Female,Groceries,Dry Fruits,919.06,2,0.1,UPI,8.7,753.63,1838.12,183.812,1654.308,1507.26,147.048,8.888792171711676,Wednesday,March,16,Evening
INV-2024-00432,2024-03-13,16:53,A,Delhi,Normal,Male,Clothing,Sports Shoes,2692.73,6,0.1,Cash,7.1,1642.57,16156.380000000001,1615.6380000000001,14540.742,9855.42,4685.322,32.222028284388784,Wednesday,March,16,Evening
INV-2024-00957,2024-03-13,17:21,C,Bengaluru,Member,Male,Groceries,Dry Fruits,1002.1,2,0.1,UPI,7.5,821.72,2004.2,200.42000000000002,1803.78,1643.44,160.33999999999992,8.889110645422386,Wednesday,March,17,Evening
INV-2024-00345,2024-03-13,17:36,C,Bengaluru,Normal,Male,Clothing,Jacket,2966.91,3,0.1,Cash,9.6,1809.82,8900.73,890.073,8010.656999999999,5429.46,2581.196999999999,32.22203871667455,Wednesday,March,17,Evening
INV-2024-01772,2024-03-13,17:51,B,Mumbai,Member,Male,Clothing,T-Shirt,767.57,2,0.0,UPI,8.4,468.22,1535.14,0.0,1535.14,936.44,598.7,38.99970035306226,Wednesday,March,17,Evening
INV-2024-01494,2024-03-13,17:57,A,Delhi,Member,Male,Electronics,Smart Watch,4081.14,1,0.15,Cash,6.9,2815.99,4081.14,612.1709999999999,3468.969,2815.99,652.9790000000003,18.823431399934684,Wednesday,March,17,Evening
INV-2024-00025,2024-03-13,18:21,A,Delhi,Normal,Female,Clothing,T-Shirt,784.35,5,0.05,Card,9.7,478.45,3921.75,196.0875,3725.6625,2392.25,1333.4125,35.78994339932831,Wednesday,March,18,Evening
INV-2024-01106,2024-03-13,18:25,A,Delhi,Normal,Male,Clothing,Jacket,3003.47,4,0.05,Cash,7.8,1832.12,12013.88,600.694,11413.186,7328.48,4084.706,35.789358028511934,Wednesday,March,18,Evening
INV-2024-01429,2024-03-13,18:34,B,Mumbai,Member,Female,Clothing,T-Shirt,823.2,4,0.0,UPI,10.0,502.15,3292.8,0.0,3292.8,2008.6,1284.2000000000003,39.00024295432459,Wednesday,March,18,Evening
INV-2024-00056,2024-03-13,18:49,B,Mumbai,Normal,Female,Electronics,Power Bank,1379.28,1,0.15,UPI,5.2,951.7,1379.28,206.892,1172.388,951.7,220.68799999999987,18.823802358946004,Wednesday,March,18,Evening
INV-2024-00185,2024-03-13,19:06,A,Delhi,Member,Female,Electronics,Earbuds,2282.44,4,0.15,Cash,8.0,1574.88,9129.76,1369.464,7760.296,6299.52,1460.7759999999998,18.823714971696955,Wednesday,March,19,Night
INV-2024-02138,2024-03-13,19:13,A,Delhi,Member,Male,Groceries,Rice 5kg,614.27,2,0.05,Card,7.7,503.7,1228.54,61.427,1167.113,1007.4,159.71300000000008,13.684450434533765,Wednesday,March,19,Night
INV-2024-00529,2024-03-13,19:16,B,Mumbai,Member,Male,Home & Kitchen,Mixer Grinder,3124.9,3,0.1,UPI,10.0,2062.43,9374.7,937.4700000000001,8437.230000000001,6187.289999999999,2249.9400000000023,26.66680889344017,Wednesday,March,19,Night
INV-2024-01331,2024-03-13,19:29,C,Bengaluru,Member,Male,Clothing,Sports Shoes,2638.63,4,0.05,UPI,6.4,1609.56,10554.52,527.726,10026.794,6438.24,3588.554,35.78964522458525,Wednesday,March,19,Night
INV-2024-00105,2024-03-13,19:30,C,Bengaluru,Member,Male,Clothing,Jacket,3099.58,1,0.15000000000000002,Cash,7.5,1890.74,3099.58,464.93700000000007,2634.643,1890.74,743.903,28.235438349711895,Wednesday,March,19,Night
INV-2024-00301,2024-03-13,19:30,B,Mumbai,Normal,Male,Groceries,Cooking Oil,743.76,2,0.0,Cash,8.1,609.88,1487.52,0.0,1487.52,1219.76,267.76,18.000430246316014,Wednesday,March,19,Night
INV-2024-00606,2024-03-13,19:38,A,Delhi,Normal,Female,Groceries,Cooking Oil,745.26,2,0.1,Cash,7.1,611.11,1490.52,149.052,1341.468,1222.22,119.24800000000005,8.889365978167204,Wednesday,March,19,Night
INV-2024-00403,2024-03-13,20:32,A,Delhi,Member,Female,Clothing,Jacket,3155.75,4,0.1,Card,8.7,1925.01,12623.0,1262.3000000000002,11360.7,7700.04,3660.6600000000008,32.222134199477146,Wednesday,March,20,Night
INV-2024-00639,2024-03-13,21:10,A,Delhi,Member,Male,Home & Kitchen,Bedsheet,944.96,5,0.0,Card,7.7,623.67,4724.8,0.0,4724.8,3118.35,1606.4500000000003,34.00038096850661,Wednesday,March,21,Night
INV-2024-01160,2024-03-13,21:15,C,Bengaluru,Normal,Female,Personal Care,Perfume,1630.68,1,0.0,UPI,7.0,945.79,1630.68,0.0,1630.68,945.79,684.8900000000001,42.00026982608483,Wednesday,March,21,Night
INV-2024-00621,2024-03-13,21:22,B,Mumbai,Member,Male,Groceries,Cooking Oil,838.57,1,0.0,Card,9.6,687.63,838.57,0.0,838.57,687.63,150.94000000000005,17.999689948364484,Wednesday,March,21,Night
INV-2024-00715,2024-03-14,09:25,B,Mumbai,Normal,Female,Sports,Fitness Band,1344.14,3,0.05,UPI,8.8,860.25,4032.42,201.621,3830.799,2580.75,1250.049,32.63154762231065,Thursday,March,9,Morning
INV-2024-00008,2024-03-14,12:00,B,Mumbai,Member,Female,Electronics,Power Bank,1593.29,4,0.05,UPI,7.4,1099.37,6373.16,318.658,6054.5019999999995,4397.48,1657.022,27.368427659285604,Thursday,March,12,Afternoon
INV-2024-00495,2024-03-14,12:06,B,Mumbai,Normal,Female,Personal Care,Shampoo,438.57,3,0.05,Card,5.8,254.37,1315.71,65.7855,1249.9245,763.11,486.81450000000007,38.94751242975076,Thursday,March,12,Afternoon
INV-2024-01577,2024-03-14,12:17,B,Mumbai,Normal,Male,Groceries,Rice 5kg,644.79,2,0.1,Card,8.9,528.73,1289.58,128.958,1160.6219999999998,1057.46,103.16199999999981,8.888509781823869,Thursday,March,12,Afternoon
INV-2024-00080,2024-03-14,12:20,B,Mumbai,Member,Male,Personal Care,Shampoo,479.48,4,0.05,Card,8.7,278.1,1917.92,95.89600000000002,1822.0240000000001,1112.4,709.624,38.94701716333045,Thursday,March,12,Afternoon
INV-2024-00627,2024-03-14,13:07,B,Mumbai,Member,Female,Groceries,Dry Fruits,1013.1,5,0.2,UPI,9.2,830.74,5065.5,1013.1,4052.4,4153.7,-101.29999999999973,-2.4997532326522487,Thursday,March,13,Afternoon
INV-2024-01142,2024-03-14,13:15,B,Mumbai,Member,Female,Clothing,T-Shirt,832.8,1,0.0,Card,6.6,508.01,832.8,0.0,832.8,508.01,324.78999999999996,38.99975984630163,Thursday,March,13,Afternoon
INV-2024-00707,2024-03-14,14:06,A,Delhi,Member,Male,Sports,Fitness Band,1322.11,2,0.15000000000000002,UPI,8.3,846.15,2644.22,396.63300000000004,2247.5869999999995,1692.3,555.2869999999996,24.705917946669015,Thursday,March,14,Afternoon
INV-2024-02042,2024-03-14,14:28,B,Mumbai,Normal,Female,Personal Care,Perfume,1660.01,1,0.0,UPI,8.5,962.81,1660.01,0.0,1660.01,962.81,697.2,41.99974698947597,Thursday,March,14,Afternoon
INV-2024-01565,2024-03-14,14:42,A,Delhi,Normal,Female,Sports,Dumbbell Set,2563.97,1,0.1,UPI,9.0,1640.94,2563.97,256.397,2307.573,1640.94,666.6329999999998,28.888923557347905,Thursday,March,14,Afternoon
INV-2024-00708,2024-03-14,15:41,A,Delhi,Member,Male,Groceries,Rice 5kg,633.42,3,0.1,UPI,5.4,519.4,1900.2599999999998,190.02599999999998,1710.2339999999997,1558.1999999999998,152.03399999999988,8.889660713095395,Thursday,March,15,Afternoon
INV-2024-01663,2024-03-14,15:47,B,Mumbai,Normal,Male,Groceries,Rice 5kg,618.92,2,0.15,UPI,9.3,507.51,1237.84,185.676,1052.164,1015.02,37.144000000000005,3.5302481362221103,Thursday,March,15,Afternoon
INV-2024-02454,2024-03-14,15:53,B,Mumbai,Normal,Female,Electronics,Power Bank,1428.35,2,0.05,UPI,8.1,985.56,2856.7,142.835,2713.865,1971.12,742.7449999999999,27.368531596081603,Thursday,March,15,Afternoon
INV-2024-00139,2024-03-14,16:54,C,Bengaluru,Normal,Male,Personal Care,Perfume,1476.29,2,0.05,Card,7.4,856.25,2952.58,147.629,2804.951,1712.5,1092.451,38.94724007656462,Thursday,March,16,Evening
INV-2024-01324,2024-03-14,18:00,C,Bengaluru,Member,Male,Home & Kitchen,Storage Set,746.66,2,0.1,Cash,7.9,492.8,1493.32,149.332,1343.9879999999998,985.6,358.3879999999998,26.666011898915755,Thursday,March,18,Evening
INV-2024-02181,2024-03-14,18:03,B,Mumbai,Member,Male,Electronics,Bluetooth Speaker,2850.3,1,0.1,Card,8.9,1966.71,2850.3,285.03000000000003,2565.27,1966.71,598.56,23.33321638657919,Thursday,March,18,Evening
INV-2024-00053,2024-03-14,18:18,A,Delhi,Normal,Female,Sports,Dumbbell Set,2362.85,3,0.05,UPI,6.8,1512.22,7088.549999999999,354.4275,6734.1224999999995,4536.66,2197.4624999999996,32.63175714430499,Thursday,March,18,Evening
INV-2024-02258,2024-03-14,18:18,B,Mumbai,Normal,Female,Electronics,Smart Watch,3956.59,1,0.1,UPI,7.6,2730.05,3956.59,395.65900000000005,3560.931,2730.05,830.8809999999999,23.33325189395694,Thursday,March,18,Evening
INV-2024-00993,2024-03-14,18:32,C,Bengaluru,Normal,Female,Clothing,Jacket,3122.58,1,0.15,UPI,6.0,1904.77,3122.58,468.38699999999994,2654.193,1904.77,749.4230000000002,28.23543728734121,Thursday,March,18,Evening
INV-2024-01691,2024-03-14,19:30,C,Bengaluru,Member,Male,Clothing,Jacket,2792.2,2,0.1,UPI,9.1,1703.24,5584.4,558.4399999999999,5025.96,3406.48,1619.48,32.22230180900763,Thursday,March,19,Night
INV-2024-00459,2024-03-14,19:59,A,Delhi,Member,Male,Groceries,Breakfast Cereal,406.13,5,0.2,UPI,6.3,333.03,2030.65,406.13000000000005,1624.52,1665.1499999999999,-40.62999999999988,-2.501046462955204,Thursday,March,19,Night
INV-2024-02402,2024-03-14,20:06,A,Delhi,Member,Female,Clothing,Jeans,1744.15,5,0.1,Card,10.0,1063.93,8720.75,872.075,7848.675,5319.650000000001,2529.0249999999996,32.22231777975263,Thursday,March,20,Night
INV-2024-02036,2024-03-14,20:18,A,Delhi,Normal,Male,Home & Kitchen,Storage Set,695.72,5,0.05,UPI,6.9,459.18,3478.6000000000004,173.93000000000004,3304.6700000000005,2295.9,1008.7700000000004,30.525589544493105,Thursday,March,20,Night
INV-2024-00238,2024-03-14,20:20,B,Mumbai,Member,Female,Clothing,Jacket,3063.39,1,0.05,UPI,6.2,1868.67,3063.39,153.1695,2910.2205,1868.67,1041.5504999999998,35.789401524729826,Thursday,March,20,Night
INV-2024-01711,2024-03-14,20:23,A,Delhi,Member,Male,Clothing,Jacket,3059.74,4,0.05,UPI,7.5,1866.44,12238.96,611.948,11627.011999999999,7465.76,4161.251999999999,35.789521847917584,Thursday,March,20,Night
INV-2024-01118,2024-03-14,21:10,C,Bengaluru,Normal,Male,Clothing,T-Shirt,840.1,2,0.0,Card,6.9,512.46,1680.2,0.0,1680.2,1024.92,655.28,39.00011903344839,Thursday,March,21,Night
INV-2024-00863,2024-03-14,21:43,C,Bengaluru,Member,Female,Electronics,Earbuds,2093.19,3,0.0,Card,8.8,1444.3,6279.57,0.0,6279.57,4332.9,1946.67,31.000052551368967,Thursday,March,21,Night
INV-2024-00430,2024-03-15,09:56,A,Delhi,Member,Female,Clothing,T-Shirt,737.4,1,0.2,Cash,6.0,449.81,737.4,147.48,589.92,449.81,140.10999999999996,23.750678058041764,Friday,March,9,Morning
INV-2024-01451,2024-03-15,10:17,A,Delhi,Normal,Male,Home & Kitchen,Mixer Grinder,3332.21,3,0.1,Card,8.0,2199.26,9996.630000000001,999.6630000000001,8996.967,6597.780000000001,2399.187,26.66661998426803,Friday,March,10,Morning
INV-2024-00046,2024-03-15,10:36,A,Delhi,Normal,Male,Personal Care,Skin Care Kit,1292.11,1,0.0,UPI,6.5,749.42,1292.11,0.0,1292.11,749.42,542.6899999999999,42.000294092608215,Friday,March,10,Morning
INV-2024-01909,2024-03-15,11:00,A,Delhi,Normal,Female,Electronics,Earbuds,2026.18,3,0.15,UPI,9.3,1398.06,6078.54,911.781,5166.759,4194.18,972.5789999999997,18.823773278374308,Friday,March,11,Morning
INV-2024-00346,2024-03-15,12:49,B,Mumbai,Normal,Male,Sports,Dumbbell Set,2300.48,1,0.05,Card,8.2,1472.31,2300.48,115.024,2185.456,1472.31,713.1460000000002,32.63145082765336,Friday,March,12,Afternoon
INV-2024-01782,2024-03-15,12:55,B,Mumbai,Normal,Female,Electronics,Smart Watch,4012.07,2,0.0,UPI,6.0,2768.33,8024.14,0.0,8024.14,5536.66,2487.4800000000005,30.999957627857945,Friday,March,12,Afternoon
INV-2024-02488,2024-03-15,13:30,B,Mumbai,Member,Male,Groceries,Cooking Oil,746.79,5,0.0,UPI,7.6,612.37,3733.95,0.0,3733.95,3061.85,672.0999999999999,17.999705405803503,Friday,March,13,Afternoon
INV-2024-00868,2024-03-15,13:31,C,Bengaluru,Member,Female,Groceries,Rice 5kg,579.96,1,0.0,Card,8.4,475.57,579.96,0.0,579.96,475.57,104.39000000000004,17.999517208083322,Friday,March,13,Afternoon
INV-2024-02356,2024-03-15,14:00,B,Mumbai,Member,Male,Sports,Dumbbell Set,2560.79,3,0.0,Card,5.8,1638.91,7682.37,0.0,7682.37,4916.7300000000005,2765.6399999999994,35.99982817802318,Friday,March,14,Afternoon
INV-2024-00426,2024-03-15,15:13,C,Bengaluru,Normal,Female,Electronics,Earbuds,2053.74,1,0.0,UPI,7.0,1417.08,2053.74,0.0,2053.74,1417.08,636.6599999999999,31.00002921499313,Friday,March,15,Afternoon
INV-2024-00358,2024-03-15,15:25,A,Delhi,Member,Male,Groceries,Cooking Oil,828.7,3,0.0,Card,7.1,679.53,2486.1000000000004,0.0,2486.1000000000004,2038.59,447.51000000000045,18.000482683721508,Friday,March,15,Afternoon
INV-2024-00642,2024-03-15,15:50,A,Delhi,Member,Male,Groceries,Breakfast Cereal,399.02,4,0.15000000000000002,Cash,7.2,327.2,1596.08,239.41200000000003,1356.668,1308.8,47.86799999999994,3.5283503406876213,Friday,March,15,Afternoon
INV-2024-01351,2024-03-15,16:01,B,Mumbai,Normal,Male,Groceries,Breakfast Cereal,354.46,6,0.15,Card,8.0,290.66,2126.7599999999998,319.01399999999995,1807.7459999999999,1743.96,63.78599999999983,3.5284824306069456,Friday,March,16,Evening
INV-2024-01416,2024-03-15,16:16,A,Delhi,Normal,Male,Electronics,Bluetooth Speaker,2812.93,3,0.15,Cash,9.5,1940.92,8438.789999999999,1265.8184999999999,7172.9715,5822.76,1350.2114999999994,18.823600512005374,Friday,March,16,Evening
INV-2024-01876,2024-03-15,16:36,A,Delhi,Normal,Female,Sports,Dumbbell Set,2406.35,3,0.0,UPI,5.5,1540.06,7219.049999999999,0.0,7219.049999999999,4620.18,2598.869999999999,36.00016622685809,Friday,March,16,Evening
INV-2024-02154,2024-03-15,16:41,A,Delhi,Normal,Female,Clothing,Jacket,3032.65,2,0.05,Card,8.8,1849.92,6065.3,303.26500000000004,5762.035,3699.84,2062.1949999999997,35.789352199353175,Friday,March,16,Evening
INV-2024-00343,2024-03-15,17:15,C,Bengaluru,Member,Female,Clothing,Jacket,2874.38,4,0.1,UPI,5.8,1753.37,11497.52,1149.7520000000002,10347.768,7013.48,3334.2880000000005,32.222291802444744,Friday,March,17,Evening
INV-2024-00506,2024-03-15,17:30,B,Mumbai,Normal,Female,Clothing,Jacket,3143.85,2,0.0,UPI,8.2,1917.75,6287.7,0.0,6287.7,3835.5,2452.2,38.999952287799985,Friday,March,17,Evening
INV-2024-00842,2024-03-15,18:12,B,Mumbai,Normal,Male,Clothing,Sports Shoes,2678.55,5,0.1,Cash,7.5,1633.92,13392.75,1339.275,12053.475,8169.6,3883.875,32.22203555406221,Friday,March,18,Evening
INV-2024-00236,2024-03-15,18:26,C,Bengaluru,Normal,Male,Groceries,Dry Fruits,913.87,7,0.1,Card,10.0,749.37,6397.09,639.7090000000001,5757.381,5245.59,511.79100000000017,8.889302271293149,Friday,March,18,Evening
INV-2024-00327,2024-03-15,18:30,B,Mumbai,Member,Female,Sports,Yoga Mat,878.72,4,0.05,Card,6.7,562.38,3514.88,175.74400000000003,3339.136,2249.52,1089.616,32.63167478054203,Friday,March,18,Evening
INV-2024-01148,2024-03-15,18:31,A,Delhi,Member,Male,Electronics,Earbuds,2283.29,1,0.15000000000000002,Cash,10.0,1575.47,2283.29,342.49350000000004,1940.7965,1575.47,365.3264999999999,18.823534564288423,Friday,March,18,Evening
INV-2024-00789,2024-03-15,18:41,B,Mumbai,Member,Male,Clothing,T-Shirt,826.64,1,0.05,UPI,7.6,504.25,826.64,41.332,785.308,504.25,281.058,35.789524619639685,Friday,March,18,Evening
INV-2024-01650,2024-03-15,18:43,C,Bengaluru,Member,Female,Home & Kitchen,Bedsheet,1061.0,1,0.15,Cash,6.2,700.26,1061.0,159.15,901.85,700.26,201.59000000000003,22.35294117647059,Friday,March,18,Evening
INV-2024-00298,2024-03-15,19:07,A,Delhi,Member,Male,Clothing,Jacket,3187.71,6,0.15000000000000002,Cash,7.6,1944.5,19126.260000000002,2868.9390000000008,16257.321000000002,11667.0,4590.321000000002,28.235408527641187,Friday,March,19,Night
INV-2024-01698,2024-03-15,19:26,A,Delhi,Member,Female,Personal Care,Perfume,1561.43,1,0.05,UPI,7.6,905.63,1561.43,78.07150000000001,1483.3585,905.63,577.7285,38.9473279723007,Friday,March,19,Night
INV-2024-00990,2024-03-15,19:33,C,Bengaluru,Normal,Female,Groceries,Breakfast Cereal,383.47,1,0.15,Card,9.3,314.45,383.47,57.520500000000006,325.9495,314.45,11.499500000000012,3.5280005031454293,Friday,March,19,Night
INV-2024-00214,2024-03-15,19:35,A,Delhi,Member,Male,Groceries,Dry Fruits,1010.15,4,0.0,Card,5.5,828.32,4040.6,0.0,4040.6,3313.28,727.3199999999997,18.000296985596194,Friday,March,19,Night
INV-2024-00242,2024-03-15,20:04,A,Delhi,Normal,Female,Clothing,T-Shirt,835.31,2,0.2,UPI,8.4,509.54,1670.62,334.124,1336.4959999999999,1019.08,317.4159999999998,23.749865319462224,Friday,March,20,Night
INV-2024-01103,2024-03-15,20:07,B,Mumbai,Member,Male,Personal Care,Shampoo,442.81,5,0.1,Card,8.9,256.83,2214.05,221.40500000000003,1992.6450000000002,1284.1499999999999,708.4950000000003,35.55550537100187,Friday,March,20,Night
INV-2024-00630,2024-03-15,20:33,B,Mumbai,Member,Male,Groceries,Cooking Oil,738.9,4,0.0,UPI,6.9,605.9,2955.6,0.0,2955.6,2423.6,532.0,17.999729327378535,Friday,March,20,Night
INV-2024-01648,2024-03-15,21:55,A,Delhi,Member,Female,Personal Care,Shampoo,428.15,2,0.15000000000000002,Cash,8.3,248.33,856.3,128.44500000000002,727.8549999999999,496.66,231.19499999999988,31.76388154234015,Friday,March,21,Night
INV-2024-01266,2024-03-16,09:32,A,Delhi,Normal,Male,Sports,Dumbbell Set,2300.81,5,0.05,UPI,9.1,1472.52,11504.05,575.2025,10928.8475,7362.6,3566.2474999999995,32.631505746603196,Saturday,March,9,Morning
INV-2024-02485,2024-03-16,10:31,A,Delhi,Normal,Female,Electronics,Power Bank,1489.94,2,0.1,UPI,3.5,1028.06,2979.88,297.988,2681.8920000000003,2056.12,625.7720000000004,23.333228929427445,Saturday,March,10,Morning
INV-2024-00787,2024-03-16,10:34,B,Mumbai,Normal,Female,Groceries,Rice 5kg,628.94,6,0.0,UPI,7.5,515.73,3773.6400000000003,0.0,3773.6400000000003,3094.38,679.2600000000002,18.000127198142913,Saturday,March,10,Morning
INV-2024-00168,2024-03-16,10:54,A,Delhi,Normal,Male,Groceries,Rice 5kg,593.99,3,0.05,UPI,8.7,487.07,1781.97,89.0985,1692.8715,1461.21,231.66149999999993,13.684529510952245,Saturday,March,10,Morning
INV-2024-01754,2024-03-16,11:30,A,Delhi,Member,Female,Electronics,Smart Watch,4125.61,2,0.0,Cash,6.7,2846.67,8251.22,0.0,8251.22,5693.34,2557.879999999999,31.00002181495584,Saturday,March,11,Morning
INV-2024-01374,2024-03-16,12:23,A,Delhi,Normal,Female,Clothing,Jeans,1880.34,3,0.0,Cash,6.6,1147.01,5641.0199999999995,0.0,5641.0199999999995,3441.0299999999997,2199.99,38.99986172713446,Saturday,March,12,Afternoon
INV-2024-02196,2024-03-16,12:32,B,Mumbai,Normal,Female,Home & Kitchen,Mixer Grinder,3270.42,5,0.05,UPI,9.1,2158.48,16352.1,817.605,15534.495,10792.4,4742.095000000001,30.526225667458135,Saturday,March,12,Afternoon
INV-2024-01342,2024-03-16,12:40,A,Delhi,Normal,Male,Electronics,Power Bank,1448.79,1,0.05,UPI,7.2,999.67,1448.79,72.4395,1376.3505,999.67,376.68050000000005,27.368065038665662,Saturday,March,12,Afternoon
INV-2024-01934,2024-03-16,13:00,B,Mumbai,Normal,Female,Electronics,Earbuds,2176.27,2,0.0,Cash,6.8,1501.63,4352.54,0.0,4352.54,3003.26,1349.2799999999997,30.999829984330983,Saturday,March,13,Afternoon
INV-2024-02103,2024-03-16,13:28,B,Mumbai,Normal,Male,Personal Care,Perfume,1552.81,4,0.1,UPI,5.9,900.63,6211.24,621.124,5590.116,3602.52,1987.596,35.5555412445824,Saturday,March,13,Afternoon
INV-2024-01098,2024-03-16,13:39,C,Bengaluru,Normal,Male,Personal Care,Trimmer,1900.49,2,0.05,UPI,6.4,1102.28,3800.98,190.049,3610.931,2204.56,1406.371,38.947601048039964,Saturday,March,13,Afternoon
INV-2024-02405,2024-03-16,13:40,A,Delhi,Member,Male,Groceries,Breakfast Cereal,371.9,2,0.05,Cash,8.5,304.96,743.8,37.19,706.6099999999999,609.92,96.68999999999994,13.683644443186477,Saturday,March,13,Afternoon
INV-2024-01539,2024-03-16,14:47,A,Delhi,Member,Female,Groceries,Breakfast Cereal,378.54,3,0.1,Card,8.1,310.4,1135.6200000000001,113.56200000000001,1022.0580000000001,931.1999999999999,90.85800000000017,8.88971076005473,Saturday,March,14,Afternoon
INV-2024-01623,2024-03-16,15:13,C,Bengaluru,Member,Male,Clothing,Jacket,3088.38,3,0.1,Card,7.5,1883.91,9265.14,926.514,8338.626,5651.7300000000005,2686.8959999999997,32.222286981092566,Saturday,March,15,Afternoon
INV-2024-00257,2024-03-16,15:45,A,Delhi,Normal,Male,Personal Care,Shampoo,452.57,6,0.0,Card,8.6,262.49,2715.42,0.0,2715.42,1574.94,1140.48,42.00013257617606,Saturday,March,15,Afternoon
INV-2024-02027,2024-03-16,18:09,B,Mumbai,Normal,Female,Clothing,T-Shirt,781.87,3,0.05,UPI,8.9,476.94,2345.61,117.28050000000002,2228.3295000000003,1430.82,797.5095000000003,35.78956792521035,Saturday,March,18,Evening
INV-2024-00713,2024-03-16,18:14,C,Bengaluru,Normal,Female,Groceries,Rice 5kg,572.66,2,0.2,UPI,9.3,469.58,1145.32,229.064,916.256,939.16,-22.903999999999996,-2.4997380644710647,Saturday,March,18,Evening
INV-2024-01505,2024-03-16,18:25,B,Mumbai,Normal,Male,Clothing,T-Shirt,830.23,2,0.1,Cash,7.7,506.44,1660.46,166.04600000000002,1494.414,1012.88,481.534,32.22226237173903,Saturday,March,18,Evening
INV-2024-00667,2024-03-16,18:33,C,Bengaluru,Normal,Female,Clothing,Jeans,1849.13,3,0.05,Card,7.1,1127.97,5547.39,277.3695,5270.0205000000005,3383.91,1886.1105000000007,35.7894338361682,Saturday,March,18,Evening
INV-2024-00982,2024-03-16,18:38,C,Bengaluru,Normal,Female,Home & Kitchen,Mixer Grinder,3278.67,3,0.05,UPI,7.8,2163.92,9836.01,491.80050000000006,9344.2095,6491.76,2852.4495000000006,30.526386421451708,Saturday,March,18,Evening
INV-2024-02144,2024-03-16,19:27,A,Delhi,Normal,Male,Personal Care,Perfume,1589.56,5,0.0,UPI,7.7,921.94,7947.799999999999,0.0,7947.799999999999,4609.700000000001,3338.0999999999985,42.00030197035656,Saturday,March,19,Night
INV-2024-01604,2024-03-16,19:29,C,Bengaluru,Member,Male,Clothing,Jacket,3163.69,2,0.05,Cash,8.9,1929.85,6327.38,316.369,6011.011,3859.7,2151.3110000000006,35.78950362925639,Saturday,March,19,Night
INV-2024-02187,2024-03-16,19:31,A,Delhi,Normal,Female,Groceries,Dry Fruits,922.85,3,0.1,UPI,7.5,756.74,2768.55,276.855,2491.695,2270.2200000000003,221.4749999999999,8.888527688982796,Saturday,March,19,Night
INV-2024-00083,2024-03-16,19:56,C,Bengaluru,Member,Male,Home & Kitchen,Cookware Set,2317.7,1,0.1,Card,7.8,1529.68,2317.7,231.76999999999998,2085.93,1529.68,556.2499999999998,26.66676254716121,Saturday,March,19,Night
INV-2024-01599,2024-03-16,21:49,B,Mumbai,Normal,Male,Clothing,Jeans,1691.65,4,0.0,UPI,7.0,1031.91,6766.6,0.0,6766.6,4127.64,2638.96,38.999793101409864,Saturday,March,21,Night
INV-2024-01144,2024-03-17,10:48,B,Mumbai,Member,Male,Groceries,Cooking Oil,784.37,3,0.1,UPI,6.9,643.18,2353.11,235.31100000000004,2117.799,1929.54,188.25900000000001,8.889370520998451,Sunday,March,10,Morning
INV-2024-01212,2024-03-17,10:53,C,Bengaluru,Member,Female,Personal Care,Perfume,1646.49,1,0.2,Cash,8.5,954.96,1646.49,329.298,1317.192,954.96,362.23199999999997,27.500318860120622,Sunday,March,10,Morning
INV-2024-01167,2024-03-17,11:05,C,Bengaluru,Normal,Female,Sports,Cricket Bat,2120.74,2,0.2,UPI,6.0,1357.27,4241.48,848.2959999999999,3393.1839999999997,2714.54,678.6439999999998,20.00021219008459,Sunday,March,11,Morning
INV-2024-01411,2024-03-17,12:56,C,Bengaluru,Normal,Female,Clothing,Jacket,3110.97,2,0.0,Card,9.2,1897.69,6221.94,0.0,6221.94,3795.38,2426.5599999999995,39.000054645335695,Sunday,March,12,Afternoon
INV-2024-02431,2024-03-17,13:09,A,Delhi,Member,Male,Home & Kitchen,Storage Set,643.56,4,0.0,UPI,7.5,424.75,2574.24,0.0,2574.24,1699.0,875.2399999999998,33.9999378457331,Sunday,March,13,Afternoon
INV-2024-00019,2024-03-17,13:14,A,Delhi,Normal,Male,Groceries,Cooking Oil,797.14,7,0.05,UPI,7.4,653.65,5579.98,278.99899999999997,5300.981,4575.55,725.4309999999996,13.684844371258823,Sunday,March,13,Afternoon
INV-2024-01945,2024-03-17,13:47,A,Delhi,Member,Female,Groceries,Rice 5kg,619.39,1,0.05,UPI,8.9,507.9,619.39,30.9695,588.4205,507.9,80.52049999999997,13.684176537017317,Sunday,March,13,Afternoon
INV-2024-01123,2024-03-17,13:51,C,Bengaluru,Normal,Female,Electronics,Earbuds,2348.81,3,0.0,Card,10.0,1620.68,7046.43,0.0,7046.43,4862.04,2184.3900000000003,30.999953167774326,Sunday,March,13,Afternoon
INV-2024-01258,2024-03-17,14:23,A,Delhi,Member,Male,Groceries,Cooking Oil,841.99,2,0.05,Cash,6.1,690.43,1683.98,84.19900000000001,1599.781,1380.86,218.92100000000005,13.684435557116883,Sunday,March,14,Afternoon
INV-2024-02499,2024-03-17,14:36,B,Mumbai,Member,Male,Clothing,Sports Shoes,2630.16,1,0.15,Card,6.6,1604.4,2630.16,394.52399999999994,2235.636,1604.4,631.2359999999999,28.23518676564521,Sunday,March,14,Afternoon
INV-2024-00045,2024-03-17,15:42,C,Bengaluru,Member,Female,Groceries,Breakfast Cereal,384.3,3,0.0,UPI,8.5,315.13,1152.9,0.0,1152.9,945.39,207.5100000000001,17.998959146500138,Sunday,March,15,Afternoon
INV-2024-01186,2024-03-17,15:47,C,Bengaluru,Normal,Female,Home & Kitchen,Mixer Grinder,3112.15,5,0.0,Card,8.1,2054.02,15560.75,0.0,15560.75,10270.1,5290.65,33.99996786787269,Sunday,March,15,Afternoon
INV-2024-00167,2024-03-17,16:02,C,Bengaluru,Member,Male,Clothing,Jeans,1698.63,1,0.05,Cash,7.4,1036.16,1698.63,84.93150000000001,1613.6985000000002,1036.16,577.5385000000001,35.78974015282285,Sunday,March,16,Evening
INV-2024-00397,2024-03-17,16:41,A,Delhi,Member,Male,Groceries,Cooking Oil,793.37,1,0.0,Card,8.0,650.56,793.37,0.0,793.37,650.56,142.81000000000006,18.00042855162157,Sunday,March,16,Evening
INV-2024-00194,2024-03-17,16:44,A,Delhi,Normal,Female,Groceries,Dry Fruits,922.01,1,0.0,Card,8.6,756.05,922.01,0.0,922.01,756.05,165.96000000000004,17.99980477435169,Sunday,March,16,Evening
INV-2024-01815,2024-03-17,17:01,C,Bengaluru,Member,Male,Clothing,T-Shirt,778.05,2,0.1,Card,7.7,474.61,1556.1,155.61,1400.4899999999998,949.22,451.26999999999975,32.222293625802386,Sunday,March,17,Evening
INV-2024-02467,2024-03-17,17:05,B,Mumbai,Member,Male,Groceries,Breakfast Cereal,398.5,5,0.1,UPI,8.5,326.77,1992.5,199.25,1793.25,1633.85,159.4000000000001,8.888888888888893,Sunday,March,17,Evening
INV-2024-00014,2024-03-17,17:27,C,Bengaluru,Member,Female,Home & Kitchen,Mixer Grinder,3244.4,4,0.0,Card,8.1,2141.3,12977.6,0.0,12977.6,8565.2,4412.4,34.000123289360126,Sunday,March,17,Evening
INV-2024-00042,2024-03-17,17:36,A,Delhi,Member,Male,Personal Care,Skin Care Kit,1208.38,1,0.0,Card,8.1,700.86,1208.38,0.0,1208.38,700.86,507.5200000000001,42.00003310216985,Sunday,March,17,Evening
INV-2024-01203,2024-03-17,17:47,B,Mumbai,Member,Male,Electronics,Smart Watch,3835.62,6,0.05,UPI,7.6,2646.58,23013.72,1150.6860000000001,21863.034,15879.48,5983.554,27.368360676747795,Sunday,March,17,Evening
INV-2024-01682,2024-03-17,17:48,B,Mumbai,Normal,Male,Home & Kitchen,Storage Set,654.86,1,0.0,Card,7.5,432.21,654.86,0.0,654.86,432.21,222.65000000000003,33.9996335094524,Sunday,March,17,Evening
INV-2024-00632,2024-03-17,17:54,A,Delhi,Normal,Male,Home & Kitchen,Bedsheet,1049.98,1,0.0,Card,5.4,692.99,1049.98,0.0,1049.98,692.99,356.99,33.99969523229014,Sunday,March,17,Evening
INV-2024-01870,2024-03-17,18:02,C,Bengaluru,Member,Male,Clothing,Sports Shoes,2522.5,2,0.05,Card,8.2,1538.72,5045.0,252.25,4792.75,3077.44,1715.31,35.78968233269,Sunday,March,18,Evening
INV-2024-01720,2024-03-17,18:23,A,Delhi,Normal,Male,Groceries,Rice 5kg,577.44,4,0.15,Cash,7.8,473.5,2309.76,346.464,1963.2960000000003,1894.0,69.29600000000028,3.52957475592067,Sunday,March,18,Evening
INV-2024-01143,2024-03-17,18:25,C,Bengaluru,Normal,Male,Electronics,Earbuds,2288.0,1,0.0,Cash,9.9,1578.72,2288.0,0.0,2288.0,1578.72,709.28,31.0,Sunday,March,18,Evening
INV-2024-02333,2024-03-17,18:25,A,Delhi,Normal,Female,Home & Kitchen,Mixer Grinder,3366.35,4,0.1,UPI,6.2,2221.79,13465.4,1346.54,12118.86,8887.16,3231.7000000000007,26.666699673071566,Sunday,March,18,Evening
INV-2024-00520,2024-03-17,18:30,B,Mumbai,Member,Female,Personal Care,Skin Care Kit,1178.35,1,0.0,UPI,7.0,683.44,1178.35,0.0,1178.35,683.44,494.90999999999985,42.00025459328721,Sunday,March,18,Evening
INV-2024-00262,2024-03-17,18:35,A,Delhi,Normal,Male,Personal Care,Shampoo,454.35,2,0.15,UPI,9.4,263.52,908.7,136.305,772.395,527.04,245.35500000000002,31.76548268696716,Sunday,March,18,Evening
INV-2024-02361,2024-03-17,18:47,C,Bengaluru,Normal,Female,Clothing,Jeans,1830.57,2,0.1,Cash,7.2,1116.65,3661.14,366.11400000000003,3295.026,2233.3,1061.7259999999997,32.22208261786098,Sunday,March,18,Evening
INV-2024-00241,2024-03-17,18:54,C,Bengaluru,Normal,Female,Electronics,Power Bank,1521.94,5,0.15,Cash,6.9,1050.14,7609.700000000001,1141.4550000000002,6468.245000000001,5250.700000000001,1217.545,18.82342119075576,Sunday,March,18,Evening
INV-2024-01770,2024-03-17,19:04,A,Delhi,Normal,Female,Groceries,Dry Fruits,933.46,1,0.0,Cash,7.6,765.44,933.46,0.0,933.46,765.44,168.01999999999998,17.999700040708756,Sunday,March,19,Night
INV-2024-01492,2024-03-17,19:42,B,Mumbai,Normal,Female,Groceries,Cooking Oil,768.4,1,0.0,Card,5.7,630.09,768.4,0.0,768.4,630.09,138.30999999999995,17.9997397188964,Sunday,March,19,Night
INV-2024-00151,2024-03-17,19:59,B,Mumbai,Normal,Female,Home & Kitchen,Bedsheet,983.77,1,0.0,Card,5.0,649.29,983.77,0.0,983.77,649.29,334.48,33.99981703040345,Sunday,March,19,Night
INV-2024-01305,2024-03-17,20:31,C,Bengaluru,Member,Female,Home & Kitchen,Cookware Set,2387.8,2,0.0,UPI,7.6,1575.95,4775.6,0.0,4775.6,3151.9,1623.7000000000003,33.999916240891196,Sunday,March,20,Night
INV-2024-02178,2024-03-17,20:37,C,Bengaluru,Normal,Female,Electronics,Bluetooth Speaker,2786.28,1,0.05,Card,4.1,1922.53,2786.28,139.31400000000002,2646.9660000000003,1922.53,724.4360000000004,27.3685419457598,Sunday,March,20,Night
INV-2024-01541,2024-03-17,20:46,B,Mumbai,Normal,Female,Clothing,Jacket,2997.89,5,0.0,UPI,6.2,1828.71,14989.449999999999,0.0,14989.449999999999,9143.55,5845.9,39.00009673470341,Sunday,March,20,Night
INV-2024-01163,2024-03-17,21:10,A,Delhi,Member,Female,Sports,Dumbbell Set,2523.86,3,0.1,UPI,7.8,1615.27,7571.58,757.158,6814.422,4845.8099999999995,1968.612,28.888906498599592,Sunday,March,21,Night
INV-2024-01169,2024-03-17,21:48,A,Delhi,Normal,Female,Personal Care,Shampoo,433.16,5,0.0,Cash,6.8,251.23,2165.8,0.0,2165.8,1256.1499999999999,909.6500000000003,42.00064641241113,Sunday,March,21,Night
INV-2024-01084,2024-03-18,09:01,A,Delhi,Member,Male,Electronics,Power Bank,1395.15,3,0.0,Cash,6.2,962.65,4185.450000000001,0.0,4185.450000000001,2887.95,1297.500000000001,31.000250869082198,Monday,March,9,Morning
INV-2024-02183,2024-03-18,10:07,A,Delhi,Normal,Female,Personal Care,Shampoo,450.61,4,0.0,Card,7.1,261.35,1802.44,0.0,1802.44,1045.4,757.04,42.00084330130267,Monday,March,10,Morning
INV-2024-01395,2024-03-18,10:09,B,Mumbai,Normal,Female,Clothing,Jacket,2814.1,4,0.1,Card,7.9,1716.6,11256.4,1125.64,10130.76,6866.4,3264.3600000000006,32.22226170593323,Monday,March,10,Morning
INV-2024-01786,2024-03-18,11:12,A,Delhi,Normal,Male,Electronics,Earbuds,2122.21,6,0.15,UPI,8.4,1464.32,12733.26,1909.989,10823.271,8785.92,2037.3510000000006,18.823801048684825,Monday,March,11,Morning
INV-2024-02348,2024-03-18,12:21,A,Delhi,Member,Male,Electronics,Smart Watch,3733.24,5,0.0,UPI,5.6,2575.94,18666.199999999997,0.0,18666.199999999997,12879.7,5786.499999999996,30.99988213991063,Monday,March,12,Afternoon
INV-2024-00291,2024-03-18,13:14,A,Delhi,Normal,Female,Groceries,Dry Fruits,979.3,3,0.05,Cash,8.8,803.03,2937.8999999999996,146.89499999999998,2791.0049999999997,2409.09,381.9149999999995,13.68378057366431,Monday,March,13,Afternoon
INV-2024-01574,2024-03-18,13:22,B,Mumbai,Normal,Female,Clothing,Jeans,1717.35,1,0.05,Cash,7.3,1047.58,1717.35,85.8675,1631.4824999999998,1047.58,583.9024999999999,35.78968821302097,Monday,March,13,Afternoon
INV-2024-00512,2024-03-18,14:06,C,Bengaluru,Member,Male,Groceries,Breakfast Cereal,370.39,2,0.0,Card,7.6,303.72,740.78,0.0,740.78,607.44,133.33999999999992,17.99994600286184,Monday,March,14,Afternoon
INV-2024-00543,2024-03-18,14:07,A,Delhi,Member,Female,Groceries,Dry Fruits,926.36,5,0.0,UPI,8.5,759.62,4631.8,0.0,4631.8,3798.1,833.7000000000003,17.99948184291205,Monday,March,14,Afternoon
INV-2024-00825,2024-03-18,15:38,B,Mumbai,Member,Female,Clothing,T-Shirt,821.33,1,0.05,UPI,8.5,501.01,821.33,41.066500000000005,780.2635,501.01,279.25350000000003,35.789640294592786,Monday,March,15,Afternoon
INV-2024-01595,2024-03-18,16:07,A,Delhi,Member,Female,Groceries,Cooking Oil,779.62,2,0.05,Card,8.4,639.29,1559.24,77.962,1481.278,1278.58,202.6980000000001,13.68399449664412,Monday,March,16,Evening
INV-2024-00563,2024-03-18,16:35,A,Delhi,Normal,Female,Groceries,Rice 5kg,613.59,3,0.1,Card,8.5,503.14,1840.77,184.077,1656.693,1509.42,147.2729999999999,8.88957700672363,Monday,March,16,Evening
INV-2024-01392,2024-03-18,16:38,B,Mumbai,Normal,Female,Groceries,Rice 5kg,650.13,7,0.05,Cash,10.0,533.11,4550.91,227.5455,4323.3645,3731.77,591.5944999999997,13.683660029127772,Monday,March,16,Evening
INV-2024-00508,2024-03-18,16:42,A,Delhi,Normal,Male,Personal Care,Skin Care Kit,1204.13,3,0.15,Card,7.6,698.4,3612.3900000000003,541.8585,3070.5315,2095.2,975.3315000000002,31.7642564487614,Monday,March,16,Evening
INV-2024-01413,2024-03-18,16:42,A,Delhi,Normal,Female,Electronics,Power Bank,1444.41,1,0.05,Card,7.1,996.64,1444.41,72.2205,1372.1895000000002,996.64,375.5495000000002,27.368632393703653,Monday,March,16,Evening
INV-2024-00750,2024-03-18,17:02,C,Bengaluru,Normal,Female,Home & Kitchen,Cookware Set,2366.39,2,0.2,UPI,9.3,1561.82,4732.78,946.556,3786.2239999999997,3123.64,662.5839999999998,17.499862660001096,Monday,March,17,Evening
INV-2024-00295,2024-03-18,17:09,B,Mumbai,Normal,Female,Groceries,Breakfast Cereal,371.86,2,0.15,Cash,8.1,304.93,743.72,111.558,632.162,609.86,22.30200000000002,3.527893166625014,Monday,March,17,Evening
INV-2024-00540,2024-03-18,17:12,B,Mumbai,Normal,Female,Electronics,Smart Watch,3736.88,2,0.0,Card,7.8,2578.45,7473.76,0.0,7473.76,5156.9,2316.8600000000006,30.999925071182382,Monday,March,17,Evening
INV-2024-00434,2024-03-18,18:43,C,Bengaluru,Member,Male,Home & Kitchen,Mixer Grinder,3064.23,2,0.0,UPI,6.6,2022.39,6128.46,0.0,6128.46,4044.78,2083.68,34.000058742326786,Monday,March,18,Evening
INV-2024-01615,2024-03-18,19:11,C,Bengaluru,Normal,Female,Electronics,Earbuds,2250.5,2,0.0,Card,6.4,1552.84,4501.0,0.0,4501.0,3105.68,1395.3200000000002,31.000222172850485,Monday,March,19,Night
INV-2024-02054,2024-03-18,19:23,C,Bengaluru,Normal,Female,Clothing,Jacket,2844.46,1,0.0,Cash,7.6,1735.12,2844.46,0.0,2844.46,1735.12,1109.3400000000001,39.00002109363465,Monday,March,19,Night
INV-2024-00408,2024-03-18,19:37,A,Delhi,Member,Male,Groceries,Dry Fruits,879.6,3,0.2,Card,7.4,721.27,2638.8,527.7600000000001,2111.04,2163.81,-52.76999999999998,-2.4997157798999536,Monday,March,19,Night
INV-2024-01352,2024-03-18,19:57,A,Delhi,Normal,Male,Groceries,Dry Fruits,1013.79,2,0.0,Card,8.5,831.31,2027.58,0.0,2027.58,1662.62,364.96000000000004,17.99978299253297,Monday,March,19,Night
INV-2024-02274,2024-03-18,20:18,C,Bengaluru,Member,Female,Clothing,Jacket,2805.08,3,0.05,UPI,8.9,1711.1,8415.24,420.762,7994.478,5133.299999999999,2861.178000000001,35.78942865312783,Monday,March,20,Night
INV-2024-01104,2024-03-18,21:21,A,Delhi,Normal,Male,Groceries,Cooking Oil,827.43,7,0.05,UPI,6.8,678.49,5792.009999999999,289.60049999999995,5502.4095,4749.43,752.9794999999995,13.684541290501906,Monday,March,21,Night
INV-2024-02001,2024-03-18,21:28,A,Delhi,Member,Female,Electronics,Smart Watch,3803.88,3,0.05,Card,8.7,2624.68,11411.64,570.582,10841.057999999999,7874.039999999999,2967.018,27.368343569419153,Monday,March,21,Night
INV-2024-00655,2024-03-19,09:21,A,Delhi,Member,Male,Groceries,Rice 5kg,570.4,3,0.1,Card,8.8,467.73,1711.1999999999998,171.12,1540.08,1403.19,136.88999999999987,8.88849929873772,Tuesday,March,9,Morning
INV-2024-00390,2024-03-19,10:20,A,Delhi,Normal,Female,Electronics,Bluetooth Speaker,2862.33,1,0.0,UPI,5.6,1975.01,2862.33,0.0,2862.33,1975.01,887.3199999999999,30.9999196458829,Tuesday,March,10,Morning
INV-2024-01903,2024-03-19,11:11,C,Bengaluru,Normal,Female,Sports,Dumbbell Set,2632.83,5,0.0,Card,10.0,1685.01,13164.15,0.0,13164.15,8425.05,4739.1,36.00004557833206,Tuesday,March,11,Morning
INV-2024-00073,2024-03-19,12:31,A,Delhi,Normal,Male,Groceries,Breakfast Cereal,397.97,2,0.0,UPI,8.8,326.34,795.94,0.0,795.94,652.68,143.2600000000001,17.99884413397996,Tuesday,March,12,Afternoon
INV-2024-00575,2024-03-19,14:02,C,Bengaluru,Member,Female,Clothing,T-Shirt,795.98,6,0.2,UPI,8.7,485.55,4775.88,955.176,3820.704,2913.3,907.404,23.749654513932512,Tuesday,March,14,Afternoon
INV-2024-00572,2024-03-19,14:17,B,Mumbai,Member,Male,Sports,Yoga Mat,879.51,2,0.0,UPI,9.9,562.89,1759.02,0.0,1759.02,1125.78,633.24,35.999590681174745,Tuesday,March,14,Afternoon
INV-2024-02381,2024-03-19,14:37,B,Mumbai,Normal,Male,Groceries,Cooking Oil,757.03,3,0.15,UPI,7.3,620.76,2271.09,340.6635,1930.4265,1862.28,68.14650000000006,3.53012663263792,Tuesday,March,14,Afternoon
INV-2024-00942,2024-03-19,15:07,C,Bengaluru,Normal,Female,Clothing,Sports Shoes,2547.72,2,0.15,UPI,8.7,1554.11,5095.44,764.3159999999999,4331.124,3108.22,1222.904,28.235257175735445,Tuesday,March,15,Afternoon
INV-2024-00325,2024-03-19,15:44,A,Delhi,Member,Female,Groceries,Breakfast Cereal,403.15,4,0.05,Card,9.8,330.58,1612.6,80.63,1531.9699999999998,1322.32,209.64999999999986,13.684993831471889,Tuesday,March,15,Afternoon
INV-2024-02140,2024-03-19,16:06,B,Mumbai,Normal,Male,Electronics,Bluetooth Speaker,2955.74,2,0.1,Card,6.0,2039.46,5911.48,591.148,5320.331999999999,4078.92,1241.4119999999994,23.333355888316735,Tuesday,March,16,Evening
INV-2024-00928,2024-03-19,16:10,C,Bengaluru,Normal,Female,Clothing,T-Shirt,841.05,3,0.0,UPI,6.3,513.04,2523.1499999999996,0.0,2523.1499999999996,1539.12,984.0299999999997,39.00005944949765,Tuesday,March,16,Evening
INV-2024-00922,2024-03-19,16:33,A,Delhi,Member,Female,Personal Care,Skin Care Kit,1160.67,1,0.0,UPI,5.6,673.19,1160.67,0.0,1160.67,673.19,487.48,41.99987938001327,Tuesday,March,16,Evening
INV-2024-01855,2024-03-19,17:05,A,Delhi,Member,Male,Clothing,Jacket,2848.92,4,0.05,UPI,6.6,1737.84,11395.68,569.784,10825.896,6951.36,3874.536000000001,35.789518022341994,Tuesday,March,17,Evening
INV-2024-00579,2024-03-19,17:08,B,Mumbai,Normal,Female,Groceries,Cooking Oil,802.79,2,0.05,Card,3.4,658.29,1605.58,80.279,1525.301,1316.58,208.721,13.683922058662521,Tuesday,March,17,Evening
INV-2024-01075,2024-03-19,17:14,C,Bengaluru,Member,Female,Electronics,Bluetooth Speaker,2623.61,3,0.0,Card,8.7,1810.29,7870.83,0.0,7870.83,5430.87,2439.96,31.00003430387901,Tuesday,March,17,Evening
INV-2024-00948,2024-03-19,17:18,B,Mumbai,Normal,Female,Home & Kitchen,Bedsheet,1067.0,4,0.1,Card,4.7,704.22,4268.0,426.8,3841.2,2816.88,1024.3199999999997,26.66666666666666,Tuesday,March,17,Evening
INV-2024-01256,2024-03-19,17:26,B,Mumbai,Member,Male,Groceries,Cooking Oil,734.05,3,0.15,UPI,6.6,601.92,2202.1499999999996,330.32249999999993,1871.8274999999996,1805.7599999999998,66.06749999999988,3.5295720358847116,Tuesday,March,17,Evening
INV-2024-00441,2024-03-19,17:34,A,Delhi,Normal,Female,Electronics,Earbuds,2202.33,2,0.1,UPI,7.9,1519.61,4404.66,440.466,3964.194,3039.22,924.9740000000002,23.33321729461273,Tuesday,March,17,Evening
INV-2024-01320,2024-03-19,17:55,B,Mumbai,Normal,Male,Clothing,Jeans,1712.46,4,0.15,Cash,6.9,1044.6,6849.84,1027.4759999999999,5822.3640000000005,4178.4,1643.9640000000009,28.235335338017354,Tuesday,March,17,Evening
INV-2024-00428,2024-03-19,18:06,A,Delhi,Normal,Female,Electronics,Power Bank,1542.91,1,0.0,UPI,8.3,1064.61,1542.91,0.0,1542.91,1064.61,478.3000000000002,30.999863893551804,Tuesday,March,18,Evening
INV-2024-01658,2024-03-19,18:20,A,Delhi,Normal,Female,Electronics,Bluetooth Speaker,2586.61,1,0.0,UPI,5.2,1784.76,2586.61,0.0,2586.61,1784.76,801.8500000000001,31.000034794576685,Tuesday,March,18,Evening
INV-2024-00776,2024-03-19,18:29,B,Mumbai,Normal,Female,Electronics,Earbuds,2279.17,6,0.15,Card,8.8,1572.63,13675.02,2051.253,11623.767,9435.78,2187.986999999999,18.823390042143817,Tuesday,March,18,Evening
INV-2024-00280,2024-03-19,18:33,B,Mumbai,Normal,Female,Home & Kitchen,Bedsheet,1039.75,1,0.15,Card,7.0,686.23,1039.75,155.9625,883.7875,686.23,197.5575,22.353506923327156,Tuesday,March,18,Evening
INV-2024-01578,2024-03-19,18:48,A,Delhi,Normal,Female,Sports,Fitness Band,1351.13,3,0.0,Card,8.3,864.72,4053.3900000000003,0.0,4053.3900000000003,2594.16,1459.2300000000005,36.0002368387942,Tuesday,March,18,Evening
INV-2024-00774,2024-03-19,19:04,B,Mumbai,Member,Female,Electronics,Smart Watch,3772.86,2,0.15,Card,7.3,2603.27,7545.72,1131.858,6413.862,5206.54,1207.3220000000001,18.82363543213122,Tuesday,March,19,Night
INV-2024-00657,2024-03-19,19:16,C,Bengaluru,Member,Female,Groceries,Dry Fruits,874.51,3,0.0,UPI,9.5,717.1,2623.5299999999997,0.0,2623.5299999999997,2151.3,472.22999999999956,17.999794170449725,Tuesday,March,19,Night
INV-2024-01666,2024-03-19,19:44,B,Mumbai,Normal,Male,Electronics,Bluetooth Speaker,2758.98,1,0.0,Card,9.8,1903.7,2758.98,0.0,2758.98,1903.7,855.28,30.999862267939598,Tuesday,March,19,Night
INV-2024-01983,2024-03-19,19:45,B,Mumbai,Normal,Female,Electronics,Bluetooth Speaker,2982.35,1,0.05,Cash,7.1,2057.82,2982.35,149.1175,2833.2325,2057.82,775.4124999999999,27.368473995692195,Tuesday,March,19,Night
INV-2024-02092,2024-03-19,19:52,A,Delhi,Normal,Male,Sports,Cricket Bat,1945.92,1,0.05,Card,8.5,1245.39,1945.92,97.296,1848.624,1245.39,603.2339999999999,32.63151403422221,Tuesday,March,19,Night
INV-2024-01959,2024-03-19,19:54,C,Bengaluru,Member,Male,Clothing,T-Shirt,759.97,2,0.1,Cash,8.4,463.58,1519.94,151.994,1367.9460000000001,927.16,440.7860000000002,32.22247077004503,Tuesday,March,19,Night
INV-2024-02352,2024-03-19,20:11,A,Delhi,Member,Female,Electronics,Bluetooth Speaker,2947.08,6,0.2,UPI,8.8,2033.49,17682.48,3536.496,14145.984,12200.94,1945.0439999999999,13.74979640864856,Tuesday,March,20,Night
INV-2024-01889,2024-03-19,20:32,C,Bengaluru,Member,Female,Groceries,Breakfast Cereal,354.03,2,0.15000000000000002,Cash,7.4,290.3,708.06,106.209,601.8509999999999,580.6,21.250999999999863,3.5309403822540575,Tuesday,March,20,Night
INV-2024-01667,2024-03-19,21:28,C,Bengaluru,Normal,Female,Home & Kitchen,Storage Set,656.87,3,0.1,UPI,7.2,433.53,1970.6100000000001,197.06100000000004,1773.549,1300.59,472.95900000000006,26.667377106581213,Tuesday,March,21,Night
INV-2024-01999,2024-03-19,21:34,C,Bengaluru,Normal,Male,Electronics,Power Bank,1524.92,4,0.15,UPI,7.5,1052.19,6099.68,914.952,5184.728,4208.76,975.9679999999998,18.82389973013049,Tuesday,March,21,Night
INV-2024-01018,2024-03-19,21:53,A,Delhi,Normal,Male,Personal Care,Skin Care Kit,1277.69,2,0.0,Card,3.4,741.06,2555.38,0.0,2555.38,1482.12,1073.2600000000002,42.00001565324923,Tuesday,March,21,Night
INV-2024-01968,2024-03-19,21:56,C,Bengaluru,Member,Female,Clothing,T-Shirt,822.5,1,0.1,Card,5.3,501.72,822.5,82.25,740.25,501.72,238.52999999999997,32.22289766970617,Tuesday,March,21,Night
INV-2024-01453,2024-03-20,09:01,A,Delhi,Normal,Male,Personal Care,Perfume,1622.44,1,0.05,Cash,6.5,941.02,1622.44,81.12200000000001,1541.318,941.02,600.298,38.947056999269456,Wednesday,March,9,Morning
INV-2024-00853,2024-03-20,11:39,A,Delhi,Normal,Female,Personal Care,Shampoo,467.53,2,0.05,UPI,6.7,271.17,935.06,46.753,888.3069999999999,542.34,345.96699999999987,38.94678303784614,Wednesday,March,11,Morning
INV-2024-01789,2024-03-20,11:42,B,Mumbai,Member,Male,Personal Care,Skin Care Kit,1186.53,1,0.0,Card,10.0,688.19,1186.53,0.0,1186.53,688.19,498.3399999999999,41.999780873639935,Wednesday,March,11,Morning
INV-2024-00867,2024-03-20,12:22,C,Bengaluru,Member,Female,Home & Kitchen,Cookware Set,2295.75,3,0.0,UPI,8.2,1515.19,6887.25,0.0,6887.25,4545.57,2341.6800000000003,34.00021779374932,Wednesday,March,12,Afternoon
INV-2024-00116,2024-03-20,13:22,B,Mumbai,Normal,Female,Groceries,Breakfast Cereal,354.55,2,0.1,Card,5.7,290.73,709.1,70.91000000000001,638.19,581.46,56.73000000000002,8.889202275184509,Wednesday,March,13,Afternoon
INV-2024-01336,2024-03-20,14:06,C,Bengaluru,Member,Female,Personal Care,Trimmer,2000.89,2,0.0,UPI,8.5,1160.52,4001.78,0.0,4001.78,2321.04,1680.7400000000002,41.9998100845124,Wednesday,March,14,Afternoon
INV-2024-01241,2024-03-20,14:31,C,Bengaluru,Normal,Male,Groceries,Cooking Oil,735.74,4,0.1,UPI,7.5,603.31,2942.96,294.296,2648.664,2413.24,235.42400000000043,8.888405626383731,Wednesday,March,14,Afternoon
INV-2024-02279,2024-03-20,14:38,B,Mumbai,Normal,Male,Personal Care,Perfume,1698.04,4,0.2,UPI,6.3,984.86,6792.16,1358.432,5433.728,3939.44,1494.288,27.500235565711055,Wednesday,March,14,Afternoon
INV-2024-01279,2024-03-20,14:45,C,Bengaluru,Member,Male,Clothing,T-Shirt,759.81,1,0.0,UPI,6.9,463.48,759.81,0.0,759.81,463.48,296.3299999999999,39.00053960858635,Wednesday,March,14,Afternoon
INV-2024-01981,2024-03-20,14:47,A,Delhi,Normal,Female,Groceries,Dry Fruits,995.63,1,0.2,Card,9.8,816.42,995.63,199.126,796.504,816.42,-19.91599999999994,-2.5004268654017983,Wednesday,March,14,Afternoon
INV-2024-01866,2024-03-20,14:56,B,Mumbai,Normal,Male,Personal Care,Perfume,1578.9,1,0.1,Card,6.7,915.76,1578.9,157.89000000000001,1421.01,915.76,505.25,35.55569630051865,Wednesday,March,14,Afternoon
INV-2024-00521,2024-03-20,15:03,A,Delhi,Member,Male,Sports,Yoga Mat,919.84,2,0.1,Cash,8.5,588.7,1839.68,183.96800000000002,1655.712,1177.4,478.3119999999999,28.888598983398072,Wednesday,March,15,Afternoon
INV-2024-01099,2024-03-20,15:42,A,Delhi,Normal,Female,Sports,Yoga Mat,959.94,2,0.05,Card,7.6,614.36,1919.88,95.99400000000001,1823.8860000000002,1228.72,595.1660000000002,32.63175439693052,Wednesday,March,15,Afternoon
INV-2024-00646,2024-03-20,15:48,B,Mumbai,Member,Female,Sports,Fitness Band,1272.66,2,0.2,Cash,6.5,814.5,2545.32,509.0640000000001,2036.256,1629.0,407.2560000000001,20.00023572674556,Wednesday,March,15,Afternoon
INV-2024-01632,2024-03-20,16:12,B,Mumbai,Member,Female,Home & Kitchen,Bedsheet,1057.97,2,0.0,UPI,8.5,698.26,2115.94,0.0,2115.94,1396.52,719.4200000000001,34.00001890412772,Wednesday,March,16,Evening
INV-2024-00334,2024-03-20,16:18,C,Bengaluru,Normal,Female,Clothing,Sports Shoes,2624.07,4,0.15,Card,6.0,1600.68,10496.28,1574.442,8921.838,6402.72,2519.1179999999995,28.235415168937156,Wednesday,March,16,Evening
INV-2024-01049,2024-03-20,16:36,A,Delhi,Member,Female,Clothing,Sports Shoes,2359.82,2,0.05,UPI,7.2,1439.49,4719.64,235.98200000000003,4483.658,2878.98,1604.6780000000003,35.78948260549757,Wednesday,March,16,Evening
INV-2024-00743,2024-03-20,17:14,B,Mumbai,Member,Female,Groceries,Breakfast Cereal,378.43,2,0.1,UPI,8.3,310.31,756.86,75.686,681.174,620.62,60.553999999999974,8.889652276804455,Wednesday,March,17,Evening
INV-2024-02472,2024-03-20,17:35,A,Delhi,Normal,Female,Clothing,T-Shirt,782.46,2,0.15,Cash,6.3,477.3,1564.92,234.738,1330.182,954.6,375.582,28.235384330866005,Wednesday,March,17,Evening
INV-2024-02347,2024-03-20,17:38,A,Delhi,Member,Female,Sports,Fitness Band,1338.17,2,0.2,Cash,7.6,856.43,2676.34,535.268,2141.072,1712.86,428.2120000000002,19.99988790661875,Wednesday,March,17,Evening
INV-2024-02074,2024-03-20,18:13,A,Delhi,Normal,Male,Groceries,Cooking Oil,797.56,4,0.15,Card,7.3,654.0,3190.24,478.53599999999994,2711.7039999999997,2616.0,95.70399999999972,3.52929375772576,Wednesday,March,18,Evening
INV-2024-01728,2024-03-20,18:14,A,Delhi,Normal,Male,Groceries,Dry Fruits,978.1,3,0.0,UPI,9.1,802.04,2934.3,0.0,2934.3,2406.12,528.1800000000003,18.000204478069737,Wednesday,March,18,Evening
INV-2024-00305,2024-03-20,18:22,A,Delhi,Normal,Male,Sports,Cricket Bat,1902.33,2,0.0,UPI,5.6,1217.49,3804.66,0.0,3804.66,2434.98,1369.6799999999998,36.00006308053808,Wednesday,March,18,Evening
INV-2024-01497,2024-03-20,18:38,A,Delhi,Member,Female,Groceries,Dry Fruits,958.87,1,0.15000000000000002,UPI,8.6,786.27,958.87,143.83050000000003,815.0395,786.27,28.769499999999994,3.5298289224019195,Wednesday,March,18,Evening
INV-2024-00003,2024-03-20,19:09,C,Bengaluru,Normal,Female,Sports,Dumbbell Set,2554.66,3,0.1,Cash,8.4,1634.98,7663.98,766.398,6897.581999999999,4904.9400000000005,1992.641999999999,28.88899327329489,Wednesday,March,19,Night
INV-2024-02071,2024-03-20,19:14,B,Mumbai,Member,Male,Clothing,Sports Shoes,2671.77,4,0.1,Card,5.1,1629.78,10687.08,1068.708,9618.372,6519.12,3099.2519999999995,32.2222097460984,Wednesday,March,19,Night
INV-2024-00780,2024-03-20,19:27,C,Bengaluru,Normal,Female,Groceries,Breakfast Cereal,385.84,2,0.15,Card,8.1,316.39,771.68,115.75199999999998,655.928,632.78,23.148000000000025,3.529045870888272,Wednesday,March,19,Night
INV-2024-01166,2024-03-20,20:26,B,Mumbai,Normal,Female,Personal Care,Perfume,1506.38,5,0.0,UPI,5.9,873.7,7531.900000000001,0.0,7531.900000000001,4368.5,3163.4000000000005,42.00002655372483,Wednesday,March,20,Night
INV-2024-00640,2024-03-20,20:43,A,Delhi,Normal,Female,Home & Kitchen,Storage Set,701.55,3,0.15,Card,8.5,463.02,2104.6499999999996,315.69749999999993,1788.9524999999996,1389.06,399.8924999999997,22.35344426417134,Wednesday,March,20,Night
INV-2024-02156,2024-03-20,21:59,C,Bengaluru,Normal,Male,Clothing,Sports Shoes,2417.83,1,0.0,Cash,8.3,1474.88,2417.83,0.0,2417.83,1474.88,942.9499999999998,38.99984697021709,Wednesday,March,21,Night
INV-2024-00829,2024-03-21,10:07,C,Bengaluru,Member,Female,Electronics,Bluetooth Speaker,2714.83,1,0.2,UPI,7.5,1873.23,2714.83,542.966,2171.864,1873.23,298.634,13.750124317176398,Thursday,March,10,Morning
INV-2024-01679,2024-03-21,10:20,A,Delhi,Normal,Female,Groceries,Dry Fruits,900.91,2,0.0,Cash,8.5,738.75,1801.82,0.0,1801.82,1477.5,324.31999999999994,17.999578204260132,Thursday,March,10,Morning
INV-2024-00949,2024-03-21,10:29,A,Delhi,Normal,Female,Sports,Cricket Bat,1848.01,1,0.0,UPI,10.0,1182.73,1848.01,0.0,1848.01,1182.73,665.28,35.99980519585933,Thursday,March,10,Morning
INV-2024-00704,2024-03-21,10:52,C,Bengaluru,Member,Female,Sports,Cricket Bat,2006.38,4,0.05,Card,8.3,1284.08,8025.52,401.27600000000007,7624.244000000001,5136.32,2487.924000000001,32.63174683286632,Thursday,March,10,Morning
INV-2024-02236,2024-03-21,11:43,C,Bengaluru,Member,Male,Clothing,Jeans,1774.96,3,0.0,Cash,10.0,1082.73,5324.88,0.0,5324.88,3248.19,2076.69,38.99975210708973,Thursday,March,11,Morning
INV-2024-00279,2024-03-21,11:49,B,Mumbai,Member,Female,Groceries,Breakfast Cereal,389.7,2,0.1,Card,7.3,319.55,779.4,77.94,701.46,639.1,62.360000000000014,8.890029367319592,Thursday,March,11,Morning
INV-2024-00912,2024-03-21,12:07,A,Delhi,Normal,Male,Electronics,Smart Watch,4295.44,5,0.0,UPI,5.5,2963.85,21477.199999999997,0.0,21477.199999999997,14819.25,6657.949999999997,31.0000838098076,Thursday,March,12,Afternoon
INV-2024-02461,2024-03-21,12:29,B,Mumbai,Normal,Male,Home & Kitchen,Bedsheet,1034.94,1,0.1,UPI,7.8,683.06,1034.94,103.49400000000001,931.446,683.06,248.38600000000008,26.666709610648397,Thursday,March,12,Afternoon
INV-2024-00198,2024-03-21,12:49,A,Delhi,Member,Female,Groceries,Dry Fruits,939.22,3,0.05,UPI,7.2,770.16,2817.66,140.883,2676.777,2310.48,366.297,13.684255356348327,Thursday,March,12,Afternoon
INV-2024-01580,2024-03-21,14:03,A,Delhi,Normal,Female,Clothing,Jeans,1922.92,1,0.1,Card,6.5,1172.98,1922.92,192.29200000000003,1730.6280000000002,1172.98,557.6480000000001,32.22229156121362,Thursday,March,14,Afternoon
INV-2024-00246,2024-03-21,14:09,A,Delhi,Normal,Female,Groceries,Rice 5kg,642.55,3,0.1,Cash,9.6,526.89,1927.6499999999999,192.765,1734.8849999999998,1580.67,154.2149999999997,8.889061811013393,Thursday,March,14,Afternoon
INV-2024-01378,2024-03-21,16:16,A,Delhi,Normal,Female,Electronics,Bluetooth Speaker,2699.77,4,0.05,UPI,7.0,1862.84,10799.08,539.9540000000001,10259.126,7451.36,2807.7660000000005,27.368471739210538,Thursday,March,16,Evening
INV-2024-01409,2024-03-21,16:17,A,Delhi,Normal,Male,Clothing,T-Shirt,823.18,3,0.0,Card,7.4,502.14,2469.54,0.0,2469.54,1506.42,963.1199999999999,38.999975703977256,Thursday,March,16,Evening
INV-2024-00607,2024-03-21,16:25,B,Mumbai,Member,Male,Clothing,Jacket,3082.21,1,0.2,UPI,6.2,1880.15,3082.21,616.442,2465.768,1880.15,585.6179999999999,23.74992294489992,Thursday,March,16,Evening
INV-2024-01071,2024-03-21,16:31,A,Delhi,Normal,Male,Electronics,Bluetooth Speaker,2829.82,1,0.05,Card,7.8,1952.58,2829.82,141.491,2688.329,1952.58,735.7490000000003,27.368264821753595,Thursday,March,16,Evening
INV-2024-00252,2024-03-21,16:40,A,Delhi,Member,Female,Electronics,Bluetooth Speaker,2575.22,1,0.1,Cash,8.7,1776.9,2575.22,257.522,2317.698,1776.9,540.7979999999998,23.33341099660093,Thursday,March,16,Evening
INV-2024-01560,2024-03-21,17:30,A,Delhi,Normal,Female,Personal Care,Shampoo,469.42,1,0.05,Cash,5.3,272.26,469.42,23.471000000000004,445.949,272.26,173.68900000000002,38.948175688251354,Thursday,March,17,Evening
INV-2024-01195,2024-03-21,18:03,B,Mumbai,Normal,Male,Groceries,Dry Fruits,882.25,2,0.0,Card,7.7,723.45,1764.5,0.0,1764.5,1446.9,317.5999999999999,17.999433267214503,Thursday,March,18,Evening
INV-2024-02377,2024-03-21,18:08,A,Delhi,Normal,Female,Home & Kitchen,Bedsheet,971.74,3,0.0,Card,6.2,641.35,2915.2200000000003,0.0,2915.2200000000003,1924.0500000000002,991.1700000000001,33.99983534690349,Thursday,March,18,Evening
INV-2024-02337,2024-03-21,18:12,C,Bengaluru,Member,Male,Electronics,Bluetooth Speaker,2579.29,1,0.15000000000000002,UPI,5.3,1779.71,2579.29,386.8935000000001,2192.3965,1779.71,412.6864999999998,18.823533972983437,Thursday,March,18,Evening
INV-2024-01670,2024-03-21,18:43,A,Delhi,Member,Male,Clothing,Jeans,1893.05,5,0.0,Cash,8.6,1154.76,9465.25,0.0,9465.25,5773.8,3691.45,39.00002641240326,Thursday,March,18,Evening
INV-2024-01709,2024-03-21,19:22,A,Delhi,Member,Female,Clothing,Sports Shoes,2300.74,4,0.1,Cash,6.4,1403.45,9202.96,920.2959999999999,8282.663999999999,5613.8,2668.8639999999987,32.222289833319316,Thursday,March,19,Night
INV-2024-02213,2024-03-21,19:30,A,Delhi,Member,Male,Personal Care,Skin Care Kit,1249.68,3,0.0,UPI,6.1,724.81,3749.04,0.0,3749.04,2174.43,1574.6100000000001,42.00035209013508,Thursday,March,19,Night
INV-2024-02275,2024-03-21,19:48,C,Bengaluru,Member,Male,Electronics,Earbuds,2024.68,6,0.15,Cash,7.1,1397.03,12148.08,1822.212,10325.868,8382.18,1943.688,18.823482926568495,Thursday,March,19,Night
INV-2024-02270,2024-03-21,19:54,C,Bengaluru,Member,Male,Sports,Fitness Band,1229.97,1,0.1,Card,5.9,787.18,1229.97,122.99700000000001,1106.973,787.18,319.793,28.888961158040892,Thursday,March,19,Night
INV-2024-01355,2024-03-21,20:23,B,Mumbai,Member,Male,Home & Kitchen,Cookware Set,2450.74,2,0.15,Card,6.0,1617.49,4901.48,735.2219999999999,4166.258,3234.98,931.2779999999998,22.3528643689373,Thursday,March,20,Night
INV-2024-01193,2024-03-21,21:52,B,Mumbai,Member,Female,Groceries,Dry Fruits,949.51,5,0.05,UPI,6.3,778.6,4747.55,237.37750000000003,4510.172500000001,3893.0,617.1725000000006,13.684010977407194,Thursday,March,21,Night
INV-2024-01735,2024-03-21,21:59,B,Mumbai,Normal,Female,Electronics,Power Bank,1397.74,1,0.0,UPI,7.8,964.44,1397.74,0.0,1397.74,964.44,433.29999999999995,31.000042926438393,Thursday,March,21,Night
INV-2024-00452,2024-03-22,11:11,C,Bengaluru,Normal,Male,Personal Care,Perfume,1557.44,3,0.1,Card,7.2,903.32,4672.32,467.23199999999997,4205.088,2709.96,1495.1279999999997,35.555213113257075,Friday,March,11,Morning
INV-2024-01120,2024-03-22,11:18,A,Delhi,Normal,Male,Sports,Fitness Band,1358.79,2,0.0,Cash,7.6,869.63,2717.58,0.0,2717.58,1739.26,978.3199999999999,35.999676182485885,Friday,March,11,Morning
INV-2024-00502,2024-03-22,11:56,C,Bengaluru,Member,Male,Personal Care,Perfume,1718.4,3,0.05,Card,9.9,996.67,5155.200000000001,257.76000000000005,4897.4400000000005,2990.0099999999998,1907.4300000000007,38.94749093403902,Friday,March,11,Morning
INV-2024-01714,2024-03-22,14:11,B,Mumbai,Normal,Female,Groceries,Cooking Oil,769.5,3,0.0,Cash,6.2,630.99,2308.5,0.0,2308.5,1892.97,415.53,18.0,Friday,March,14,Afternoon
INV-2024-00876,2024-03-22,14:43,B,Mumbai,Member,Female,Groceries,Dry Fruits,918.6,5,0.0,UPI,7.3,753.25,4593.0,0.0,4593.0,3766.25,826.75,18.000217722621382,Friday,March,14,Afternoon
INV-2024-00817,2024-03-22,14:44,A,Delhi,Normal,Male,Groceries,Dry Fruits,926.1,4,0.05,UPI,7.0,759.4,3704.4,185.22000000000003,3519.1800000000003,3037.6,481.5800000000004,13.684437851999624,Friday,March,14,Afternoon
INV-2024-01152,2024-03-22,15:11,B,Mumbai,Member,Female,Clothing,Sports Shoes,2411.62,4,0.15,UPI,6.7,1471.09,9646.48,1446.972,8199.508,5884.36,2315.148,28.235206307500405,Friday,March,15,Afternoon
INV-2024-02287,2024-03-22,15:53,B,Mumbai,Normal,Female,Home & Kitchen,Cookware Set,2234.6,3,0.15,Card,8.5,1474.84,6703.799999999999,1005.5699999999998,5698.23,4424.5199999999995,1273.71,22.352730584760533,Friday,March,15,Afternoon
INV-2024-01523,2024-03-22,15:56,C,Bengaluru,Member,Male,Clothing,Jacket,2826.79,4,0.05,Cash,10.0,1724.34,11307.16,565.3580000000001,10741.802,6897.36,3844.442,35.78954443584047,Friday,March,15,Afternoon
INV-2024-01326,2024-03-22,16:09,A,Delhi,Normal,Female,Sports,Fitness Band,1326.09,3,0.0,UPI,6.1,848.7,3978.2699999999995,0.0,3978.2699999999995,2546.1000000000004,1432.1699999999992,35.9998190168088,Friday,March,16,Evening
INV-2024-02006,2024-03-22,16:12,C,Bengaluru,Normal,Female,Home & Kitchen,Storage Set,680.89,2,0.0,UPI,9.2,449.39,1361.78,0.0,1361.78,898.78,463.0,33.99961814683723,Friday,March,16,Evening
INV-2024-01737,2024-03-22,16:13,A,Delhi,Normal,Female,Electronics,Smart Watch,3932.7,3,0.05,Card,8.5,2713.56,11798.099999999999,589.905,11208.194999999998,8140.68,3067.5149999999976,27.368501351020374,Friday,March,16,Evening
INV-2024-00956,2024-03-22,16:25,A,Delhi,Member,Male,Sports,Dumbbell Set,2561.21,2,0.05,UPI,9.5,1639.17,5122.42,256.12100000000004,4866.299,3278.34,1587.9589999999998,32.63175978294798,Friday,March,16,Evening
INV-2024-02495,2024-03-22,18:09,B,Mumbai,Member,Female,Home & Kitchen,Storage Set,721.53,2,0.0,UPI,8.2,476.21,1443.06,0.0,1443.06,952.42,490.64,33.99997228112483,Friday,March,18,Evening
INV-2024-02165,2024-03-22,18:14,A,Delhi,Normal,Female,Electronics,Earbuds,2083.94,1,0.0,UPI,7.5,1437.92,2083.94,0.0,2083.94,1437.92,646.02,30.999932819562943,Friday,March,18,Evening
INV-2024-01339,2024-03-22,18:38,B,Mumbai,Normal,Female,Home & Kitchen,Cookware Set,2376.67,1,0.0,UPI,6.6,1568.6,2376.67,0.0,2376.67,1568.6,808.0700000000002,34.00009256649009,Friday,March,18,Evening
INV-2024-01774,2024-03-22,18:49,B,Mumbai,Member,Female,Home & Kitchen,Bedsheet,940.21,5,0.1,UPI,6.4,620.54,4701.05,470.105,4230.945,3102.7,1128.245,26.66650121899481,Friday,March,18,Evening
INV-2024-00662,2024-03-22,18:50,A,Delhi,Member,Male,Home & Kitchen,Bedsheet,1076.9,3,0.1,Card,8.2,710.75,3230.7000000000003,323.07000000000005,2907.63,2132.25,775.3800000000001,26.667079373923098,Friday,March,18,Evening
INV-2024-01753,2024-03-22,19:03,B,Mumbai,Member,Male,Groceries,Dry Fruits,897.44,3,0.15,Card,7.5,735.9,2692.32,403.848,2288.472,2207.7,80.77200000000039,3.529516638176057,Friday,March,19,Night
INV-2024-00406,2024-03-22,19:11,A,Delhi,Member,Male,Clothing,Sports Shoes,2573.79,6,0.0,Card,5.9,1570.01,15442.74,0.0,15442.74,9420.06,6022.68,39.00007382109652,Friday,March,19,Night
INV-2024-02364,2024-03-22,19:56,A,Delhi,Normal,Male,Sports,Fitness Band,1396.73,2,0.05,UPI,8.5,893.91,2793.46,139.673,2653.7870000000003,1787.82,865.9670000000003,32.63136792817209,Friday,March,19,Night
INV-2024-00896,2024-03-22,19:58,A,Delhi,Member,Male,Clothing,Jacket,2875.89,1,0.0,UPI,6.9,1754.29,2875.89,0.0,2875.89,1754.29,1121.6,39.00010083834917,Friday,March,19,Night
INV-2024-00858,2024-03-22,20:38,B,Mumbai,Normal,Male,Groceries,Dry Fruits,988.75,2,0.15,UPI,7.4,810.78,1977.5,296.625,1680.875,1621.56,59.315000000000055,3.528816836469104,Friday,March,20,Night
INV-2024-00939,2024-03-23,10:51,B,Mumbai,Member,Female,Sports,Cricket Bat,2075.5,3,0.1,UPI,8.1,1328.32,6226.5,622.6500000000001,5603.85,3984.96,1618.8900000000003,28.888888888888893,Saturday,March,10,Morning
INV-2024-01223,2024-03-23,11:15,B,Mumbai,Normal,Female,Clothing,Sports Shoes,2430.79,1,0.1,UPI,9.0,1482.78,2430.79,243.079,2187.711,1482.78,704.9309999999998,32.22230907098789,Saturday,March,11,Morning
INV-2024-02310,2024-03-23,11:20,A,Delhi,Normal,Male,Home & Kitchen,Bedsheet,958.13,4,0.05,Card,7.7,632.37,3832.52,191.626,3640.894,2529.48,1111.4139999999998,30.525854364340184,Saturday,March,11,Morning
INV-2024-00803,2024-03-23,11:26,C,Bengaluru,Member,Male,Clothing,Jacket,3121.99,3,0.2,UPI,7.9,1904.41,9365.97,1873.194,7492.776,5713.2300000000005,1779.5459999999994,23.750156150404063,Saturday,March,11,Morning
INV-2024-01515,2024-03-23,11:49,B,Mumbai,Member,Male,Groceries,Cooking Oil,853.19,2,0.0,Card,8.2,699.62,1706.38,0.0,1706.38,1399.24,307.1400000000001,17.999507729813995,Saturday,March,11,Morning
INV-2024-00846,2024-03-23,12:13,B,Mumbai,Normal,Male,Personal Care,Skin Care Kit,1127.16,2,0.1,Card,6.4,653.75,2254.32,225.43200000000002,2028.8880000000001,1307.5,721.3880000000001,35.55583156881997,Saturday,March,12,Afternoon
INV-2024-01249,2024-03-23,12:30,A,Delhi,Member,Male,Clothing,T-Shirt,785.37,1,0.15,UPI,8.3,479.08,785.37,117.8055,667.5645,479.08,188.48449999999997,28.23464998513252,Saturday,March,12,Afternoon
INV-2024-01563,2024-03-23,12:30,A,Delhi,Member,Female,Home & Kitchen,Mixer Grinder,3095.85,4,0.0,UPI,6.4,2043.26,12383.4,0.0,12383.4,8173.04,4210.36,34.00003230130659,Saturday,March,12,Afternoon
INV-2024-02095,2024-03-23,12:55,A,Delhi,Member,Female,Clothing,Jeans,1786.64,1,0.2,Cash,6.3,1089.85,1786.64,357.32800000000003,1429.3120000000001,1089.85,339.4620000000002,23.750027985492334,Saturday,March,12,Afternoon
INV-2024-02203,2024-03-23,13:29,A,Delhi,Normal,Male,Clothing,Sports Shoes,2544.83,2,0.0,Card,9.6,1552.35,5089.66,0.0,5089.66,3104.7,1984.96,38.999854607183984,Saturday,March,13,Afternoon
INV-2024-00414,2024-03-23,13:32,A,Delhi,Member,Male,Home & Kitchen,Cookware Set,2490.48,1,0.0,UPI,5.9,1643.72,2490.48,0.0,2490.48,1643.72,846.76,33.999871510712794,Saturday,March,13,Afternoon
INV-2024-00181,2024-03-23,13:37,C,Bengaluru,Member,Male,Electronics,Smart Watch,3887.64,2,0.0,UPI,7.5,2682.47,7775.28,0.0,7775.28,5364.94,2410.34,31.000041156074126,Saturday,March,13,Afternoon
INV-2024-00182,2024-03-23,13:41,A,Delhi,Member,Female,Groceries,Rice 5kg,669.08,2,0.0,UPI,8.7,548.65,1338.16,0.0,1338.16,1097.3,240.86000000000013,17.999342380582302,Saturday,March,13,Afternoon
INV-2024-01581,2024-03-23,13:43,A,Delhi,Member,Female,Groceries,Breakfast Cereal,399.43,1,0.15000000000000002,UPI,6.5,327.53,399.43,59.91450000000001,339.5155,327.53,11.985500000000002,3.5301775618491655,Saturday,March,13,Afternoon
INV-2024-02225,2024-03-23,13:46,C,Bengaluru,Normal,Male,Home & Kitchen,Cookware Set,2483.58,1,0.0,Cash,6.7,1639.16,2483.58,0.0,2483.58,1639.16,844.4199999999998,34.000112740479466,Saturday,March,13,Afternoon
INV-2024-01021,2024-03-23,13:53,A,Delhi,Member,Female,Sports,Cricket Bat,2131.07,1,0.0,Cash,9.8,1363.88,2131.07,0.0,2131.07,1363.88,767.19,36.00022523896446,Saturday,March,13,Afternoon
INV-2024-00652,2024-03-23,14:41,A,Delhi,Normal,Female,Electronics,Smart Watch,4069.13,4,0.1,UPI,9.0,2807.7,16276.52,1627.652,14648.868,11230.8,3418.068000000001,23.333325141574086,Saturday,March,14,Afternoon
INV-2024-02425,2024-03-23,15:12,A,Delhi,Member,Female,Home & Kitchen,Storage Set,699.48,4,0.15000000000000002,UPI,7.7,461.66,2797.92,419.68800000000005,2378.232,1846.64,531.5919999999999,22.352402961527716,Saturday,March,15,Afternoon
INV-2024-02404,2024-03-23,15:28,A,Delhi,Member,Female,Clothing,Jeans,1684.57,2,0.05,Card,7.2,1027.59,3369.14,168.457,3200.683,2055.18,1145.5030000000002,35.789329964885624,Saturday,March,15,Afternoon
INV-2024-00024,2024-03-23,15:53,A,Delhi,Normal,Female,Personal Care,Skin Care Kit,1152.91,2,0.1,UPI,7.8,668.69,2305.82,230.58200000000002,2075.2380000000003,1337.38,737.8580000000002,35.55534353168167,Saturday,March,15,Afternoon
INV-2024-00370,2024-03-23,17:19,B,Mumbai,Member,Female,Electronics,Earbuds,2262.67,3,0.0,UPI,10.0,1561.24,6788.01,0.0,6788.01,4683.72,2104.29,31.00010164982078,Saturday,March,17,Evening
INV-2024-00816,2024-03-23,17:25,B,Mumbai,Normal,Female,Electronics,Bluetooth Speaker,2621.37,3,0.1,UPI,6.9,1808.75,7864.11,786.4110000000001,7077.699,5426.25,1651.4489999999996,23.333134116045336,Saturday,March,17,Evening
INV-2024-00913,2024-03-23,18:00,B,Mumbai,Member,Female,Home & Kitchen,Bedsheet,926.55,3,0.0,UPI,7.3,611.52,2779.6499999999996,0.0,2779.6499999999996,1834.56,945.0899999999997,34.00032378177108,Saturday,March,18,Evening
INV-2024-02167,2024-03-23,18:24,A,Delhi,Normal,Female,Groceries,Dry Fruits,904.79,5,0.0,UPI,5.0,741.93,4523.95,0.0,4523.95,3709.6499999999996,814.3000000000002,17.999756849655725,Saturday,March,18,Evening
INV-2024-00179,2024-03-23,18:37,C,Bengaluru,Normal,Male,Groceries,Cooking Oil,754.33,2,0.1,Cash,8.6,618.55,1508.66,150.866,1357.794,1237.1,120.69400000000019,8.888977267538388,Saturday,March,18,Evening
INV-2024-01489,2024-03-23,18:38,B,Mumbai,Normal,Male,Clothing,Jacket,3016.14,2,0.05,UPI,8.4,1839.85,6032.28,301.614,5730.666,3679.7,2050.9660000000003,35.78931314440591,Saturday,March,18,Evening
INV-2024-01419,2024-03-23,18:46,A,Delhi,Member,Male,Clothing,Jeans,1898.67,2,0.1,Card,8.0,1158.19,3797.34,379.73400000000004,3417.606,2316.38,1101.226,32.22214614557676,Saturday,March,18,Evening
INV-2024-01226,2024-03-23,19:06,A,Delhi,Normal,Female,Electronics,Power Bank,1617.56,3,0.1,UPI,8.4,1116.12,4852.68,485.26800000000003,4367.412,3348.3599999999997,1019.0520000000006,23.333086047297588,Saturday,March,19,Night
INV-2024-00692,2024-03-23,19:38,A,Delhi,Normal,Male,Sports,Cricket Bat,2070.91,1,0.0,UPI,7.1,1325.38,2070.91,0.0,2070.91,1325.38,745.5299999999997,36.00011589108169,Saturday,March,19,Night
INV-2024-00152,2024-03-23,20:21,B,Mumbai,Member,Female,Electronics,Bluetooth Speaker,3020.36,1,0.05,UPI,9.1,2084.05,3020.36,151.018,2869.342,2084.05,785.2919999999999,27.368365290718216,Saturday,March,20,Night
INV-2024-01910,2024-03-23,20:27,A,Delhi,Normal,Female,Sports,Yoga Mat,939.29,3,0.05,Cash,4.9,601.15,2817.87,140.8935,2676.9764999999998,1803.4499999999998,873.5264999999999,32.631085853760766,Saturday,March,20,Night
INV-2024-02141,2024-03-23,20:57,B,Mumbai,Member,Female,Clothing,Jacket,2926.48,3,0.1,Cash,7.3,1785.15,8779.44,877.9440000000001,7901.496,5355.450000000001,2546.0459999999994,32.22232853120472,Saturday,March,20,Night
INV-2024-01150,2024-03-23,21:18,B,Mumbai,Member,Female,Groceries,Cooking Oil,806.94,1,0.05,Cash,7.5,661.69,806.94,40.34700000000001,766.5930000000001,661.69,104.90300000000002,13.684314884169307,Saturday,March,21,Night
INV-2024-01795,2024-03-24,09:15,A,Delhi,Normal,Female,Electronics,Smart Watch,4061.22,1,0.05,Card,5.6,2802.24,4061.22,203.061,3858.1589999999997,2802.24,1055.9189999999999,27.36846770700741,Sunday,March,9,Morning
INV-2024-00162,2024-03-24,09:46,C,Bengaluru,Normal,Female,Electronics,Bluetooth Speaker,2841.79,2,0.0,Cash,6.8,1960.84,5683.58,0.0,5683.58,3921.68,1761.9,30.99982757346602,Sunday,March,9,Morning
INV-2024-02257,2024-03-24,11:35,B,Mumbai,Normal,Male,Sports,Dumbbell Set,2529.86,4,0.1,Cash,7.3,1619.11,10119.44,1011.9440000000001,9107.496000000001,6476.44,2631.0560000000014,28.88890645683513,Sunday,March,11,Morning
INV-2024-01398,2024-03-24,13:04,C,Bengaluru,Member,Male,Sports,Fitness Band,1351.12,3,0.05,Card,6.6,864.72,4053.3599999999997,202.668,3850.6919999999996,2594.16,1256.5319999999997,32.63132964152936,Sunday,March,13,Afternoon
INV-2024-00110,2024-03-24,13:05,C,Bengaluru,Normal,Female,Sports,Cricket Bat,2146.2,5,0.05,Card,7.5,1373.57,10731.0,536.5500000000001,10194.45,6867.849999999999,3326.6000000000013,32.631480854778836,Sunday,March,13,Afternoon
INV-2024-00577,2024-03-24,13:05,C,Bengaluru,Member,Female,Clothing,Jacket,3163.97,2,0.05,Card,7.1,1930.02,6327.94,316.397,6011.543,3860.04,2151.5029999999997,35.7895302420693,Sunday,March,13,Afternoon
INV-2024-01601,2024-03-24,13:32,C,Bengaluru,Normal,Male,Groceries,Rice 5kg,602.67,2,0.15,Cash,8.4,494.19,1205.34,180.801,1024.539,988.38,36.15899999999999,3.5292946388570856,Sunday,March,13,Afternoon
INV-2024-01913,2024-03-24,14:01,C,Bengaluru,Normal,Female,Home & Kitchen,Storage Set,744.48,2,0.05,Cash,7.5,491.36,1488.96,74.44800000000001,1414.512,982.72,431.7919999999999,30.52586333661361,Sunday,March,14,Afternoon
INV-2024-01389,2024-03-24,14:05,B,Mumbai,Normal,Male,Home & Kitchen,Mixer Grinder,3311.6,4,0.1,Card,10.0,2185.66,13246.4,1324.64,11921.76,8742.64,3179.120000000001,26.666532458294757,Sunday,March,14,Afternoon
INV-2024-01875,2024-03-24,14:55,C,Bengaluru,Normal,Female,Personal Care,Shampoo,476.7,2,0.05,Card,8.8,276.49,953.4,47.67,905.73,552.98,352.75,38.94648515562032,Sunday,March,14,Afternoon
INV-2024-01564,2024-03-24,15:00,A,Delhi,Normal,Female,Electronics,Smart Watch,3825.84,2,0.0,Cash,5.7,2639.83,7651.68,0.0,7651.68,5279.66,2372.0200000000004,30.999989544779716,Sunday,March,15,Afternoon
INV-2024-00603,2024-03-24,15:31,A,Delhi,Normal,Male,Clothing,T-Shirt,799.87,5,0.0,UPI,7.2,487.92,3999.35,0.0,3999.35,2439.6,1559.75,39.00008751422106,Sunday,March,15,Afternoon
INV-2024-01759,2024-03-24,15:38,A,Delhi,Member,Female,Groceries,Rice 5kg,627.56,3,0.1,Card,8.1,514.6,1882.6799999999998,188.268,1694.4119999999998,1543.8000000000002,150.61199999999963,8.888747246832509,Sunday,March,15,Afternoon
INV-2024-00554,2024-03-24,15:49,A,Delhi,Member,Male,Home & Kitchen,Mixer Grinder,3279.17,4,0.15,Card,6.4,2164.25,13116.68,1967.502,11149.178,8657.0,2492.178,22.35302010605625,Sunday,March,15,Afternoon
INV-2024-01447,2024-03-24,16:17,A,Delhi,Normal,Male,Personal Care,Trimmer,1816.12,4,0.0,UPI,7.6,1053.35,7264.48,0.0,7264.48,4213.4,3051.08,41.999977975023675,Sunday,March,16,Evening
INV-2024-01057,2024-03-24,16:25,C,Bengaluru,Normal,Female,Personal Care,Skin Care Kit,1173.85,3,0.0,Cash,8.1,680.83,3521.5499999999997,0.0,3521.5499999999997,2042.4900000000002,1479.0599999999995,42.00025556928056,Sunday,March,16,Evening
INV-2024-00420,2024-03-24,16:48,A,Delhi,Normal,Female,Home & Kitchen,Bedsheet,1063.93,1,0.05,UPI,9.1,702.19,1063.93,53.19650000000001,1010.7335,702.19,308.5435,30.526691754057815,Sunday,March,16,Evening
INV-2024-00677,2024-03-24,17:28,A,Delhi,Member,Female,Electronics,Power Bank,1395.1,2,0.15000000000000002,UPI,9.1,962.62,2790.2,418.53000000000003,2371.6699999999996,1925.24,446.4299999999996,18.82344508300057,Sunday,March,17,Evening
INV-2024-00854,2024-03-24,17:32,A,Delhi,Normal,Female,Groceries,Cooking Oil,764.96,3,0.15,UPI,8.8,627.27,2294.88,344.232,1950.6480000000001,1881.81,68.83800000000019,3.528981138575498,Sunday,March,17,Evening
INV-2024-00866,2024-03-24,18:17,B,Mumbai,Normal,Male,Sports,Yoga Mat,904.74,4,0.1,Card,7.4,579.03,3618.96,361.896,3257.064,2316.12,940.944,28.889331004855904,Sunday,March,18,Evening
INV-2024-00714,2024-03-24,18:28,A,Delhi,Member,Male,Groceries,Cooking Oil,802.13,5,0.05,Cash,8.5,657.75,4010.65,200.53250000000003,3810.1175000000003,3288.75,521.3675000000003,13.683764345850232,Sunday,March,18,Evening
INV-2024-01692,2024-03-24,18:28,A,Delhi,Member,Female,Electronics,Earbuds,2239.56,2,0.1,Card,8.2,1545.3,4479.12,447.91200000000003,4031.2079999999996,3090.6,940.6079999999997,23.333154726821334,Sunday,March,18,Evening
INV-2024-01955,2024-03-24,18:33,C,Bengaluru,Member,Male,Electronics,Bluetooth Speaker,2707.07,1,0.05,UPI,6.6,1867.88,2707.07,135.35350000000003,2571.7165,1867.88,703.8364999999999,27.368354948922242,Sunday,March,18,Evening
INV-2024-01034,2024-03-24,18:51,C,Bengaluru,Normal,Male,Clothing,Jacket,2867.22,5,0.05,Cash,6.8,1749.0,14336.099999999999,716.805,13619.294999999998,8745.0,4874.294999999998,35.7896278772139,Sunday,March,18,Evening
INV-2024-00695,2024-03-24,19:29,C,Bengaluru,Normal,Male,Groceries,Dry Fruits,1006.74,2,0.1,Cash,5.4,825.53,2013.48,201.348,1812.132,1651.06,161.07200000000012,8.888535713733885,Sunday,March,19,Night
INV-2024-01852,2024-03-24,19:31,B,Mumbai,Member,Male,Groceries,Cooking Oil,808.04,3,0.0,UPI,7.4,662.59,2424.12,0.0,2424.12,1987.77,436.3499999999999,18.00034651749913,Sunday,March,19,Night
INV-2024-00101,2024-03-24,19:36,A,Delhi,Member,Female,Groceries,Breakfast Cereal,352.84,4,0.15,UPI,10.0,289.33,1411.36,211.70399999999998,1199.656,1157.32,42.33600000000001,3.5290116500063364,Sunday,March,19,Night
INV-2024-00296,2024-03-24,20:06,B,Mumbai,Normal,Male,Clothing,Jacket,3037.71,2,0.05,Cash,9.2,1853.0,6075.42,303.771,5771.649,3706.0,2065.6490000000003,35.789581105850345,Sunday,March,20,Night
INV-2024-01649,2024-03-24,20:18,B,Mumbai,Normal,Male,Home & Kitchen,Storage Set,664.83,4,0.0,UPI,7.3,438.79,2659.32,0.0,2659.32,1755.16,904.1600000000001,33.99966908833837,Sunday,March,20,Night
INV-2024-00321,2024-03-24,20:30,C,Bengaluru,Member,Male,Clothing,Sports Shoes,2695.33,5,0.15000000000000002,Card,7.8,1644.15,13476.65,2021.4975000000002,11455.1525,8220.75,3234.4025,28.235350860671648,Sunday,March,20,Night
INV-2024-01082,2024-03-24,21:05,C,Bengaluru,Normal,Male,Personal Care,Skin Care Kit,1214.65,2,0.1,UPI,6.4,704.5,2429.3,242.93000000000004,2186.3700000000003,1409.0,777.3700000000003,35.55528112807988,Sunday,March,21,Night
INV-2024-01638,2024-03-25,09:56,B,Mumbai,Normal,Male,Electronics,Smart Watch,4270.04,2,0.1,Card,7.7,2946.33,8540.08,854.008,7686.072,5892.66,1793.4120000000003,23.333270882708362,Monday,March,9,Morning
INV-2024-00503,2024-03-25,09:57,B,Mumbai,Member,Male,Groceries,Dry Fruits,937.91,4,0.15,UPI,7.1,769.09,3751.64,562.746,3188.894,3076.36,112.53399999999965,3.5289351104175823,Monday,March,9,Morning
INV-2024-00995,2024-03-25,09:57,B,Mumbai,Normal,Female,Personal Care,Skin Care Kit,1172.16,4,0.0,Card,8.5,679.85,4688.64,0.0,4688.64,2719.4,1969.2400000000002,42.00023887523888,Monday,March,9,Morning
INV-2024-00782,2024-03-25,11:07,B,Mumbai,Normal,Female,Clothing,T-Shirt,813.59,3,0.05,UPI,6.2,496.29,2440.77,122.0385,2318.7315,1488.8700000000001,829.8614999999998,35.7894607461019,Monday,March,11,Morning
INV-2024-01306,2024-03-25,11:17,C,Bengaluru,Normal,Male,Home & Kitchen,Mixer Grinder,3466.14,4,0.1,Cash,7.6,2287.65,13864.56,1386.4560000000001,12478.104,9150.6,3327.503999999999,26.666743601431747,Monday,March,11,Morning
INV-2024-01665,2024-03-25,11:27,A,Delhi,Normal,Female,Groceries,Cooking Oil,824.63,4,0.2,UPI,8.6,676.2,3298.52,659.7040000000001,2638.816,2704.8,-65.98400000000038,-2.5005153826564785,Monday,March,11,Morning
INV-2024-00974,2024-03-25,12:17,A,Delhi,Member,Male,Personal Care,Skin Care Kit,1289.51,5,0.1,UPI,8.1,747.92,6447.55,644.7550000000001,5802.795,3739.6,2063.195,35.555193660985786,Monday,March,12,Afternoon
INV-2024-01986,2024-03-25,12:36,C,Bengaluru,Member,Female,Groceries,Cooking Oil,850.22,5,0.05,UPI,9.3,697.18,4251.1,212.55500000000004,4038.5450000000005,3485.8999999999996,552.6450000000009,13.684260049101862,Monday,March,12,Afternoon
INV-2024-00226,2024-03-25,12:37,C,Bengaluru,Member,Male,Home & Kitchen,Storage Set,699.47,1,0.0,UPI,7.3,461.65,699.47,0.0,699.47,461.65,237.82000000000005,34.000028593077616,Monday,March,12,Afternoon
INV-2024-00591,2024-03-25,13:16,A,Delhi,Normal,Male,Electronics,Earbuds,2218.77,3,0.0,UPI,8.2,1530.95,6656.3099999999995,0.0,6656.3099999999995,4592.85,2063.459999999999,31.00005859102114,Monday,March,13,Afternoon
INV-2024-01946,2024-03-25,14:20,B,Mumbai,Normal,Female,Home & Kitchen,Bedsheet,933.32,3,0.05,UPI,8.4,615.99,2799.96,139.99800000000002,2659.962,1847.97,811.992,30.526451129752978,Monday,March,14,Afternoon
INV-2024-00765,2024-03-25,14:28,B,Mumbai,Normal,Female,Clothing,Sports Shoes,2642.87,1,0.05,Cash,8.1,1612.15,2642.87,132.1435,2510.7264999999998,1612.15,898.5764999999997,35.78950156458697,Monday,March,14,Afternoon
INV-2024-00293,2024-03-25,14:32,A,Delhi,Normal,Male,Clothing,Sports Shoes,2498.02,1,0.0,UPI,8.0,1523.79,2498.02,0.0,2498.02,1523.79,974.23,39.00008806975124,Monday,March,14,Afternoon
INV-2024-00265,2024-03-25,14:44,C,Bengaluru,Member,Male,Clothing,Jeans,1675.55,2,0.05,UPI,6.3,1022.09,3351.1,167.555,3183.545,2044.18,1139.365,35.789190980495015,Monday,March,14,Afternoon
INV-2024-00132,2024-03-25,15:15,A,Delhi,Member,Male,Clothing,Jacket,3021.63,3,0.15000000000000002,Cash,6.6,1843.19,9064.89,1359.7335,7705.156499999999,5529.57,2175.5864999999994,28.23546153799731,Monday,March,15,Afternoon
INV-2024-01829,2024-03-25,15:27,C,Bengaluru,Normal,Male,Clothing,Jacket,3054.46,1,0.1,Card,7.4,1863.22,3054.46,305.446,2749.014,1863.22,885.7940000000001,32.22224404822966,Monday,March,15,Afternoon
INV-2024-01312,2024-03-25,15:29,C,Bengaluru,Member,Female,Sports,Cricket Bat,1971.09,4,0.15,Cash,6.8,1261.5,7884.36,1182.654,6701.706,5046.0,1655.7060000000001,24.70573910583365,Monday,March,15,Afternoon
INV-2024-01285,2024-03-25,15:32,A,Delhi,Normal,Female,Electronics,Earbuds,2109.12,5,0.1,UPI,7.8,1455.29,10545.599999999999,1054.56,9491.039999999999,7276.45,2214.5899999999992,23.333480840877286,Monday,March,15,Afternoon
INV-2024-00631,2024-03-25,16:30,A,Delhi,Normal,Female,Personal Care,Shampoo,434.01,4,0.0,Card,7.7,251.73,1736.04,0.0,1736.04,1006.92,729.12,41.9990322803622,Monday,March,16,Evening
INV-2024-00585,2024-03-25,17:12,C,Bengaluru,Normal,Male,Clothing,T-Shirt,820.47,4,0.15,Card,8.1,500.49,3281.88,492.282,2789.598,2001.96,787.6379999999999,28.234820931187933,Monday,March,17,Evening
INV-2024-00986,2024-03-25,18:03,C,Bengaluru,Member,Male,Groceries,Rice 5kg,624.64,1,0.0,UPI,8.0,512.2,624.64,0.0,624.64,512.2,112.43999999999994,18.00076844262294,Monday,March,18,Evening
INV-2024-00012,2024-03-25,18:04,B,Mumbai,Normal,Female,Groceries,Breakfast Cereal,362.32,2,0.05,Card,9.1,297.1,724.64,36.232,688.408,594.2,94.20799999999997,13.684907787242444,Monday,March,18,Evening
INV-2024-01083,2024-03-25,18:14,A,Delhi,Member,Female,Personal Care,Trimmer,1839.99,1,0.0,UPI,8.1,1067.19,1839.99,0.0,1839.99,1067.19,772.8,42.00022826211012,Monday,March,18,Evening
INV-2024-00219,2024-03-25,18:56,A,Delhi,Member,Male,Groceries,Dry Fruits,978.79,6,0.0,Cash,7.8,802.61,5872.74,0.0,5872.74,4815.66,1057.08,17.999775232685252,Monday,March,18,Evening
INV-2024-01760,2024-03-25,19:01,A,Delhi,Normal,Male,Sports,Yoga Mat,874.62,1,0.1,UPI,6.1,559.76,874.62,87.462,787.158,559.76,227.39800000000002,28.888482363134216,Monday,March,19,Night
INV-2024-02215,2024-03-25,19:27,B,Mumbai,Normal,Female,Clothing,Jacket,3235.67,1,0.2,UPI,6.5,1973.76,3235.67,647.134,2588.536,1973.76,614.7760000000001,23.749949778562094,Monday,March,19,Night
INV-2024-00402,2024-03-25,19:49,B,Mumbai,Normal,Female,Home & Kitchen,Bedsheet,1015.14,4,0.0,Cash,6.9,669.99,4060.56,0.0,4060.56,2679.96,1380.6,34.00023642059223,Monday,March,19,Night
INV-2024-01701,2024-03-25,19:53,B,Mumbai,Normal,Male,Clothing,Sports Shoes,2347.84,1,0.1,Card,8.0,1432.18,2347.84,234.78400000000002,2113.056,1432.18,680.876,32.22233580179607,Monday,March,19,Night
INV-2024-02494,2024-03-25,19:53,A,Delhi,Normal,Male,Groceries,Breakfast Cereal,377.43,4,0.15,UPI,10.0,309.49,1509.72,226.458,1283.262,1237.96,45.30199999999991,3.530222199363801,Monday,March,19,Night
INV-2024-01007,2024-03-25,20:15,C,Bengaluru,Normal,Male,Clothing,Jeans,1838.99,5,0.15,UPI,8.6,1121.78,9194.95,1379.2425,7815.7075,5608.9,2206.807500000001,28.23554361521335,Monday,March,20,Night
INV-2024-01950,2024-03-25,20:23,B,Mumbai,Member,Male,Clothing,Sports Shoes,2453.23,3,0.05,Card,8.7,1496.47,7359.6900000000005,367.9845,6991.7055,4489.41,2502.2955,35.789486556606256,Monday,March,20,Night
INV-2024-02320,2024-03-25,21:56,B,Mumbai,Normal,Female,Clothing,Sports Shoes,2678.24,5,0.0,Card,6.3,1633.73,13391.199999999999,0.0,13391.199999999999,8168.65,5222.549999999999,38.999865583368184,Monday,March,21,Night
INV-2024-02420,2024-03-26,10:30,B,Mumbai,Normal,Male,Groceries,Breakfast Cereal,373.73,4,0.2,UPI,5.0,306.46,1494.92,298.98400000000004,1195.9360000000001,1225.84,-29.90399999999977,-2.500468252481719,Tuesday,March,10,Morning
INV-2024-00382,2024-03-26,10:53,B,Mumbai,Normal,Female,Clothing,T-Shirt,744.49,2,0.0,Card,9.1,454.14,1488.98,0.0,1488.98,908.28,580.7,38.99985224784752,Tuesday,March,10,Morning
INV-2024-00758,2024-03-26,11:06,B,Mumbai,Member,Female,Home & Kitchen,Storage Set,651.37,1,0.15000000000000002,UPI,8.0,429.9,651.37,97.70550000000001,553.6645,429.9,123.7645,22.35369975860833,Tuesday,March,11,Morning
INV-2024-00340,2024-03-26,12:35,B,Mumbai,Normal,Male,Electronics,Smart Watch,3774.74,3,0.0,Card,6.4,2604.57,11324.22,0.0,11324.22,7813.710000000001,3510.5099999999984,31.000015895134485,Tuesday,March,12,Afternoon
INV-2024-01391,2024-03-26,12:41,B,Mumbai,Member,Female,Clothing,T-Shirt,849.88,4,0.0,UPI,9.2,518.43,3399.52,0.0,3399.52,2073.72,1325.8000000000002,38.99962347625548,Tuesday,March,12,Afternoon
INV-2024-00431,2024-03-26,12:47,B,Mumbai,Member,Male,Electronics,Bluetooth Speaker,2741.29,2,0.2,Cash,7.3,1891.49,5482.58,1096.516,4386.064,3782.98,603.0840000000003,13.75000455989699,Tuesday,March,12,Afternoon
INV-2024-01229,2024-03-26,12:50,B,Mumbai,Member,Female,Sports,Cricket Bat,2131.9,1,0.1,Cash,8.7,1364.42,2131.9,213.19000000000003,1918.71,1364.42,554.29,28.88868041548749,Tuesday,March,12,Afternoon
INV-2024-02116,2024-03-26,12:54,C,Bengaluru,Normal,Male,Clothing,Jacket,3112.04,2,0.0,Card,7.4,1898.34,6224.08,0.0,6224.08,3796.68,2427.4,39.000141386357505,Tuesday,March,12,Afternoon
INV-2024-01074,2024-03-26,13:02,C,Bengaluru,Normal,Male,Sports,Cricket Bat,1941.2,4,0.1,UPI,9.0,1242.37,7764.8,776.48,6988.32,4969.48,2018.8400000000001,28.88877441216201,Tuesday,March,13,Afternoon
INV-2024-01948,2024-03-26,13:20,C,Bengaluru,Normal,Male,Clothing,Jeans,1676.11,2,0.2,Card,9.4,1022.43,3352.22,670.444,2681.776,2044.86,636.9159999999999,23.749783725411817,Tuesday,March,13,Afternoon
INV-2024-01114,2024-03-26,13:45,C,Bengaluru,Member,Female,Clothing,Jeans,1741.95,2,0.05,Card,5.1,1062.59,3483.9,174.19500000000002,3309.705,2125.18,1184.525,35.78944347003736,Tuesday,March,13,Afternoon
INV-2024-01431,2024-03-26,13:55,C,Bengaluru,Member,Male,Personal Care,Trimmer,1773.77,3,0.0,Card,8.7,1028.79,5321.3099999999995,0.0,5321.3099999999995,3086.37,2234.9399999999996,41.99980831787661,Tuesday,March,13,Afternoon
INV-2024-01471,2024-03-26,14:00,A,Delhi,Member,Female,Clothing,T-Shirt,824.64,4,0.0,UPI,8.8,503.03,3298.56,0.0,3298.56,2012.12,1286.44,39.00004850601475,Tuesday,March,14,Afternoon
INV-2024-00883,2024-03-26,14:07,B,Mumbai,Normal,Male,Groceries,Rice 5kg,594.44,4,0.1,Cash,5.6,487.44,2377.76,237.77600000000004,2139.9840000000004,1949.76,190.2240000000004,8.889038422717196,Tuesday,March,14,Afternoon
INV-2024-01676,2024-03-26,14:11,C,Bengaluru,Member,Female,Home & Kitchen,Mixer Grinder,3393.37,3,0.05,UPI,6.3,2239.62,10180.11,509.00550000000004,9671.104500000001,6718.86,2952.2445000000016,30.52644607448923,Tuesday,March,14,Afternoon
INV-2024-02104,2024-03-26,14:24,C,Bengaluru,Member,Male,Electronics,Earbuds,2328.74,3,0.05,Card,6.6,1606.83,6986.219999999999,349.311,6636.909,4820.49,1816.4189999999999,27.368448173690492,Tuesday,March,14,Afternoon
INV-2024-00174,2024-03-26,14:59,B,Mumbai,Member,Male,Electronics,Power Bank,1447.14,3,0.2,UPI,6.3,998.53,4341.42,868.2840000000001,3473.136,2995.59,477.5459999999998,13.749706317287888,Tuesday,March,14,Afternoon
INV-2024-01557,2024-03-26,15:37,B,Mumbai,Member,Female,Groceries,Dry Fruits,1009.25,3,0.2,UPI,7.5,827.59,3027.75,605.5500000000001,2422.2,2482.77,-60.570000000000164,-2.500619271736445,Tuesday,March,15,Afternoon
INV-2024-00191,2024-03-26,16:11,B,Mumbai,Member,Male,Electronics,Bluetooth Speaker,3018.19,2,0.15,Card,6.9,2082.55,6036.38,905.457,5130.923,4165.1,965.8229999999994,18.82357228904038,Tuesday,March,16,Evening
INV-2024-02190,2024-03-26,16:40,B,Mumbai,Member,Female,Groceries,Rice 5kg,623.66,3,0.15,Cash,8.8,511.4,1870.98,280.647,1590.333,1534.1999999999998,56.133000000000266,3.5296381323911574,Tuesday,March,16,Evening
INV-2024-02202,2024-03-26,17:12,A,Delhi,Normal,Male,Groceries,Cooking Oil,749.59,4,0.1,UPI,6.6,614.66,2998.36,299.836,2698.5240000000003,2458.64,239.88400000000047,8.889452159773285,Tuesday,March,17,Evening
INV-2024-00361,2024-03-26,17:24,A,Delhi,Member,Female,Personal Care,Shampoo,459.27,2,0.2,Cash,6.4,266.38,918.54,183.708,734.832,532.76,202.072,27.49907461841618,Tuesday,March,17,Evening
INV-2024-02066,2024-03-26,17:38,C,Bengaluru,Normal,Female,Electronics,Smart Watch,4105.3,3,0.0,Cash,9.5,2832.66,12315.900000000001,0.0,12315.900000000001,8497.98,3817.920000000002,30.999926923732744,Tuesday,March,17,Evening
INV-2024-01821,2024-03-26,18:27,B,Mumbai,Member,Male,Personal Care,Trimmer,1889.46,1,0.0,Card,8.2,1095.89,1889.46,0.0,1889.46,1095.89,793.5699999999999,41.99983063944195,Tuesday,March,18,Evening
INV-2024-00143,2024-03-26,18:33,B,Mumbai,Normal,Female,Home & Kitchen,Mixer Grinder,3102.32,3,0.15,Cash,6.4,2047.53,9306.960000000001,1396.044,7910.916000000001,6142.59,1768.326000000001,22.352986683210904,Tuesday,March,18,Evening
INV-2024-02134,2024-03-26,18:36,B,Mumbai,Member,Female,Groceries,Dry Fruits,1000.03,3,0.1,Card,7.9,820.02,3000.09,300.009,2700.081,2460.06,240.02100000000019,8.889399984667133,Tuesday,March,18,Evening
INV-2024-00377,2024-03-26,18:46,C,Bengaluru,Normal,Male,Groceries,Breakfast Cereal,356.85,3,0.15,Card,7.4,292.62,1070.5500000000002,160.5825,909.9675000000002,877.86,32.107500000000186,3.528422718393809,Tuesday,March,18,Evening
INV-2024-01286,2024-03-26,18:48,B,Mumbai,Normal,Male,Electronics,Power Bank,1608.88,5,0.05,Cash,6.8,1110.13,8044.400000000001,402.22,7642.18,5550.650000000001,2091.5299999999997,27.368237858830852,Tuesday,March,18,Evening
INV-2024-02218,2024-03-26,18:58,A,Delhi,Member,Male,Home & Kitchen,Bedsheet,1028.61,2,0.1,Cash,9.7,678.88,2057.22,205.72199999999998,1851.4979999999998,1357.76,493.73799999999983,26.66694752033218,Tuesday,March,18,Evening
INV-2024-01439,2024-03-26,19:42,B,Mumbai,Member,Male,Groceries,Rice 5kg,623.85,5,0.1,Cash,6.9,511.56,3119.25,311.925,2807.325,2557.8,249.52499999999964,8.888354572413228,Tuesday,March,19,Night
INV-2024-02146,2024-03-26,19:42,B,Mumbai,Member,Male,Clothing,Jeans,1903.73,4,0.2,Cash,7.6,1161.28,7614.92,1522.9840000000002,6091.936,4645.12,1446.8159999999998,23.74969139531341,Tuesday,March,19,Night
INV-2024-02410,2024-03-26,19:52,C,Bengaluru,Normal,Female,Clothing,T-Shirt,749.33,4,0.1,Card,9.2,457.09,2997.32,299.732,2697.588,1828.36,869.2280000000003,32.22241498701804,Tuesday,March,19,Night
INV-2024-01250,2024-03-26,20:09,A,Delhi,Normal,Male,Clothing,Jacket,3108.64,4,0.0,Card,7.9,1896.27,12434.56,0.0,12434.56,7585.08,4849.48,39.00001286736322,Tuesday,March,20,Night
INV-2024-01867,2024-03-26,20:23,A,Delhi,Member,Female,Electronics,Smart Watch,3726.54,3,0.05,UPI,8.0,2571.31,11179.619999999999,558.981,10620.639,7713.93,2906.708999999999,27.36849449454029,Tuesday,March,20,Night
INV-2024-02044,2024-03-26,20:25,A,Delhi,Normal,Male,Clothing,T-Shirt,813.94,2,0.1,Card,5.9,496.5,1627.88,162.788,1465.092,993.0,472.0920000000001,32.222686356897725,Tuesday,March,20,Night
INV-2024-00235,2024-03-26,21:43,C,Bengaluru,Member,Female,Electronics,Smart Watch,4181.33,1,0.0,Card,6.5,2885.12,4181.33,0.0,4181.33,2885.12,1296.21,30.9999449935786,Tuesday,March,21,Night
INV-2024-01593,2024-03-27,10:12,B,Mumbai,Normal,Male,Clothing,T-Shirt,767.62,1,0.1,Card,7.6,468.25,767.62,76.762,690.858,468.25,222.60799999999995,32.221961676639765,Wednesday,March,10,Morning
INV-2024-01454,2024-03-27,11:51,B,Mumbai,Normal,Female,Home & Kitchen,Storage Set,649.77,3,0.1,UPI,7.1,428.85,1949.31,194.931,1754.379,1286.5500000000002,467.8289999999997,26.666358865444685,Wednesday,March,11,Morning
INV-2024-01844,2024-03-27,12:03,A,Delhi,Normal,Female,Groceries,Breakfast Cereal,381.86,4,0.2,Card,7.7,313.13,1527.44,305.488,1221.952,1252.52,-30.567999999999984,-2.5015712564814314,Wednesday,March,12,Afternoon
INV-2024-00955,2024-03-27,12:52,C,Bengaluru,Member,Female,Clothing,Sports Shoes,2655.17,2,0.05,Cash,9.8,1619.65,5310.34,265.517,5044.823,3239.3,1805.5230000000001,35.78962036923793,Wednesday,March,12,Afternoon
INV-2024-01310,2024-03-27,13:29,B,Mumbai,Normal,Male,Groceries,Breakfast Cereal,389.28,1,0.1,Card,7.5,319.21,389.28,38.928,350.352,319.21,31.141999999999996,8.888774717997899,Wednesday,March,13,Afternoon
INV-2024-00468,2024-03-27,13:42,A,Delhi,Normal,Female,Home & Kitchen,Mixer Grinder,3253.17,5,0.0,UPI,10.0,2147.09,16265.85,0.0,16265.85,10735.45,5530.4,34.000067626345995,Wednesday,March,13,Afternoon
INV-2024-01978,2024-03-27,13:50,B,Mumbai,Normal,Female,Home & Kitchen,Mixer Grinder,3511.8,1,0.0,Card,6.7,2317.79,3511.8,0.0,3511.8,2317.79,1194.0100000000002,33.99994304914859,Wednesday,March,13,Afternoon
INV-2024-00463,2024-03-27,14:06,C,Bengaluru,Member,Female,Groceries,Cooking Oil,791.3,1,0.15000000000000002,UPI,6.3,648.87,791.3,118.69500000000001,672.6049999999999,648.87,23.7349999999999,3.528817062020042,Wednesday,March,14,Afternoon
INV-2024-00937,2024-03-27,14:27,C,Bengaluru,Normal,Female,Clothing,T-Shirt,860.07,1,0.15,UPI,8.3,524.64,860.07,129.0105,731.0595000000001,524.64,206.41950000000008,28.235663444630717,Wednesday,March,14,Afternoon
INV-2024-01372,2024-03-27,15:00,B,Mumbai,Member,Male,Personal Care,Skin Care Kit,1257.53,1,0.05,Card,6.0,729.37,1257.53,62.8765,1194.6535,729.37,465.2834999999999,38.94715078472544,Wednesday,March,15,Afternoon
INV-2024-02301,2024-03-27,15:32,C,Bengaluru,Normal,Male,Sports,Yoga Mat,948.13,3,0.05,Card,8.2,606.8,2844.39,142.2195,2702.1704999999997,1820.3999999999999,881.7704999999999,32.6319342173264,Wednesday,March,15,Afternoon
INV-2024-01264,2024-03-27,16:36,A,Delhi,Normal,Male,Electronics,Bluetooth Speaker,2763.72,2,0.1,Card,8.3,1906.97,5527.44,552.744,4974.696,3813.94,1160.7559999999999,23.33320468225596,Wednesday,March,16,Evening
INV-2024-02219,2024-03-27,16:40,B,Mumbai,Member,Male,Clothing,Jacket,2786.74,4,0.1,UPI,9.0,1699.91,11146.96,1114.696,10032.264,6799.64,3232.623999999999,32.22227804212488,Wednesday,March,16,Evening
INV-2024-01731,2024-03-27,16:47,C,Bengaluru,Member,Male,Electronics,Earbuds,2076.24,5,0.2,UPI,7.7,1432.61,10381.199999999999,2076.24,8304.96,7163.049999999999,1141.9099999999999,13.74973509806188,Wednesday,March,16,Evening
INV-2024-01586,2024-03-27,16:50,C,Bengaluru,Normal,Male,Sports,Yoga Mat,889.03,4,0.0,Card,6.5,568.98,3556.12,0.0,3556.12,2275.92,1280.1999999999998,35.99991001428523,Wednesday,March,16,Evening
INV-2024-02037,2024-03-27,16:56,B,Mumbai,Member,Male,Electronics,Smart Watch,3926.96,2,0.05,Cash,6.7,2709.6,7853.92,392.696,7461.224,5419.2,2042.0240000000003,27.368485385239744,Wednesday,March,16,Evening
INV-2024-01414,2024-03-27,17:03,A,Delhi,Normal,Male,Clothing,Jacket,2816.83,1,0.15,Card,10.0,1718.27,2816.83,422.5245,2394.3055,1718.27,676.0355,28.235139584317874,Wednesday,March,17,Evening
INV-2024-01655,2024-03-27,17:09,A,Delhi,Normal,Male,Electronics,Bluetooth Speaker,2812.0,2,0.05,Cash,8.7,1940.28,5624.0,281.2,5342.8,3880.56,1462.2400000000002,27.368421052631582,Wednesday,March,17,Evening
INV-2024-02480,2024-03-27,17:16,A,Delhi,Member,Male,Groceries,Dry Fruits,917.27,2,0.05,Card,8.1,752.16,1834.54,91.727,1742.8129999999999,1504.32,238.49299999999994,13.684371186122663,Wednesday,March,17,Evening
INV-2024-00320,2024-03-27,18:02,C,Bengaluru,Member,Female,Electronics,Earbuds,2117.52,4,0.1,Cash,7.9,1461.09,8470.08,847.008,7623.072,5844.36,1778.7120000000004,23.33327036659237,Wednesday,March,18,Evening
INV-2024-01459,2024-03-27,18:58,B,Mumbai,Member,Female,Home & Kitchen,Bedsheet,978.41,4,0.15000000000000002,UPI,6.6,645.75,3913.64,587.046,3326.594,2583.0,743.594,22.353013322335098,Wednesday,March,18,Evening
INV-2024-01027,2024-03-27,19:31,C,Bengaluru,Normal,Male,Groceries,Dry Fruits,1003.06,5,0.05,Card,9.1,822.51,5015.299999999999,250.765,4764.534999999999,4112.55,651.9849999999988,13.684126572687552,Wednesday,March,19,Night
INV-2024-00347,2024-03-27,21:41,B,Mumbai,Normal,Female,Groceries,Dry Fruits,888.19,2,0.0,UPI,7.6,728.32,1776.38,0.0,1776.38,1456.64,319.74,17.99952712820455,Wednesday,March,21,Night
INV-2024-02061,2024-03-27,21:46,A,Delhi,Normal,Female,Electronics,Power Bank,1613.0,2,0.05,Card,5.7,1112.97,3226.0,161.3,3064.7,2225.94,838.7599999999998,27.368421052631575,Wednesday,March,21,Night
INV-2024-01502,2024-03-28,09:35,B,Mumbai,Member,Female,Electronics,Bluetooth Speaker,2904.9,1,0.1,UPI,7.5,2004.38,2904.9,290.49,2614.41,2004.38,610.0299999999997,23.333371582881025,Thursday,March,9,Morning
INV-2024-00724,2024-03-28,09:46,A,Delhi,Normal,Female,Sports,Fitness Band,1389.77,2,0.15,Cash,7.4,889.45,2779.54,416.931,2362.609,1778.9,583.7089999999998,24.7061193790424,Thursday,March,9,Morning
INV-2024-00527,2024-03-28,09:47,B,Mumbai,Member,Female,Electronics,Power Bank,1388.58,2,0.0,Card,8.8,958.12,2777.16,0.0,2777.16,1916.24,860.9199999999998,31.00001440320327,Thursday,March,9,Morning
INV-2024-02003,2024-03-28,11:09,A,Delhi,Member,Male,Home & Kitchen,Mixer Grinder,3164.93,1,0.05,UPI,7.2,2088.85,3164.93,158.2465,3006.6834999999996,2088.85,917.8334999999997,30.5264421745754,Thursday,March,11,Morning
INV-2024-00224,2024-03-28,11:53,A,Delhi,Normal,Female,Clothing,Jacket,2789.2,1,0.05,Card,7.3,1701.41,2789.2,139.46,2649.74,1701.41,948.3299999999997,35.78954916331413,Thursday,March,11,Morning
INV-2024-02436,2024-03-28,13:45,C,Bengaluru,Normal,Female,Home & Kitchen,Bedsheet,1025.53,2,0.15,UPI,4.7,676.85,2051.06,307.659,1743.4009999999998,1353.7,389.7009999999998,22.352918232810456,Thursday,March,13,Afternoon
INV-2024-01744,2024-03-28,13:54,C,Bengaluru,Member,Female,Clothing,T-Shirt,769.15,2,0.05,Card,6.6,469.18,1538.3,76.915,1461.385,938.36,523.025,35.78967896892332,Thursday,March,13,Afternoon
INV-2024-01061,2024-03-28,15:06,A,Delhi,Normal,Female,Clothing,Sports Shoes,2621.63,2,0.0,UPI,9.6,1599.19,5243.26,0.0,5243.26,3198.38,2044.88,39.00016402009437,Thursday,March,15,Afternoon
INV-2024-01920,2024-03-28,15:07,C,Bengaluru,Member,Female,Groceries,Cooking Oil,790.14,2,0.2,Cash,7.7,647.91,1580.28,316.05600000000004,1264.224,1295.82,-31.596000000000004,-2.4992406408990817,Thursday,March,15,Afternoon
INV-2024-00170,2024-03-28,16:06,A,Delhi,Member,Male,Sports,Cricket Bat,1845.11,4,0.1,UPI,7.1,1180.87,7380.44,738.044,6642.396,4723.48,1918.9160000000002,28.88891297658255,Thursday,March,16,Evening
INV-2024-00342,2024-03-28,16:59,B,Mumbai,Member,Female,Groceries,Cooking Oil,820.7,3,0.0,Cash,7.8,672.97,2462.1000000000004,0.0,2462.1000000000004,2018.91,443.1900000000003,18.000487388814435,Thursday,March,16,Evening
INV-2024-00965,2024-03-28,17:26,A,Delhi,Member,Male,Groceries,Breakfast Cereal,375.46,5,0.15,Card,8.0,307.88,1877.3,281.59499999999997,1595.705,1539.4,56.304999999999836,3.5285344095556406,Thursday,March,17,Evening
INV-2024-00720,2024-03-28,17:27,A,Delhi,Normal,Female,Groceries,Dry Fruits,895.21,2,0.0,UPI,6.0,734.07,1790.42,0.0,1790.42,1468.14,322.28,18.00024575239329,Thursday,March,17,Evening
INV-2024-01385,2024-03-28,17:28,B,Mumbai,Member,Female,Personal Care,Shampoo,432.7,1,0.1,Card,7.4,250.97,432.7,43.27,389.43,250.97,138.46,35.55452841332203,Thursday,March,17,Evening
INV-2024-02234,2024-03-28,17:30,C,Bengaluru,Member,Female,Groceries,Breakfast Cereal,352.1,1,0.0,Cash,8.2,288.72,352.1,0.0,352.1,288.72,63.379999999999995,18.000568020448735,Thursday,March,17,Evening
INV-2024-00916,2024-03-28,17:39,C,Bengaluru,Normal,Female,Sports,Cricket Bat,2006.62,4,0.2,UPI,7.0,1284.24,8026.48,1605.296,6421.183999999999,5136.96,1284.2239999999993,19.999800659816,Thursday,March,17,Evening
INV-2024-00688,2024-03-28,18:04,C,Bengaluru,Normal,Male,Groceries,Rice 5kg,582.17,4,0.15,Cash,5.0,477.38,2328.68,349.30199999999996,1979.378,1909.52,69.85799999999995,3.529290514494955,Thursday,March,18,Evening
INV-2024-01951,2024-03-28,18:26,C,Bengaluru,Normal,Female,Sports,Cricket Bat,2002.94,3,0.15,Card,8.0,1281.88,6008.82,901.323,5107.496999999999,3845.6400000000003,1261.856999999999,24.705976332438357,Thursday,March,18,Evening
INV-2024-01014,2024-03-28,18:42,B,Mumbai,Normal,Female,Groceries,Dry Fruits,960.88,6,0.1,UPI,5.2,787.92,5765.28,576.528,5188.7519999999995,4727.5199999999995,461.23199999999997,8.889073904476453,Thursday,March,18,Evening
INV-2024-00892,2024-03-28,18:50,B,Mumbai,Member,Female,Groceries,Cooking Oil,800.76,2,0.1,UPI,7.5,656.62,1601.52,160.15200000000002,1441.368,1313.24,128.12799999999993,8.889332911511836,Thursday,March,18,Evening
INV-2024-00137,2024-03-28,18:54,A,Delhi,Normal,Female,Groceries,Cooking Oil,831.43,2,0.15,Card,7.0,681.77,1662.86,249.42899999999997,1413.431,1363.54,49.891000000000076,3.5297796638109733,Thursday,March,18,Evening
INV-2024-00388,2024-03-28,19:06,C,Bengaluru,Normal,Male,Sports,Dumbbell Set,2552.01,1,0.1,UPI,7.5,1633.29,2552.01,255.20100000000002,2296.809,1633.29,663.5190000000002,28.888732149691165,Thursday,March,19,Night
INV-2024-01518,2024-03-28,19:06,B,Mumbai,Normal,Female,Personal Care,Skin Care Kit,1182.32,1,0.0,Card,7.4,685.75,1182.32,0.0,1182.32,685.75,496.56999999999994,41.99962785032817,Thursday,March,19,Night
INV-2024-02491,2024-03-28,19:15,B,Mumbai,Normal,Male,Sports,Fitness Band,1325.18,3,0.05,UPI,5.8,848.12,3975.54,198.77700000000002,3776.763,2544.36,1232.4029999999998,32.63119766847959,Thursday,March,19,Night
INV-2024-00967,2024-03-28,20:41,A,Delhi,Normal,Female,Personal Care,Shampoo,425.34,2,0.15,UPI,7.5,246.7,850.68,127.60199999999999,723.078,493.4,229.678,31.763931415421297,Thursday,March,20,Night
INV-2024-00905,2024-03-28,20:48,B,Mumbai,Member,Female,Personal Care,Shampoo,472.54,1,0.0,Card,7.1,274.07,472.54,0.0,472.54,274.07,198.47000000000003,42.000677191348885,Thursday,March,20,Night
INV-2024-01699,2024-03-28,21:05,A,Delhi,Member,Male,Personal Care,Skin Care Kit,1269.61,2,0.1,Card,8.0,736.37,2539.22,253.922,2285.298,1472.74,812.5579999999998,35.55588811612314,Thursday,March,21,Night
INV-2024-02255,2024-03-29,09:30,B,Mumbai,Member,Female,Clothing,T-Shirt,793.16,2,0.15,Card,8.0,483.83,1586.32,237.94799999999998,1348.3719999999998,967.66,380.7119999999999,28.234938132800142,Friday,March,9,Morning
INV-2024-01271,2024-03-29,09:34,A,Delhi,Member,Male,Groceries,Cooking Oil,819.75,1,0.15,UPI,6.0,672.2,819.75,122.96249999999999,696.7875,672.2,24.587499999999977,3.5286941858170504,Friday,March,9,Morning
INV-2024-01403,2024-03-29,09:42,B,Mumbai,Normal,Female,Electronics,Earbuds,2190.36,4,0.0,Card,8.3,1511.35,8761.44,0.0,8761.44,6045.4,2716.040000000001,30.999926952647062,Friday,March,9,Morning
INV-2024-02068,2024-03-29,10:43,B,Mumbai,Normal,Male,Groceries,Breakfast Cereal,387.0,1,0.05,UPI,6.6,317.34,387.0,19.35,367.65,317.34,50.31,13.684210526315791,Friday,March,10,Morning
INV-2024-01335,2024-03-29,11:32,C,Bengaluru,Normal,Female,Clothing,T-Shirt,772.97,2,0.0,UPI,7.0,471.51,1545.94,0.0,1545.94,943.02,602.9200000000001,39.00021993091582,Friday,March,11,Morning
INV-2024-02182,2024-03-29,12:16,B,Mumbai,Normal,Female,Groceries,Cooking Oil,831.64,2,0.1,UPI,7.7,681.94,1663.28,166.328,1496.952,1363.88,133.0719999999999,8.889530192016837,Friday,March,12,Afternoon
INV-2024-00605,2024-03-29,13:44,C,Bengaluru,Normal,Male,Sports,Fitness Band,1332.51,5,0.0,UPI,6.7,852.81,6662.55,0.0,6662.55,4264.049999999999,2398.500000000001,35.999729833172,Friday,March,13,Afternoon
INV-2024-01407,2024-03-29,13:50,B,Mumbai,Member,Male,Clothing,Jacket,3123.38,3,0.05,Cash,6.8,1905.26,9370.14,468.507,8901.633,5715.78,3185.853,35.789534347237186,Friday,March,13,Afternoon
INV-2024-00023,2024-03-29,14:39,C,Bengaluru,Member,Male,Clothing,Jeans,1849.47,2,0.05,UPI,8.2,1128.18,3698.94,184.947,3513.993,2256.36,1257.6329999999998,35.7892858636884,Friday,March,14,Afternoon
INV-2024-01956,2024-03-29,14:53,B,Mumbai,Member,Male,Personal Care,Skin Care Kit,1131.0,2,0.15,UPI,4.8,655.98,2262.0,339.3,1922.7,1311.96,610.74,31.76470588235294,Friday,March,14,Afternoon
INV-2024-02180,2024-03-29,15:11,A,Delhi,Member,Male,Electronics,Power Bank,1472.9,1,0.05,UPI,8.0,1016.3,1472.9,73.64500000000001,1399.255,1016.3,382.95500000000015,27.368492519233456,Friday,March,15,Afternoon
INV-2024-01334,2024-03-29,16:26,C,Bengaluru,Normal,Female,Electronics,Bluetooth Speaker,2947.93,2,0.0,UPI,7.6,2034.07,5895.86,0.0,5895.86,4068.14,1827.7199999999998,31.00005766758369,Friday,March,16,Evening
INV-2024-00233,2024-03-29,16:52,B,Mumbai,Member,Female,Home & Kitchen,Bedsheet,943.83,3,0.05,UPI,7.4,622.93,2831.4900000000002,141.57450000000003,2689.9155,1868.79,821.1255000000001,30.526070428606406,Friday,March,16,Evening
INV-2024-00032,2024-03-29,17:24,A,Delhi,Member,Female,Electronics,Power Bank,1488.86,3,0.15,UPI,8.0,1027.31,4466.58,669.987,3796.593,3081.93,714.663,18.82379807369397,Friday,March,17,Evening
INV-2024-00850,2024-03-29,17:34,A,Delhi,Normal,Female,Personal Care,Skin Care Kit,1103.93,3,0.15,Card,8.7,640.28,3311.79,496.76849999999996,2815.0215,1920.84,894.1814999999999,31.764641939679677,Friday,March,17,Evening
INV-2024-01954,2024-03-29,17:50,B,Mumbai,Member,Male,Clothing,Sports Shoes,2386.28,2,0.0,Cash,7.7,1455.63,4772.56,0.0,4772.56,2911.26,1861.3000000000002,39.000033524984495,Friday,March,17,Evening
INV-2024-00613,2024-03-29,18:05,C,Bengaluru,Member,Female,Groceries,Dry Fruits,996.31,2,0.2,Card,9.9,816.97,1992.62,398.524,1594.096,1633.94,-39.84400000000005,-2.4994730555750753,Friday,March,18,Evening
INV-2024-01607,2024-03-29,18:48,A,Delhi,Member,Male,Clothing,Jacket,3193.61,2,0.2,UPI,9.0,1948.1,6387.22,1277.4440000000002,5109.776,3896.2,1213.576,23.75008219538391,Friday,March,18,Evening
INV-2024-01972,2024-03-29,19:08,C,Bengaluru,Normal,Male,Home & Kitchen,Storage Set,721.3,2,0.2,Card,6.6,476.06,1442.6,288.52,1154.08,952.12,201.95999999999992,17.499653403576872,Friday,March,19,Night
INV-2024-01832,2024-03-29,20:13,A,Delhi,Member,Female,Personal Care,Trimmer,1856.85,2,0.0,Card,8.1,1076.97,3713.7,0.0,3713.7,2153.94,1559.7599999999998,42.000161563938924,Friday,March,20,Night
INV-2024-00100,2024-03-29,20:52,A,Delhi,Member,Female,Groceries,Dry Fruits,906.11,1,0.2,Card,7.7,743.01,906.11,181.222,724.888,743.01,-18.121999999999957,-2.4999724095308458,Friday,March,20,Night
INV-2024-00104,2024-03-29,21:44,C,Bengaluru,Normal,Male,Groceries,Breakfast Cereal,394.0,4,0.1,Card,8.3,323.08,1576.0,157.60000000000002,1418.4,1292.32,126.08000000000015,8.888888888888898,Friday,March,21,Night
INV-2024-00297,2024-03-30,10:07,B,Mumbai,Member,Male,Groceries,Rice 5kg,655.44,4,0.1,UPI,8.1,537.46,2621.76,262.17600000000004,2359.5840000000003,2149.84,209.74400000000014,8.889024506014625,Saturday,March,10,Morning
INV-2024-00625,2024-03-30,10:30,A,Delhi,Normal,Male,Clothing,T-Shirt,789.22,1,0.15,UPI,7.6,481.42,789.22,118.383,670.837,481.42,189.41699999999997,28.235920201181507,Saturday,March,10,Morning
INV-2024-01135,2024-03-30,10:39,A,Delhi,Normal,Female,Sports,Fitness Band,1243.34,5,0.05,Card,5.1,795.74,6216.7,310.83500000000004,5905.865,3978.7,1927.165,32.63137575952041,Saturday,March,10,Morning
INV-2024-01268,2024-03-30,11:14,B,Mumbai,Member,Female,Electronics,Smart Watch,4038.97,2,0.1,UPI,8.0,2786.89,8077.94,807.794,7270.146,5573.78,1696.366,23.333314076498603,Saturday,March,11,Morning
INV-2024-01066,2024-03-30,11:48,C,Bengaluru,Normal,Female,Personal Care,Skin Care Kit,1207.59,6,0.0,Card,8.8,700.4,7245.539999999999,0.0,7245.539999999999,4202.4,3043.1399999999994,42.00018218103826,Saturday,March,11,Morning
INV-2024-01436,2024-03-30,11:57,B,Mumbai,Member,Male,Personal Care,Perfume,1695.78,5,0.15,Cash,7.8,983.55,8478.9,1271.8349999999998,7207.065,4917.75,2289.3149999999996,31.764872385638256,Saturday,March,11,Morning
INV-2024-00614,2024-03-30,12:17,A,Delhi,Normal,Male,Sports,Cricket Bat,1846.84,3,0.0,Card,7.0,1181.98,5540.5199999999995,0.0,5540.5199999999995,3545.94,1994.5799999999995,35.99987004829871,Saturday,March,12,Afternoon
INV-2024-01440,2024-03-30,12:37,C,Bengaluru,Normal,Female,Electronics,Earbuds,2113.79,2,0.05,UPI,8.1,1458.52,4227.58,211.37900000000002,4016.201,2917.04,1099.161,27.368177040939933,Saturday,March,12,Afternoon
INV-2024-01487,2024-03-30,13:10,C,Bengaluru,Normal,Female,Home & Kitchen,Mixer Grinder,3037.2,3,0.1,Cash,8.1,2004.55,9111.599999999999,911.1599999999999,8200.439999999999,6013.65,2186.789999999999,26.66673983347234,Saturday,March,13,Afternoon
INV-2024-01635,2024-03-30,13:31,B,Mumbai,Member,Male,Home & Kitchen,Bedsheet,1048.93,1,0.15000000000000002,Card,7.4,692.29,1048.93,157.33950000000004,891.5905,692.29,199.30050000000006,22.35336738110153,Saturday,March,13,Afternoon
INV-2024-01345,2024-03-30,14:44,C,Bengaluru,Normal,Male,Clothing,Jeans,1734.82,1,0.05,UPI,8.2,1058.24,1734.82,86.741,1648.079,1058.24,589.8389999999999,35.789485819551125,Saturday,March,14,Afternoon
INV-2024-00599,2024-03-30,15:06,A,Delhi,Member,Female,Clothing,T-Shirt,821.37,3,0.1,Card,7.6,501.04,2464.11,246.41100000000003,2217.699,1503.1200000000001,714.579,32.221640538233544,Saturday,March,15,Afternoon
INV-2024-01873,2024-03-30,15:31,C,Bengaluru,Normal,Female,Home & Kitchen,Storage Set,659.76,4,0.15,Card,6.6,435.44,2639.04,395.856,2243.184,1741.76,501.4240000000002,22.353226485210314,Saturday,March,15,Afternoon
INV-2024-01412,2024-03-30,15:43,A,Delhi,Normal,Male,Electronics,Earbuds,2127.38,2,0.1,Card,9.1,1467.89,4254.76,425.47600000000006,3829.284,2935.78,893.5039999999999,23.333448237320603,Saturday,March,15,Afternoon
INV-2024-01874,2024-03-30,15:53,C,Bengaluru,Normal,Female,Home & Kitchen,Bedsheet,1042.75,3,0.2,UPI,9.6,688.21,3128.25,625.6500000000001,2502.6,2064.63,437.9699999999998,17.500599376648278,Saturday,March,15,Afternoon
INV-2024-00457,2024-03-30,17:13,B,Mumbai,Normal,Male,Groceries,Cooking Oil,775.27,2,0.15,UPI,7.1,635.72,1550.54,232.581,1317.959,1271.44,46.519000000000005,3.529624214410312,Saturday,March,17,Evening
INV-2024-01713,2024-03-30,17:26,A,Delhi,Normal,Female,Groceries,Dry Fruits,912.48,2,0.0,Card,7.5,748.23,1824.96,0.0,1824.96,1496.46,328.5,18.00039452919516,Saturday,March,17,Evening
INV-2024-00785,2024-03-30,17:48,A,Delhi,Normal,Male,Personal Care,Skin Care Kit,1158.8,6,0.05,UPI,7.4,672.1,6952.799999999999,347.64,6605.159999999999,4032.6000000000004,2572.5599999999986,38.94773177334083,Saturday,March,17,Evening
INV-2024-01375,2024-03-30,17:49,A,Delhi,Member,Female,Clothing,Jacket,3078.41,2,0.05,UPI,6.5,1877.83,6156.82,307.841,5848.978999999999,3755.66,2093.3189999999995,35.78947710361073,Saturday,March,17,Evening
INV-2024-00838,2024-03-30,17:55,C,Bengaluru,Member,Male,Groceries,Breakfast Cereal,405.83,6,0.0,UPI,9.9,332.78,2434.98,0.0,2434.98,1996.6799999999998,438.3000000000002,18.000147845156846,Saturday,March,17,Evening
INV-2024-02291,2024-03-30,17:59,C,Bengaluru,Normal,Male,Sports,Fitness Band,1199.8,3,0.05,UPI,8.3,767.87,3599.3999999999996,179.97,3419.43,2303.61,1115.8199999999997,32.63175441520955,Saturday,March,17,Evening
INV-2024-00006,2024-03-30,18:01,B,Mumbai,Normal,Male,Groceries,Breakfast Cereal,352.11,3,0.05,Cash,9.7,288.73,1056.33,52.8165,1003.5134999999999,866.19,137.32349999999985,13.684270316243863,Saturday,March,18,Evening
INV-2024-01420,2024-03-30,18:18,C,Bengaluru,Member,Female,Groceries,Dry Fruits,959.77,1,0.05,Cash,8.8,787.01,959.77,47.9885,911.7814999999999,787.01,124.77149999999995,13.684364071874672,Saturday,March,18,Evening
INV-2024-00873,2024-03-30,18:19,A,Delhi,Normal,Male,Electronics,Bluetooth Speaker,2836.71,3,0.0,UPI,7.5,1957.33,8510.130000000001,0.0,8510.130000000001,5871.99,2638.1400000000012,30.999996474789466,Saturday,March,18,Evening
INV-2024-00914,2024-03-30,18:20,A,Delhi,Normal,Male,Electronics,Smart Watch,4179.24,2,0.05,Cash,8.0,2883.68,8358.48,417.924,7940.556,5767.36,2173.196,27.368310229157757,Saturday,March,18,Evening
INV-2024-01115,2024-03-30,18:37,C,Bengaluru,Member,Female,Groceries,Breakfast Cereal,405.64,4,0.05,UPI,8.8,332.62,1622.56,81.128,1541.432,1330.48,210.952,13.685456121320952,Saturday,March,18,Evening
INV-2024-00202,2024-03-30,18:51,C,Bengaluru,Member,Male,Groceries,Dry Fruits,941.2,2,0.1,Card,7.5,771.78,1882.4,188.24,1694.16,1543.56,150.60000000000014,8.889361099305857,Saturday,March,18,Evening
INV-2024-02045,2024-03-30,19:23,C,Bengaluru,Member,Male,Groceries,Breakfast Cereal,393.95,2,0.05,UPI,8.4,323.04,787.9,39.395,748.505,646.08,102.42499999999995,13.683943327031878,Saturday,March,19,Night
INV-2024-01758,2024-03-30,19:24,C,Bengaluru,Normal,Female,Sports,Fitness Band,1249.0,2,0.0,UPI,6.9,799.36,2498.0,0.0,2498.0,1598.72,899.28,36.0,Saturday,March,19,Night
INV-2024-01085,2024-03-30,19:47,C,Bengaluru,Normal,Female,Electronics,Earbuds,2309.83,5,0.0,Cash,8.8,1593.78,11549.15,0.0,11549.15,7968.9,3580.25,31.000116891719305,Saturday,March,19,Night
INV-2024-02077,2024-03-30,20:04,A,Delhi,Normal,Female,Groceries,Cooking Oil,822.87,5,0.1,Card,6.0,674.75,4114.35,411.43500000000006,3702.9150000000004,3373.75,329.1650000000004,8.88934798665377,Saturday,March,20,Night
INV-2024-02057,2024-03-30,20:11,C,Bengaluru,Normal,Female,Sports,Dumbbell Set,2640.64,6,0.2,UPI,8.2,1690.01,15843.84,3168.768,12675.072,10140.06,2535.0120000000006,19.99998106519632,Saturday,March,20,Night
INV-2024-01702,2024-03-30,21:00,C,Bengaluru,Normal,Female,Home & Kitchen,Storage Set,718.7,2,0.1,Card,5.6,474.34,1437.4,143.74,1293.66,948.68,344.98000000000013,26.666975866920218,Saturday,March,21,Night
INV-2024-00447,2024-03-30,21:03,A,Delhi,Member,Male,Home & Kitchen,Cookware Set,2542.42,1,0.1,Card,6.6,1678.0,2542.42,254.24200000000002,2288.178,1678.0,610.1779999999999,26.666544298564183,Saturday,March,21,Night
INV-2024-00623,2024-03-30,21:10,B,Mumbai,Normal,Female,Electronics,Smart Watch,3797.18,1,0.1,Card,7.9,2620.05,3797.18,379.718,3417.462,2620.05,797.4119999999998,23.33345623155429,Saturday,March,21,Night
INV-2024-01194,2024-03-30,21:13,B,Mumbai,Normal,Female,Groceries,Dry Fruits,954.82,2,0.15,Card,7.7,782.95,1909.64,286.446,1623.194,1565.9,57.29399999999987,3.529707477972434,Saturday,March,21,Night
INV-2024-02412,2024-03-30,21:29,C,Bengaluru,Normal,Male,Groceries,Cooking Oil,821.79,4,0.1,UPI,5.0,673.87,3287.16,328.716,2958.444,2695.48,262.96399999999994,8.888591435227436,Saturday,March,21,Night
INV-2024-00915,2024-03-30,21:37,C,Bengaluru,Normal,Male,Electronics,Earbuds,2132.51,3,0.0,UPI,7.5,1471.43,6397.530000000001,0.0,6397.530000000001,4414.29,1983.2400000000007,31.000089096885837,Saturday,March,21,Night
INV-2024-01384,2024-03-31,09:15,A,Delhi,Normal,Male,Groceries,Cooking Oil,793.42,2,0.1,Card,8.5,650.6,1586.84,158.684,1428.156,1301.2,126.9559999999999,8.88950506807379,Sunday,March,9,Morning
INV-2024-01131,2024-03-31,09:46,B,Mumbai,Member,Female,Electronics,Power Bank,1503.07,2,0.15000000000000002,Card,8.9,1037.12,3006.14,450.92100000000005,2555.219,2074.24,480.97900000000027,18.8233963507629,Sunday,March,9,Morning
INV-2024-00541,2024-03-31,09:52,A,Delhi,Normal,Male,Clothing,T-Shirt,823.34,4,0.0,Cash,7.7,502.24,3293.36,0.0,3293.36,2008.96,1284.4,38.9996842130833,Sunday,March,9,Morning
INV-2024-01109,2024-03-31,10:14,A,Delhi,Normal,Male,Personal Care,Shampoo,479.08,3,0.15,Card,9.2,277.87,1437.24,215.58599999999998,1221.654,833.61,388.044,31.76382183498765,Sunday,March,10,Morning
INV-2024-01561,2024-03-31,11:06,A,Delhi,Normal,Female,Groceries,Cooking Oil,839.72,4,0.1,UPI,6.0,688.57,3358.88,335.88800000000003,3022.992,2754.28,268.712,8.888941816584364,Sunday,March,11,Morning
INV-2024-01863,2024-03-31,11:21,B,Mumbai,Member,Male,Electronics,Smart Watch,4310.85,1,0.0,UPI,9.9,2974.49,4310.85,0.0,4310.85,2974.49,1336.3600000000006,30.999918809515535,Sunday,March,11,Morning
INV-2024-02211,2024-03-31,11:24,C,Bengaluru,Member,Male,Groceries,Dry Fruits,923.16,7,0.0,UPI,5.5,756.99,6462.12,0.0,6462.12,5298.93,1163.1899999999996,18.000129988301047,Sunday,March,11,Morning
INV-2024-00981,2024-03-31,12:03,B,Mumbai,Member,Male,Groceries,Rice 5kg,608.26,1,0.0,Cash,6.0,498.77,608.26,0.0,608.26,498.77,109.49000000000001,18.00052609081643,Sunday,March,12,Afternoon
INV-2024-02051,2024-03-31,12:11,C,Bengaluru,Normal,Male,Electronics,Bluetooth Speaker,2807.97,5,0.0,Card,7.2,1937.5,14039.849999999999,0.0,14039.849999999999,9687.5,4352.3499999999985,30.99997507095873,Sunday,March,12,Afternoon
INV-2024-00711,2024-03-31,12:41,C,Bengaluru,Member,Female,Electronics,Earbuds,2221.26,6,0.1,UPI,6.0,1532.67,13327.560000000001,1332.7560000000003,11994.804,9196.02,2798.7839999999997,23.333303320337702,Sunday,March,12,Afternoon
INV-2024-01856,2024-03-31,13:01,A,Delhi,Member,Male,Groceries,Dry Fruits,1025.94,3,0.2,Card,8.7,841.27,3077.82,615.5640000000001,2462.2560000000003,2523.81,-61.55399999999963,-2.499902528412952,Sunday,March,13,Afternoon
INV-2024-00810,2024-03-31,14:37,C,Bengaluru,Member,Female,Electronics,Power Bank,1552.34,2,0.15,Card,7.6,1071.11,3104.68,465.70199999999994,2638.978,2142.22,496.75800000000027,18.823878031571322,Sunday,March,14,Afternoon
INV-2024-02148,2024-03-31,15:02,C,Bengaluru,Normal,Female,Personal Care,Skin Care Kit,1252.27,5,0.0,Cash,8.9,726.32,6261.35,0.0,6261.35,3631.6000000000004,2629.75,41.99972849305661,Sunday,March,15,Afternoon
INV-2024-02441,2024-03-31,15:05,A,Delhi,Member,Female,Groceries,Rice 5kg,589.41,2,0.0,Cash,9.9,483.32,1178.82,0.0,1178.82,966.64,212.17999999999995,17.99935528749088,Sunday,March,15,Afternoon
INV-2024-02108,2024-03-31,15:14,C,Bengaluru,Member,Female,Sports,Fitness Band,1263.69,3,0.15000000000000002,Card,8.1,808.76,3791.07,568.6605000000001,3222.4095,2426.2799999999997,796.1295000000005,24.706031309800956,Sunday,March,15,Afternoon
INV-2024-02311,2024-03-31,15:26,B,Mumbai,Normal,Male,Groceries,Dry Fruits,932.09,2,0.0,Cash,9.3,764.31,1864.18,0.0,1864.18,1528.62,335.5600000000002,18.000407685953082,Sunday,March,15,Afternoon
INV-2024-00528,2024-03-31,15:30,C,Bengaluru,Normal,Female,Home & Kitchen,Bedsheet,954.78,2,0.0,Card,7.2,630.15,1909.56,0.0,1909.56,1260.3,649.26,34.00050273361403,Sunday,March,15,Afternoon
INV-2024-00668,2024-03-31,16:13,C,Bengaluru,Member,Male,Electronics,Bluetooth Speaker,2624.96,1,0.2,Card,6.4,1811.22,2624.96,524.9920000000001,2099.968,1811.22,288.7479999999998,13.7501142874558,Sunday,March,16,Evening
INV-2024-00673,2024-03-31,16:25,A,Delhi,Normal,Female,Electronics,Earbuds,2172.91,4,0.0,Card,6.1,1499.31,8691.64,0.0,8691.64,5997.24,2694.3999999999996,30.999903355408183,Sunday,March,16,Evening
INV-2024-02359,2024-03-31,16:27,A,Delhi,Normal,Male,Home & Kitchen,Storage Set,682.83,1,0.2,UPI,6.4,450.67,682.83,136.566,546.264,450.67,95.594,17.499597264326404,Sunday,March,16,Evening
INV-2024-02396,2024-03-31,16:59,B,Mumbai,Member,Male,Home & Kitchen,Bedsheet,958.61,1,0.05,UPI,10.0,632.68,958.61,47.9305,910.6795,632.68,277.9995,30.52660129057479,Sunday,March,16,Evening
INV-2024-02326,2024-03-31,17:08,C,Bengaluru,Normal,Male,Clothing,Jeans,1690.92,4,0.0,Card,7.3,1031.46,6763.68,0.0,6763.68,4125.84,2637.84,39.00007096728408,Sunday,March,17,Evening
INV-2024-01188,2024-03-31,17:21,C,Bengaluru,Normal,Male,Home & Kitchen,Cookware Set,2570.57,6,0.0,Card,5.2,1696.58,15423.420000000002,0.0,15423.420000000002,10179.48,5243.940000000002,33.9998521728644,Sunday,March,17,Evening
INV-2024-00544,2024-03-31,17:26,A,Delhi,Member,Female,Personal Care,Trimmer,1827.28,2,0.1,Cash,8.5,1059.82,3654.56,365.456,3289.104,2119.64,1169.464,35.55570149195647,Sunday,March,17,Evening
INV-2024-01619,2024-03-31,17:31,C,Bengaluru,Member,Male,Sports,Yoga Mat,868.12,4,0.1,Cash,7.6,555.6,3472.48,347.24800000000005,3125.232,2222.4,902.8319999999999,28.888479319295328,Sunday,March,17,Evening
INV-2024-02133,2024-03-31,17:36,A,Delhi,Member,Female,Groceries,Rice 5kg,599.47,3,0.1,UPI,7.4,491.57,1798.41,179.841,1618.569,1474.71,143.85899999999992,8.888036283902629,Sunday,March,17,Evening
INV-2024-01478,2024-03-31,17:54,A,Delhi,Member,Female,Home & Kitchen,Bedsheet,997.39,4,0.2,Cash,5.1,658.28,3989.56,797.912,3191.648,2633.12,558.5280000000002,17.499674149530282,Sunday,March,17,Evening
INV-2024-01260,2024-03-31,17:58,A,Delhi,Member,Female,Home & Kitchen,Storage Set,657.3,1,0.15,UPI,7.8,433.82,657.3,98.59499999999998,558.7049999999999,433.82,124.88499999999993,22.352583205806276,Sunday,March,17,Evening
INV-2024-01989,2024-03-31,18:16,B,Mumbai,Member,Male,Electronics,Smart Watch,4264.32,2,0.1,UPI,7.3,2942.38,8528.64,852.864,7675.776,5884.76,1791.0159999999996,23.3333541781313,Sunday,March,18,Evening
INV-2024-00405,2024-03-31,18:39,B,Mumbai,Normal,Male,Groceries,Cooking Oil,844.67,2,0.0,UPI,8.0,692.63,1689.34,0.0,1689.34,1385.26,304.0799999999999,17.999928966341884,Sunday,March,18,Evening
INV-2024-01862,2024-03-31,18:50,A,Delhi,Member,Female,Electronics,Bluetooth Speaker,2611.01,2,0.0,Card,7.3,1801.6,5222.02,0.0,5222.02,3603.2,1618.8200000000006,30.999881271998202,Sunday,March,18,Evening
INV-2024-00178,2024-03-31,18:53,A,Delhi,Normal,Female,Clothing,T-Shirt,860.11,1,0.0,UPI,6.5,524.67,860.11,0.0,860.11,524.67,335.44000000000005,38.999662833823585,Sunday,March,18,Evening
INV-2024-00813,2024-03-31,18:57,A,Delhi,Normal,Male,Electronics,Smart Watch,3706.67,2,0.0,UPI,7.0,2557.6,7413.34,0.0,7413.34,5115.2,2298.1400000000003,31.000062050303917,Sunday,March,18,Evening
INV-2024-01767,2024-03-31,19:06,B,Mumbai,Member,Female,Clothing,Jacket,3085.92,4,0.15,UPI,8.3,1882.41,12343.68,1851.552,10492.128,7529.64,2962.4880000000003,28.23533986623114,Sunday,March,19,Night
INV-2024-02387,2024-03-31,19:08,B,Mumbai,Normal,Male,Sports,Fitness Band,1399.25,1,0.15,Card,6.7,895.52,1399.25,209.8875,1189.3625,895.52,293.8425,24.705882352941174,Sunday,March,19,Night
INV-2024-01023,2024-03-31,19:17,A,Delhi,Member,Female,Electronics,Bluetooth Speaker,2951.05,1,0.15000000000000002,Card,7.5,2036.22,2951.05,442.6575000000001,2508.3925,2036.22,472.1724999999999,18.823708809526416,Sunday,March,19,Night
INV-2024-00386,2024-03-31,19:25,A,Delhi,Member,Female,Groceries,Breakfast Cereal,350.35,3,0.0,UPI,7.7,287.29,1051.0500000000002,0.0,1051.0500000000002,861.8700000000001,189.18000000000006,17.99914371342943,Sunday,March,19,Night
INV-2024-01579,2024-03-31,19:52,A,Delhi,Normal,Female,Groceries,Breakfast Cereal,361.47,3,0.05,Card,8.3,296.41,1084.41,54.22050000000001,1030.1895000000002,889.23,140.95950000000016,13.682870966943476,Sunday,March,19,Night
INV-2024-00410,2024-03-31,19:54,B,Mumbai,Member,Female,Electronics,Smart Watch,3896.51,2,0.0,UPI,10.0,2688.59,7793.02,0.0,7793.02,5377.18,2415.84,31.000048761584086,Sunday,March,19,Night
INV-2024-01130,2024-03-31,19:59,C,Bengaluru,Normal,Female,Groceries,Dry Fruits,973.59,2,0.0,Cash,9.5,798.34,1947.18,0.0,1947.18,1596.68,350.5,18.00039030803521,Sunday,March,19,Night
INV-2024-02262,2024-03-31,21:29,A,Delhi,Normal,Male,Groceries,Cooking Oil,838.79,5,0.0,Card,9.9,687.81,4193.95,0.0,4193.95,3439.0499999999997,754.9000000000001,17.999737717426296,Sunday,March,21,Night
INV-2024-01706,2024-03-31,21:41,A,Delhi,Normal,Male,Groceries,Rice 5kg,597.49,4,0.0,UPI,7.1,489.94,2389.96,0.0,2389.96,1959.76,430.20000000000005,18.00030126027214,Sunday,March,21,Night
INV-2024-00999,2024-03-31,21:54,C,Bengaluru,Normal,Male,Clothing,Jacket,3089.24,3,0.05,UPI,8.4,1884.44,9267.72,463.38599999999997,8804.333999999999,5653.32,3151.013999999999,35.78935101735122,Sunday,March,21,Night
